event_time,available_time,retrieval_time,open,high,low,close,adj_close,volume
2016-01-01 00:00:00+00:00,2016-01-02T00:00:00+00:00,2026-09-03T11:15:03.742310+00:00,14349.0,14349.0,14349.0,14349.0,14249.11328125,0
2016-01-04 00:00:00+00:00,2016-01-05T00:00:00+00:00,2026-09-03T11:15:03.742310+00:00,14005.0,14013.0,13416.0,13600.0,13505.32421875,1579806
2016-01-05 00:00:00+00:00,2016-01-06T00:00:00+00:00,2026-09-03T11:15:03.742310+00:00,13760.0,13977.0,13447.0,13816.0,13719.8232421875,1263485
2016-01-06 00:00:00+00:00,2016-01-07T00:00:00+00:00,2026-09-03T11:15:03.742310+00:00,13760.0,13760.0,13146.0,13560.0,13465.603515625,1073315
2016-01-07 00:00:00+00:00,2016-01-08T00:00:00+00:00,2026-09-03T11:15:03.742310+00:00,13306.0,13315.0,12818.0,13000.0,12909.50390625,1732974
2016-01-08 00:00:00+00:00,2016-01-09T00:00:00+00:00,2026-09-03T11:15:03.742310+00:00,13476.0,13520.0,12972.0,13200.0,13108.1103515625,1308833
2016-01-11 00:00:00+00:00,2016-01-12T00:00:00+00:00,2026-09-03T11:15:03.742310+00:00,12800.0,12946.0,12300.0,12650.0,12561.9375,1420554
2016-01-12 00:00:00+00:00,2016-01-13T00:00:00+00:00,2026-09-03T11:15:03.742310+00:00,12350.0,13200.0,11955.0,12800.0,12710.8935546875,1904080
2016-01-13 00:00:00+00:00,2016-01-14T00:00:00+00:00,2026-09-03T11:15:03.742310+00:00,12977.0,13580.0,12611.0,13184.0,13092.220703125,2626050
2016-01-14 00:00:00+00:00,2016-01-15T00:00:00+00:00,2026-09-03T11:15:03.742310+00:00,13000.0,13180.0,12661.0,13025.0,12934.3310546875,816906
2016-01-15 00:00:00+00:00,2016-01-16T00:00:00+00:00,2026-09-03T11:15:03.742310+00:00,13038.0,13038.0,12647.0,12725.0,12636.416015625,1630003
2016-01-18 00:00:00+00:00,2016-01-19T00:00:00+00:00,2026-09-03T11:15:03.742310+00:00,12750.0,13056.0,12750.0,12870.0,12780.4091796875,1662239
2016-01-19 00:00:00+00:00,2016-01-20T00:00:00+00:00,2026-09-03T11:15:03.742310+00:00,12806.0,13231.0,12806.0,12951.0,12860.841796875,1321415
2016-01-20 00:00:00+00:00,2016-01-21T00:00:00+00:00,2026-09-03T11:15:03.742310+00:00,12641.0,12852.0,12524.0,12643.0,12554.9873046875,1418291
2016-01-21 00:00:00+00:00,2016-01-22T00:00:00+00:00,2026-09-03T11:15:03.742310+00:00,12633.0,12633.0,12149.0,12273.0,12187.56640625,2287219
2016-01-22 00:00:00+00:00,2016-01-23T00:00:00+00:00,2026-09-03T11:15:03.742310+00:00,12500.0,13414.0,12500.0,12798.0,12708.91015625,2579364
2016-01-25 00:00:00+00:00,2016-01-26T00:00:00+00:00,2026-09-03T11:15:03.742310+00:00,13120.0,13170.0,12600.0,12735.0,12646.34765625,2388274
2016-01-26 00:00:00+00:00,2016-01-27T00:00:00+00:00,2026-09-03T11:15:03.742310+00:00,12534.0,12900.0,12142.0,12900.0,12810.197265625,3128300
2016-01-27 00:00:00+00:00,2016-01-28T00:00:00+00:00,2026-09-03T11:15:03.742310+00:00,12900.0,13209.0,12548.0,13144.0,13052.501953125,1864395
2016-01-28 00:00:00+00:00,2016-01-29T00:00:00+00:00,2026-09-03T11:15:03.742310+00:00,13160.0,13979.0,13080.0,13700.0,13604.6279296875,2427710
2016-01-29 00:00:00+00:00,2016-01-30T00:00:00+00:00,2026-09-03T11:15:03.742310+00:00,13800.0,14445.0,13534.0,14396.0,14295.7841796875,3809187
2016-02-01 00:00:00+00:00,2016-02-02T00:00:00+00:00,2026-09-03T11:15:03.742310+00:00,14065.0,14599.0,14000.0,14250.0,14150.8017578125,3633874
2016-02-02 00:00:00+00:00,2016-02-03T00:00:00+00:00,2026-09-03T11:15:03.742310+00:00,14060.0,14223.0,13539.0,13681.0,13585.76171875,2696006
2016-02-03 00:00:00+00:00,2016-02-04T00:00:00+00:00,2026-09-03T11:15:03.742310+00:00,13354.0,13940.0,13305.0,13749.0,13653.2890625,1774423
2016-02-04 00:00:00+00:00,2016-02-05T00:00:00+00:00,2026-09-03T11:15:03.742310+00:00,14436.0,14436.0,13765.0,14331.0,14231.23828125,1467104
2016-02-05 00:00:00+00:00,2016-02-06T00:00:00+00:00,2026-09-03T11:15:03.742310+00:00,14114.0,14724.0,14026.0,14550.0,14448.7119140625,1366511
2016-02-08 00:00:00+00:00,2016-02-09T00:00:00+00:00,2026-09-03T11:15:03.742310+00:00,14157.0,14651.0,13960.0,14334.0,14234.2177734375,1242246
2016-02-09 00:00:00+00:00,2016-02-10T00:00:00+00:00,2026-09-03T11:15:03.742310+00:00,14200.0,14337.0,13780.0,13963.0,13865.796875,1382819
2016-02-10 00:00:00+00:00,2016-02-11T00:00:00+00:00,2026-09-03T11:15:03.742310+00:00,14100.0,14700.0,13850.0,14400.0,14299.7568359375,1716319
2016-02-11 00:00:00+00:00,2016-02-12T00:00:00+00:00,2026-09-03T11:15:03.742310+00:00,14170.0,14294.0,13672.0,14064.0,13966.0947265625,1618888
2016-02-12 00:00:00+00:00,2016-02-13T00:00:00+00:00,2026-09-03T11:15:03.742310+00:00,13820.0,14795.0,13820.0,14650.0,14548.0166015625,1557776
2016-02-15 00:00:00+00:00,2016-02-16T00:00:00+00:00,2026-09-03T11:15:03.742310+00:00,14809.0,15708.0,14800.0,15696.0,15586.7333984375,2862833
2016-02-16 00:00:00+00:00,2016-02-17T00:00:00+00:00,2026-09-03T11:15:03.742310+00:00,15696.0,15819.0,15094.0,15101.0,14995.8779296875,2066490
2016-02-17 00:00:00+00:00,2016-02-18T00:00:00+00:00,2026-09-03T11:15:03.742310+00:00,14965.0,15463.0,14845.0,15095.0,14989.9189453125,2061328
2016-02-18 00:00:00+00:00,2016-02-19T00:00:00+00:00,2026-09-03T11:15:03.742310+00:00,14933.0,16049.0,14933.0,15744.0,15634.4013671875,3975821
2016-02-19 00:00:00+00:00,2016-02-20T00:00:00+00:00,2026-09-03T11:15:03.742310+00:00,15550.0,15940.0,15006.0,15138.0,15032.6201171875,1308631
2016-02-22 00:00:00+00:00,2016-02-23T00:00:00+00:00,2026-09-03T11:15:03.742310+00:00,15117.0,15482.0,15117.0,15360.0,15253.0751953125,1488374
2016-02-23 00:00:00+00:00,2016-02-24T00:00:00+00:00,2026-09-03T11:15:03.742310+00:00,15271.0,15350.0,14704.0,14756.0,14653.2783203125,1580321
2016-02-24 00:00:00+00:00,2016-02-25T00:00:00+00:00,2026-09-03T11:15:03.742310+00:00,15085.0,15350.0,14547.0,14600.0,14498.3623046875,2225901
2016-02-25 00:00:00+00:00,2016-02-26T00:00:00+00:00,2026-09-03T11:15:03.742310+00:00,15100.0,15100.0,14251.0,14786.0,14683.0712890625,2016760
2016-02-26 00:00:00+00:00,2016-02-27T00:00:00+00:00,2026-09-03T11:15:03.742310+00:00,15000.0,15149.0,14483.0,14483.0,14382.1787109375,1490957
2016-02-29 00:00:00+00:00,2016-03-01T00:00:00+00:00,2026-09-03T11:15:03.742310+00:00,13645.0,14220.0,13324.0,13600.0,13505.32421875,4171774
2016-03-01 00:00:00+00:00,2016-03-02T00:00:00+00:00,2026-09-03T11:15:03.742310+00:00,13946.0,14457.0,12661.0,13889.0,13792.3134765625,6683233
2016-03-02 00:00:00+00:00,2016-03-03T00:00:00+00:00,2026-09-03T11:15:03.742310+00:00,14000.0,14789.0,13902.0,14442.0,14341.46484375,3996500
2016-03-03 00:00:00+00:00,2016-03-04T00:00:00+00:00,2026-09-03T11:15:03.742310+00:00,14442.0,14800.0,14201.0,14201.0,14102.142578125,4872441
2016-03-04 00:00:00+00:00,2016-03-05T00:00:00+00:00,2026-09-03T11:15:03.742310+00:00,14250.0,14300.0,13607.0,13900.0,13803.236328125,5968843
2016-03-07 00:00:00+00:00,2016-03-08T00:00:00+00:00,2026-09-03T11:15:03.742310+00:00,13811.0,14148.0,13626.0,13991.0,13893.6044921875,3073272
2016-03-08 00:00:00+00:00,2016-03-09T00:00:00+00:00,2026-09-03T11:15:03.742310+00:00,14079.0,14344.0,13702.0,14090.0,13991.9150390625,2371377
2016-03-09 00:00:00+00:00,2016-03-10T00:00:00+00:00,2026-09-03T11:15:03.742310+00:00,14100.0,14349.0,13700.0,13801.0,13704.927734375,1950143
2016-03-10 00:00:00+00:00,2016-03-11T00:00:00+00:00,2026-09-03T11:15:03.742310+00:00,13850.0,13950.0,13441.0,13650.0,13554.9775390625,1646360
2016-03-11 00:00:00+00:00,2016-03-12T00:00:00+00:00,2026-09-03T11:15:03.742310+00:00,13700.0,13898.0,13516.0,13630.0,13535.1171875,1224184
2016-03-14 00:00:00+00:00,2016-03-15T00:00:00+00:00,2026-09-03T11:15:03.742310+00:00,13750.0,13899.0,13390.0,13460.0,13366.30078125,1773358
2016-03-15 00:00:00+00:00,2016-03-16T00:00:00+00:00,2026-09-03T11:15:03.742310+00:00,13460.0,13722.0,13353.0,13520.0,13425.8818359375,1266889
2016-03-16 00:00:00+00:00,2016-03-17T00:00:00+00:00,2026-09-03T11:15:03.742310+00:00,13600.0,13600.0,13450.0,13575.0,13480.4990234375,1807166
2016-03-17 00:00:00+00:00,2016-03-18T00:00:00+00:00,2026-09-03T11:15:03.742310+00:00,13800.0,14559.0,13612.0,14480.0,14379.2001953125,5824344
2016-03-18 00:00:00+00:00,2016-03-19T00:00:00+00:00,2026-09-03T11:15:03.742310+00:00,14450.0,15000.0,14333.0,15000.0,14895.5810546875,2481667
2016-03-21 00:00:00+00:00,2016-03-22T00:00:00+00:00,2026-09-03T11:15:03.742310+00:00,15000.0,15000.0,15000.0,15000.0,14895.5810546875,0
2016-03-22 00:00:00+00:00,2016-03-23T00:00:00+00:00,2026-09-03T11:15:03.742310+00:00,14700.0,14895.0,14355.0,14800.0,14696.970703125,1988057
2016-03-23 00:00:00+00:00,2016-03-24T00:00:00+00:00,2026-09-03T11:15:03.742310+00:00,14525.0,14833.0,14335.0,14475.0,14374.2353515625,893491
2016-03-24 00:00:00+00:00,2016-03-25T00:00:00+00:00,2026-09-03T11:15:03.742310+00:00,14350.0,14384.0,13979.0,14200.0,14101.1494140625,1489015
2016-03-25 00:00:00+00:00,2016-03-26T00:00:00+00:00,2026-09-03T11:15:03.742310+00:00,14200.0,14200.0,14200.0,14200.0,14101.1494140625,0
2016-03-28 00:00:00+00:00,2016-03-29T00:00:00+00:00,2026-09-03T11:15:03.742310+00:00,14200.0,14200.0,14200.0,14200.0,14101.1494140625,0
2016-03-29 00:00:00+00:00,2016-03-30T00:00:00+00:00,2026-09-03T11:15:03.742310+00:00,14275.0,14390.0,13914.0,14078.0,13979.9990234375,1123148
2016-03-30 00:00:00+00:00,2016-03-31T00:00:00+00:00,2026-09-03T11:15:03.742310+00:00,14333.0,14675.0,14246.0,14581.0,14479.4951171875,944557
2016-03-31 00:00:00+00:00,2016-04-01T00:00:00+00:00,2026-09-03T11:15:03.742310+00:00,14567.0,14959.0,14210.0,14959.0,14854.8662109375,1898433
2016-04-01 00:00:00+00:00,2016-04-02T00:00:00+00:00,2026-09-03T11:15:03.742310+00:00,14820.0,14929.0,14500.0,14750.0,14647.3212890625,2125891
2016-04-04 00:00:00+00:00,2016-04-05T00:00:00+00:00,2026-09-03T11:15:03.742310+00:00,14300.0,14661.0,14130.0,14490.0,14394.5,1456991
2016-04-05 00:00:00+00:00,2016-04-06T00:00:00+00:00,2026-09-03T11:15:03.742310+00:00,14319.0,14464.0,13915.0,14125.0,14031.9052734375,2797785
2016-04-06 00:00:00+00:00,2016-04-07T00:00:00+00:00,2026-09-03T11:15:03.742310+00:00,14280.0,14280.0,12980.0,13200.0,13113.0,6149928
2016-04-07 00:00:00+00:00,2016-04-08T00:00:00+00:00,2026-09-03T11:15:03.742310+00:00,13370.0,13484.0,12557.0,13000.0,12914.3193359375,2911590
2016-04-08 00:00:00+00:00,2016-04-09T00:00:00+00:00,2026-09-03T11:15:03.742310+00:00,13355.0,13591.0,13035.0,13575.0,13485.5283203125,3294847
2016-04-11 00:00:00+00:00,2016-04-12T00:00:00+00:00,2026-09-03T11:15:03.742310+00:00,13650.0,13761.0,13217.0,13674.0,13583.875,1261476
2016-04-12 00:00:00+00:00,2016-04-13T00:00:00+00:00,2026-09-03T11:15:03.742310+00:00,13613.0,13918.0,13546.0,13850.0,13758.7158203125,1607644
2016-04-13 00:00:00+00:00,2016-04-14T00:00:00+00:00,2026-09-03T11:15:03.742310+00:00,14000.0,14389.0,13320.0,13900.0,13808.38671875,1196824
2016-04-14 00:00:00+00:00,2016-04-15T00:00:00+00:00,2026-09-03T11:15:03.742310+00:00,13899.0,14240.0,13753.0,13753.0,13662.357421875,1421593
2016-04-15 00:00:00+00:00,2016-04-16T00:00:00+00:00,2026-09-03T11:15:03.742310+00:00,13833.0,14200.0,13783.0,14001.0,13908.72265625,2443465
2016-04-18 00:00:00+00:00,2016-04-19T00:00:00+00:00,2026-09-03T11:15:03.742310+00:00,13666.0,14590.0,13659.0,14590.0,14493.83984375,2215719
2016-04-19 00:00:00+00:00,2016-04-20T00:00:00+00:00,2026-09-03T11:15:03.742310+00:00,14600.0,14687.0,14061.0,14300.0,14205.75,3094825
2016-04-20 00:00:00+00:00,2016-04-21T00:00:00+00:00,2026-09-03T11:15:03.742310+00:00,14288.0,15100.0,14091.0,15000.0,14901.1376953125,4118364
2016-04-21 00:00:00+00:00,2016-04-22T00:00:00+00:00,2026-09-03T11:15:03.742310+00:00,15000.0,15399.0,14701.0,14863.0,14765.0380859375,2153690
2016-04-22 00:00:00+00:00,2016-04-23T00:00:00+00:00,2026-09-03T11:15:03.742310+00:00,14949.0,14949.0,14376.0,14473.0,14377.609375,1591199
2016-04-25 00:00:00+00:00,2016-04-26T00:00:00+00:00,2026-09-03T11:15:03.742310+00:00,14500.0,14810.0,14160.0,14386.0,14291.185546875,1251730
2016-04-26 00:00:00+00:00,2016-04-27T00:00:00+00:00,2026-09-03T11:15:03.742310+00:00,14418.0,14680.0,14200.0,14482.0,14386.5517578125,1518255
2016-04-27 00:00:00+00:00,2016-04-28T00:00:00+00:00,2026-09-03T11:15:03.742310+00:00,14482.0,14482.0,14482.0,14482.0,14386.5517578125,0
2016-04-28 00:00:00+00:00,2016-04-29T00:00:00+00:00,2026-09-03T11:15:03.742310+00:00,14987.0,15159.0,14700.0,14966.0,14867.361328125,2412805
2016-04-29 00:00:00+00:00,2016-04-30T00:00:00+00:00,2026-09-03T11:15:03.742310+00:00,14739.0,14803.0,14421.0,14430.0,14334.8935546875,2712268
2016-05-02 00:00:00+00:00,2016-05-03T00:00:00+00:00,2026-09-03T11:15:03.742310+00:00,14430.0,14430.0,14430.0,14430.0,14334.8935546875,0
2016-05-03 00:00:00+00:00,2016-05-04T00:00:00+00:00,2026-09-03T11:15:03.742310+00:00,14478.0,14478.0,13880.0,13880.0,13788.517578125,2122819
2016-05-04 00:00:00+00:00,2016-05-05T00:00:00+00:00,2026-09-03T11:15:03.742310+00:00,13800.0,13820.0,13472.0,13472.0,13383.20703125,3369999
2016-05-05 00:00:00+00:00,2016-05-06T00:00:00+00:00,2026-09-03T11:15:03.742310+00:00,12905.0,13580.0,12905.0,13160.0,13073.2646484375,136284108
2016-05-06 00:00:00+00:00,2016-05-07T00:00:00+00:00,2026-09-03T11:15:03.742310+00:00,13249.0,13434.0,13000.0,13350.0,13262.009765625,40310903
2016-05-09 00:00:00+00:00,2016-05-10T00:00:00+00:00,2026-09-03T11:15:03.742310+00:00,13500.0,13779.0,13295.0,13750.0,13659.3759765625,10556013
2016-05-10 00:00:00+00:00,2016-05-11T00:00:00+00:00,2026-09-03T11:15:03.742310+00:00,13775.0,13800.0,13521.0,13543.0,13453.7392578125,3600741
2016-05-11 00:00:00+00:00,2016-05-12T00:00:00+00:00,2026-09-03T11:15:03.742310+00:00,13680.0,13894.0,13408.0,13780.0,13689.1767578125,2572012
2016-05-12 00:00:00+00:00,2016-05-13T00:00:00+00:00,2026-09-03T11:15:03.742310+00:00,13898.0,13898.0,13411.0,13600.0,13510.36328125,6874659
2016-05-13 00:00:00+00:00,2016-05-14T00:00:00+00:00,2026-09-03T11:15:03.742310+00:00,13505.0,14150.0,13150.0,13767.0,13676.263671875,2385466
2016-05-16 00:00:00+00:00,2016-05-17T00:00:00+00:00,2026-09-03T11:15:03.742310+00:00,13850.0,13850.0,13417.0,13669.0,13578.908203125,2404980
2016-05-17 00:00:00+00:00,2016-05-18T00:00:00+00:00,2026-09-03T11:15:03.742310+00:00,13702.0,13889.0,13300.0,13566.0,13476.587890625,2136693
2016-05-18 00:00:00+00:00,2016-05-19T00:00:00+00:00,2026-09-03T11:15:03.742310+00:00,13355.0,13852.0,13350.0,13771.0,13680.2373046875,3609215
2016-05-19 00:00:00+00:00,2016-05-20T00:00:00+00:00,2026-09-03T11:15:03.742310+00:00,13750.0,13789.0,13400.0,13600.0,13510.36328125,2025944
2016-05-20 00:00:00+00:00,2016-05-21T00:00:00+00:00,2026-09-03T11:15:03.742310+00:00,13607.0,14157.0,13600.0,14110.0,14017.00390625,3316622
2016-05-23 00:00:00+00:00,2016-05-24T00:00:00+00:00,2026-09-03T11:15:03.742310+00:00,14138.0,14400.0,13980.0,14211.0,14117.3369140625,2067765
2016-05-24 00:00:00+00:00,2016-05-25T00:00:00+00:00,2026-09-03T11:15:03.742310+00:00,14171.0,14419.0,13810.0,14405.0,14310.0595703125,3767096
2016-05-25 00:00:00+00:00,2016-05-26T00:00:00+00:00,2026-09-03T11:15:03.742310+00:00,14516.0,14999.0,14516.0,14599.0,14502.7802734375,5455451
2016-05-26 00:00:00+00:00,2016-05-27T00:00:00+00:00,2026-09-03T11:15:03.742310+00:00,14700.0,15199.0,14531.0,15038.0,14938.8876953125,5799631
2016-05-27 00:00:00+00:00,2016-05-28T00:00:00+00:00,2026-09-03T11:15:03.742310+00:00,14999.0,15122.0,14331.0,14631.0,14534.5673828125,4135393
2016-05-30 00:00:00+00:00,2016-05-31T00:00:00+00:00,2026-09-03T11:15:03.742310+00:00,14731.0,14773.0,14550.0,14600.0,14503.7705078125,1436229
2016-05-31 00:00:00+00:00,2016-06-01T00:00:00+00:00,2026-09-03T11:15:03.742310+00:00,14610.0,14753.0,14372.0,14595.0,14498.8056640625,4064895
2016-06-01 00:00:00+00:00,2016-06-02T00:00:00+00:00,2026-09-03T11:15:03.742310+00:00,14577.0,14678.0,14400.0,14678.0,14581.2587890625,3283353
2016-06-02 00:00:00+00:00,2016-06-03T00:00:00+00:00,2026-09-03T11:15:03.742310+00:00,14800.0,15066.0,14622.0,14900.0,14801.7958984375,1739679
2016-06-03 00:00:00+00:00,2016-06-04T00:00:00+00:00,2026-09-03T11:15:03.742310+00:00,14750.0,15337.0,14561.0,15337.0,15235.9140625,3861649
2016-06-06 00:00:00+00:00,2016-06-07T00:00:00+00:00,2026-09-03T11:15:03.742310+00:00,15421.0,15720.0,14799.0,15402.0,15300.4853515625,2176055
2016-06-07 00:00:00+00:00,2016-06-08T00:00:00+00:00,2026-09-03T11:15:03.742310+00:00,14850.0,15500.0,14850.0,15486.0,15383.93359375,3413197
2016-06-08 00:00:00+00:00,2016-06-09T00:00:00+00:00,2026-09-03T11:15:03.742310+00:00,15150.0,15423.0,14900.0,15040.0,14940.8720703125,2171707
2016-06-09 00:00:00+00:00,2016-06-10T00:00:00+00:00,2026-09-03T11:15:03.742310+00:00,14999.0,15062.0,14665.0,14800.0,14702.4541015625,2058053
2016-06-10 00:00:00+00:00,2016-06-11T00:00:00+00:00,2026-09-03T11:15:03.742310+00:00,14806.0,15022.0,14546.0,14650.0,14553.4443359375,2511445
2016-06-13 00:00:00+00:00,2016-06-14T00:00:00+00:00,2026-09-03T11:15:03.742310+00:00,14501.0,14798.0,14410.0,14490.0,14394.5,1609475
2016-06-14 00:00:00+00:00,2016-06-15T00:00:00+00:00,2026-09-03T11:15:03.742310+00:00,14409.0,14499.0,14025.0,14313.0,14218.662109375,2401656
2016-06-15 00:00:00+00:00,2016-06-16T00:00:00+00:00,2026-09-03T11:15:03.742310+00:00,14400.0,14680.0,14183.0,14360.0,14265.3544921875,4356794
2016-06-16 00:00:00+00:00,2016-06-17T00:00:00+00:00,2026-09-03T11:15:03.742310+00:00,14360.0,14360.0,14360.0,14360.0,14265.3544921875,0
2016-06-17 00:00:00+00:00,2016-06-18T00:00:00+00:00,2026-09-03T11:15:03.742310+00:00,14176.0,14603.0,14121.0,14603.0,14506.7509765625,1778283
2016-06-20 00:00:00+00:00,2016-06-21T00:00:00+00:00,2026-09-03T11:15:03.742310+00:00,14760.0,14926.0,14444.0,14617.0,14520.66015625,1539192
2016-06-21 00:00:00+00:00,2016-06-22T00:00:00+00:00,2026-09-03T11:15:03.742310+00:00,14460.0,14766.0,14422.0,14539.0,14443.17578125,2243223
2016-06-22 00:00:00+00:00,2016-06-23T00:00:00+00:00,2026-09-03T11:15:03.742310+00:00,14746.0,15356.0,14668.0,15148.0,15048.1611328125,3314216
2016-06-23 00:00:00+00:00,2016-06-24T00:00:00+00:00,2026-09-03T11:15:03.742310+00:00,15148.0,15499.0,15027.0,15317.0,15216.0498046875,1478358
2016-06-24 00:00:00+00:00,2016-06-25T00:00:00+00:00,2026-09-03T11:15:03.742310+00:00,14301.0,14900.0,14301.0,14607.0,14510.7255859375,2263246
2016-06-27 00:00:00+00:00,2016-06-28T00:00:00+00:00,2026-09-03T11:15:03.742310+00:00,14320.0,14598.0,13775.0,13916.0,13824.28125,1981778
2016-06-28 00:00:00+00:00,2016-06-29T00:00:00+00:00,2026-09-03T11:15:03.742310+00:00,14440.0,14810.0,14075.0,14440.0,14344.8271484375,2605851
2016-06-29 00:00:00+00:00,2016-06-30T00:00:00+00:00,2026-09-03T11:15:03.742310+00:00,14650.0,14680.0,14000.0,14222.0,14128.2666015625,4211519
2016-06-30 00:00:00+00:00,2016-07-01T00:00:00+00:00,2026-09-03T11:15:03.742310+00:00,14222.0,14556.0,14203.0,14408.0,14313.0390625,2226095
2016-07-01 00:00:00+00:00,2016-07-02T00:00:00+00:00,2026-09-03T11:15:03.742310+00:00,14600.0,14600.0,13702.0,13990.0,13897.7939453125,2951576
2016-07-04 00:00:00+00:00,2016-07-05T00:00:00+00:00,2026-09-03T11:15:03.742310+00:00,14378.0,14378.0,13890.0,13934.0,13842.1640625,1587907
2016-07-05 00:00:00+00:00,2016-07-06T00:00:00+00:00,2026-09-03T11:15:03.742310+00:00,13701.0,14076.0,13670.0,13922.0,13830.2431640625,1808340
2016-07-06 00:00:00+00:00,2016-07-07T00:00:00+00:00,2026-09-03T11:15:03.742310+00:00,13750.0,13750.0,13250.0,13318.0,13230.224609375,2973077
2016-07-07 00:00:00+00:00,2016-07-08T00:00:00+00:00,2026-09-03T11:15:03.742310+00:00,13700.0,13775.0,13411.0,13646.0,13556.060546875,1188884
2016-07-08 00:00:00+00:00,2016-07-09T00:00:00+00:00,2026-09-03T11:15:03.742310+00:00,13635.0,13998.0,13318.0,13772.0,13681.2314453125,2162269
2016-07-11 00:00:00+00:00,2016-07-12T00:00:00+00:00,2026-09-03T11:15:03.742310+00:00,13900.0,14139.0,13833.0,14000.0,13907.7275390625,1074760
2016-07-12 00:00:00+00:00,2016-07-13T00:00:00+00:00,2026-09-03T11:15:03.742310+00:00,14173.0,14319.0,14053.0,14300.0,14205.75,1777833
2016-07-13 00:00:00+00:00,2016-07-14T00:00:00+00:00,2026-09-03T11:15:03.742310+00:00,14258.0,14538.0,14100.0,14366.0,14271.3173828125,2148120
2016-07-14 00:00:00+00:00,2016-07-15T00:00:00+00:00,2026-09-03T11:15:03.742310+00:00,14259.0,14654.0,14259.0,14510.0,14414.3671875,3642314
2016-07-15 00:00:00+00:00,2016-07-16T00:00:00+00:00,2026-09-03T11:15:03.742310+00:00,14200.0,14670.0,14200.0,14600.0,14503.7705078125,3713222
2016-07-18 00:00:00+00:00,2016-07-19T00:00:00+00:00,2026-09-03T11:15:03.742310+00:00,14590.0,14725.0,14401.0,14600.0,14503.7705078125,2946161
2016-07-19 00:00:00+00:00,2016-07-20T00:00:00+00:00,2026-09-03T11:15:03.742310+00:00,14598.0,14883.0,14421.0,14883.0,14784.9072265625,2320164
2016-07-20 00:00:00+00:00,2016-07-21T00:00:00+00:00,2026-09-03T11:15:03.742310+00:00,14900.0,15262.0,14726.0,14959.0,14860.40625,1728882
2016-07-21 00:00:00+00:00,2016-07-22T00:00:00+00:00,2026-09-03T11:15:03.742310+00:00,14720.0,15067.0,14720.0,15050.0,14950.806640625,1595265
2016-07-22 00:00:00+00:00,2016-07-23T00:00:00+00:00,2026-09-03T11:15:03.742310+00:00,14872.0,15189.0,14850.0,15128.0,15028.294921875,797950
2016-07-25 00:00:00+00:00,2016-07-26T00:00:00+00:00,2026-09-03T11:15:03.742310+00:00,15070.0,15389.0,14962.0,15300.0,15199.1611328125,2740011
2016-07-26 00:00:00+00:00,2016-07-27T00:00:00+00:00,2026-09-03T11:15:03.742310+00:00,15348.0,15500.0,15120.0,15390.0,15288.5634765625,1991326
2016-07-27 00:00:00+00:00,2016-07-28T00:00:00+00:00,2026-09-03T11:15:03.742310+00:00,15495.0,15595.0,15208.0,15522.0,15419.6943359375,1730785
2016-07-28 00:00:00+00:00,2016-07-29T00:00:00+00:00,2026-09-03T11:15:03.742310+00:00,15522.0,15825.0,15172.0,15445.0,15343.203125,2985832
2016-07-29 00:00:00+00:00,2016-07-30T00:00:00+00:00,2026-09-03T11:15:03.742310+00:00,15550.0,15748.0,15240.0,15349.0,15247.837890625,1865827
2016-08-01 00:00:00+00:00,2016-08-02T00:00:00+00:00,2026-09-03T11:15:03.742310+00:00,15495.0,15940.0,15468.0,15790.0,15685.9296875,3139063
2016-08-02 00:00:00+00:00,2016-08-03T00:00:00+00:00,2026-09-03T11:15:03.742310+00:00,15670.0,15968.0,15417.0,15600.0,15497.181640625,4769268
2016-08-03 00:00:00+00:00,2016-08-04T00:00:00+00:00,2026-09-03T11:15:03.742310+00:00,15600.0,15600.0,15600.0,15600.0,15497.181640625,0
2016-08-04 00:00:00+00:00,2016-08-05T00:00:00+00:00,2026-09-03T11:15:03.742310+00:00,15699.0,16334.0,15608.0,16100.0,15993.888671875,5053781
2016-08-05 00:00:00+00:00,2016-08-06T00:00:00+00:00,2026-09-03T11:15:03.742310+00:00,16200.0,16294.0,15864.0,16050.0,15944.21875,2058293
2016-08-08 00:00:00+00:00,2016-08-09T00:00:00+00:00,2026-09-03T11:15:03.742310+00:00,16050.0,16328.0,16050.0,16250.0,16142.8974609375,1042334
2016-08-09 00:00:00+00:00,2016-08-10T00:00:00+00:00,2026-09-03T11:15:03.742310+00:00,16250.0,16250.0,16250.0,16250.0,16142.8974609375,0
2016-08-10 00:00:00+00:00,2016-08-11T00:00:00+00:00,2026-09-03T11:15:03.742310+00:00,16252.0,16697.0,16168.0,16177.0,16070.3818359375,3892368
2016-08-11 00:00:00+00:00,2016-08-12T00:00:00+00:00,2026-09-03T11:15:03.742310+00:00,16177.0,16242.0,15805.0,16154.0,16047.5302734375,3118250
2016-08-12 00:00:00+00:00,2016-08-13T00:00:00+00:00,2026-09-03T11:15:03.742310+00:00,16186.0,16678.0,16186.0,16500.0,16391.25,1753575
2016-08-15 00:00:00+00:00,2016-08-16T00:00:00+00:00,2026-09-03T11:15:03.742310+00:00,16200.0,16617.0,16200.0,16457.0,16348.5322265625,2293270
2016-08-16 00:00:00+00:00,2016-08-17T00:00:00+00:00,2026-09-03T11:15:03.742310+00:00,16385.0,16674.0,16061.0,16245.0,16137.9296875,1617896
2016-08-17 00:00:00+00:00,2016-08-18T00:00:00+00:00,2026-09-03T11:15:03.742310+00:00,16251.0,16374.0,15804.0,16000.0,15894.5458984375,1563932
2016-08-18 00:00:00+00:00,2016-08-19T00:00:00+00:00,2026-09-03T11:15:03.742310+00:00,15920.0,16570.0,15920.0,16352.0,16244.2265625,2787458
2016-08-19 00:00:00+00:00,2016-08-20T00:00:00+00:00,2026-09-03T11:15:03.742310+00:00,16352.0,16596.0,16151.0,16500.0,16391.25,2137574
2016-08-22 00:00:00+00:00,2016-08-23T00:00:00+00:00,2026-09-03T11:15:03.742310+00:00,16366.0,16441.0,16072.0,16258.0,16150.84765625,1133275
2016-08-23 00:00:00+00:00,2016-08-24T00:00:00+00:00,2026-09-03T11:15:03.742310+00:00,16153.0,16539.0,16137.0,16340.0,16232.3056640625,1404862
2016-08-24 00:00:00+00:00,2016-08-25T00:00:00+00:00,2026-09-03T11:15:03.742310+00:00,15901.0,16000.0,14871.0,15500.0,15397.8427734375,6753760
2016-08-25 00:00:00+00:00,2016-08-26T00:00:00+00:00,2026-09-03T11:15:03.742310+00:00,15400.0,15880.0,15184.0,15343.0,15241.8759765625,4849571
2016-08-26 00:00:00+00:00,2016-08-27T00:00:00+00:00,2026-09-03T11:15:03.742310+00:00,15590.0,15600.0,15256.0,15320.0,15219.02734375,4720153
2016-08-29 00:00:00+00:00,2016-08-30T00:00:00+00:00,2026-09-03T11:15:03.742310+00:00,15289.0,15521.0,15077.0,15355.0,15253.7978515625,2690166
2016-08-30 00:00:00+00:00,2016-08-31T00:00:00+00:00,2026-09-03T11:15:03.742310+00:00,15423.0,15586.0,15189.0,15250.0,15149.4873046875,2116387
2016-08-31 00:00:00+00:00,2016-09-01T00:00:00+00:00,2026-09-03T11:15:03.742310+00:00,15400.0,15460.0,14830.0,14890.0,14791.8623046875,3358612
2016-09-01 00:00:00+00:00,2016-09-02T00:00:00+00:00,2026-09-03T11:15:03.742310+00:00,14854.0,14969.0,14271.0,14300.0,14205.75,3706188
2016-09-02 00:00:00+00:00,2016-09-03T00:00:00+00:00,2026-09-03T11:15:03.742310+00:00,14500.0,14893.0,14379.0,14865.0,14767.029296875,3450382
2016-09-05 00:00:00+00:00,2016-09-06T00:00:00+00:00,2026-09-03T11:15:03.742310+00:00,14932.0,15080.0,14700.0,14850.0,14752.126953125,1683443
2016-09-06 00:00:00+00:00,2016-09-07T00:00:00+00:00,2026-09-03T11:15:03.742310+00:00,14754.0,15278.0,14754.0,15278.0,15177.3056640625,2874677
2016-09-07 00:00:00+00:00,2016-09-08T00:00:00+00:00,2026-09-03T11:15:03.742310+00:00,15020.0,15020.0,14667.0,14850.0,14756.56640625,3151558
2016-09-08 00:00:00+00:00,2016-09-09T00:00:00+00:00,2026-09-03T11:15:03.742310+00:00,14700.0,15097.0,14666.0,15076.0,14981.1455078125,4183354
2016-09-09 00:00:00+00:00,2016-09-10T00:00:00+00:00,2026-09-03T11:15:03.742310+00:00,14760.0,15134.0,14760.0,15000.0,14905.626953125,2220468
2016-09-12 00:00:00+00:00,2016-09-13T00:00:00+00:00,2026-09-03T11:15:03.742310+00:00,14610.0,14802.0,14501.0,14768.0,14675.08203125,1778122
2016-09-13 00:00:00+00:00,2016-09-14T00:00:00+00:00,2026-09-03T11:15:03.742310+00:00,14839.0,14892.0,14491.0,14590.0,14498.203125,3233944
2016-09-14 00:00:00+00:00,2016-09-15T00:00:00+00:00,2026-09-03T11:15:03.742310+00:00,14626.0,14782.0,14396.0,14560.0,14468.392578125,1438675
2016-09-15 00:00:00+00:00,2016-09-16T00:00:00+00:00,2026-09-03T11:15:03.742310+00:00,14472.0,14625.0,14335.0,14508.0,14416.720703125,6318465
2016-09-16 00:00:00+00:00,2016-09-17T00:00:00+00:00,2026-09-03T11:15:03.742310+00:00,14450.0,14830.0,14345.0,14562.0,14470.3798828125,1533875
2016-09-19 00:00:00+00:00,2016-09-20T00:00:00+00:00,2026-09-03T11:15:03.742310+00:00,14411.0,15063.0,14411.0,14924.0,14830.1015625,1547336
2016-09-20 00:00:00+00:00,2016-09-21T00:00:00+00:00,2026-09-03T11:15:03.742310+00:00,14985.0,14985.0,14699.0,14760.0,14667.1337890625,1303848
2016-09-21 00:00:00+00:00,2016-09-22T00:00:00+00:00,2026-09-03T11:15:03.742310+00:00,14608.0,15000.0,14501.0,14874.0,14780.4169921875,1866960
2016-09-22 00:00:00+00:00,2016-09-23T00:00:00+00:00,2026-09-03T11:15:03.742310+00:00,15001.0,15651.0,15000.0,15375.0,15278.2646484375,2927635
2016-09-23 00:00:00+00:00,2016-09-24T00:00:00+00:00,2026-09-03T11:15:03.742310+00:00,15275.0,15377.0,15113.0,15359.0,15262.3671875,2374460
2016-09-26 00:00:00+00:00,2016-09-27T00:00:00+00:00,2026-09-03T11:15:03.742310+00:00,15389.0,15460.0,15000.0,15200.0,15104.3662109375,1015702
2016-09-27 00:00:00+00:00,2016-09-28T00:00:00+00:00,2026-09-03T11:15:03.742310+00:00,15396.0,15396.0,14975.0,15190.0,15094.4287109375,1619833
2016-09-28 00:00:00+00:00,2016-09-29T00:00:00+00:00,2026-09-03T11:15:03.742310+00:00,15149.0,15390.0,14932.0,15150.0,15054.6806640625,1340339
2016-09-29 00:00:00+00:00,2016-09-30T00:00:00+00:00,2026-09-03T11:15:03.742310+00:00,15100.0,15568.0,15100.0,15559.0,15461.1064453125,3554638
2016-09-30 00:00:00+00:00,2016-10-01T00:00:00+00:00,2026-09-03T11:15:03.742310+00:00,15221.0,15348.0,15001.0,15100.0,15004.9931640625,2678378
2016-10-03 00:00:00+00:00,2016-10-04T00:00:00+00:00,2026-09-03T11:15:03.742310+00:00,15055.0,15371.0,15012.0,15100.0,15004.9931640625,944341
2016-10-04 00:00:00+00:00,2016-10-05T00:00:00+00:00,2026-09-03T11:15:03.742310+00:00,15238.0,15564.0,14996.0,15540.0,15442.2265625,2558295
2016-10-05 00:00:00+00:00,2016-10-06T00:00:00+00:00,2026-09-03T11:15:03.742310+00:00,15500.0,15538.0,15214.0,15500.0,15402.478515625,1225662
2016-10-06 00:00:00+00:00,2016-10-07T00:00:00+00:00,2026-09-03T11:15:03.742310+00:00,15419.0,15912.0,15419.0,15681.0,15582.33984375,2705018
2016-10-07 00:00:00+00:00,2016-10-08T00:00:00+00:00,2026-09-03T11:15:03.742310+00:00,15750.0,15822.0,15577.0,15637.0,15538.6171875,1742732
2016-10-10 00:00:00+00:00,2016-10-11T00:00:00+00:00,2026-09-03T11:15:03.742310+00:00,15637.0,15749.0,15500.0,15500.0,15402.478515625,936389
2016-10-11 00:00:00+00:00,2016-10-12T00:00:00+00:00,2026-09-03T11:15:03.742310+00:00,15444.0,15573.0,14600.0,15050.0,14955.30859375,4769959
2016-10-12 00:00:00+00:00,2016-10-13T00:00:00+00:00,2026-09-03T11:15:03.742310+00:00,14972.0,15260.0,14796.0,15119.0,15023.8759765625,2825675
2016-10-13 00:00:00+00:00,2016-10-14T00:00:00+00:00,2026-09-03T11:15:03.742310+00:00,15100.0,15119.0,14565.0,14619.0,14527.0224609375,2811630
2016-10-14 00:00:00+00:00,2016-10-15T00:00:00+00:00,2026-09-03T11:15:03.742310+00:00,14601.0,15179.0,14426.0,14618.0,14526.025390625,2183671
2016-10-17 00:00:00+00:00,2016-10-18T00:00:00+00:00,2026-09-03T11:15:03.742310+00:00,14661.0,14806.0,14431.0,14725.0,14632.3544921875,1810486
2016-10-18 00:00:00+00:00,2016-10-19T00:00:00+00:00,2026-09-03T11:15:03.742310+00:00,14910.0,15224.0,14800.0,15059.0,14964.25390625,1936811
2016-10-19 00:00:00+00:00,2016-10-20T00:00:00+00:00,2026-09-03T11:15:03.742310+00:00,15180.0,15274.0,15053.0,15210.0,15114.3037109375,1283737
2016-10-20 00:00:00+00:00,2016-10-21T00:00:00+00:00,2026-09-03T11:15:03.742310+00:00,15400.0,15400.0,15001.0,15140.0,15044.7431640625,990427
2016-10-21 00:00:00+00:00,2016-10-22T00:00:00+00:00,2026-09-03T11:15:03.742310+00:00,15357.0,15357.0,14881.0,15058.0,14963.2578125,1204338
2016-10-24 00:00:00+00:00,2016-10-25T00:00:00+00:00,2026-09-03T11:15:03.742310+00:00,15394.0,15544.0,15230.0,15400.0,15303.1064453125,1419416
2016-10-25 00:00:00+00:00,2016-10-26T00:00:00+00:00,2026-09-03T11:15:03.742310+00:00,15549.0,15550.0,15202.0,15310.0,15213.671875,1708833
2016-10-26 00:00:00+00:00,2016-10-27T00:00:00+00:00,2026-09-03T11:15:03.742310+00:00,15125.0,15504.0,15125.0,15480.0,15382.603515625,783324
2016-10-27 00:00:00+00:00,2016-10-28T00:00:00+00:00,2026-09-03T11:15:03.742310+00:00,15583.0,15584.0,15007.0,15365.0,15268.330078125,1401659
2016-10-28 00:00:00+00:00,2016-10-29T00:00:00+00:00,2026-09-03T11:15:03.742310+00:00,15308.0,15308.0,15010.0,15200.0,15104.3662109375,1440036
2016-10-31 00:00:00+00:00,2016-11-01T00:00:00+00:00,2026-09-03T11:15:03.742310+00:00,15200.0,15831.0,15200.0,15636.0,15537.6220703125,2710143
2016-11-01 00:00:00+00:00,2016-11-02T00:00:00+00:00,2026-09-03T11:15:03.742310+00:00,15598.0,15780.0,15465.0,15713.0,15614.138671875,1830804
2016-11-02 00:00:00+00:00,2016-11-03T00:00:00+00:00,2026-09-03T11:15:03.742310+00:00,15326.0,15846.0,15325.0,15738.0,15638.98046875,2105425
2016-11-03 00:00:00+00:00,2016-11-04T00:00:00+00:00,2026-09-03T11:15:03.742310+00:00,15700.0,15700.0,15315.0,15399.0,15302.1142578125,2540644
2016-11-04 00:00:00+00:00,2016-11-05T00:00:00+00:00,2026-09-03T11:15:03.742310+00:00,15320.0,15349.0,15101.0,15205.0,15109.3359375,999204
2016-11-07 00:00:00+00:00,2016-11-08T00:00:00+00:00,2026-09-03T11:15:03.742310+00:00,15335.0,15726.0,15299.0,15525.0,15427.322265625,1363329
2016-11-08 00:00:00+00:00,2016-11-09T00:00:00+00:00,2026-09-03T11:15:03.742310+00:00,15300.0,16042.0,15300.0,15995.0,15894.365234375,2057158
2016-11-09 00:00:00+00:00,2016-11-10T00:00:00+00:00,2026-09-03T11:15:03.742310+00:00,15360.0,15886.0,15360.0,15625.0,15526.693359375,1874984
2016-11-10 00:00:00+00:00,2016-11-11T00:00:00+00:00,2026-09-03T11:15:03.742310+00:00,15799.0,16043.0,15023.0,15048.0,14953.322265625,5113401
2016-11-11 00:00:00+00:00,2016-11-12T00:00:00+00:00,2026-09-03T11:15:03.742310+00:00,14850.0,14996.0,14275.0,14590.0,14498.203125,3474868
2016-11-14 00:00:00+00:00,2016-11-15T00:00:00+00:00,2026-09-03T11:15:03.742310+00:00,14590.0,14946.0,14400.0,14400.0,14309.3974609375,3362926
2016-11-15 00:00:00+00:00,2016-11-16T00:00:00+00:00,2026-09-03T11:15:03.742310+00:00,14311.0,14881.0,14311.0,14750.0,14657.1962890625,2370159
2016-11-16 00:00:00+00:00,2016-11-17T00:00:00+00:00,2026-09-03T11:15:03.742310+00:00,14751.0,15210.0,14751.0,15102.0,15006.9833984375,3315370
2016-11-17 00:00:00+00:00,2016-11-18T00:00:00+00:00,2026-09-03T11:15:03.742310+00:00,14998.0,15457.0,14964.0,15285.0,15188.8310546875,1165667
2016-11-18 00:00:00+00:00,2016-11-19T00:00:00+00:00,2026-09-03T11:15:03.742310+00:00,15121.0,15411.0,14900.0,15411.0,15314.0400390625,1068566
2016-11-21 00:00:00+00:00,2016-11-22T00:00:00+00:00,2026-09-03T11:15:03.742310+00:00,15300.0,15510.0,15293.0,15471.0,15373.662109375,1876994
2016-11-22 00:00:00+00:00,2016-11-23T00:00:00+00:00,2026-09-03T11:15:03.742310+00:00,15723.0,16033.0,15472.0,15958.0,15857.595703125,2815651
2016-11-23 00:00:00+00:00,2016-11-24T00:00:00+00:00,2026-09-03T11:15:03.742310+00:00,15958.0,16201.0,15693.0,15693.0,15594.263671875,2221343
2016-11-24 00:00:00+00:00,2016-11-25T00:00:00+00:00,2026-09-03T11:15:03.742310+00:00,15766.0,15766.0,15364.0,15375.0,15278.2646484375,2224507
2016-11-25 00:00:00+00:00,2016-11-26T00:00:00+00:00,2026-09-03T11:15:03.742310+00:00,15390.0,15659.0,15279.0,15421.0,15323.9775390625,1607629
2016-11-28 00:00:00+00:00,2016-11-29T00:00:00+00:00,2026-09-03T11:15:03.742310+00:00,15511.0,16120.0,15511.0,16050.0,15949.017578125,2935390
2016-11-29 00:00:00+00:00,2016-11-30T00:00:00+00:00,2026-09-03T11:15:03.742310+00:00,15950.0,16173.0,15950.0,16003.0,15902.314453125,1881401
2016-11-30 00:00:00+00:00,2016-12-01T00:00:00+00:00,2026-09-03T11:15:03.742310+00:00,16031.0,16110.0,15724.0,15731.0,15632.0263671875,2191837
2016-12-01 00:00:00+00:00,2016-12-02T00:00:00+00:00,2026-09-03T11:15:03.742310+00:00,15756.0,15994.0,15604.0,15925.0,15824.8056640625,1324998
2016-12-02 00:00:00+00:00,2016-12-03T00:00:00+00:00,2026-09-03T11:15:03.742310+00:00,15605.0,15814.0,15543.0,15750.0,15650.9052734375,1575156
2016-12-05 00:00:00+00:00,2016-12-06T00:00:00+00:00,2026-09-03T11:15:03.742310+00:00,15850.0,16189.0,15642.0,16115.0,16013.607421875,2538110
2016-12-06 00:00:00+00:00,2016-12-07T00:00:00+00:00,2026-09-03T11:15:03.742310+00:00,16130.0,16320.0,15901.0,15966.0,15865.5458984375,1942448
2016-12-07 00:00:00+00:00,2016-12-08T00:00:00+00:00,2026-09-03T11:15:03.742310+00:00,15812.0,16297.0,15812.0,16111.0,16009.63671875,2664559
2016-12-08 00:00:00+00:00,2016-12-09T00:00:00+00:00,2026-09-03T11:15:03.742310+00:00,16141.0,16705.0,16141.0,16705.0,16599.896484375,2427013
2016-12-09 00:00:00+00:00,2016-12-10T00:00:00+00:00,2026-09-03T11:15:03.742310+00:00,16721.0,16937.0,16556.0,16825.0,16719.140625,2102383
2016-12-12 00:00:00+00:00,2016-12-13T00:00:00+00:00,2026-09-03T11:15:03.742310+00:00,16779.0,17063.0,16715.0,16736.0,16630.701171875,1396251
2016-12-13 00:00:00+00:00,2016-12-14T00:00:00+00:00,2026-09-03T11:15:03.742310+00:00,16901.0,16901.0,16602.0,16840.0,16734.048828125,2475945
2016-12-14 00:00:00+00:00,2016-12-15T00:00:00+00:00,2026-09-03T11:15:03.742310+00:00,16930.0,17155.0,16771.0,16883.0,16776.77734375,2222100
2016-12-15 00:00:00+00:00,2016-12-16T00:00:00+00:00,2026-09-03T11:15:03.742310+00:00,16600.0,16849.0,16359.0,16512.0,16408.111328125,5674316
2016-12-16 00:00:00+00:00,2016-12-17T00:00:00+00:00,2026-09-03T11:15:03.742310+00:00,16512.0,16512.0,16512.0,16512.0,16408.111328125,0
2016-12-19 00:00:00+00:00,2016-12-20T00:00:00+00:00,2026-09-03T11:15:03.742310+00:00,16512.0,16947.0,16313.0,16560.0,16455.810546875,1267041
2016-12-20 00:00:00+00:00,2016-12-21T00:00:00+00:00,2026-09-03T11:15:03.742310+00:00,16520.0,16699.0,16387.0,16525.0,16421.025390625,1871413
2016-12-21 00:00:00+00:00,2016-12-22T00:00:00+00:00,2026-09-03T11:15:03.742310+00:00,16525.0,16888.0,16460.0,16625.0,16520.400390625,1088992
2016-12-22 00:00:00+00:00,2016-12-23T00:00:00+00:00,2026-09-03T11:15:03.742310+00:00,16760.0,16760.0,16250.0,16426.0,16322.654296875,743169
2016-12-23 00:00:00+00:00,2016-12-24T00:00:00+00:00,2026-09-03T11:15:03.742310+00:00,16266.0,16500.0,16265.0,16450.0,16346.5029296875,296455
2016-12-26 00:00:00+00:00,2016-12-27T00:00:00+00:00,2026-09-03T11:15:03.742310+00:00,16450.0,16450.0,16450.0,16450.0,16346.5029296875,0
2016-12-27 00:00:00+00:00,2016-12-28T00:00:00+00:00,2026-09-03T11:15:03.742310+00:00,16450.0,16450.0,16450.0,16450.0,16346.5029296875,0
2016-12-28 00:00:00+00:00,2016-12-29T00:00:00+00:00,2026-09-03T11:15:03.742310+00:00,16525.0,16953.0,16525.0,16834.0,16728.08203125,904063
2016-12-29 00:00:00+00:00,2016-12-30T00:00:00+00:00,2026-09-03T11:15:03.742310+00:00,16788.0,17152.0,16700.0,16970.0,16863.2265625,662005
2016-12-30 00:00:00+00:00,2016-12-31T00:00:00+00:00,2026-09-03T11:15:03.742310+00:00,17140.0,17149.0,16631.0,16869.0,16762.8671875,487401
2017-01-02 00:00:00+00:00,2017-01-03T00:00:00+00:00,2026-09-03T11:15:03.742310+00:00,16869.0,16869.0,16869.0,16869.0,16762.8671875,0
2017-01-03 00:00:00+00:00,2017-01-04T00:00:00+00:00,2026-09-03T11:15:03.742310+00:00,16868.0,17099.0,16745.0,17000.0,16893.037109375,480959
2017-01-04 00:00:00+00:00,2017-01-05T00:00:00+00:00,2026-09-03T11:15:03.742310+00:00,16561.0,17170.0,16561.0,17170.0,17061.9765625,848884
2017-01-05 00:00:00+00:00,2017-01-06T00:00:00+00:00,2026-09-03T11:15:03.742310+00:00,17176.0,17278.0,16568.0,16680.0,16575.0546875,1174915
2017-01-06 00:00:00+00:00,2017-01-07T00:00:00+00:00,2026-09-03T11:15:03.742310+00:00,16717.0,16982.0,16421.0,16950.0,16843.353515625,772876
2017-01-09 00:00:00+00:00,2017-01-10T00:00:00+00:00,2026-09-03T11:15:03.742310+00:00,17052.0,17179.0,16504.0,16967.0,16860.251953125,486532
2017-01-10 00:00:00+00:00,2017-01-11T00:00:00+00:00,2026-09-03T11:15:03.742310+00:00,17180.0,17180.0,16510.0,16732.0,16626.728515625,1911578
2017-01-11 00:00:00+00:00,2017-01-12T00:00:00+00:00,2026-09-03T11:15:03.742310+00:00,16847.0,17045.0,16600.0,16881.0,16774.787109375,2369541
2017-01-12 00:00:00+00:00,2017-01-13T00:00:00+00:00,2026-09-03T11:15:03.742310+00:00,16881.0,17244.0,16703.0,17100.0,16992.41015625,1211319
2017-01-13 00:00:00+00:00,2017-01-14T00:00:00+00:00,2026-09-03T11:15:03.742310+00:00,16999.0,17110.0,16750.0,17110.0,17002.34765625,1265433
2017-01-16 00:00:00+00:00,2017-01-17T00:00:00+00:00,2026-09-03T11:15:03.742310+00:00,16785.0,17242.0,16300.0,16919.0,16812.548828125,893928
2017-01-17 00:00:00+00:00,2017-01-18T00:00:00+00:00,2026-09-03T11:15:03.742310+00:00,16601.0,17000.0,16601.0,16642.0,16537.29296875,1870025
2017-01-18 00:00:00+00:00,2017-01-19T00:00:00+00:00,2026-09-03T11:15:03.742310+00:00,16969.0,17052.0,16654.0,16760.0,16654.548828125,2388128
2017-01-19 00:00:00+00:00,2017-01-20T00:00:00+00:00,2026-09-03T11:15:03.742310+00:00,16655.0,16896.0,16307.0,16500.0,16396.1875,1807726
2017-01-20 00:00:00+00:00,2017-01-21T00:00:00+00:00,2026-09-03T11:15:03.742310+00:00,16300.0,16439.0,16226.0,16300.0,16197.4453125,1676975
2017-01-23 00:00:00+00:00,2017-01-24T00:00:00+00:00,2026-09-03T11:15:03.742310+00:00,16340.0,16637.0,16179.0,16460.0,16356.439453125,2057391
2017-01-24 00:00:00+00:00,2017-01-25T00:00:00+00:00,2026-09-03T11:15:03.742310+00:00,16599.0,16599.0,16240.0,16450.0,16346.5029296875,2798070
2017-01-25 00:00:00+00:00,2017-01-26T00:00:00+00:00,2026-09-03T11:15:03.742310+00:00,16444.0,16769.0,16444.0,16506.0,16402.15234375,3570196
2017-01-26 00:00:00+00:00,2017-01-27T00:00:00+00:00,2026-09-03T11:15:03.742310+00:00,16506.0,16774.0,16247.0,16373.0,16269.986328125,1406935
2017-01-27 00:00:00+00:00,2017-01-28T00:00:00+00:00,2026-09-03T11:15:03.742310+00:00,16360.0,16372.0,15600.0,15600.0,15501.849609375,2398990
2017-01-30 00:00:00+00:00,2017-01-31T00:00:00+00:00,2026-09-03T11:15:03.742310+00:00,15663.0,15810.0,15465.0,15650.0,15551.53515625,1549524
2017-01-31 00:00:00+00:00,2017-02-01T00:00:00+00:00,2026-09-03T11:15:03.742310+00:00,15606.0,15958.0,15600.0,15881.0,15781.08203125,1642596
2017-02-01 00:00:00+00:00,2017-02-02T00:00:00+00:00,2026-09-03T11:15:03.742310+00:00,15791.0,15997.0,15615.0,15640.0,15541.5986328125,1909744
2017-02-02 00:00:00+00:00,2017-02-03T00:00:00+00:00,2026-09-03T11:15:03.742310+00:00,15583.0,15688.0,15350.0,15420.0,15322.98046875,2319129
2017-02-03 00:00:00+00:00,2017-02-04T00:00:00+00:00,2026-09-03T11:15:03.742310+00:00,15350.0,15528.0,15247.0,15457.0,15359.7470703125,2176474
2017-02-06 00:00:00+00:00,2017-02-07T00:00:00+00:00,2026-09-03T11:15:03.742310+00:00,15460.0,15679.0,15320.0,15335.0,15238.515625,1037711
2017-02-07 00:00:00+00:00,2017-02-08T00:00:00+00:00,2026-09-03T11:15:03.742310+00:00,15339.0,15700.0,15278.0,15651.0,15552.5263671875,1759876
2017-02-08 00:00:00+00:00,2017-02-09T00:00:00+00:00,2026-09-03T11:15:03.742310+00:00,15656.0,15717.0,15406.0,15507.0,15409.43359375,1991261
2017-02-09 00:00:00+00:00,2017-02-10T00:00:00+00:00,2026-09-03T11:15:03.742310+00:00,15509.0,15900.0,15501.0,15900.0,15799.9619140625,1887074
2017-02-10 00:00:00+00:00,2017-02-11T00:00:00+00:00,2026-09-03T11:15:03.742310+00:00,15987.0,16214.0,15910.0,16214.0,16111.9853515625,2108228
2017-02-13 00:00:00+00:00,2017-02-14T00:00:00+00:00,2026-09-03T11:15:03.742310+00:00,16268.0,16389.0,16048.0,16351.0,16248.1240234375,1819058
2017-02-14 00:00:00+00:00,2017-02-15T00:00:00+00:00,2026-09-03T11:15:03.742310+00:00,16314.0,16450.0,16139.0,16425.0,16321.662109375,1524029
2017-02-15 00:00:00+00:00,2017-02-16T00:00:00+00:00,2026-09-03T11:15:03.742310+00:00,16480.0,16698.0,16272.0,16376.0,16272.9658203125,2065805
2017-02-16 00:00:00+00:00,2017-02-17T00:00:00+00:00,2026-09-03T11:15:03.742310+00:00,16263.0,16470.0,16100.0,16297.0,16194.462890625,1884708
2017-02-17 00:00:00+00:00,2017-02-18T00:00:00+00:00,2026-09-03T11:15:03.742310+00:00,16070.0,16267.0,15901.0,16089.0,15987.7734375,1438862
2017-02-20 00:00:00+00:00,2017-02-21T00:00:00+00:00,2026-09-03T11:15:03.742310+00:00,16042.0,16148.0,15800.0,16133.0,16031.49609375,1041400
2017-02-21 00:00:00+00:00,2017-02-22T00:00:00+00:00,2026-09-03T11:15:03.742310+00:00,16089.0,16320.0,15757.0,16027.0,15926.1650390625,1827775
2017-02-22 00:00:00+00:00,2017-02-23T00:00:00+00:00,2026-09-03T11:15:03.742310+00:00,15800.0,16203.0,15524.0,15757.0,15657.861328125,2028259
2017-02-23 00:00:00+00:00,2017-02-24T00:00:00+00:00,2026-09-03T11:15:03.742310+00:00,15601.0,15943.0,15350.0,15685.0,15586.314453125,3084022
2017-02-24 00:00:00+00:00,2017-02-25T00:00:00+00:00,2026-09-03T11:15:03.742310+00:00,15663.0,15800.0,15560.0,15620.0,15521.720703125,1729549
2017-02-27 00:00:00+00:00,2017-02-28T00:00:00+00:00,2026-09-03T11:15:03.742310+00:00,15655.0,15781.0,15419.0,15480.0,15382.603515625,1911395
2017-02-28 00:00:00+00:00,2017-03-01T00:00:00+00:00,2026-09-03T11:15:03.742310+00:00,15694.0,15694.0,15195.0,15195.0,15099.3974609375,3985342
2017-03-01 00:00:00+00:00,2017-03-02T00:00:00+00:00,2026-09-03T11:15:03.742310+00:00,15104.0,15535.0,15100.0,15525.0,15427.322265625,5513675
2017-03-02 00:00:00+00:00,2017-03-03T00:00:00+00:00,2026-09-03T11:15:03.742310+00:00,15600.0,15989.0,15321.0,15400.0,15303.1064453125,3503562
2017-03-03 00:00:00+00:00,2017-03-04T00:00:00+00:00,2026-09-03T11:15:03.742310+00:00,15250.0,15486.0,15150.0,15350.0,15253.4248046875,6621585
2017-03-06 00:00:00+00:00,2017-03-07T00:00:00+00:00,2026-09-03T11:15:03.742310+00:00,15412.0,15617.0,15302.0,15450.0,15352.7939453125,1359129
2017-03-07 00:00:00+00:00,2017-03-08T00:00:00+00:00,2026-09-03T11:15:03.742310+00:00,15447.0,15520.0,15120.0,15171.0,15075.546875,2531189
2017-03-08 00:00:00+00:00,2017-03-09T00:00:00+00:00,2026-09-03T11:15:03.742310+00:00,15257.0,15310.0,14861.0,15015.0,14920.5302734375,4819970
2017-03-09 00:00:00+00:00,2017-03-10T00:00:00+00:00,2026-09-03T11:15:03.742310+00:00,14950.0,15175.0,14901.0,15065.0,14970.2158203125,3428774
2017-03-10 00:00:00+00:00,2017-03-11T00:00:00+00:00,2026-09-03T11:15:03.742310+00:00,15243.0,15243.0,14906.0,15072.0,14977.169921875,2208041
2017-03-13 00:00:00+00:00,2017-03-14T00:00:00+00:00,2026-09-03T11:15:03.742310+00:00,15395.0,15395.0,15049.0,15200.0,15104.3662109375,1139850
2017-03-14 00:00:00+00:00,2017-03-15T00:00:00+00:00,2026-09-03T11:15:03.742310+00:00,15196.0,15299.0,14821.0,14827.0,14733.71484375,3746783
2017-03-15 00:00:00+00:00,2017-03-16T00:00:00+00:00,2026-09-03T11:15:03.742310+00:00,14800.0,15230.0,14800.0,15055.0,14960.279296875,3529256
2017-03-16 00:00:00+00:00,2017-03-17T00:00:00+00:00,2026-09-03T11:15:03.742310+00:00,15200.0,15718.0,15063.0,15718.0,15619.1064453125,4859249
2017-03-17 00:00:00+00:00,2017-03-18T00:00:00+00:00,2026-09-03T11:15:03.742310+00:00,15709.0,15797.0,15425.0,15621.0,15522.7177734375,4349811
2017-03-20 00:00:00+00:00,2017-03-21T00:00:00+00:00,2026-09-03T11:15:03.742310+00:00,15650.0,15715.0,15410.0,15509.0,15411.4208984375,1515906
2017-03-22 00:00:00+00:00,2017-03-23T00:00:00+00:00,2026-09-03T11:15:03.742310+00:00,15500.0,15750.0,15201.0,15750.0,15650.9052734375,3054890
2017-03-23 00:00:00+00:00,2017-03-24T00:00:00+00:00,2026-09-03T11:15:03.742310+00:00,15750.0,15800.0,15593.0,15757.0,15657.861328125,1951778
2017-03-24 00:00:00+00:00,2017-03-25T00:00:00+00:00,2026-09-03T11:15:03.742310+00:00,15757.0,15949.0,15702.0,15850.0,15750.27734375,3043169
2017-03-27 00:00:00+00:00,2017-03-28T00:00:00+00:00,2026-09-03T11:15:03.742310+00:00,15725.0,15847.0,15162.0,15344.0,15247.4599609375,3597619
2017-03-28 00:00:00+00:00,2017-03-29T00:00:00+00:00,2026-09-03T11:15:03.742310+00:00,15000.0,15450.0,14900.0,15068.0,14973.1982421875,3608161
2017-03-29 00:00:00+00:00,2017-03-30T00:00:00+00:00,2026-09-03T11:15:03.742310+00:00,15056.0,15090.0,14600.0,14935.0,14841.033203125,3185125
2017-03-30 00:00:00+00:00,2017-03-31T00:00:00+00:00,2026-09-03T11:15:03.742310+00:00,14984.0,15238.0,14857.0,15027.0,14932.455078125,2401645
2017-03-31 00:00:00+00:00,2017-04-01T00:00:00+00:00,2026-09-03T11:15:03.742310+00:00,13985.0,14496.0,13880.0,13951.0,13863.224609375,11359690
2017-04-03 00:00:00+00:00,2017-04-04T00:00:00+00:00,2026-09-03T11:15:03.742310+00:00,14085.0,14367.0,13849.0,14300.0,14210.0263671875,4956654
2017-04-04 00:00:00+00:00,2017-04-05T00:00:00+00:00,2026-09-03T11:15:03.742310+00:00,13798.0,14469.0,13520.0,14414.0,14323.3095703125,3558471
2017-04-05 00:00:00+00:00,2017-04-06T00:00:00+00:00,2026-09-03T11:15:03.742310+00:00,14039.0,14039.0,13322.0,13850.0,13768.3056640625,4733279
2017-04-06 00:00:00+00:00,2017-04-07T00:00:00+00:00,2026-09-03T11:15:03.742310+00:00,13594.0,13728.0,13406.0,13580.0,13499.8974609375,3296208
2017-04-07 00:00:00+00:00,2017-04-08T00:00:00+00:00,2026-09-03T11:15:03.742310+00:00,13586.0,13950.0,13586.0,13891.0,13809.0634765625,3540739
2017-04-10 00:00:00+00:00,2017-04-11T00:00:00+00:00,2026-09-03T11:15:03.742310+00:00,13950.0,14250.0,13796.0,14047.0,13964.14453125,2285652
2017-04-11 00:00:00+00:00,2017-04-12T00:00:00+00:00,2026-09-03T11:15:03.742310+00:00,13937.0,14374.0,13878.0,14300.0,14215.6484375,2475732
2017-04-12 00:00:00+00:00,2017-04-13T00:00:00+00:00,2026-09-03T11:15:03.742310+00:00,14375.0,14905.0,14375.0,14497.0,14411.4873046875,3404656
2017-04-13 00:00:00+00:00,2017-04-14T00:00:00+00:00,2026-09-03T11:15:03.742310+00:00,14453.0,14700.0,14340.0,14550.0,14464.1767578125,1621616
2017-04-18 00:00:00+00:00,2017-04-19T00:00:00+00:00,2026-09-03T11:15:03.742310+00:00,14699.0,14780.0,14340.0,14400.0,14315.05859375,1788607
2017-04-19 00:00:00+00:00,2017-04-20T00:00:00+00:00,2026-09-03T11:15:03.742310+00:00,14300.0,14505.0,14200.0,14350.0,14265.35546875,2771006
2017-04-20 00:00:00+00:00,2017-04-21T00:00:00+00:00,2026-09-03T11:15:03.742310+00:00,14501.0,14501.0,14191.0,14400.0,14315.05859375,1970847
2017-04-21 00:00:00+00:00,2017-04-22T00:00:00+00:00,2026-09-03T11:15:03.742310+00:00,14400.0,14600.0,14376.0,14437.0,14351.8427734375,1446580
2017-04-24 00:00:00+00:00,2017-04-25T00:00:00+00:00,2026-09-03T11:15:03.742310+00:00,14679.0,15048.0,14640.0,14854.0,14766.3828125,1688729
2017-04-25 00:00:00+00:00,2017-04-26T00:00:00+00:00,2026-09-03T11:15:03.742310+00:00,14927.0,14996.0,14540.0,14782.0,14694.8076171875,1898324
2017-04-26 00:00:00+00:00,2017-04-27T00:00:00+00:00,2026-09-03T11:15:03.742310+00:00,14740.0,14854.0,14520.0,14807.0,14719.66015625,2728816
2017-04-28 00:00:00+00:00,2017-04-29T00:00:00+00:00,2026-09-03T11:15:03.742310+00:00,14794.0,14975.0,14506.0,14700.0,14613.291015625,1256278
2017-05-01 00:00:00+00:00,2017-05-02T00:00:00+00:00,2026-09-03T11:15:03.742310+00:00,14700.0,14700.0,14700.0,14700.0,14613.291015625,0
2017-05-02 00:00:00+00:00,2017-05-03T00:00:00+00:00,2026-09-03T11:15:03.742310+00:00,14700.0,14897.0,14586.0,14799.0,14711.7080078125,1336052
2017-05-03 00:00:00+00:00,2017-05-04T00:00:00+00:00,2026-09-03T11:15:03.742310+00:00,14768.0,14868.0,14566.0,14759.0,14671.9443359375,1293910
2017-05-04 00:00:00+00:00,2017-05-05T00:00:00+00:00,2026-09-03T11:15:03.742310+00:00,14508.0,14737.0,14374.0,14500.0,14414.470703125,1317503
2017-05-05 00:00:00+00:00,2017-05-06T00:00:00+00:00,2026-09-03T11:15:03.742310+00:00,14541.0,14541.0,14333.0,14440.0,14354.8232421875,2277530
2017-05-08 00:00:00+00:00,2017-05-09T00:00:00+00:00,2026-09-03T11:15:03.742310+00:00,14475.0,14800.0,14475.0,14700.0,14613.291015625,1195593
2017-05-09 00:00:00+00:00,2017-05-10T00:00:00+00:00,2026-09-03T11:15:03.742310+00:00,14799.0,14829.0,14501.0,14791.0,14703.751953125,834472
2017-05-10 00:00:00+00:00,2017-05-11T00:00:00+00:00,2026-09-03T11:15:03.742310+00:00,14798.0,14847.0,14646.0,14718.0,14631.1845703125,1488977
2017-05-11 00:00:00+00:00,2017-05-12T00:00:00+00:00,2026-09-03T11:15:03.742310+00:00,14700.0,14850.0,14537.0,14560.0,14474.115234375,1720422
2017-05-12 00:00:00+00:00,2017-05-13T00:00:00+00:00,2026-09-03T11:15:03.742310+00:00,14667.0,14721.0,14350.0,14400.0,14315.05859375,1127279
2017-05-15 00:00:00+00:00,2017-05-16T00:00:00+00:00,2026-09-03T11:15:03.742310+00:00,14422.0,14598.0,14241.0,14394.0,14309.095703125,1013543
2017-05-16 00:00:00+00:00,2017-05-17T00:00:00+00:00,2026-09-03T11:15:03.742310+00:00,14450.0,14720.0,14281.0,14547.0,14461.1953125,1737469
2017-05-17 00:00:00+00:00,2017-05-18T00:00:00+00:00,2026-09-03T11:15:03.742310+00:00,14630.0,14850.0,14133.0,14262.0,14177.873046875,1983624
2017-05-18 00:00:00+00:00,2017-05-19T00:00:00+00:00,2026-09-03T11:15:03.742310+00:00,14260.0,14350.0,13984.0,14179.0,14095.3642578125,1315140
2017-05-19 00:00:00+00:00,2017-05-20T00:00:00+00:00,2026-09-03T11:15:03.742310+00:00,14179.0,14339.0,14070.0,14246.0,14161.96875,1111373
2017-05-22 00:00:00+00:00,2017-05-23T00:00:00+00:00,2026-09-03T11:15:03.742310+00:00,14242.0,14374.0,14132.0,14374.0,14289.2119140625,1014843
2017-05-23 00:00:00+00:00,2017-05-24T00:00:00+00:00,2026-09-03T11:15:03.742310+00:00,14497.0,14640.0,14301.0,14640.0,14553.64453125,1283641
2017-05-24 00:00:00+00:00,2017-05-25T00:00:00+00:00,2026-09-03T11:15:03.742310+00:00,14634.0,14998.0,14634.0,14998.0,14909.5322265625,2018373
2017-05-25 00:00:00+00:00,2017-05-26T00:00:00+00:00,2026-09-03T11:15:03.742310+00:00,15000.0,15190.0,14813.0,14960.0,14871.7578125,1817533
2017-05-26 00:00:00+00:00,2017-05-27T00:00:00+00:00,2026-09-03T11:15:03.742310+00:00,14900.0,14900.0,14641.0,14767.0,14679.8974609375,1610770
2017-05-29 00:00:00+00:00,2017-05-30T00:00:00+00:00,2026-09-03T11:15:03.742310+00:00,14699.0,14899.0,14487.0,14679.0,14592.4150390625,729496
2017-05-30 00:00:00+00:00,2017-05-31T00:00:00+00:00,2026-09-03T11:15:03.742310+00:00,14570.0,14765.0,14506.0,14595.0,14508.912109375,1262688
2017-05-31 00:00:00+00:00,2017-06-01T00:00:00+00:00,2026-09-03T11:15:03.742310+00:00,14558.0,14599.0,13805.0,13900.0,13818.0078125,5430887
2017-06-01 00:00:00+00:00,2017-06-02T00:00:00+00:00,2026-09-03T11:15:03.742310+00:00,13900.0,14746.0,13800.0,14356.0,14271.3193359375,240631138
2017-06-02 00:00:00+00:00,2017-06-03T00:00:00+00:00,2026-09-03T11:15:03.742310+00:00,14620.0,14972.0,14476.0,14900.0,14812.109375,20590282
2017-06-05 00:00:00+00:00,2017-06-06T00:00:00+00:00,2026-09-03T11:15:03.742310+00:00,15000.0,15290.0,15000.0,15200.0,15110.3427734375,29113235
2017-06-06 00:00:00+00:00,2017-06-07T00:00:00+00:00,2026-09-03T11:15:03.742310+00:00,15100.0,15203.0,14587.0,14660.0,14573.5263671875,7731260
2017-06-07 00:00:00+00:00,2017-06-08T00:00:00+00:00,2026-09-03T11:15:03.742310+00:00,14625.0,14801.0,14417.0,14600.0,14513.8798828125,5124442
2017-06-08 00:00:00+00:00,2017-06-09T00:00:00+00:00,2026-09-03T11:15:03.742310+00:00,14850.0,14850.0,14480.0,14500.0,14414.470703125,3280966
2017-06-09 00:00:00+00:00,2017-06-10T00:00:00+00:00,2026-09-03T11:15:03.742310+00:00,14725.0,14788.0,14350.0,14640.0,14553.64453125,4924257
2017-06-12 00:00:00+00:00,2017-06-13T00:00:00+00:00,2026-09-03T11:15:03.742310+00:00,14370.0,14955.0,14361.0,14890.0,14802.169921875,4107237
2017-06-13 00:00:00+00:00,2017-06-14T00:00:00+00:00,2026-09-03T11:15:03.742310+00:00,14719.0,15071.0,14671.0,14767.0,14679.8974609375,4019508
2017-06-14 00:00:00+00:00,2017-06-15T00:00:00+00:00,2026-09-03T11:15:03.742310+00:00,14900.0,15014.0,14676.0,14865.0,14777.3193359375,3553157
2017-06-15 00:00:00+00:00,2017-06-16T00:00:00+00:00,2026-09-03T11:15:03.742310+00:00,14801.0,14947.0,14565.0,14650.0,14563.5849609375,19550267
2017-06-16 00:00:00+00:00,2017-06-17T00:00:00+00:00,2026-09-03T11:15:03.742310+00:00,14650.0,14650.0,14650.0,14650.0,14563.5849609375,0
2017-06-19 00:00:00+00:00,2017-06-20T00:00:00+00:00,2026-09-03T11:15:03.742310+00:00,14770.0,14843.0,14232.0,14486.0,14400.5546875,6760102
2017-06-20 00:00:00+00:00,2017-06-21T00:00:00+00:00,2026-09-03T11:15:03.742310+00:00,14446.0,14493.0,14328.0,14393.0,14308.103515625,4770321
2017-06-21 00:00:00+00:00,2017-06-22T00:00:00+00:00,2026-09-03T11:15:03.742310+00:00,14446.0,14447.0,14181.0,14210.0,14126.181640625,4396274
2017-06-22 00:00:00+00:00,2017-06-23T00:00:00+00:00,2026-09-03T11:15:03.742310+00:00,14165.0,14270.0,14036.0,14177.0,14093.3759765625,4520029
2017-06-23 00:00:00+00:00,2017-06-24T00:00:00+00:00,2026-09-03T11:15:03.742310+00:00,14060.0,14550.0,14060.0,14425.0,14339.9140625,3816999
2017-06-26 00:00:00+00:00,2017-06-27T00:00:00+00:00,2026-09-03T11:15:03.742310+00:00,14299.0,14700.0,14298.0,14612.0,14525.8095703125,3006972
2017-06-27 00:00:00+00:00,2017-06-28T00:00:00+00:00,2026-09-03T11:15:03.742310+00:00,14589.0,14820.0,14402.0,14608.0,14521.83203125,5038232
2017-06-28 00:00:00+00:00,2017-06-29T00:00:00+00:00,2026-09-03T11:15:03.742310+00:00,14600.0,14644.0,14376.0,14559.0,14473.123046875,2731335
2017-06-29 00:00:00+00:00,2017-06-30T00:00:00+00:00,2026-09-03T11:15:03.742310+00:00,14750.0,14750.0,14269.0,14350.0,14265.35546875,3303938
2017-06-30 00:00:00+00:00,2017-07-01T00:00:00+00:00,2026-09-03T11:15:03.742310+00:00,14445.0,14445.0,14149.0,14375.0,14290.208984375,4787931
2017-07-03 00:00:00+00:00,2017-07-04T00:00:00+00:00,2026-09-03T11:15:03.742310+00:00,14400.0,14489.0,14149.0,14350.0,14265.35546875,2368117
2017-07-04 00:00:00+00:00,2017-07-05T00:00:00+00:00,2026-09-03T11:15:03.742310+00:00,14188.0,14581.0,14188.0,14442.0,14356.8125,2508347
2017-07-05 00:00:00+00:00,2017-07-06T00:00:00+00:00,2026-09-03T11:15:03.742310+00:00,14344.0,14500.0,14134.0,14378.0,14293.1923828125,3036051
2017-07-06 00:00:00+00:00,2017-07-07T00:00:00+00:00,2026-09-03T11:15:03.742310+00:00,14426.0,14494.0,14157.0,14238.0,14154.017578125,2540853
2017-07-07 00:00:00+00:00,2017-07-08T00:00:00+00:00,2026-09-03T11:15:03.742310+00:00,14115.0,14206.0,13867.0,13929.0,13846.837890625,4214308
2017-07-10 00:00:00+00:00,2017-07-11T00:00:00+00:00,2026-09-03T11:15:03.742310+00:00,14054.0,14177.0,13923.0,14177.0,14093.3759765625,3224854
2017-07-11 00:00:00+00:00,2017-07-12T00:00:00+00:00,2026-09-03T11:15:03.742310+00:00,13902.0,14177.0,13902.0,13990.0,13907.4794921875,2210181
2017-07-12 00:00:00+00:00,2017-07-13T00:00:00+00:00,2026-09-03T11:15:03.742310+00:00,13869.0,14405.0,13869.0,14405.0,14320.0302734375,2478656
2017-07-13 00:00:00+00:00,2017-07-14T00:00:00+00:00,2026-09-03T11:15:03.742310+00:00,14450.0,14595.0,14288.0,14480.0,14394.5908203125,2534708
2017-07-14 00:00:00+00:00,2017-07-15T00:00:00+00:00,2026-09-03T11:15:03.742310+00:00,14460.0,14577.0,14314.0,14536.0,14450.259765625,2848303
2017-07-17 00:00:00+00:00,2017-07-18T00:00:00+00:00,2026-09-03T11:15:03.742310+00:00,14544.0,14657.0,14444.0,14657.0,14570.5439453125,2539628
2017-07-18 00:00:00+00:00,2017-07-19T00:00:00+00:00,2026-09-03T11:15:03.742310+00:00,14520.0,14743.0,14319.0,14388.0,14303.1318359375,1673126
2017-07-19 00:00:00+00:00,2017-07-20T00:00:00+00:00,2026-09-03T11:15:03.742310+00:00,14500.0,14750.0,14446.0,14750.0,14662.9951171875,3637713
2017-07-20 00:00:00+00:00,2017-07-21T00:00:00+00:00,2026-09-03T11:15:03.742310+00:00,14667.0,14961.0,14667.0,14860.0,14772.34765625,3222385
2017-07-21 00:00:00+00:00,2017-07-22T00:00:00+00:00,2026-09-03T11:15:03.742310+00:00,14680.0,14950.0,14639.0,14670.0,14583.4677734375,1020329
2017-07-24 00:00:00+00:00,2017-07-25T00:00:00+00:00,2026-09-03T11:15:03.742310+00:00,14799.0,14845.0,14639.0,14741.0,14654.046875,1686783
2017-07-25 00:00:00+00:00,2017-07-26T00:00:00+00:00,2026-09-03T11:15:03.742310+00:00,14628.0,14877.0,14464.0,14700.0,14613.291015625,2442120
2017-07-26 00:00:00+00:00,2017-07-27T00:00:00+00:00,2026-09-03T11:15:03.742310+00:00,14750.0,14795.0,14600.0,14684.0,14597.384765625,2339397
2017-07-27 00:00:00+00:00,2017-07-28T00:00:00+00:00,2026-09-03T11:15:03.742310+00:00,14864.0,14942.0,14643.0,14711.0,14624.2255859375,2431149
2017-07-28 00:00:00+00:00,2017-07-29T00:00:00+00:00,2026-09-03T11:15:03.742310+00:00,14503.0,14619.0,14354.0,14393.0,14308.103515625,3521663
2017-07-31 00:00:00+00:00,2017-08-01T00:00:00+00:00,2026-09-03T11:15:03.742310+00:00,14540.0,14622.0,14330.0,14460.0,14374.7060546875,3247708
2017-08-01 00:00:00+00:00,2017-08-02T00:00:00+00:00,2026-09-03T11:15:03.742310+00:00,14415.0,14449.0,14185.0,14300.0,14215.6484375,3783029
2017-08-02 00:00:00+00:00,2017-08-03T00:00:00+00:00,2026-09-03T11:15:03.742310+00:00,14399.0,14399.0,14103.0,14250.0,14165.9462890625,2599082
2017-08-03 00:00:00+00:00,2017-08-04T00:00:00+00:00,2026-09-03T11:15:03.742310+00:00,14300.0,14600.0,14300.0,14465.0,14379.6787109375,3074359
2017-08-04 00:00:00+00:00,2017-08-05T00:00:00+00:00,2026-09-03T11:15:03.742310+00:00,14549.0,14815.0,14467.0,14651.0,14564.58203125,3338548
2017-08-07 00:00:00+00:00,2017-08-08T00:00:00+00:00,2026-09-03T11:15:03.742310+00:00,14650.0,15081.0,14634.0,14917.0,14829.0126953125,2532582
2017-08-08 00:00:00+00:00,2017-08-09T00:00:00+00:00,2026-09-03T11:15:03.742310+00:00,15010.0,15174.0,14831.0,15108.0,15018.8857421875,3408857
2017-08-09 00:00:00+00:00,2017-08-10T00:00:00+00:00,2026-09-03T11:15:03.742310+00:00,15108.0,15108.0,15108.0,15108.0,15018.8857421875,0
2017-08-10 00:00:00+00:00,2017-08-11T00:00:00+00:00,2026-09-03T11:15:03.742310+00:00,15048.0,15100.0,14674.0,14805.0,14717.6708984375,3896369
2017-08-11 00:00:00+00:00,2017-08-12T00:00:00+00:00,2026-09-03T11:15:03.742310+00:00,14791.0,14877.0,14675.0,14841.0,14753.4599609375,1735058
2017-08-14 00:00:00+00:00,2017-08-15T00:00:00+00:00,2026-09-03T11:15:03.742310+00:00,14938.0,14998.0,14807.0,14897.0,14809.1279296875,1432072
2017-08-15 00:00:00+00:00,2017-08-16T00:00:00+00:00,2026-09-03T11:15:03.742310+00:00,14985.0,14997.0,14811.0,14890.0,14802.169921875,1004688
2017-08-16 00:00:00+00:00,2017-08-17T00:00:00+00:00,2026-09-03T11:15:03.742310+00:00,14894.0,15155.0,14894.0,14968.0,14879.708984375,2004161
2017-08-17 00:00:00+00:00,2017-08-18T00:00:00+00:00,2026-09-03T11:15:03.742310+00:00,14970.0,15176.0,14616.0,14789.0,14701.7646484375,3363577
2017-08-18 00:00:00+00:00,2017-08-19T00:00:00+00:00,2026-09-03T11:15:03.742310+00:00,14631.0,14899.0,14602.0,14862.0,14774.333984375,1547070
2017-08-21 00:00:00+00:00,2017-08-22T00:00:00+00:00,2026-09-03T11:15:03.742310+00:00,14904.0,15113.0,14870.0,14969.0,14880.7060546875,1868296
2017-08-22 00:00:00+00:00,2017-08-23T00:00:00+00:00,2026-09-03T11:15:03.742310+00:00,15056.0,15106.0,14970.0,15030.0,14941.345703125,2246275
2017-08-23 00:00:00+00:00,2017-08-24T00:00:00+00:00,2026-09-03T11:15:03.742310+00:00,14954.0,15137.0,14954.0,15095.0,15005.9599609375,2959562
2017-08-24 00:00:00+00:00,2017-08-25T00:00:00+00:00,2026-09-03T11:15:03.742310+00:00,15083.0,15393.0,15083.0,15250.0,15160.046875,2705965
2017-08-25 00:00:00+00:00,2017-08-26T00:00:00+00:00,2026-09-03T11:15:03.742310+00:00,15294.0,15490.0,15229.0,15300.0,15209.751953125,2607633
2017-08-28 00:00:00+00:00,2017-08-29T00:00:00+00:00,2026-09-03T11:15:03.742310+00:00,15358.0,15449.0,15210.0,15299.0,15208.7568359375,1388083
2017-08-29 00:00:00+00:00,2017-08-30T00:00:00+00:00,2026-09-03T11:15:03.742310+00:00,15172.0,15231.0,15050.0,15128.0,15038.7666015625,2800729
2017-08-30 00:00:00+00:00,2017-08-31T00:00:00+00:00,2026-09-03T11:15:03.742310+00:00,15100.0,15500.0,14884.0,14884.0,14796.205078125,2301319
2017-08-31 00:00:00+00:00,2017-09-01T00:00:00+00:00,2026-09-03T11:15:03.742310+00:00,14884.0,15095.0,14661.0,14838.0,14750.4765625,2943705
2017-09-01 00:00:00+00:00,2017-09-02T00:00:00+00:00,2026-09-03T11:15:03.742310+00:00,14836.0,14944.0,14671.0,14824.0,14736.560546875,2365329
2017-09-04 00:00:00+00:00,2017-09-05T00:00:00+00:00,2026-09-03T11:15:03.742310+00:00,14784.0,14910.0,14725.0,14816.0,14728.607421875,2622208
2017-09-05 00:00:00+00:00,2017-09-06T00:00:00+00:00,2026-09-03T11:15:03.742310+00:00,15049.0,15155.0,14820.0,15000.0,14911.5234375,5576129
2017-09-06 00:00:00+00:00,2017-09-07T00:00:00+00:00,2026-09-03T11:15:03.742310+00:00,14600.0,14602.0,13974.0,14037.0,13958.623046875,4862029
2017-09-07 00:00:00+00:00,2017-09-08T00:00:00+00:00,2026-09-03T11:15:03.742310+00:00,14195.0,14324.0,13980.0,14215.0,14135.6298828125,3108898
2017-09-08 00:00:00+00:00,2017-09-09T00:00:00+00:00,2026-09-03T11:15:03.742310+00:00,14154.0,14339.0,14154.0,14200.0,14120.7119140625,2036151
2017-09-11 00:00:00+00:00,2017-09-12T00:00:00+00:00,2026-09-03T11:15:03.742310+00:00,14200.0,14347.0,14050.0,14050.0,13971.5517578125,1679556
2017-09-12 00:00:00+00:00,2017-09-13T00:00:00+00:00,2026-09-03T11:15:03.742310+00:00,14086.0,14201.0,14000.0,14000.0,13921.8271484375,2558036
2017-09-13 00:00:00+00:00,2017-09-14T00:00:00+00:00,2026-09-03T11:15:03.742310+00:00,14033.0,14108.0,13822.0,13900.0,13822.38671875,4747356
2017-09-14 00:00:00+00:00,2017-09-15T00:00:00+00:00,2026-09-03T11:15:03.742310+00:00,13917.0,13930.0,13775.0,13793.0,13715.9833984375,3144852
2017-09-15 00:00:00+00:00,2017-09-16T00:00:00+00:00,2026-09-03T11:15:03.742310+00:00,13772.0,13959.0,13568.0,13568.0,13492.2412109375,4756382
2017-09-18 00:00:00+00:00,2017-09-19T00:00:00+00:00,2026-09-03T11:15:03.742310+00:00,13754.0,13975.0,13725.0,13871.0,13793.5498046875,2623099
2017-09-19 00:00:00+00:00,2017-09-20T00:00:00+00:00,2026-09-03T11:15:03.742310+00:00,13937.0,13947.0,13673.0,13785.0,13708.0283203125,1883109
2017-09-20 00:00:00+00:00,2017-09-21T00:00:00+00:00,2026-09-03T11:15:03.742310+00:00,13800.0,14134.0,13740.0,14134.0,14055.080078125,3368572
2017-09-21 00:00:00+00:00,2017-09-22T00:00:00+00:00,2026-09-03T11:15:03.742310+00:00,14069.0,14075.0,13816.0,13849.0,13771.671875,8566637
2017-09-22 00:00:00+00:00,2017-09-23T00:00:00+00:00,2026-09-03T11:15:03.742310+00:00,13946.0,14076.0,13742.0,13959.0,13881.056640625,2293722
2017-09-25 00:00:00+00:00,2017-09-26T00:00:00+00:00,2026-09-03T11:15:03.742310+00:00,13959.0,13959.0,13959.0,13959.0,13881.056640625,0
2017-09-26 00:00:00+00:00,2017-09-27T00:00:00+00:00,2026-09-03T11:15:03.742310+00:00,14094.0,14094.0,13568.0,13687.0,13610.5771484375,2161381
2017-09-27 00:00:00+00:00,2017-09-28T00:00:00+00:00,2026-09-03T11:15:03.742310+00:00,13729.0,13765.0,13493.0,13600.0,13524.0615234375,2611202
2017-09-28 00:00:00+00:00,2017-09-29T00:00:00+00:00,2026-09-03T11:15:03.742310+00:00,13643.0,13763.0,13552.0,13720.0,13643.392578125,3258521
2017-09-29 00:00:00+00:00,2017-09-30T00:00:00+00:00,2026-09-03T11:15:03.742310+00:00,13853.0,13900.0,13659.0,13900.0,13822.38671875,3092190
2017-10-02 00:00:00+00:00,2017-10-03T00:00:00+00:00,2026-09-03T11:15:03.742310+00:00,13920.0,13988.0,13728.0,13820.0,13742.8349609375,2114382
2017-10-03 00:00:00+00:00,2017-10-04T00:00:00+00:00,2026-09-03T11:15:03.742310+00:00,13889.0,13952.0,13674.0,13708.0,13631.458984375,2752018
2017-10-04 00:00:00+00:00,2017-10-05T00:00:00+00:00,2026-09-03T11:15:03.742310+00:00,13790.0,13962.0,13717.0,13962.0,13884.041015625,1691860
2017-10-05 00:00:00+00:00,2017-10-06T00:00:00+00:00,2026-09-03T11:15:03.742310+00:00,13715.0,14258.0,13700.0,14205.0,14125.6845703125,3295465
2017-10-06 00:00:00+00:00,2017-10-07T00:00:00+00:00,2026-09-03T11:15:03.742310+00:00,14100.0,14298.0,14040.0,14298.0,14218.166015625,1857062
2017-10-09 00:00:00+00:00,2017-10-10T00:00:00+00:00,2026-09-03T11:15:03.742310+00:00,14200.0,14389.0,14168.0,14300.0,14220.15234375,1655726
2017-10-10 00:00:00+00:00,2017-10-11T00:00:00+00:00,2026-09-03T11:15:03.742310+00:00,14186.0,14393.0,14138.0,14350.0,14269.8740234375,2670695
2017-10-11 00:00:00+00:00,2017-10-12T00:00:00+00:00,2026-09-03T11:15:03.742310+00:00,14398.0,14657.0,14397.0,14602.0,14520.4677734375,2891259
2017-10-12 00:00:00+00:00,2017-10-13T00:00:00+00:00,2026-09-03T11:15:03.742310+00:00,14667.0,14735.0,14563.0,14655.0,14573.169921875,2911843
2017-10-13 00:00:00+00:00,2017-10-14T00:00:00+00:00,2026-09-03T11:15:03.742310+00:00,14600.0,14784.0,14600.0,14750.0,14667.642578125,5164552
2017-10-16 00:00:00+00:00,2017-10-17T00:00:00+00:00,2026-09-03T11:15:03.742310+00:00,14750.0,14940.0,14729.0,14835.0,14752.16796875,2660771
2017-10-17 00:00:00+00:00,2017-10-18T00:00:00+00:00,2026-09-03T11:15:03.742310+00:00,14817.0,14882.0,14546.0,14552.0,14470.74609375,6270259
2017-10-18 00:00:00+00:00,2017-10-19T00:00:00+00:00,2026-09-03T11:15:03.742310+00:00,14527.0,14786.0,14460.0,14700.0,14617.919921875,3040324
2017-10-19 00:00:00+00:00,2017-10-20T00:00:00+00:00,2026-09-03T11:15:03.742310+00:00,14560.0,14822.0,14560.0,14700.0,14617.919921875,1904251
2017-10-20 00:00:00+00:00,2017-10-21T00:00:00+00:00,2026-09-03T11:15:03.742310+00:00,14600.0,14750.0,14093.0,14093.0,14014.310546875,2442986
2017-10-23 00:00:00+00:00,2017-10-24T00:00:00+00:00,2026-09-03T11:15:03.742310+00:00,14095.0,14458.0,14052.0,14230.0,14150.5458984375,1665254
2017-10-24 00:00:00+00:00,2017-10-25T00:00:00+00:00,2026-09-03T11:15:03.742310+00:00,14117.0,14385.0,14065.0,14295.0,14215.1806640625,1232076
2017-10-25 00:00:00+00:00,2017-10-26T00:00:00+00:00,2026-09-03T11:15:03.742310+00:00,14349.0,14415.0,14001.0,14030.0,13951.662109375,2853812
2017-10-26 00:00:00+00:00,2017-10-27T00:00:00+00:00,2026-09-03T11:15:03.742310+00:00,13952.0,14022.0,13571.0,13630.0,13553.89453125,5120002
2017-10-27 00:00:00+00:00,2017-10-28T00:00:00+00:00,2026-09-03T11:15:03.742310+00:00,13733.0,13898.0,13600.0,13897.0,13819.404296875,2439666
2017-10-30 00:00:00+00:00,2017-10-31T00:00:00+00:00,2026-09-03T11:15:03.742310+00:00,13893.0,14030.0,13750.0,13958.0,13880.0615234375,1760296
2017-10-31 00:00:00+00:00,2017-11-01T00:00:00+00:00,2026-09-03T11:15:03.742310+00:00,13850.0,14055.0,13850.0,14014.0,13935.7509765625,1939383
2017-11-01 00:00:00+00:00,2017-11-02T00:00:00+00:00,2026-09-03T11:15:03.742310+00:00,13958.0,14148.0,13884.0,14109.0,14030.220703125,2457124
2017-11-02 00:00:00+00:00,2017-11-03T00:00:00+00:00,2026-09-03T11:15:03.742310+00:00,14103.0,14200.0,14045.0,14170.0,14090.8818359375,1260449
2017-11-03 00:00:00+00:00,2017-11-04T00:00:00+00:00,2026-09-03T11:15:03.742310+00:00,14199.0,14287.0,14109.0,14160.0,14080.9326171875,2410437
2017-11-06 00:00:00+00:00,2017-11-07T00:00:00+00:00,2026-09-03T11:15:03.742310+00:00,14089.0,14301.0,14037.0,14216.0,14136.623046875,1293078
2017-11-07 00:00:00+00:00,2017-11-08T00:00:00+00:00,2026-09-03T11:15:03.742310+00:00,14075.0,14474.0,14075.0,14400.0,14319.5947265625,2357079
2017-11-08 00:00:00+00:00,2017-11-09T00:00:00+00:00,2026-09-03T11:15:03.742310+00:00,14180.0,14468.0,14150.0,14369.0,14288.7705078125,3454365
2017-11-09 00:00:00+00:00,2017-11-10T00:00:00+00:00,2026-09-03T11:15:03.742310+00:00,14345.0,14440.0,14200.0,14227.0,14147.5615234375,1538991
2017-11-10 00:00:00+00:00,2017-11-11T00:00:00+00:00,2026-09-03T11:15:03.742310+00:00,14228.0,14379.0,14103.0,14236.0,14156.5107421875,1314573
2017-11-13 00:00:00+00:00,2017-11-14T00:00:00+00:00,2026-09-03T11:15:03.742310+00:00,14245.0,14469.0,14188.0,14188.0,14108.77734375,1487887
2017-11-14 00:00:00+00:00,2017-11-15T00:00:00+00:00,2026-09-03T11:15:03.742310+00:00,14181.0,14485.0,14170.0,14370.0,14289.763671875,1886365
2017-11-15 00:00:00+00:00,2017-11-16T00:00:00+00:00,2026-09-03T11:15:03.742310+00:00,14300.0,14375.0,14164.0,14300.0,14220.15234375,2336684
2017-11-16 00:00:00+00:00,2017-11-17T00:00:00+00:00,2026-09-03T11:15:03.742310+00:00,14311.0,14393.0,14165.0,14300.0,14220.15234375,4225813
2017-11-17 00:00:00+00:00,2017-11-18T00:00:00+00:00,2026-09-03T11:15:03.742310+00:00,14340.0,14776.0,14200.0,14776.0,14693.494140625,3775728
2017-11-20 00:00:00+00:00,2017-11-21T00:00:00+00:00,2026-09-03T11:15:03.742310+00:00,14700.0,14848.0,14501.0,14800.0,14717.3623046875,2491237
2017-11-21 00:00:00+00:00,2017-11-22T00:00:00+00:00,2026-09-03T11:15:03.742310+00:00,14475.0,15000.0,14475.0,15000.0,14916.2470703125,3006938
2017-11-22 00:00:00+00:00,2017-11-23T00:00:00+00:00,2026-09-03T11:15:03.742310+00:00,14994.0,15375.0,14896.0,15231.0,15145.9560546875,1814779
2017-11-23 00:00:00+00:00,2017-11-24T00:00:00+00:00,2026-09-03T11:15:03.742310+00:00,15230.0,15474.0,15039.0,15330.0,15244.40234375,2914907
2017-11-24 00:00:00+00:00,2017-11-25T00:00:00+00:00,2026-09-03T11:15:03.742310+00:00,14891.0,15396.0,14891.0,15130.0,15045.5185546875,3303447
2017-11-27 00:00:00+00:00,2017-11-28T00:00:00+00:00,2026-09-03T11:15:03.742310+00:00,14611.0,15506.0,14400.0,15461.0,15374.6708984375,3727773
2017-11-28 00:00:00+00:00,2017-11-29T00:00:00+00:00,2026-09-03T11:15:03.742310+00:00,15458.0,15946.0,15370.0,15889.0,15800.283203125,3692840
2017-11-29 00:00:00+00:00,2017-11-30T00:00:00+00:00,2026-09-03T11:15:03.742310+00:00,15861.0,16050.0,15688.0,15850.0,15761.5,4009248
2017-11-30 00:00:00+00:00,2017-12-01T00:00:00+00:00,2026-09-03T11:15:03.742310+00:00,15611.0,16079.0,15611.0,15778.0,15689.9013671875,64006788
2017-12-01 00:00:00+00:00,2017-12-02T00:00:00+00:00,2026-09-03T11:15:03.742310+00:00,15779.0,16324.0,15628.0,16000.0,15910.66015625,37057572
2017-12-04 00:00:00+00:00,2017-12-05T00:00:00+00:00,2026-09-03T11:15:03.742310+00:00,16000.0,16050.0,15738.0,16000.0,15910.66015625,3257478
2017-12-05 00:00:00+00:00,2017-12-06T00:00:00+00:00,2026-09-03T11:15:03.742310+00:00,15995.0,16307.0,15756.0,16150.0,16059.8232421875,4879923
2017-12-06 00:00:00+00:00,2017-12-07T00:00:00+00:00,2026-09-03T11:15:03.742310+00:00,16150.0,16319.0,15800.0,16058.0,15968.3388671875,4054727
2017-12-07 00:00:00+00:00,2017-12-08T00:00:00+00:00,2026-09-03T11:15:03.742310+00:00,15985.0,16088.0,15800.0,15950.0,15860.939453125,2222829
2017-12-08 00:00:00+00:00,2017-12-09T00:00:00+00:00,2026-09-03T11:15:03.742310+00:00,16100.0,16100.0,15625.0,15699.0,15611.3427734375,3256130
2017-12-11 00:00:00+00:00,2017-12-12T00:00:00+00:00,2026-09-03T11:15:03.742310+00:00,15643.0,15687.0,14974.0,15050.0,14965.9658203125,4316963
2017-12-12 00:00:00+00:00,2017-12-13T00:00:00+00:00,2026-09-03T11:15:03.742310+00:00,14870.0,15270.0,14824.0,15095.0,15010.71484375,4292909
2017-12-13 00:00:00+00:00,2017-12-14T00:00:00+00:00,2026-09-03T11:15:03.742310+00:00,14920.0,15217.0,14920.0,15170.0,15085.2958984375,2486867
2017-12-14 00:00:00+00:00,2017-12-15T00:00:00+00:00,2026-09-03T11:15:03.742310+00:00,15034.0,16079.0,15031.0,16005.0,15915.634765625,4985418
2017-12-15 00:00:00+00:00,2017-12-16T00:00:00+00:00,2026-09-03T11:15:03.742310+00:00,16005.0,16184.0,15500.0,16184.0,16093.634765625,4547242
2017-12-18 00:00:00+00:00,2017-12-19T00:00:00+00:00,2026-09-03T11:15:03.742310+00:00,16250.0,17269.0,16250.0,17150.0,17054.2421875,6381693
2017-12-19 00:00:00+00:00,2017-12-20T00:00:00+00:00,2026-09-03T11:15:03.742310+00:00,17450.0,19257.0,17110.0,19126.0,19019.20703125,16789070
2017-12-20 00:00:00+00:00,2017-12-21T00:00:00+00:00,2026-09-03T11:15:03.742310+00:00,18900.0,19830.0,18071.0,18110.0,18008.87890625,11945400
2017-12-21 00:00:00+00:00,2017-12-22T00:00:00+00:00,2026-09-03T11:15:03.742310+00:00,18050.0,18361.0,17257.0,17395.0,17297.8671875,10061316
2017-12-22 00:00:00+00:00,2017-12-23T00:00:00+00:00,2026-09-03T11:15:03.742310+00:00,17488.0,17588.0,17200.0,17200.0,17103.962890625,1902032
2017-12-25 00:00:00+00:00,2017-12-26T00:00:00+00:00,2026-09-03T11:15:03.742310+00:00,17200.0,17200.0,17200.0,17200.0,17103.962890625,0
2017-12-26 00:00:00+00:00,2017-12-27T00:00:00+00:00,2026-09-03T11:15:03.742310+00:00,17200.0,17200.0,17200.0,17200.0,17103.962890625,0
2017-12-27 00:00:00+00:00,2017-12-28T00:00:00+00:00,2026-09-03T11:15:03.742310+00:00,17372.0,17807.0,17372.0,17685.0,17586.25,2318639
2017-12-28 00:00:00+00:00,2017-12-29T00:00:00+00:00,2026-09-03T11:15:03.742310+00:00,17697.0,17800.0,17411.0,17800.0,17700.61328125,802198
2017-12-29 00:00:00+00:00,2017-12-30T00:00:00+00:00,2026-09-03T11:15:03.742310+00:00,17976.0,18199.0,17680.0,18106.0,18004.908203125,2061662
2018-01-02 00:00:00+00:00,2018-01-03T00:00:00+00:00,2026-09-03T11:15:03.742310+00:00,17914.0,18090.0,17694.0,17736.0,17636.966796875,2534849
2018-01-03 00:00:00+00:00,2018-01-04T00:00:00+00:00,2026-09-03T11:15:03.742310+00:00,17720.0,17720.0,16480.0,16962.0,16867.291015625,2455681
2018-01-04 00:00:00+00:00,2018-01-05T00:00:00+00:00,2026-09-03T11:15:03.742310+00:00,17262.0,17262.0,16829.0,16960.0,16865.30078125,3387109
2018-01-05 00:00:00+00:00,2018-01-06T00:00:00+00:00,2026-09-03T11:15:03.742310+00:00,17000.0,17192.0,16915.0,17000.0,16905.078125,4377802
2018-01-08 00:00:00+00:00,2018-01-09T00:00:00+00:00,2026-09-03T11:15:03.742310+00:00,17001.0,17200.0,16860.0,17096.0,17000.54296875,3919356
2018-01-09 00:00:00+00:00,2018-01-10T00:00:00+00:00,2026-09-03T11:15:03.742310+00:00,17260.0,17620.0,17160.0,17620.0,17521.615234375,5815382
2018-01-10 00:00:00+00:00,2018-01-11T00:00:00+00:00,2026-09-03T11:15:03.742310+00:00,17496.0,17939.0,17164.0,17446.0,17348.587890625,3934939
2018-01-11 00:00:00+00:00,2018-01-12T00:00:00+00:00,2026-09-03T11:15:03.742310+00:00,17290.0,17431.0,17049.0,17200.0,17103.962890625,3414984
2018-01-12 00:00:00+00:00,2018-01-13T00:00:00+00:00,2026-09-03T11:15:03.742310+00:00,17506.0,17525.0,17000.0,17250.0,17153.6875,2633415
2018-01-15 00:00:00+00:00,2018-01-16T00:00:00+00:00,2026-09-03T11:15:03.742310+00:00,17495.0,17495.0,17129.0,17200.0,17103.962890625,936044
2018-01-16 00:00:00+00:00,2018-01-17T00:00:00+00:00,2026-09-03T11:15:03.742310+00:00,17330.0,17976.0,17146.0,17800.0,17700.61328125,3277337
2018-01-17 00:00:00+00:00,2018-01-18T00:00:00+00:00,2026-09-03T11:15:03.742310+00:00,18030.0,18030.0,17470.0,17844.0,17744.36328125,5896797
2018-01-18 00:00:00+00:00,2018-01-19T00:00:00+00:00,2026-09-03T11:15:03.742310+00:00,17845.0,18334.0,17724.0,18300.0,18197.8203125,6235434
2018-01-19 00:00:00+00:00,2018-01-20T00:00:00+00:00,2026-09-03T11:15:03.742310+00:00,18398.0,18398.0,17712.0,17900.0,17800.0546875,4976163
2018-01-22 00:00:00+00:00,2018-01-23T00:00:00+00:00,2026-09-03T11:15:03.742310+00:00,18100.0,18380.0,17965.0,18300.0,18197.8203125,6214361
2018-01-23 00:00:00+00:00,2018-01-24T00:00:00+00:00,2026-09-03T11:15:03.742310+00:00,18473.0,19200.0,18150.0,18919.0,18813.36328125,5053503
2018-01-24 00:00:00+00:00,2018-01-25T00:00:00+00:00,2026-09-03T11:15:03.742310+00:00,19100.0,19232.0,18541.0,18549.0,18445.427734375,4490672
2018-01-25 00:00:00+00:00,2018-01-26T00:00:00+00:00,2026-09-03T11:15:03.742310+00:00,18570.0,18821.0,18395.0,18541.0,18437.4765625,4348758
2018-01-26 00:00:00+00:00,2018-01-27T00:00:00+00:00,2026-09-03T11:15:03.742310+00:00,18469.0,18686.0,18355.0,18347.0,18244.55859375,3881339
2018-01-29 00:00:00+00:00,2018-01-30T00:00:00+00:00,2026-09-03T11:15:03.742310+00:00,18692.0,18692.0,17531.0,17650.0,17551.453125,4168499
2018-01-30 00:00:00+00:00,2018-01-31T00:00:00+00:00,2026-09-03T11:15:03.742310+00:00,17300.0,17595.0,16767.0,17180.0,17084.078125,4017689
2018-01-31 00:00:00+00:00,2018-02-01T00:00:00+00:00,2026-09-03T11:15:03.742310+00:00,17200.0,18061.0,17200.0,18010.0,17909.439453125,5888888
2018-02-01 00:00:00+00:00,2018-02-02T00:00:00+00:00,2026-09-03T11:15:03.742310+00:00,17940.0,18350.0,17721.0,18350.0,18247.541015625,6080548
2018-02-02 00:00:00+00:00,2018-02-03T00:00:00+00:00,2026-09-03T11:15:03.742310+00:00,18107.0,18287.0,17800.0,18199.0,18097.380859375,4312952
2018-02-05 00:00:00+00:00,2018-02-06T00:00:00+00:00,2026-09-03T11:15:03.742310+00:00,17663.0,18100.0,17420.0,18007.0,17906.45703125,3580240
2018-02-06 00:00:00+00:00,2018-02-07T00:00:00+00:00,2026-09-03T11:15:03.742310+00:00,17201.0,18005.0,17067.0,17600.0,17501.7265625,4450283
2018-02-07 00:00:00+00:00,2018-02-08T00:00:00+00:00,2026-09-03T11:15:03.742310+00:00,17800.0,18370.0,17464.0,18370.0,18267.4296875,8474222
2018-02-08 00:00:00+00:00,2018-02-09T00:00:00+00:00,2026-09-03T11:15:03.742310+00:00,18220.0,18554.0,18001.0,18350.0,18247.541015625,5020346
2018-02-09 00:00:00+00:00,2018-02-10T00:00:00+00:00,2026-09-03T11:15:03.742310+00:00,17800.0,18500.0,17800.0,18300.0,18197.8203125,3386525
2018-02-12 00:00:00+00:00,2018-02-13T00:00:00+00:00,2026-09-03T11:15:03.742310+00:00,18450.0,18771.0,18238.0,18745.0,18640.33203125,3687074
2018-02-13 00:00:00+00:00,2018-02-14T00:00:00+00:00,2026-09-03T11:15:03.742310+00:00,19000.0,19294.0,18767.0,19026.0,18919.767578125,4486384
2018-02-14 00:00:00+00:00,2018-02-15T00:00:00+00:00,2026-09-03T11:15:03.742310+00:00,19194.0,19298.0,18751.0,19090.0,18983.41015625,3790298
2018-02-15 00:00:00+00:00,2018-02-16T00:00:00+00:00,2026-09-03T11:15:03.742310+00:00,19377.0,20895.0,19377.0,20575.0,20460.12109375,7331507
2018-02-16 00:00:00+00:00,2018-02-17T00:00:00+00:00,2026-09-03T11:15:03.742310+00:00,20650.0,20953.0,20246.0,20478.0,20363.658203125,5108937
2018-02-19 00:00:00+00:00,2018-02-20T00:00:00+00:00,2026-09-03T11:15:03.742310+00:00,20500.0,20607.0,20150.0,20260.0,20146.876953125,1374953
2018-02-20 00:00:00+00:00,2018-02-21T00:00:00+00:00,2026-09-03T11:15:03.742310+00:00,20250.0,20365.0,19694.0,19800.0,19689.443359375,1935079
2018-02-21 00:00:00+00:00,2018-02-22T00:00:00+00:00,2026-09-03T11:15:03.742310+00:00,19660.0,20096.0,19362.0,19916.0,19804.794921875,6218987
2018-02-22 00:00:00+00:00,2018-02-23T00:00:00+00:00,2026-09-03T11:15:03.742310+00:00,19800.0,20053.0,19560.0,19755.0,19644.697265625,2065256
2018-02-23 00:00:00+00:00,2018-02-24T00:00:00+00:00,2026-09-03T11:15:03.742310+00:00,19760.0,20556.0,19660.0,20388.0,20274.158203125,2824188
2018-02-26 00:00:00+00:00,2018-02-27T00:00:00+00:00,2026-09-03T11:15:03.742310+00:00,20388.0,20678.0,20213.0,20456.0,20341.78515625,3068642
2018-02-27 00:00:00+00:00,2018-02-28T00:00:00+00:00,2026-09-03T11:15:03.742310+00:00,20574.0,20700.0,20065.0,20200.0,20087.20703125,3847010
2018-02-28 00:00:00+00:00,2018-03-01T00:00:00+00:00,2026-09-03T11:15:03.742310+00:00,19700.0,20102.0,19700.0,19850.0,19739.166015625,4638556
2018-03-01 00:00:00+00:00,2018-03-02T00:00:00+00:00,2026-09-03T11:15:03.742310+00:00,19787.0,20242.0,19404.0,20017.0,19905.234375,2257830
2018-03-02 00:00:00+00:00,2018-03-03T00:00:00+00:00,2026-09-03T11:15:03.742310+00:00,19679.0,20198.0,19552.0,20017.0,19905.234375,2417611
2018-03-05 00:00:00+00:00,2018-03-06T00:00:00+00:00,2026-09-03T11:15:03.742310+00:00,20000.0,20683.0,19655.0,20186.0,20073.287109375,2861749
2018-03-06 00:00:00+00:00,2018-03-07T00:00:00+00:00,2026-09-03T11:15:03.742310+00:00,20420.0,20850.0,20420.0,20620.0,20504.865234375,3941783
2018-03-07 00:00:00+00:00,2018-03-08T00:00:00+00:00,2026-09-03T11:15:03.742310+00:00,20587.0,20620.0,20101.0,20550.0,20435.251953125,3696174
2018-03-08 00:00:00+00:00,2018-03-09T00:00:00+00:00,2026-09-03T11:15:03.742310+00:00,20600.0,21000.0,20582.0,20700.0,20584.41796875,2891993
2018-03-09 00:00:00+00:00,2018-03-10T00:00:00+00:00,2026-09-03T11:15:03.742310+00:00,20850.0,20850.0,20426.0,20600.0,20484.978515625,2829854
2018-03-12 00:00:00+00:00,2018-03-13T00:00:00+00:00,2026-09-03T11:15:03.742310+00:00,20579.0,20835.0,20334.0,20398.0,20284.10546875,3561315
2018-03-13 00:00:00+00:00,2018-03-14T00:00:00+00:00,2026-09-03T11:15:03.742310+00:00,20170.0,20561.0,20081.0,20399.0,20285.1015625,1671126
2018-03-14 00:00:00+00:00,2018-03-15T00:00:00+00:00,2026-09-03T11:15:03.742310+00:00,20480.0,20480.0,19719.0,19915.0,19803.802734375,3015571
2018-03-15 00:00:00+00:00,2018-03-16T00:00:00+00:00,2026-09-03T11:15:03.742310+00:00,19914.0,20270.0,19594.0,19960.0,19848.552734375,4668053
2018-03-16 00:00:00+00:00,2018-03-17T00:00:00+00:00,2026-09-03T11:15:03.742310+00:00,20001.0,20141.0,19700.0,19940.0,19828.6640625,3488557
2018-03-19 00:00:00+00:00,2018-03-20T00:00:00+00:00,2026-09-03T11:15:03.742310+00:00,19500.0,20086.0,19500.0,19990.0,19878.3828125,1452963
2018-03-20 00:00:00+00:00,2018-03-21T00:00:00+00:00,2026-09-03T11:15:03.742310+00:00,19750.0,20114.0,19750.0,19957.0,19845.5625,1855101
2018-03-22 00:00:00+00:00,2018-03-23T00:00:00+00:00,2026-09-03T11:15:03.742310+00:00,19550.0,20119.0,19436.0,19436.0,19327.474609375,3765968
2018-03-23 00:00:00+00:00,2018-03-24T00:00:00+00:00,2026-09-03T11:15:03.742310+00:00,19350.0,19587.0,19111.0,19567.0,19457.744140625,1439412
2018-03-26 00:00:00+00:00,2018-03-27T00:00:00+00:00,2026-09-03T11:15:03.742310+00:00,19611.0,19720.0,19257.0,19616.0,19506.470703125,1663937
2018-03-27 00:00:00+00:00,2018-03-28T00:00:00+00:00,2026-09-03T11:15:03.742310+00:00,19779.0,19979.0,19299.0,19336.0,19228.033203125,2827122
2018-03-28 00:00:00+00:00,2018-03-29T00:00:00+00:00,2026-09-03T11:15:03.742310+00:00,19223.0,19324.0,18541.0,18670.0,18565.7578125,2683618
2018-03-29 00:00:00+00:00,2018-03-30T00:00:00+00:00,2026-09-03T11:15:03.742310+00:00,18889.0,19071.0,18693.0,18970.0,18864.08203125,3782244
2018-04-03 00:00:00+00:00,2018-04-04T00:00:00+00:00,2026-09-03T11:15:03.742310+00:00,18951.0,18978.0,18498.0,18498.0,18394.71484375,2772019
2018-04-04 00:00:00+00:00,2018-04-05T00:00:00+00:00,2026-09-03T11:15:03.742310+00:00,18300.0,18534.0,17164.0,18200.0,18098.376953125,2935016
2018-04-05 00:00:00+00:00,2018-04-06T00:00:00+00:00,2026-09-03T11:15:03.742310+00:00,18287.0,18692.0,18250.0,18491.0,18387.751953125,2054665
2018-04-06 00:00:00+00:00,2018-04-07T00:00:00+00:00,2026-09-03T11:15:03.742310+00:00,18450.0,18801.0,18066.0,18681.0,18576.69140625,1496405
2018-04-09 00:00:00+00:00,2018-04-10T00:00:00+00:00,2026-09-03T11:15:03.742310+00:00,18797.0,18797.0,18303.0,18600.0,18496.142578125,3482738
2018-04-10 00:00:00+00:00,2018-04-11T00:00:00+00:00,2026-09-03T11:15:03.742310+00:00,18750.0,18750.0,18121.0,18339.0,18236.59765625,4688198
2018-04-11 00:00:00+00:00,2018-04-12T00:00:00+00:00,2026-09-03T11:15:03.742310+00:00,17800.0,17956.0,17688.0,17700.0,17606.8828125,4769833
2018-04-12 00:00:00+00:00,2018-04-13T00:00:00+00:00,2026-09-03T11:15:03.742310+00:00,17699.0,17973.0,17622.0,17700.0,17606.8828125,3404133
2018-04-13 00:00:00+00:00,2018-04-14T00:00:00+00:00,2026-09-03T11:15:03.742310+00:00,17701.0,17875.0,17441.0,17680.0,17586.984375,2471262
2018-04-16 00:00:00+00:00,2018-04-17T00:00:00+00:00,2026-09-03T11:15:03.742310+00:00,17576.0,17973.0,17541.0,17888.0,17793.89453125,2409024
2018-04-17 00:00:00+00:00,2018-04-18T00:00:00+00:00,2026-09-03T11:15:03.742310+00:00,17979.0,17994.0,17605.0,17670.0,17577.0390625,3172608
2018-04-18 00:00:00+00:00,2018-04-19T00:00:00+00:00,2026-09-03T11:15:03.742310+00:00,17695.0,18160.0,17608.0,18160.0,18064.4609375,7512128
2018-04-19 00:00:00+00:00,2018-04-20T00:00:00+00:00,2026-09-03T11:15:03.742310+00:00,18200.0,18370.0,17933.0,17970.0,17875.458984375,3600050
2018-04-20 00:00:00+00:00,2018-04-21T00:00:00+00:00,2026-09-03T11:15:03.742310+00:00,18097.0,18163.0,17907.0,18000.0,17905.302734375,3805413
2018-04-23 00:00:00+00:00,2018-04-24T00:00:00+00:00,2026-09-03T11:15:03.742310+00:00,17959.0,17998.0,17225.0,17400.0,17308.45703125,2123692
2018-04-24 00:00:00+00:00,2018-04-25T00:00:00+00:00,2026-09-03T11:15:03.742310+00:00,17570.0,17600.0,17272.0,17400.0,17308.45703125,3102488
2018-04-25 00:00:00+00:00,2018-04-26T00:00:00+00:00,2026-09-03T11:15:03.742310+00:00,17337.0,17498.0,16852.0,17055.0,16965.275390625,3341893
2018-04-26 00:00:00+00:00,2018-04-27T00:00:00+00:00,2026-09-03T11:15:03.742310+00:00,17086.0,17600.0,16932.0,17600.0,17507.408203125,3241298
2018-04-30 00:00:00+00:00,2018-05-01T00:00:00+00:00,2026-09-03T11:15:03.742310+00:00,17741.0,18398.0,17678.0,18299.0,18202.7265625,6566471
2018-05-02 00:00:00+00:00,2018-05-03T00:00:00+00:00,2026-09-03T11:15:03.742310+00:00,18250.0,18430.0,18121.0,18247.0,18151.001953125,4819376
2018-05-03 00:00:00+00:00,2018-05-04T00:00:00+00:00,2026-09-03T11:15:03.742310+00:00,18250.0,18300.0,17613.0,17651.0,17558.13671875,4231015
2018-05-04 00:00:00+00:00,2018-05-05T00:00:00+00:00,2026-09-03T11:15:03.742310+00:00,17672.0,18065.0,17672.0,17977.0,17882.421875,1117366
2018-05-07 00:00:00+00:00,2018-05-08T00:00:00+00:00,2026-09-03T11:15:03.742310+00:00,18064.0,18265.0,17831.0,18077.0,17981.8984375,1076058
2018-05-08 00:00:00+00:00,2018-05-09T00:00:00+00:00,2026-09-03T11:15:03.742310+00:00,18100.0,18199.0,17575.0,17690.0,17596.93359375,1515410
2018-05-09 00:00:00+00:00,2018-05-10T00:00:00+00:00,2026-09-03T11:15:03.742310+00:00,17754.0,17885.0,17613.0,17742.0,17648.66015625,2267593
2018-05-10 00:00:00+00:00,2018-05-11T00:00:00+00:00,2026-09-03T11:15:03.742310+00:00,17894.0,18319.0,17847.0,17872.0,17777.9765625,2690903
2018-05-11 00:00:00+00:00,2018-05-12T00:00:00+00:00,2026-09-03T11:15:03.742310+00:00,17968.0,18092.0,17796.0,18004.0,17909.283203125,1611326
2018-05-14 00:00:00+00:00,2018-05-15T00:00:00+00:00,2026-09-03T11:15:03.742310+00:00,18114.0,18190.0,17791.0,18100.0,18004.779296875,1122497
2018-05-15 00:00:00+00:00,2018-05-16T00:00:00+00:00,2026-09-03T11:15:03.742310+00:00,17900.0,17908.0,17251.0,17365.0,17273.642578125,6883911
2018-05-16 00:00:00+00:00,2018-05-17T00:00:00+00:00,2026-09-03T11:15:03.742310+00:00,17573.0,17750.0,17250.0,17750.0,17656.619140625,2918226
2018-05-17 00:00:00+00:00,2018-05-18T00:00:00+00:00,2026-09-03T11:15:03.742310+00:00,17200.0,17579.0,16961.0,16961.0,16871.7734375,3629259
2018-05-18 00:00:00+00:00,2018-05-19T00:00:00+00:00,2026-09-03T11:15:03.742310+00:00,17000.0,17172.0,16450.0,16450.0,16363.4580078125,3073196
2018-05-21 00:00:00+00:00,2018-05-22T00:00:00+00:00,2026-09-03T11:15:03.742310+00:00,16500.0,16799.0,16121.0,16121.0,16036.1875,3513068
2018-05-22 00:00:00+00:00,2018-05-23T00:00:00+00:00,2026-09-03T11:15:03.742310+00:00,16196.0,16486.0,16061.0,16300.0,16214.248046875,5055737
2018-05-23 00:00:00+00:00,2018-05-24T00:00:00+00:00,2026-09-03T11:15:03.742310+00:00,16122.0,16308.0,15973.0,16052.0,15967.5517578125,2218106
2018-05-24 00:00:00+00:00,2018-05-25T00:00:00+00:00,2026-09-03T11:15:03.742310+00:00,16240.0,16330.0,15802.0,15866.0,15782.529296875,2838354
2018-05-25 00:00:00+00:00,2018-05-26T00:00:00+00:00,2026-09-03T11:15:03.742310+00:00,15920.0,16352.0,15832.0,16352.0,16265.974609375,1807489
2018-05-28 00:00:00+00:00,2018-05-29T00:00:00+00:00,2026-09-03T11:15:03.742310+00:00,16290.0,16447.0,16235.0,16354.0,16267.9638671875,1082491
2018-05-29 00:00:00+00:00,2018-05-30T00:00:00+00:00,2026-09-03T11:15:03.742310+00:00,16305.0,16346.0,16150.0,16310.0,16224.1943359375,2371184
2018-05-30 00:00:00+00:00,2018-05-31T00:00:00+00:00,2026-09-03T11:15:03.742310+00:00,16350.0,16527.0,16026.0,16165.0,16079.9560546875,3085199
2018-05-31 00:00:00+00:00,2018-06-01T00:00:00+00:00,2026-09-03T11:15:03.742310+00:00,16337.0,16510.0,16142.0,16168.0,16082.94140625,6027812
2018-06-01 00:00:00+00:00,2018-06-02T00:00:00+00:00,2026-09-03T11:15:03.742310+00:00,16469.0,16758.0,16374.0,16747.0,16658.890625,2353807
2018-06-04 00:00:00+00:00,2018-06-05T00:00:00+00:00,2026-09-03T11:15:03.742310+00:00,16990.0,17083.0,16740.0,16844.0,16755.384765625,1955899
2018-06-05 00:00:00+00:00,2018-06-06T00:00:00+00:00,2026-09-03T11:15:03.742310+00:00,16926.0,16935.0,16103.0,16275.0,16189.3779296875,2229440
2018-06-06 00:00:00+00:00,2018-06-07T00:00:00+00:00,2026-09-03T11:15:03.742310+00:00,16388.0,16500.0,16227.0,16499.0,16412.201171875,1747682
2018-06-07 00:00:00+00:00,2018-06-08T00:00:00+00:00,2026-09-03T11:15:03.742310+00:00,16506.0,16750.0,16148.0,16251.0,16165.505859375,2159566
2018-06-08 00:00:00+00:00,2018-06-09T00:00:00+00:00,2026-09-03T11:15:03.742310+00:00,16000.0,16283.0,15830.0,16263.0,16177.439453125,2187245
2018-06-11 00:00:00+00:00,2018-06-12T00:00:00+00:00,2026-09-03T11:15:03.742310+00:00,16448.0,16448.0,16051.0,16173.0,16087.9140625,1128668
2018-06-12 00:00:00+00:00,2018-06-13T00:00:00+00:00,2026-09-03T11:15:03.742310+00:00,16173.0,16207.0,16012.0,16204.0,16118.751953125,1744961
2018-06-13 00:00:00+00:00,2018-06-14T00:00:00+00:00,2026-09-03T11:15:03.742310+00:00,16118.0,16334.0,15906.0,16272.0,16186.39453125,1799137
2018-06-14 00:00:00+00:00,2018-06-15T00:00:00+00:00,2026-09-03T11:15:03.742310+00:00,16170.0,16754.0,16072.0,16568.0,16480.8359375,2873608
2018-06-15 00:00:00+00:00,2018-06-16T00:00:00+00:00,2026-09-03T11:15:03.742310+00:00,16550.0,16598.0,16066.0,16230.0,16144.61328125,6440301
2018-06-18 00:00:00+00:00,2018-06-19T00:00:00+00:00,2026-09-03T11:15:03.742310+00:00,16081.0,16229.0,15658.0,15840.0,15756.6689453125,1113000
2018-06-19 00:00:00+00:00,2018-06-20T00:00:00+00:00,2026-09-03T11:15:03.742310+00:00,15300.0,15687.0,15216.0,15500.0,15418.455078125,2752129
2018-06-20 00:00:00+00:00,2018-06-21T00:00:00+00:00,2026-09-03T11:15:03.742310+00:00,15610.0,16071.0,15610.0,15837.0,15753.681640625,3589836
2018-06-21 00:00:00+00:00,2018-06-22T00:00:00+00:00,2026-09-03T11:15:03.742310+00:00,16033.0,16361.0,15757.0,16149.0,16064.041015625,5533217
2018-06-22 00:00:00+00:00,2018-06-23T00:00:00+00:00,2026-09-03T11:15:03.742310+00:00,16493.0,16493.0,16084.0,16195.0,16109.7958984375,4822769
2018-06-25 00:00:00+00:00,2018-06-26T00:00:00+00:00,2026-09-03T11:15:03.742310+00:00,16127.0,16150.0,15916.0,15950.0,15866.0888671875,1199605
2018-06-26 00:00:00+00:00,2018-06-27T00:00:00+00:00,2026-09-03T11:15:03.742310+00:00,16000.0,16253.0,15816.0,15900.0,15816.3505859375,2297046
2018-06-27 00:00:00+00:00,2018-06-28T00:00:00+00:00,2026-09-03T11:15:03.742310+00:00,15765.0,15888.0,15209.0,15280.0,15199.611328125,4408990
2018-06-28 00:00:00+00:00,2018-06-29T00:00:00+00:00,2026-09-03T11:15:03.742310+00:00,15000.0,15449.0,14728.0,15186.0,15106.107421875,3080298
2018-06-29 00:00:00+00:00,2018-06-30T00:00:00+00:00,2026-09-03T11:15:03.742310+00:00,15600.0,15999.0,15500.0,15999.0,15914.830078125,4460692
2018-07-02 00:00:00+00:00,2018-07-03T00:00:00+00:00,2026-09-03T11:15:03.742310+00:00,15785.0,15999.0,15684.0,15978.0,15893.9404296875,2255632
2018-07-03 00:00:00+00:00,2018-07-04T00:00:00+00:00,2026-09-03T11:15:03.742310+00:00,16075.0,16380.0,15806.0,16376.0,16289.845703125,1154401
2018-07-04 00:00:00+00:00,2018-07-05T00:00:00+00:00,2026-09-03T11:15:03.742310+00:00,16045.0,16790.0,16045.0,16697.0,16609.158203125,2066340
2018-07-05 00:00:00+00:00,2018-07-06T00:00:00+00:00,2026-09-03T11:15:03.742310+00:00,16690.0,16990.0,16493.0,16567.0,16479.84765625,1688223
2018-07-06 00:00:00+00:00,2018-07-07T00:00:00+00:00,2026-09-03T11:15:03.742310+00:00,16743.0,16743.0,16222.0,16442.0,16355.5009765625,1750304
2018-07-09 00:00:00+00:00,2018-07-10T00:00:00+00:00,2026-09-03T11:15:03.742310+00:00,16555.0,16855.0,16412.0,16775.0,16686.748046875,2356093
2018-07-10 00:00:00+00:00,2018-07-11T00:00:00+00:00,2026-09-03T11:15:03.742310+00:00,16774.0,16972.0,16401.0,16530.0,16443.03515625,1825810
2018-07-11 00:00:00+00:00,2018-07-12T00:00:00+00:00,2026-09-03T11:15:03.742310+00:00,16530.0,16530.0,16530.0,16530.0,16443.03515625,0
2018-07-12 00:00:00+00:00,2018-07-13T00:00:00+00:00,2026-09-03T11:15:03.742310+00:00,16530.0,16530.0,16530.0,16530.0,16443.03515625,0
2018-07-13 00:00:00+00:00,2018-07-14T00:00:00+00:00,2026-09-03T11:15:03.742310+00:00,16530.0,16530.0,16530.0,16530.0,16443.03515625,0
2018-07-16 00:00:00+00:00,2018-07-17T00:00:00+00:00,2026-09-03T11:15:03.742310+00:00,16530.0,16530.0,16530.0,16530.0,16443.03515625,0
2018-07-17 00:00:00+00:00,2018-07-18T00:00:00+00:00,2026-09-03T11:15:03.742310+00:00,15604.0,15959.0,15351.0,15800.0,15716.8779296875,2633167
2018-07-18 00:00:00+00:00,2018-07-19T00:00:00+00:00,2026-09-03T11:15:03.742310+00:00,15772.0,16191.0,15551.0,15971.0,15886.9775390625,1802050
2018-07-19 00:00:00+00:00,2018-07-20T00:00:00+00:00,2026-09-03T11:15:03.742310+00:00,15556.0,16121.0,15556.0,15684.0,15601.4873046875,1487704
2018-07-20 00:00:00+00:00,2018-07-21T00:00:00+00:00,2026-09-03T11:15:03.742310+00:00,16049.0,16286.0,15460.0,16199.0,16113.779296875,2967660
2018-07-23 00:00:00+00:00,2018-07-24T00:00:00+00:00,2026-09-03T11:15:03.742310+00:00,15999.0,16143.0,15610.0,16012.0,15927.76171875,1070895
2018-07-24 00:00:00+00:00,2018-07-25T00:00:00+00:00,2026-09-03T11:15:03.742310+00:00,15870.0,16593.0,15856.0,16226.0,16140.6337890625,1801165
2018-07-25 00:00:00+00:00,2018-07-26T00:00:00+00:00,2026-09-03T11:15:03.742310+00:00,16424.0,16770.0,16120.0,16320.0,16234.140625,2031876
2018-07-26 00:00:00+00:00,2018-07-27T00:00:00+00:00,2026-09-03T11:15:03.742310+00:00,16400.0,16912.0,16320.0,16645.0,16557.43359375,1361964
2018-07-27 00:00:00+00:00,2018-07-28T00:00:00+00:00,2026-09-03T11:15:03.742310+00:00,16750.0,16881.0,16435.0,16733.0,16644.970703125,1104122
2018-07-30 00:00:00+00:00,2018-07-31T00:00:00+00:00,2026-09-03T11:15:03.742310+00:00,16663.0,17285.0,16538.0,16988.0,16898.625,2009100
2018-07-31 00:00:00+00:00,2018-08-01T00:00:00+00:00,2026-09-03T11:15:03.742310+00:00,16994.0,17227.0,16661.0,17189.0,17098.56640625,3159571
2018-08-01 00:00:00+00:00,2018-08-02T00:00:00+00:00,2026-09-03T11:15:03.742310+00:00,16974.0,17135.0,16658.0,16998.0,16908.57421875,2410998
2018-08-02 00:00:00+00:00,2018-08-03T00:00:00+00:00,2026-09-03T11:15:03.742310+00:00,16780.0,16915.0,16503.0,16730.0,16641.978515625,3814425
2018-08-03 00:00:00+00:00,2018-08-04T00:00:00+00:00,2026-09-03T11:15:03.742310+00:00,16851.0,17205.0,16704.0,17126.0,17035.904296875,1550660
2018-08-06 00:00:00+00:00,2018-08-07T00:00:00+00:00,2026-09-03T11:15:03.742310+00:00,16700.0,16970.0,16421.0,16616.0,16528.583984375,2479968
2018-08-07 00:00:00+00:00,2018-08-08T00:00:00+00:00,2026-09-03T11:15:03.742310+00:00,16650.0,16764.0,16495.0,16598.0,16510.6796875,1872251
2018-08-08 00:00:00+00:00,2018-08-09T00:00:00+00:00,2026-09-03T11:15:03.742310+00:00,16593.0,16850.0,16593.0,16750.0,16661.884765625,1936505
2018-08-10 00:00:00+00:00,2018-08-11T00:00:00+00:00,2026-09-03T11:15:03.742310+00:00,16503.0,16681.0,16061.0,16236.0,16150.5849609375,1344440
2018-08-13 00:00:00+00:00,2018-08-14T00:00:00+00:00,2026-09-03T11:15:03.742310+00:00,15980.0,16234.0,15771.0,16025.0,15940.6923828125,1323017
2018-08-14 00:00:00+00:00,2018-08-15T00:00:00+00:00,2026-09-03T11:15:03.742310+00:00,16151.0,16527.0,16151.0,16261.0,16175.4521484375,2189762
2018-08-15 00:00:00+00:00,2018-08-16T00:00:00+00:00,2026-09-03T11:15:03.742310+00:00,16253.0,16386.0,15619.0,15700.0,15617.404296875,2783883
2018-08-16 00:00:00+00:00,2018-08-17T00:00:00+00:00,2026-09-03T11:15:03.742310+00:00,15986.0,16384.0,15751.0,16100.0,16015.2998046875,2778830
2018-08-17 00:00:00+00:00,2018-08-18T00:00:00+00:00,2026-09-03T11:15:03.742310+00:00,16311.0,16378.0,15658.0,15818.0,15734.783203125,2660078
2018-08-20 00:00:00+00:00,2018-08-21T00:00:00+00:00,2026-09-03T11:15:03.742310+00:00,15863.0,16054.0,15862.0,15970.0,15885.9814453125,2704970
2018-08-21 00:00:00+00:00,2018-08-22T00:00:00+00:00,2026-09-03T11:15:03.742310+00:00,16280.0,16356.0,15630.0,15814.0,15730.802734375,5416019
2018-08-22 00:00:00+00:00,2018-08-23T00:00:00+00:00,2026-09-03T11:15:03.742310+00:00,16009.0,16029.0,15822.0,15950.0,15866.0888671875,3225213
2018-08-23 00:00:00+00:00,2018-08-24T00:00:00+00:00,2026-09-03T11:15:03.742310+00:00,15999.0,16142.0,15664.0,16014.0,15929.748046875,4560449
2018-08-24 00:00:00+00:00,2018-08-25T00:00:00+00:00,2026-09-03T11:15:03.742310+00:00,16099.0,16213.0,15948.0,16075.0,15990.4296875,1644185
2018-08-27 00:00:00+00:00,2018-08-28T00:00:00+00:00,2026-09-03T11:15:03.742310+00:00,16254.0,16667.0,15993.0,16643.0,16555.44140625,2879922
2018-08-28 00:00:00+00:00,2018-08-29T00:00:00+00:00,2026-09-03T11:15:03.742310+00:00,16747.0,17018.0,16550.0,16811.0,16722.560546875,3222486
2018-08-29 00:00:00+00:00,2018-08-30T00:00:00+00:00,2026-09-03T11:15:03.742310+00:00,16820.0,16998.0,16333.0,16472.0,16385.341796875,4454586
2018-08-30 00:00:00+00:00,2018-08-31T00:00:00+00:00,2026-09-03T11:15:03.742310+00:00,16500.0,16756.0,16211.0,16350.0,16263.982421875,2561778
2018-08-31 00:00:00+00:00,2018-09-01T00:00:00+00:00,2026-09-03T11:15:03.742310+00:00,16385.0,16603.0,16078.0,16255.0,16169.482421875,2184288
2018-09-03 00:00:00+00:00,2018-09-04T00:00:00+00:00,2026-09-03T11:15:03.742310+00:00,16462.0,16796.0,16219.0,16391.0,16304.767578125,1351937
2018-09-04 00:00:00+00:00,2018-09-05T00:00:00+00:00,2026-09-03T11:15:03.742310+00:00,16208.0,16390.0,15604.0,15703.0,15620.38671875,4890695
2018-09-05 00:00:00+00:00,2018-09-06T00:00:00+00:00,2026-09-03T11:15:03.742310+00:00,15597.0,15690.0,15032.0,15400.0,15318.9814453125,3886489
2018-09-06 00:00:00+00:00,2018-09-07T00:00:00+00:00,2026-09-03T11:15:03.742310+00:00,15399.0,15935.0,15359.0,15771.0,15688.0283203125,3435111
2018-09-07 00:00:00+00:00,2018-09-08T00:00:00+00:00,2026-09-03T11:15:03.742310+00:00,15800.0,16122.0,15600.0,15600.0,15517.9296875,7256797
2018-09-10 00:00:00+00:00,2018-09-11T00:00:00+00:00,2026-09-03T11:15:03.742310+00:00,15427.0,15739.0,15403.0,15450.0,15368.7197265625,2152845
2018-09-11 00:00:00+00:00,2018-09-12T00:00:00+00:00,2026-09-03T11:15:03.742310+00:00,15550.0,15890.0,15209.0,15413.0,15331.9140625,3993546
2018-09-12 00:00:00+00:00,2018-09-13T00:00:00+00:00,2026-09-03T11:15:03.742310+00:00,15036.0,15119.0,14873.0,14970.0,14895.978515625,3422071
2018-09-13 00:00:00+00:00,2018-09-14T00:00:00+00:00,2026-09-03T11:15:03.742310+00:00,15089.0,15169.0,14744.0,14763.0,14690.0029296875,7092453
2018-09-14 00:00:00+00:00,2018-09-15T00:00:00+00:00,2026-09-03T11:15:03.742310+00:00,14805.0,15148.0,14805.0,15000.0,14925.83203125,5756844
2018-09-17 00:00:00+00:00,2018-09-18T00:00:00+00:00,2026-09-03T11:15:03.742310+00:00,14800.0,14985.0,14425.0,14590.0,14517.8583984375,2926915
2018-09-18 00:00:00+00:00,2018-09-19T00:00:00+00:00,2026-09-03T11:15:03.742310+00:00,14554.0,14793.0,14406.0,14700.0,14627.3154296875,4369580
2018-09-19 00:00:00+00:00,2018-09-20T00:00:00+00:00,2026-09-03T11:15:03.742310+00:00,14756.0,15222.0,14688.0,15107.0,15032.3017578125,3722874
2018-09-20 00:00:00+00:00,2018-09-21T00:00:00+00:00,2026-09-03T11:15:03.742310+00:00,15337.0,15370.0,15038.0,15038.0,14963.64453125,8092914
2018-09-21 00:00:00+00:00,2018-09-22T00:00:00+00:00,2026-09-03T11:15:03.742310+00:00,15102.0,15600.0,15027.0,15510.0,15433.3095703125,6402040
2018-09-25 00:00:00+00:00,2018-09-26T00:00:00+00:00,2026-09-03T11:15:03.742310+00:00,15267.0,15479.0,15119.0,15300.0,15224.34765625,2905768
2018-09-26 00:00:00+00:00,2018-09-27T00:00:00+00:00,2026-09-03T11:15:03.742310+00:00,15301.0,15571.0,15246.0,15500.0,15423.3583984375,2497226
2018-09-27 00:00:00+00:00,2018-09-28T00:00:00+00:00,2026-09-03T11:15:03.742310+00:00,15473.0,15723.0,15307.0,15431.0,15354.701171875,4846969
2018-09-28 00:00:00+00:00,2018-09-29T00:00:00+00:00,2026-09-03T11:15:03.742310+00:00,15545.0,15545.0,14861.0,15188.0,15112.90234375,2912974
2018-10-01 00:00:00+00:00,2018-10-02T00:00:00+00:00,2026-09-03T11:15:03.742310+00:00,15113.0,15498.0,15113.0,15317.0,15241.263671875,1823319
2018-10-02 00:00:00+00:00,2018-10-03T00:00:00+00:00,2026-09-03T11:15:03.742310+00:00,15054.0,15170.0,14817.0,15100.0,15025.337890625,2506413
2018-10-03 00:00:00+00:00,2018-10-04T00:00:00+00:00,2026-09-03T11:15:03.742310+00:00,14900.0,15134.0,14803.0,14888.0,14814.3876953125,1799680
2018-10-04 00:00:00+00:00,2018-10-05T00:00:00+00:00,2026-09-03T11:15:03.742310+00:00,14600.0,14825.0,14265.0,14623.0,14550.6953125,4409863
2018-10-05 00:00:00+00:00,2018-10-06T00:00:00+00:00,2026-09-03T11:15:03.742310+00:00,14650.0,14650.0,14400.0,14560.0,14488.0068359375,1596993
2018-10-08 00:00:00+00:00,2018-10-09T00:00:00+00:00,2026-09-03T11:15:03.742310+00:00,14434.0,14710.0,14300.0,14635.0,14562.63671875,3270119
2018-10-09 00:00:00+00:00,2018-10-10T00:00:00+00:00,2026-09-03T11:15:03.742310+00:00,14635.0,14868.0,14400.0,14861.0,14787.5185546875,2852760
2018-10-10 00:00:00+00:00,2018-10-11T00:00:00+00:00,2026-09-03T11:15:03.742310+00:00,15020.0,15099.0,14564.0,14806.0,14732.791015625,2282209
2018-10-11 00:00:00+00:00,2018-10-12T00:00:00+00:00,2026-09-03T11:15:03.742310+00:00,14311.0,14700.0,14140.0,14462.0,14390.4912109375,4583880
2018-10-12 00:00:00+00:00,2018-10-13T00:00:00+00:00,2026-09-03T11:15:03.742310+00:00,14699.0,15117.0,14463.0,14828.0,14754.6826171875,3295022
2018-10-15 00:00:00+00:00,2018-10-16T00:00:00+00:00,2026-09-03T11:15:03.742310+00:00,14800.0,14997.0,14523.0,14578.0,14505.9189453125,2121366
2018-10-16 00:00:00+00:00,2018-10-17T00:00:00+00:00,2026-09-03T11:15:03.742310+00:00,14578.0,14995.0,14351.0,14956.0,14882.0478515625,2832975
2018-10-17 00:00:00+00:00,2018-10-18T00:00:00+00:00,2026-09-03T11:15:03.742310+00:00,15020.0,15104.0,14517.0,14676.0,14603.43359375,5653270
2018-10-18 00:00:00+00:00,2018-10-19T00:00:00+00:00,2026-09-03T11:15:03.742310+00:00,14900.0,14900.0,14223.0,14642.0,14569.6025390625,3990191
2018-10-19 00:00:00+00:00,2018-10-20T00:00:00+00:00,2026-09-03T11:15:03.742310+00:00,14768.0,14897.0,14354.0,14665.0,14592.4873046875,2535544
2018-10-22 00:00:00+00:00,2018-10-23T00:00:00+00:00,2026-09-03T11:15:03.742310+00:00,14785.0,14949.0,14233.0,14418.0,14346.7099609375,3003829
2018-10-23 00:00:00+00:00,2018-10-24T00:00:00+00:00,2026-09-03T11:15:03.742310+00:00,14349.0,14349.0,13628.0,14050.0,13980.5283203125,5398671
2018-10-24 00:00:00+00:00,2018-10-25T00:00:00+00:00,2026-09-03T11:15:03.742310+00:00,14192.0,14633.0,14019.0,14297.0,14226.3076171875,5255914
2018-10-25 00:00:00+00:00,2018-10-26T00:00:00+00:00,2026-09-03T11:15:03.742310+00:00,14100.0,14800.0,13898.0,14800.0,14726.8212890625,2481044
2018-10-26 00:00:00+00:00,2018-10-27T00:00:00+00:00,2026-09-03T11:15:03.742310+00:00,14600.0,14789.0,14248.0,14480.0,14408.4033203125,2470678
2018-10-29 00:00:00+00:00,2018-10-30T00:00:00+00:00,2026-09-03T11:15:03.742310+00:00,14683.0,15285.0,14380.0,15180.0,15104.9423828125,2553759
2018-10-30 00:00:00+00:00,2018-10-31T00:00:00+00:00,2026-09-03T11:15:03.742310+00:00,15180.0,15459.0,14905.0,15250.0,15174.595703125,2882738
2018-10-31 00:00:00+00:00,2018-11-01T00:00:00+00:00,2026-09-03T11:15:03.742310+00:00,15245.0,15547.0,14734.0,14911.0,14837.2705078125,3966786
2018-11-01 00:00:00+00:00,2018-11-02T00:00:00+00:00,2026-09-03T11:15:03.742310+00:00,14951.0,15349.0,14707.0,15300.0,15224.34765625,3774166
2018-11-02 00:00:00+00:00,2018-11-03T00:00:00+00:00,2026-09-03T11:15:03.742310+00:00,15598.0,16141.0,15321.0,15874.0,15795.509765625,3774248
2018-11-05 00:00:00+00:00,2018-11-06T00:00:00+00:00,2026-09-03T11:15:03.742310+00:00,15893.0,16225.0,15602.0,16225.0,16144.7724609375,2314228
2018-11-06 00:00:00+00:00,2018-11-07T00:00:00+00:00,2026-09-03T11:15:03.742310+00:00,16224.0,16398.0,15544.0,15945.0,15866.1611328125,3573621
2018-11-07 00:00:00+00:00,2018-11-08T00:00:00+00:00,2026-09-03T11:15:03.742310+00:00,15820.0,16339.0,15820.0,16275.0,16194.525390625,3628767
2018-11-08 00:00:00+00:00,2018-11-09T00:00:00+00:00,2026-09-03T11:15:03.742310+00:00,16300.0,16392.0,15914.0,16007.0,15927.8515625,2320370
2018-11-09 00:00:00+00:00,2018-11-10T00:00:00+00:00,2026-09-03T11:15:03.742310+00:00,16008.0,16008.0,15530.0,15819.0,15740.78125,2790887
2018-11-12 00:00:00+00:00,2018-11-13T00:00:00+00:00,2026-09-03T11:15:03.742310+00:00,15813.0,15910.0,15439.0,15485.0,15408.435546875,2071740
2018-11-13 00:00:00+00:00,2018-11-14T00:00:00+00:00,2026-09-03T11:15:03.742310+00:00,15400.0,15860.0,15400.0,15700.0,15622.3720703125,2271345
2018-11-14 00:00:00+00:00,2018-11-15T00:00:00+00:00,2026-09-03T11:15:03.742310+00:00,15700.0,15815.0,15350.0,15500.0,15423.3583984375,1907900
2018-11-15 00:00:00+00:00,2018-11-16T00:00:00+00:00,2026-09-03T11:15:03.742310+00:00,15351.0,15667.0,15315.0,15558.0,15481.072265625,2274668
2018-11-16 00:00:00+00:00,2018-11-17T00:00:00+00:00,2026-09-03T11:15:03.742310+00:00,15999.0,15999.0,15399.0,15577.0,15499.978515625,2747757
2018-11-19 00:00:00+00:00,2018-11-20T00:00:00+00:00,2026-09-03T11:15:03.742310+00:00,15453.0,15931.0,15420.0,15913.0,15834.314453125,1394162
2018-11-20 00:00:00+00:00,2018-11-21T00:00:00+00:00,2026-09-03T11:15:03.742310+00:00,15550.0,15816.0,15450.0,15465.0,15388.533203125,1639955
2018-11-21 00:00:00+00:00,2018-11-22T00:00:00+00:00,2026-09-03T11:15:03.742310+00:00,15580.0,15688.0,15142.0,15406.0,15329.82421875,1573309
2018-11-22 00:00:00+00:00,2018-11-23T00:00:00+00:00,2026-09-03T11:15:03.742310+00:00,15487.0,15641.0,15162.0,15350.0,15274.1005859375,1763136
2018-11-23 00:00:00+00:00,2018-11-24T00:00:00+00:00,2026-09-03T11:15:03.742310+00:00,15350.0,15500.0,15078.0,15247.0,15171.6103515625,1779044
2018-11-26 00:00:00+00:00,2018-11-27T00:00:00+00:00,2026-09-03T11:15:03.742310+00:00,15300.0,15796.0,15152.0,15737.0,15659.1884765625,2248912
2018-11-27 00:00:00+00:00,2018-11-28T00:00:00+00:00,2026-09-03T11:15:03.742310+00:00,15701.0,15848.0,15560.0,15574.0,15496.9931640625,2014834
2018-11-28 00:00:00+00:00,2018-11-29T00:00:00+00:00,2026-09-03T11:15:03.742310+00:00,15800.0,15952.0,15694.0,15700.0,15622.3720703125,2452885
2018-11-29 00:00:00+00:00,2018-11-30T00:00:00+00:00,2026-09-03T11:15:03.742310+00:00,15975.0,16249.0,15694.0,15880.0,15801.478515625,3711297
2018-11-30 00:00:00+00:00,2018-12-01T00:00:00+00:00,2026-09-03T11:15:03.742310+00:00,15994.0,15999.0,15071.0,15400.0,15323.853515625,3036411
2018-12-03 00:00:00+00:00,2018-12-04T00:00:00+00:00,2026-09-03T11:15:03.742310+00:00,15898.0,15999.0,15620.0,15745.0,15667.1484375,2550646
2018-12-04 00:00:00+00:00,2018-12-05T00:00:00+00:00,2026-09-03T11:15:03.742310+00:00,15561.0,16079.0,15561.0,16040.0,15960.689453125,2711432
2018-12-05 00:00:00+00:00,2018-12-06T00:00:00+00:00,2026-09-03T11:15:03.742310+00:00,15900.0,16073.0,15500.0,15950.0,15871.1328125,2721503
2018-12-06 00:00:00+00:00,2018-12-07T00:00:00+00:00,2026-09-03T11:15:03.742310+00:00,15700.0,15740.0,15046.0,15414.0,15337.7841796875,2898465
2018-12-07 00:00:00+00:00,2018-12-08T00:00:00+00:00,2026-09-03T11:15:03.742310+00:00,15587.0,15638.0,15348.0,15492.0,15415.3984375,1614122
2018-12-10 00:00:00+00:00,2018-12-11T00:00:00+00:00,2026-09-03T11:15:03.742310+00:00,15250.0,15299.0,14921.0,15044.0,14969.6142578125,1341925
2018-12-11 00:00:00+00:00,2018-12-12T00:00:00+00:00,2026-09-03T11:15:03.742310+00:00,15014.0,15531.0,14985.0,15445.0,15368.6318359375,2512827
2018-12-12 00:00:00+00:00,2018-12-13T00:00:00+00:00,2026-09-03T11:15:03.742310+00:00,15483.0,15767.0,15444.0,15642.0,15564.65625,1927309
2018-12-13 00:00:00+00:00,2018-12-14T00:00:00+00:00,2026-09-03T11:15:03.742310+00:00,15750.0,16200.0,15659.0,15907.0,15828.34765625,1745958
2018-12-14 00:00:00+00:00,2018-12-15T00:00:00+00:00,2026-09-03T11:15:03.742310+00:00,15789.0,15878.0,15604.0,15833.0,15754.7138671875,1293177
2018-12-18 00:00:00+00:00,2018-12-19T00:00:00+00:00,2026-09-03T11:15:03.742310+00:00,15202.0,15548.0,15180.0,15421.0,15344.751953125,2138402
2018-12-19 00:00:00+00:00,2018-12-20T00:00:00+00:00,2026-09-03T11:15:03.742310+00:00,15580.0,15931.0,15453.0,15931.0,15852.228515625,1436011
2018-12-20 00:00:00+00:00,2018-12-21T00:00:00+00:00,2026-09-03T11:15:03.742310+00:00,15720.0,15804.0,15438.0,15798.0,15719.8857421875,5163745
2018-12-21 00:00:00+00:00,2018-12-22T00:00:00+00:00,2026-09-03T11:15:03.742310+00:00,15669.0,15932.0,15415.0,15457.0,15380.5712890625,2534611
2018-12-24 00:00:00+00:00,2018-12-25T00:00:00+00:00,2026-09-03T11:15:03.742310+00:00,15435.0,15733.0,15373.0,15478.0,15401.4677734375,367345
2018-12-27 00:00:00+00:00,2018-12-28T00:00:00+00:00,2026-09-03T11:15:03.742310+00:00,15900.0,15997.0,15487.0,15612.0,15534.8056640625,1275227
2018-12-28 00:00:00+00:00,2018-12-29T00:00:00+00:00,2026-09-03T11:15:03.742310+00:00,15612.0,15979.0,15481.0,15924.0,15845.26171875,889456
2018-12-31 00:00:00+00:00,2019-01-01T00:00:00+00:00,2026-09-03T11:15:03.742310+00:00,15933.0,16217.0,15933.0,16182.0,16101.9873046875,679069
2019-01-02 00:00:00+00:00,2019-01-03T00:00:00+00:00,2026-09-03T11:15:03.742310+00:00,16182.0,16182.0,15624.0,15780.0,15701.9755859375,782517
2019-01-03 00:00:00+00:00,2019-01-04T00:00:00+00:00,2026-09-03T11:15:03.742310+00:00,15518.0,16057.0,15513.0,15872.0,15793.5185546875,1075500
2019-01-04 00:00:00+00:00,2019-01-05T00:00:00+00:00,2026-09-03T11:15:03.742310+00:00,15735.0,16106.0,15735.0,16015.0,15935.8115234375,1056157
2019-01-07 00:00:00+00:00,2019-01-08T00:00:00+00:00,2026-09-03T11:15:03.742310+00:00,16015.0,16402.0,16015.0,16269.0,16188.556640625,2499315
2019-01-08 00:00:00+00:00,2019-01-09T00:00:00+00:00,2026-09-03T11:15:03.742310+00:00,16110.0,16492.0,16110.0,16463.0,16381.5966796875,4102290
2019-01-09 00:00:00+00:00,2019-01-10T00:00:00+00:00,2026-09-03T11:15:03.742310+00:00,16523.0,16592.0,16241.0,16450.0,16368.6611328125,1868703
2019-01-10 00:00:00+00:00,2019-01-11T00:00:00+00:00,2026-09-03T11:15:03.742310+00:00,16399.0,16800.0,16264.0,16746.0,16663.1953125,4290953
2019-01-11 00:00:00+00:00,2019-01-12T00:00:00+00:00,2026-09-03T11:15:03.742310+00:00,16750.0,17062.0,16748.0,16955.0,16871.166015625,2561381
2019-01-14 00:00:00+00:00,2019-01-15T00:00:00+00:00,2026-09-03T11:15:03.742310+00:00,16770.0,17077.0,16719.0,16900.0,16816.4375,2343092
2019-01-15 00:00:00+00:00,2019-01-16T00:00:00+00:00,2026-09-03T11:15:03.742310+00:00,16896.0,17167.0,16868.0,17100.0,17015.447265625,2636806
2019-01-16 00:00:00+00:00,2019-01-17T00:00:00+00:00,2026-09-03T11:15:03.742310+00:00,17108.0,17570.0,17102.0,17570.0,17483.125,3495270
2019-01-17 00:00:00+00:00,2019-01-18T00:00:00+00:00,2026-09-03T11:15:03.742310+00:00,17459.0,17609.0,17170.0,17424.0,17337.841796875,3755911
2019-01-18 00:00:00+00:00,2019-01-19T00:00:00+00:00,2026-09-03T11:15:03.742310+00:00,17500.0,17551.0,17255.0,17459.0,17372.671875,2006810
2019-01-21 00:00:00+00:00,2019-01-22T00:00:00+00:00,2026-09-03T11:15:03.742310+00:00,17416.0,17588.0,17368.0,17419.0,17332.873046875,3840383
2019-01-22 00:00:00+00:00,2019-01-23T00:00:00+00:00,2026-09-03T11:15:03.742310+00:00,17395.0,17633.0,17261.0,17444.0,17357.75,4087180
2019-01-23 00:00:00+00:00,2019-01-24T00:00:00+00:00,2026-09-03T11:15:03.742310+00:00,17399.0,17459.0,17220.0,17443.0,17356.755859375,2652649
2019-01-24 00:00:00+00:00,2019-01-25T00:00:00+00:00,2026-09-03T11:15:03.742310+00:00,17300.0,17615.0,17210.0,17550.0,17463.22265625,4041087
2019-01-25 00:00:00+00:00,2019-01-26T00:00:00+00:00,2026-09-03T11:15:03.742310+00:00,17676.0,18000.0,17641.0,18000.0,17910.99609375,3237575
2019-01-28 00:00:00+00:00,2019-01-29T00:00:00+00:00,2026-09-03T11:15:03.742310+00:00,17702.0,18184.0,17544.0,17561.0,17474.16796875,2681707
2019-01-29 00:00:00+00:00,2019-01-30T00:00:00+00:00,2026-09-03T11:15:03.742310+00:00,17750.0,18700.0,17750.0,18628.0,18535.892578125,8924901
2019-01-30 00:00:00+00:00,2019-01-31T00:00:00+00:00,2026-09-03T11:15:03.742310+00:00,18500.0,18645.0,18302.0,18532.0,18440.3671875,6950884
2019-01-31 00:00:00+00:00,2019-02-01T00:00:00+00:00,2026-09-03T11:15:03.742310+00:00,18670.0,18822.0,18337.0,18479.0,18387.625,6481222
2019-02-01 00:00:00+00:00,2019-02-02T00:00:00+00:00,2026-09-03T11:15:03.742310+00:00,18298.0,18476.0,17965.0,18290.0,18199.56640625,2828340
2019-02-04 00:00:00+00:00,2019-02-05T00:00:00+00:00,2026-09-03T11:15:03.742310+00:00,18280.0,18396.0,17522.0,17533.0,17446.306640625,3638862
2019-02-05 00:00:00+00:00,2019-02-06T00:00:00+00:00,2026-09-03T11:15:03.742310+00:00,17799.0,17799.0,17386.0,17565.0,17478.146484375,3246274
2019-02-06 00:00:00+00:00,2019-02-07T00:00:00+00:00,2026-09-03T11:15:03.742310+00:00,17400.0,17833.0,17400.0,17685.0,17597.5546875,3089244
2019-02-07 00:00:00+00:00,2019-02-08T00:00:00+00:00,2026-09-03T11:15:03.742310+00:00,17470.0,17691.0,17441.0,17550.0,17463.22265625,2857820
2019-02-08 00:00:00+00:00,2019-02-09T00:00:00+00:00,2026-09-03T11:15:03.742310+00:00,17563.0,17729.0,17422.0,17598.0,17510.984375,2073164
2019-02-11 00:00:00+00:00,2019-02-12T00:00:00+00:00,2026-09-03T11:15:03.742310+00:00,17554.0,17663.0,17351.0,17480.0,17393.568359375,1548410
2019-02-12 00:00:00+00:00,2019-02-13T00:00:00+00:00,2026-09-03T11:15:03.742310+00:00,17210.0,17982.0,17210.0,17892.0,17803.533203125,2683937
2019-02-13 00:00:00+00:00,2019-02-14T00:00:00+00:00,2026-09-03T11:15:03.742310+00:00,17900.0,18459.0,17732.0,18450.0,18358.7734375,3973030
2019-02-14 00:00:00+00:00,2019-02-15T00:00:00+00:00,2026-09-03T11:15:03.742310+00:00,18394.0,18394.0,17560.0,17801.0,17712.98046875,4960645
2019-02-15 00:00:00+00:00,2019-02-16T00:00:00+00:00,2026-09-03T11:15:03.742310+00:00,17603.0,17727.0,17179.0,17397.0,17310.978515625,2967406
2019-02-18 00:00:00+00:00,2019-02-19T00:00:00+00:00,2026-09-03T11:15:03.742310+00:00,17503.0,17550.0,17223.0,17466.0,17379.642578125,2267103
2019-02-19 00:00:00+00:00,2019-02-20T00:00:00+00:00,2026-09-03T11:15:03.742310+00:00,17307.0,17458.0,16825.0,17023.0,16938.828125,3248629
2019-02-20 00:00:00+00:00,2019-02-21T00:00:00+00:00,2026-09-03T11:15:03.742310+00:00,16981.0,17350.0,16980.0,17079.0,16994.55078125,3210910
2019-02-21 00:00:00+00:00,2019-02-22T00:00:00+00:00,2026-09-03T11:15:03.742310+00:00,17037.0,17744.0,16975.0,17703.0,17615.462890625,3252496
2019-02-22 00:00:00+00:00,2019-02-23T00:00:00+00:00,2026-09-03T11:15:03.742310+00:00,17796.0,17899.0,17617.0,17725.0,17637.35546875,1816402
2019-02-25 00:00:00+00:00,2019-02-26T00:00:00+00:00,2026-09-03T11:15:03.742310+00:00,17688.0,18144.0,17521.0,18083.0,17993.58984375,2897314
2019-02-26 00:00:00+00:00,2019-02-27T00:00:00+00:00,2026-09-03T11:15:03.742310+00:00,18145.0,18367.0,17970.0,18300.0,18209.515625,2876166
2019-02-27 00:00:00+00:00,2019-02-28T00:00:00+00:00,2026-09-03T11:15:03.742310+00:00,18255.0,18396.0,18062.0,18230.0,18139.861328125,2454681
2019-02-28 00:00:00+00:00,2019-03-01T00:00:00+00:00,2026-09-03T11:15:03.742310+00:00,18097.0,18270.0,17825.0,18060.0,17970.697265625,2213062
2019-03-01 00:00:00+00:00,2019-03-02T00:00:00+00:00,2026-09-03T11:15:03.742310+00:00,17801.0,18239.0,17681.0,17681.0,17593.578125,1728776
2019-03-04 00:00:00+00:00,2019-03-05T00:00:00+00:00,2026-09-03T11:15:03.742310+00:00,18020.0,18199.0,17426.0,17500.0,17413.46875,1273154
2019-03-05 00:00:00+00:00,2019-03-06T00:00:00+00:00,2026-09-03T11:15:03.742310+00:00,17415.0,17574.0,17386.0,17409.0,17322.921875,2538138
2019-03-06 00:00:00+00:00,2019-03-07T00:00:00+00:00,2026-09-03T11:15:03.742310+00:00,17696.0,17696.0,17319.0,17320.0,17234.359375,1982925
2019-03-07 00:00:00+00:00,2019-03-08T00:00:00+00:00,2026-09-03T11:15:03.742310+00:00,17617.0,17618.0,17121.0,17245.0,17159.73046875,1671693
2019-03-08 00:00:00+00:00,2019-03-09T00:00:00+00:00,2026-09-03T11:15:03.742310+00:00,17198.0,17390.0,17032.0,17235.0,17149.779296875,2005314
2019-03-11 00:00:00+00:00,2019-03-12T00:00:00+00:00,2026-09-03T11:15:03.742310+00:00,16851.0,17147.0,16695.0,16700.0,16617.423828125,1527803
2019-03-12 00:00:00+00:00,2019-03-13T00:00:00+00:00,2026-09-03T11:15:03.742310+00:00,16799.0,16898.0,16461.0,16668.0,16585.580078125,2316291
2019-03-13 00:00:00+00:00,2019-03-14T00:00:00+00:00,2026-09-03T11:15:03.742310+00:00,16650.0,16650.0,15900.0,15932.0,15853.22265625,3609229
2019-03-14 00:00:00+00:00,2019-03-15T00:00:00+00:00,2026-09-03T11:15:03.742310+00:00,16001.0,16247.0,15874.0,16180.0,16099.9970703125,4528828
2019-03-15 00:00:00+00:00,2019-03-16T00:00:00+00:00,2026-09-03T11:15:03.742310+00:00,16179.0,16596.0,16139.0,16530.0,16448.265625,6219818
2019-03-18 00:00:00+00:00,2019-03-19T00:00:00+00:00,2026-09-03T11:15:03.742310+00:00,16530.0,16752.0,16381.0,16712.0,16629.3671875,3040564
2019-03-19 00:00:00+00:00,2019-03-20T00:00:00+00:00,2026-09-03T11:15:03.742310+00:00,16533.0,16751.0,15945.0,16049.0,15969.6435546875,3105500
2019-03-20 00:00:00+00:00,2019-03-21T00:00:00+00:00,2026-09-03T11:15:03.742310+00:00,16098.0,16098.0,15530.0,15530.0,15453.2099609375,11198703
2019-03-22 00:00:00+00:00,2019-03-23T00:00:00+00:00,2026-09-03T11:15:03.742310+00:00,15610.0,15798.0,15039.0,15188.0,15112.90234375,3702556
2019-03-25 00:00:00+00:00,2019-03-26T00:00:00+00:00,2026-09-03T11:15:03.742310+00:00,15149.0,15258.0,14955.0,15035.0,14960.658203125,3574268
2019-03-26 00:00:00+00:00,2019-03-27T00:00:00+00:00,2026-09-03T11:15:03.742310+00:00,15016.0,15199.0,14950.0,15058.0,14983.5439453125,2455553
2019-03-27 00:00:00+00:00,2019-03-28T00:00:00+00:00,2026-09-03T11:15:03.742310+00:00,15054.0,15493.0,15000.0,15250.0,15174.595703125,4270146
2019-03-28 00:00:00+00:00,2019-03-29T00:00:00+00:00,2026-09-03T11:15:03.742310+00:00,15480.0,15480.0,15043.0,15130.0,15055.1875,4531892
2019-03-29 00:00:00+00:00,2019-03-30T00:00:00+00:00,2026-09-03T11:15:03.742310+00:00,15151.0,15312.0,15021.0,15210.0,15134.79296875,6383867
2019-04-01 00:00:00+00:00,2019-04-02T00:00:00+00:00,2026-09-03T11:15:03.742310+00:00,15500.0,15935.0,15334.0,15900.0,15821.3798828125,7478649
2019-04-02 00:00:00+00:00,2019-04-03T00:00:00+00:00,2026-09-03T11:15:03.742310+00:00,15766.0,15921.0,15524.0,15794.0,15715.904296875,4898001
2019-04-03 00:00:00+00:00,2019-04-04T00:00:00+00:00,2026-09-03T11:15:03.742310+00:00,15869.0,16487.0,15750.0,16460.0,16378.615234375,5240280
2019-04-04 00:00:00+00:00,2019-04-05T00:00:00+00:00,2026-09-03T11:15:03.742310+00:00,16280.0,16476.0,16248.0,16403.0,16321.8935546875,2559761
2019-04-05 00:00:00+00:00,2019-04-06T00:00:00+00:00,2026-09-03T11:15:03.742310+00:00,16488.0,16657.0,16332.0,16585.0,16502.994140625,2624890
2019-04-08 00:00:00+00:00,2019-04-09T00:00:00+00:00,2026-09-03T11:15:03.742310+00:00,16513.0,16599.0,16286.0,16399.0,16317.9140625,1780332
2019-04-09 00:00:00+00:00,2019-04-10T00:00:00+00:00,2026-09-03T11:15:03.742310+00:00,16418.0,16522.0,16300.0,16331.0,16250.2509765625,1862115
2019-04-10 00:00:00+00:00,2019-04-11T00:00:00+00:00,2026-09-03T11:15:03.742310+00:00,15864.0,16257.0,15778.0,16117.0,16043.3994140625,2884333
2019-04-11 00:00:00+00:00,2019-04-12T00:00:00+00:00,2026-09-03T11:15:03.742310+00:00,16113.0,16128.0,15710.0,16029.0,15955.80078125,2602971
2019-04-12 00:00:00+00:00,2019-04-13T00:00:00+00:00,2026-09-03T11:15:03.742310+00:00,15950.0,16062.0,15764.0,15883.0,15810.4677734375,1212515
2019-04-15 00:00:00+00:00,2019-04-16T00:00:00+00:00,2026-09-03T11:15:03.742310+00:00,15899.0,16434.0,15838.0,16358.0,16283.2978515625,1788361
2019-04-16 00:00:00+00:00,2019-04-17T00:00:00+00:00,2026-09-03T11:15:03.742310+00:00,16499.0,16499.0,15905.0,16092.0,16018.51171875,4457192
2019-04-17 00:00:00+00:00,2019-04-18T00:00:00+00:00,2026-09-03T11:15:03.742310+00:00,16132.0,16343.0,16121.0,16297.0,16222.578125,2102280
2019-04-18 00:00:00+00:00,2019-04-19T00:00:00+00:00,2026-09-03T11:15:03.742310+00:00,16300.0,16613.0,16155.0,16429.0,16353.97265625,1976253
2019-04-23 00:00:00+00:00,2019-04-24T00:00:00+00:00,2026-09-03T11:15:03.742310+00:00,16500.0,16644.0,16152.0,16376.0,16301.2158203125,2153470
2019-04-24 00:00:00+00:00,2019-04-25T00:00:00+00:00,2026-09-03T11:15:03.742310+00:00,16163.0,16373.0,15863.0,16024.0,15950.8251953125,1960833
2019-04-25 00:00:00+00:00,2019-04-26T00:00:00+00:00,2026-09-03T11:15:03.742310+00:00,16098.0,16098.0,15728.0,15819.0,15746.759765625,3181926
2019-04-26 00:00:00+00:00,2019-04-27T00:00:00+00:00,2026-09-03T11:15:03.742310+00:00,15986.0,16128.0,15823.0,16098.0,16024.486328125,990075
2019-04-29 00:00:00+00:00,2019-04-30T00:00:00+00:00,2026-09-03T11:15:03.742310+00:00,16259.0,16291.0,15826.0,16221.0,16146.923828125,1194312
2019-04-30 00:00:00+00:00,2019-05-01T00:00:00+00:00,2026-09-03T11:15:03.742310+00:00,16050.0,16483.0,16050.0,16426.0,16350.98828125,3545857
2019-05-02 00:00:00+00:00,2019-05-03T00:00:00+00:00,2026-09-03T11:15:03.742310+00:00,16395.0,16975.0,16227.0,16865.0,16787.982421875,3546376
2019-05-03 00:00:00+00:00,2019-05-04T00:00:00+00:00,2026-09-03T11:15:03.742310+00:00,16728.0,17419.0,16728.0,17300.0,17221.0,2763631
2019-05-06 00:00:00+00:00,2019-05-07T00:00:00+00:00,2026-09-03T11:15:03.742310+00:00,16987.0,17132.0,16691.0,16850.0,16773.052734375,2212792
2019-05-07 00:00:00+00:00,2019-05-08T00:00:00+00:00,2026-09-03T11:15:03.742310+00:00,16900.0,17057.0,16689.0,16713.0,16636.677734375,2976470
2019-05-09 00:00:00+00:00,2019-05-10T00:00:00+00:00,2026-09-03T11:15:03.742310+00:00,16595.0,16697.0,16157.0,16160.0,16086.203125,3468974
2019-05-10 00:00:00+00:00,2019-05-11T00:00:00+00:00,2026-09-03T11:15:03.742310+00:00,16389.0,17000.0,16386.0,16715.0,16638.66796875,3186364
2019-05-13 00:00:00+00:00,2019-05-14T00:00:00+00:00,2026-09-03T11:15:03.742310+00:00,16591.0,17310.0,16566.0,16849.0,16772.0546875,2871905
2019-05-14 00:00:00+00:00,2019-05-15T00:00:00+00:00,2026-09-03T11:15:03.742310+00:00,17050.0,17188.0,16757.0,17070.0,16992.048828125,3665968
2019-05-15 00:00:00+00:00,2019-05-16T00:00:00+00:00,2026-09-03T11:15:03.742310+00:00,17004.0,17076.0,16500.0,16869.0,16791.96484375,2533244
2019-05-16 00:00:00+00:00,2019-05-17T00:00:00+00:00,2026-09-03T11:15:03.742310+00:00,16860.0,17100.0,16660.0,16955.0,16877.576171875,1976542
2019-05-17 00:00:00+00:00,2019-05-18T00:00:00+00:00,2026-09-03T11:15:03.742310+00:00,16800.0,16937.0,16465.0,16761.0,16684.45703125,2038062
2019-05-20 00:00:00+00:00,2019-05-21T00:00:00+00:00,2026-09-03T11:15:03.742310+00:00,16550.0,17018.0,16489.0,16906.0,16828.798828125,2135704
2019-05-21 00:00:00+00:00,2019-05-22T00:00:00+00:00,2026-09-03T11:15:03.742310+00:00,16848.0,16935.0,16328.0,16420.0,16345.013671875,2465184
2019-05-22 00:00:00+00:00,2019-05-23T00:00:00+00:00,2026-09-03T11:15:03.742310+00:00,16271.0,16769.0,16271.0,16620.0,16544.099609375,2529737
2019-05-23 00:00:00+00:00,2019-05-24T00:00:00+00:00,2026-09-03T11:15:03.742310+00:00,16230.0,16637.0,15994.0,16124.0,16050.3681640625,2251301
2019-05-24 00:00:00+00:00,2019-05-25T00:00:00+00:00,2026-09-03T11:15:03.742310+00:00,16151.0,16374.0,16061.0,16081.0,16007.5625,1720229
2019-05-27 00:00:00+00:00,2019-05-28T00:00:00+00:00,2026-09-03T11:15:03.742310+00:00,16064.0,16355.0,16046.0,16116.0,16042.404296875,767880
2019-05-28 00:00:00+00:00,2019-05-29T00:00:00+00:00,2026-09-03T11:15:03.742310+00:00,16110.0,16149.0,15707.0,15835.0,15762.685546875,5167244
2019-05-29 00:00:00+00:00,2019-05-30T00:00:00+00:00,2026-09-03T11:15:03.742310+00:00,15763.0,16330.0,15530.0,16255.0,16180.76953125,2007053
2019-05-30 00:00:00+00:00,2019-05-31T00:00:00+00:00,2026-09-03T11:15:03.742310+00:00,16413.0,16876.0,16324.0,16867.0,16789.974609375,2821781
2019-05-31 00:00:00+00:00,2019-06-01T00:00:00+00:00,2026-09-03T11:15:03.742310+00:00,16533.0,16900.0,16321.0,16900.0,16822.826171875,2540508
2019-06-03 00:00:00+00:00,2019-06-04T00:00:00+00:00,2026-09-03T11:15:03.742310+00:00,16870.0,17352.0,16698.0,17329.0,17249.86328125,3036325
2019-06-04 00:00:00+00:00,2019-06-05T00:00:00+00:00,2026-09-03T11:15:03.742310+00:00,17129.0,17190.0,16402.0,16599.0,16523.197265625,5003560
2019-06-05 00:00:00+00:00,2019-06-06T00:00:00+00:00,2026-09-03T11:15:03.742310+00:00,16631.0,16800.0,16456.0,16650.0,16573.966796875,1856264
2019-06-06 00:00:00+00:00,2019-06-07T00:00:00+00:00,2026-09-03T11:15:03.742310+00:00,16578.0,16819.0,16425.0,16456.0,16380.8486328125,1653070
2019-06-07 00:00:00+00:00,2019-06-08T00:00:00+00:00,2026-09-03T11:15:03.742310+00:00,16222.0,17081.0,16222.0,17000.0,16922.3671875,2958308
2019-06-10 00:00:00+00:00,2019-06-11T00:00:00+00:00,2026-09-03T11:15:03.742310+00:00,16829.0,17386.0,16829.0,17305.0,17225.97265625,1998378
2019-06-11 00:00:00+00:00,2019-06-12T00:00:00+00:00,2026-09-03T11:15:03.742310+00:00,17310.0,17653.0,17184.0,17420.0,17340.453125,1929000
2019-06-12 00:00:00+00:00,2019-06-13T00:00:00+00:00,2026-09-03T11:15:03.742310+00:00,17210.0,17539.0,17124.0,17389.0,17309.587890625,4790918
2019-06-13 00:00:00+00:00,2019-06-14T00:00:00+00:00,2026-09-03T11:15:03.742310+00:00,17421.0,17574.0,17249.0,17257.0,17178.193359375,4352341
2019-06-14 00:00:00+00:00,2019-06-15T00:00:00+00:00,2026-09-03T11:15:03.742310+00:00,17248.0,17485.0,17067.0,17198.0,17119.462890625,2813443
2019-06-18 00:00:00+00:00,2019-06-19T00:00:00+00:00,2026-09-03T11:15:03.742310+00:00,17464.0,17676.0,17318.0,17453.0,17373.296875,3105052
2019-06-19 00:00:00+00:00,2019-06-20T00:00:00+00:00,2026-09-03T11:15:03.742310+00:00,17554.0,18050.0,17502.0,17821.0,17739.615234375,4407288
2019-06-20 00:00:00+00:00,2019-06-21T00:00:00+00:00,2026-09-03T11:15:03.742310+00:00,18026.0,18244.0,17644.0,17960.0,17877.98046875,6814670
2019-06-21 00:00:00+00:00,2019-06-22T00:00:00+00:00,2026-09-03T11:15:03.742310+00:00,17739.0,18148.0,17736.0,18148.0,18065.123046875,4647410
2019-06-24 00:00:00+00:00,2019-06-25T00:00:00+00:00,2026-09-03T11:15:03.742310+00:00,18193.0,18272.0,17781.0,17950.0,17868.02734375,1197273
2019-06-25 00:00:00+00:00,2019-06-26T00:00:00+00:00,2026-09-03T11:15:03.742310+00:00,17880.0,17975.0,17599.0,17709.0,17628.12890625,1497050
2019-06-26 00:00:00+00:00,2019-06-27T00:00:00+00:00,2026-09-03T11:15:03.742310+00:00,17880.0,18008.0,17722.0,17899.0,17817.2578125,2247974
2019-06-27 00:00:00+00:00,2019-06-28T00:00:00+00:00,2026-09-03T11:15:03.742310+00:00,18000.0,18100.0,17639.0,17639.0,17558.44921875,2153245
2019-06-28 00:00:00+00:00,2019-06-29T00:00:00+00:00,2026-09-03T11:15:03.742310+00:00,17695.0,17770.0,17512.0,17600.0,17519.626953125,1942735
2019-07-01 00:00:00+00:00,2019-07-02T00:00:00+00:00,2026-09-03T11:15:03.742310+00:00,17898.0,18094.0,17409.0,17449.0,17369.318359375,1482063
2019-07-02 00:00:00+00:00,2019-07-03T00:00:00+00:00,2026-09-03T11:15:03.742310+00:00,17430.0,17646.0,16983.0,17138.0,17059.736328125,1753828
2019-07-03 00:00:00+00:00,2019-07-04T00:00:00+00:00,2026-09-03T11:15:03.742310+00:00,17320.0,17320.0,16935.0,17064.0,16986.076171875,2097321
2019-07-04 00:00:00+00:00,2019-07-05T00:00:00+00:00,2026-09-03T11:15:03.742310+00:00,17198.0,17338.0,16924.0,16941.0,16863.634765625,945752
2019-07-05 00:00:00+00:00,2019-07-06T00:00:00+00:00,2026-09-03T11:15:03.742310+00:00,17065.0,17066.0,16775.0,16900.0,16822.826171875,767008
2019-07-08 00:00:00+00:00,2019-07-09T00:00:00+00:00,2026-09-03T11:15:03.742310+00:00,16673.0,17012.0,16673.0,16956.0,16878.564453125,1099572
2019-07-09 00:00:00+00:00,2019-07-10T00:00:00+00:00,2026-09-03T11:15:03.742310+00:00,16996.0,16997.0,16512.0,16614.0,16538.12890625,1863500
2019-07-10 00:00:00+00:00,2019-07-11T00:00:00+00:00,2026-09-03T11:15:03.742310+00:00,16591.0,16966.0,16536.0,16881.0,16803.908203125,2846170
2019-07-11 00:00:00+00:00,2019-07-12T00:00:00+00:00,2026-09-03T11:15:03.742310+00:00,16745.0,17228.0,16745.0,16970.0,16892.505859375,1777210
2019-07-12 00:00:00+00:00,2019-07-13T00:00:00+00:00,2026-09-03T11:15:03.742310+00:00,16976.0,17271.0,16917.0,16962.0,16884.537109375,1356474
2019-07-15 00:00:00+00:00,2019-07-16T00:00:00+00:00,2026-09-03T11:15:03.742310+00:00,17000.0,17138.0,16740.0,16860.0,16783.005859375,1322452
2019-07-16 00:00:00+00:00,2019-07-17T00:00:00+00:00,2026-09-03T11:15:03.742310+00:00,16804.0,17231.0,16772.0,17200.0,17121.453125,1877688
2019-07-17 00:00:00+00:00,2019-07-18T00:00:00+00:00,2026-09-03T11:15:03.742310+00:00,17334.0,17334.0,16871.0,16911.0,16833.7734375,2146938
2019-07-18 00:00:00+00:00,2019-07-19T00:00:00+00:00,2026-09-03T11:15:03.742310+00:00,16947.0,17178.0,16756.0,17076.0,16998.017578125,2113070
2019-07-19 00:00:00+00:00,2019-07-20T00:00:00+00:00,2026-09-03T11:15:03.742310+00:00,17299.0,17377.0,17055.0,17193.0,17114.48828125,1970999
2019-07-22 00:00:00+00:00,2019-07-23T00:00:00+00:00,2026-09-03T11:15:03.742310+00:00,16907.0,17182.0,16758.0,16900.0,16822.826171875,2070498
2019-07-23 00:00:00+00:00,2019-07-24T00:00:00+00:00,2026-09-03T11:15:03.742310+00:00,16999.0,17135.0,16863.0,16999.0,16921.37109375,1961822
2019-07-24 00:00:00+00:00,2019-07-25T00:00:00+00:00,2026-09-03T11:15:03.742310+00:00,16924.0,17086.0,16813.0,16896.0,16818.841796875,1892254
2019-07-25 00:00:00+00:00,2019-07-26T00:00:00+00:00,2026-09-03T11:15:03.742310+00:00,17126.0,17126.0,16550.0,16657.0,16580.931640625,2258895
2019-07-26 00:00:00+00:00,2019-07-27T00:00:00+00:00,2026-09-03T11:15:03.742310+00:00,16790.0,16809.0,16277.0,16329.0,16254.4287109375,1753253
2019-07-29 00:00:00+00:00,2019-07-30T00:00:00+00:00,2026-09-03T11:15:03.742310+00:00,16314.0,16578.0,16291.0,16400.0,16325.10546875,2269625
2019-07-30 00:00:00+00:00,2019-07-31T00:00:00+00:00,2026-09-03T11:15:03.742310+00:00,16619.0,16619.0,16008.0,16172.0,16098.1484375,1609661
2019-07-31 00:00:00+00:00,2019-08-01T00:00:00+00:00,2026-09-03T11:15:03.742310+00:00,16300.0,16317.0,15961.0,15968.0,15895.0791015625,2158456
2019-08-01 00:00:00+00:00,2019-08-02T00:00:00+00:00,2026-09-03T11:15:03.742310+00:00,15947.0,16128.0,15614.0,15799.0,15726.8515625,4155079
2019-08-02 00:00:00+00:00,2019-08-03T00:00:00+00:00,2026-09-03T11:15:03.742310+00:00,15699.0,15873.0,15364.0,15615.0,15543.6904296875,2475713
2019-08-05 00:00:00+00:00,2019-08-06T00:00:00+00:00,2026-09-03T11:15:03.742310+00:00,15309.0,15536.0,15214.0,15400.0,15329.6728515625,3502781
2019-08-06 00:00:00+00:00,2019-08-07T00:00:00+00:00,2026-09-03T11:15:03.742310+00:00,15615.0,15661.0,15250.0,15250.0,15180.3564453125,2422655
2019-08-07 00:00:00+00:00,2019-08-08T00:00:00+00:00,2026-09-03T11:15:03.742310+00:00,15335.0,15384.0,14876.0,15059.0,14990.2294921875,3242865
2019-08-08 00:00:00+00:00,2019-08-09T00:00:00+00:00,2026-09-03T11:15:03.742310+00:00,15360.0,15360.0,15020.0,15020.0,14951.4091796875,2444054
2019-08-12 00:00:00+00:00,2019-08-13T00:00:00+00:00,2026-09-03T11:15:03.742310+00:00,15400.0,15219.0,14777.0,14830.0,14762.2763671875,2645603
2019-08-13 00:00:00+00:00,2019-08-14T00:00:00+00:00,2026-09-03T11:15:03.742310+00:00,14601.0,15205.0,14512.0,14997.0,14928.5126953125,3300977
2019-08-14 00:00:00+00:00,2019-08-15T00:00:00+00:00,2026-09-03T11:15:03.742310+00:00,15096.0,15000.0,14456.0,14621.0,14554.2294921875,1956682
2019-08-15 00:00:00+00:00,2019-08-16T00:00:00+00:00,2026-09-03T11:15:03.742310+00:00,14717.0,15285.0,14415.0,15210.0,15140.541015625,3924910
2019-08-16 00:00:00+00:00,2019-08-17T00:00:00+00:00,2026-09-03T11:15:03.742310+00:00,15188.0,15296.0,14820.0,14888.0,14820.01171875,5208389
2019-08-19 00:00:00+00:00,2019-08-20T00:00:00+00:00,2026-09-03T11:15:03.742310+00:00,15041.0,15119.0,14765.0,14785.0,14717.482421875,3564143
2019-08-20 00:00:00+00:00,2019-08-21T00:00:00+00:00,2026-09-03T11:15:03.742310+00:00,14899.0,15023.0,14676.0,14935.0,14866.7978515625,2660386
2019-08-21 00:00:00+00:00,2019-08-22T00:00:00+00:00,2026-09-03T11:15:03.742310+00:00,14920.0,15390.0,14952.0,15308.0,15238.0927734375,2648610
2019-08-22 00:00:00+00:00,2019-08-23T00:00:00+00:00,2026-09-03T11:15:03.742310+00:00,15308.0,15500.0,15078.0,15107.0,15038.01171875,2077842
2019-08-23 00:00:00+00:00,2019-08-24T00:00:00+00:00,2026-09-03T11:15:03.742310+00:00,15177.0,15312.0,14936.0,15100.0,15031.0439453125,1641005
2019-08-26 00:00:00+00:00,2019-08-27T00:00:00+00:00,2026-09-03T11:15:03.742310+00:00,14900.0,15118.0,14803.0,15100.0,15031.0439453125,1296877
2019-08-27 00:00:00+00:00,2019-08-28T00:00:00+00:00,2026-09-03T11:15:03.742310+00:00,15030.0,15000.0,14650.0,14777.0,14709.5185546875,3297948
2019-08-28 00:00:00+00:00,2019-08-29T00:00:00+00:00,2026-09-03T11:15:03.742310+00:00,14747.0,15126.0,14610.0,15014.0,14945.4365234375,1675856
2019-08-29 00:00:00+00:00,2019-08-30T00:00:00+00:00,2026-09-03T11:15:03.742310+00:00,14860.0,15093.0,14702.0,14750.0,14682.640625,2456203
2019-08-30 00:00:00+00:00,2019-08-31T00:00:00+00:00,2026-09-03T11:15:03.742310+00:00,14883.0,15369.0,14692.0,15369.0,15298.8134765625,4207468
2019-09-02 00:00:00+00:00,2019-09-03T00:00:00+00:00,2026-09-03T11:15:03.742310+00:00,15316.0,15473.0,15160.0,15160.0,15090.767578125,1005331
2019-09-03 00:00:00+00:00,2019-09-04T00:00:00+00:00,2026-09-03T11:15:03.742310+00:00,15160.0,15485.0,15094.0,15362.0,15291.8466796875,1417619
2019-09-04 00:00:00+00:00,2019-09-05T00:00:00+00:00,2026-09-03T11:15:03.742310+00:00,15444.0,15542.0,15206.0,15347.0,15276.9140625,1780946
2019-09-05 00:00:00+00:00,2019-09-06T00:00:00+00:00,2026-09-03T11:15:03.742310+00:00,15435.0,15869.0,15373.0,15750.0,15678.07421875,1614601
2019-09-06 00:00:00+00:00,2019-09-07T00:00:00+00:00,2026-09-03T11:15:03.742310+00:00,15824.0,16150.0,15687.0,16015.0,15941.865234375,1927322
2019-09-09 00:00:00+00:00,2019-09-10T00:00:00+00:00,2026-09-03T11:15:03.742310+00:00,16103.0,16453.0,15970.0,16066.0,15992.630859375,1741861
2019-09-10 00:00:00+00:00,2019-09-11T00:00:00+00:00,2026-09-03T11:15:03.742310+00:00,16100.0,16185.0,15823.0,16100.0,16026.4765625,1230472
2019-09-11 00:00:00+00:00,2019-09-12T00:00:00+00:00,2026-09-03T11:15:03.742310+00:00,15900.0,16037.0,15601.0,15869.0,15801.4853515625,2299825
2019-09-12 00:00:00+00:00,2019-09-13T00:00:00+00:00,2026-09-03T11:15:03.742310+00:00,15871.0,16393.0,15776.0,16206.0,16137.0537109375,1747799
2019-09-13 00:00:00+00:00,2019-09-14T00:00:00+00:00,2026-09-03T11:15:03.742310+00:00,16296.0,16720.0,16093.0,16700.0,16628.951171875,1793083
2019-09-16 00:00:00+00:00,2019-09-17T00:00:00+00:00,2026-09-03T11:15:03.742310+00:00,16698.0,17206.0,16250.0,17206.0,17132.796875,4111349
2019-09-17 00:00:00+00:00,2019-09-18T00:00:00+00:00,2026-09-03T11:15:03.742310+00:00,16956.0,16995.0,16568.0,16724.0,16652.849609375,3539526
2019-09-18 00:00:00+00:00,2019-09-19T00:00:00+00:00,2026-09-03T11:15:03.742310+00:00,16802.0,17000.0,16622.0,16730.0,16658.826171875,2231492
2019-09-19 00:00:00+00:00,2019-09-20T00:00:00+00:00,2026-09-03T11:15:03.742310+00:00,16720.0,16886.0,16399.0,16732.0,16660.81640625,6743642
2019-09-20 00:00:00+00:00,2019-09-21T00:00:00+00:00,2026-09-03T11:15:03.742310+00:00,16851.0,16851.0,16300.0,16300.0,16230.654296875,4244411
2019-09-23 00:00:00+00:00,2019-09-24T00:00:00+00:00,2026-09-03T11:15:03.742310+00:00,16303.0,16401.0,15873.0,16160.0,16091.25,2345317
2019-09-25 00:00:00+00:00,2019-09-26T00:00:00+00:00,2026-09-03T11:15:03.742310+00:00,15875.0,16226.0,15586.0,15701.0,15634.201171875,2556831
2019-09-26 00:00:00+00:00,2019-09-27T00:00:00+00:00,2026-09-03T11:15:03.742310+00:00,15585.0,16178.0,15683.0,16050.0,15981.716796875,1897597
2019-09-27 00:00:00+00:00,2019-09-28T00:00:00+00:00,2026-09-03T11:15:03.742310+00:00,16000.0,16061.0,15742.0,15850.0,15782.5673828125,1581064
2019-09-30 00:00:00+00:00,2019-10-01T00:00:00+00:00,2026-09-03T11:15:03.742310+00:00,16009.0,16046.0,15287.0,15287.0,15221.962890625,2911672
2019-10-01 00:00:00+00:00,2019-10-02T00:00:00+00:00,2026-09-03T11:15:03.742310+00:00,15452.0,15598.0,15335.0,15465.0,15399.2060546875,1990996
2019-10-02 00:00:00+00:00,2019-10-03T00:00:00+00:00,2026-09-03T11:15:03.742310+00:00,15465.0,15466.0,15137.0,15194.0,15129.359375,2242100
2019-10-03 00:00:00+00:00,2019-10-04T00:00:00+00:00,2026-09-03T11:15:03.742310+00:00,15100.0,15296.0,15038.0,15132.0,15067.623046875,1673001
2019-10-04 00:00:00+00:00,2019-10-05T00:00:00+00:00,2026-09-03T11:15:03.742310+00:00,15132.0,15329.0,14968.0,15275.0,15210.013671875,2391002
2019-10-07 00:00:00+00:00,2019-10-08T00:00:00+00:00,2026-09-03T11:15:03.742310+00:00,15300.0,15299.0,14950.0,15197.0,15132.3466796875,1973445
2019-10-08 00:00:00+00:00,2019-10-09T00:00:00+00:00,2026-09-03T11:15:03.742310+00:00,15200.0,15426.0,14780.0,14862.0,14798.771484375,3036857
2019-10-09 00:00:00+00:00,2019-10-10T00:00:00+00:00,2026-09-03T11:15:03.742310+00:00,14780.0,15192.0,14816.0,15122.0,15057.666015625,2928236
2019-10-10 00:00:00+00:00,2019-10-11T00:00:00+00:00,2026-09-03T11:15:03.742310+00:00,15120.0,15525.0,15085.0,15525.0,15458.9501953125,2002683
2019-10-11 00:00:00+00:00,2019-10-12T00:00:00+00:00,2026-09-03T11:15:03.742310+00:00,15600.0,16102.0,15529.0,16000.0,15931.9296875,2708840
2019-10-14 00:00:00+00:00,2019-10-15T00:00:00+00:00,2026-09-03T11:15:03.742310+00:00,16069.0,16013.0,15581.0,15728.0,15661.087890625,2429373
2019-10-15 00:00:00+00:00,2019-10-16T00:00:00+00:00,2026-09-03T11:15:03.742310+00:00,15857.0,16025.0,15619.0,15873.0,15805.470703125,1523199
2019-10-16 00:00:00+00:00,2019-10-17T00:00:00+00:00,2026-09-03T11:15:03.742310+00:00,15900.0,16079.0,15541.0,16076.0,16007.607421875,2245209
2019-10-17 00:00:00+00:00,2019-10-18T00:00:00+00:00,2026-09-03T11:15:03.742310+00:00,16030.0,16234.0,15905.0,15905.0,15837.333984375,2268061
2019-10-18 00:00:00+00:00,2019-10-19T00:00:00+00:00,2026-09-03T11:15:03.742310+00:00,15942.0,16113.0,15799.0,15810.0,15742.7392578125,2124714
2019-10-21 00:00:00+00:00,2019-10-22T00:00:00+00:00,2026-09-03T11:15:03.742310+00:00,15881.0,16099.0,15692.0,16039.0,15970.7646484375,1017698
2019-10-22 00:00:00+00:00,2019-10-23T00:00:00+00:00,2026-09-03T11:15:03.742310+00:00,15940.0,16539.0,15915.0,16410.0,16340.1875,2388441
2019-10-23 00:00:00+00:00,2019-10-24T00:00:00+00:00,2026-09-03T11:15:03.742310+00:00,16307.0,16410.0,15985.0,16294.0,16224.6796875,2454056
2019-10-24 00:00:00+00:00,2019-10-25T00:00:00+00:00,2026-09-03T11:15:03.742310+00:00,16385.0,16500.0,16019.0,16020.0,15951.8447265625,2021491
2019-10-25 00:00:00+00:00,2019-10-26T00:00:00+00:00,2026-09-03T11:15:03.742310+00:00,16100.0,16096.0,15838.0,15903.0,15835.3427734375,1258167
2019-10-28 00:00:00+00:00,2019-10-29T00:00:00+00:00,2026-09-03T11:15:03.742310+00:00,16000.0,16245.0,15990.0,16172.0,16103.19921875,1210885
2019-10-29 00:00:00+00:00,2019-10-30T00:00:00+00:00,2026-09-03T11:15:03.742310+00:00,16464.0,16450.0,15582.0,16084.0,16015.5732421875,1577250
2019-10-30 00:00:00+00:00,2019-10-31T00:00:00+00:00,2026-09-03T11:15:03.742310+00:00,16149.0,16164.0,15419.0,15569.0,15502.763671875,2111045
2019-10-31 00:00:00+00:00,2019-11-01T00:00:00+00:00,2026-09-03T11:15:03.742310+00:00,15790.0,16015.0,15202.0,15488.0,15422.1083984375,2780647
2019-11-01 00:00:00+00:00,2019-11-02T00:00:00+00:00,2026-09-03T11:15:03.742310+00:00,15436.0,15615.0,15322.0,15477.0,15411.15625,1204387
2019-11-04 00:00:00+00:00,2019-11-05T00:00:00+00:00,2026-09-03T11:15:03.742310+00:00,15610.0,15929.0,15634.0,15760.0,15692.951171875,1349020
2019-11-05 00:00:00+00:00,2019-11-06T00:00:00+00:00,2026-09-03T11:15:03.742310+00:00,15800.0,16200.0,15822.0,16056.0,15987.6904296875,2043089
2019-11-06 00:00:00+00:00,2019-11-07T00:00:00+00:00,2026-09-03T11:15:03.742310+00:00,16100.0,16292.0,15403.0,16167.0,16098.2177734375,1710613
2019-11-07 00:00:00+00:00,2019-11-08T00:00:00+00:00,2026-09-03T11:15:03.742310+00:00,15990.0,16523.0,15990.0,16369.0,16299.3603515625,2556067
2019-11-08 00:00:00+00:00,2019-11-09T00:00:00+00:00,2026-09-03T11:15:03.742310+00:00,16360.0,16461.0,16113.0,16261.0,16191.8203125,1545291
2019-11-11 00:00:00+00:00,2019-11-12T00:00:00+00:00,2026-09-03T11:15:03.742310+00:00,16397.0,16397.0,15797.0,16193.0,16124.109375,1555496
2019-11-12 00:00:00+00:00,2019-11-13T00:00:00+00:00,2026-09-03T11:15:03.742310+00:00,16500.0,16496.0,16063.0,16195.0,16126.0986328125,1312160
2019-11-13 00:00:00+00:00,2019-11-14T00:00:00+00:00,2026-09-03T11:15:03.742310+00:00,16000.0,16169.0,15827.0,16160.0,16091.25,1586154
2019-11-14 00:00:00+00:00,2019-11-15T00:00:00+00:00,2026-09-03T11:15:03.742310+00:00,16069.0,16452.0,15802.0,16130.0,16061.376953125,1276996
2019-11-15 00:00:00+00:00,2019-11-16T00:00:00+00:00,2026-09-03T11:15:03.742310+00:00,16312.0,16397.0,16044.0,16289.0,16219.7001953125,1393593
2019-11-18 00:00:00+00:00,2019-11-19T00:00:00+00:00,2026-09-03T11:15:03.742310+00:00,16166.0,16495.0,15886.0,16052.0,15983.70703125,1179213
2019-11-19 00:00:00+00:00,2019-11-20T00:00:00+00:00,2026-09-03T11:15:03.742310+00:00,16244.0,16349.0,15951.0,16339.0,16269.4853515625,1086614
2019-11-20 00:00:00+00:00,2019-11-21T00:00:00+00:00,2026-09-03T11:15:03.742310+00:00,16168.0,16528.0,16154.0,16528.0,16457.68359375,1385518
2019-11-21 00:00:00+00:00,2019-11-22T00:00:00+00:00,2026-09-03T11:15:03.742310+00:00,16500.0,16526.0,15804.0,15853.0,15785.5556640625,2506244
2019-11-22 00:00:00+00:00,2019-11-23T00:00:00+00:00,2026-09-03T11:15:03.742310+00:00,15800.0,16057.0,15800.0,15980.0,15912.0166015625,1756862
2019-11-25 00:00:00+00:00,2019-11-26T00:00:00+00:00,2026-09-03T11:15:03.742310+00:00,15750.0,15997.0,15327.0,15441.0,15375.3095703125,2857913
2019-11-26 00:00:00+00:00,2019-11-27T00:00:00+00:00,2026-09-03T11:15:03.742310+00:00,15400.0,15540.0,14920.0,14950.0,14886.3955078125,5425962
2019-11-27 00:00:00+00:00,2019-11-28T00:00:00+00:00,2026-09-03T11:15:03.742310+00:00,15150.0,15205.0,14997.0,15034.0,14970.0390625,2170782
2019-11-28 00:00:00+00:00,2019-11-29T00:00:00+00:00,2026-09-03T11:15:03.742310+00:00,15000.0,15006.0,14665.0,14744.0,14681.2724609375,2387062
2019-11-29 00:00:00+00:00,2019-11-30T00:00:00+00:00,2026-09-03T11:15:03.742310+00:00,14625.0,14952.0,14565.0,14726.0,14663.349609375,2706100
2019-12-02 00:00:00+00:00,2019-12-03T00:00:00+00:00,2026-09-03T11:15:03.742310+00:00,14735.0,14999.0,14526.0,14564.0,14502.0390625,2450263
2019-12-03 00:00:00+00:00,2019-12-04T00:00:00+00:00,2026-09-03T11:15:03.742310+00:00,14564.0,14700.0,14428.0,14472.0,14410.4306640625,2974149
2019-12-04 00:00:00+00:00,2019-12-05T00:00:00+00:00,2026-09-03T11:15:03.742310+00:00,14600.0,14902.0,14450.0,14659.0,14596.634765625,1690573
2019-12-05 00:00:00+00:00,2019-12-06T00:00:00+00:00,2026-09-03T11:15:03.742310+00:00,14812.0,14813.0,14401.0,14478.0,14416.4052734375,1665691
2019-12-06 00:00:00+00:00,2019-12-07T00:00:00+00:00,2026-09-03T11:15:03.742310+00:00,14480.0,14843.0,14620.0,14763.0,14700.19140625,1742807
2019-12-09 00:00:00+00:00,2019-12-10T00:00:00+00:00,2026-09-03T11:15:03.742310+00:00,14774.0,14821.0,14547.0,14607.0,14544.85546875,1039696
2019-12-10 00:00:00+00:00,2019-12-11T00:00:00+00:00,2026-09-03T11:15:03.742310+00:00,14800.0,14610.0,14223.0,14470.0,14408.439453125,1867530
2019-12-11 00:00:00+00:00,2019-12-12T00:00:00+00:00,2026-09-03T11:15:03.742310+00:00,14471.0,14712.0,14490.0,14663.0,14600.6162109375,1626987
2019-12-12 00:00:00+00:00,2019-12-13T00:00:00+00:00,2026-09-03T11:15:03.742310+00:00,14663.0,14854.0,14518.0,14540.0,14478.1435546875,1882298
2019-12-13 00:00:00+00:00,2019-12-14T00:00:00+00:00,2026-09-03T11:15:03.742310+00:00,14777.0,15336.0,14674.0,15288.0,15222.9599609375,3927043
2019-12-17 00:00:00+00:00,2019-12-18T00:00:00+00:00,2026-09-03T11:15:03.742310+00:00,15195.0,15590.0,14947.0,14947.0,14883.41015625,3546046
2019-12-18 00:00:00+00:00,2019-12-19T00:00:00+00:00,2026-09-03T11:15:03.742310+00:00,15219.0,15400.0,14934.0,15360.0,15294.6533203125,2578468
2019-12-19 00:00:00+00:00,2019-12-20T00:00:00+00:00,2026-09-03T11:15:03.742310+00:00,15275.0,15438.0,15020.0,15161.0,15096.5,6266359
2019-12-20 00:00:00+00:00,2019-12-21T00:00:00+00:00,2026-09-03T11:15:03.742310+00:00,15300.0,15366.0,14854.0,14957.0,14893.3671875,3040556
2019-12-23 00:00:00+00:00,2019-12-24T00:00:00+00:00,2026-09-03T11:15:03.742310+00:00,14885.0,15067.0,14667.0,14946.0,14882.4150390625,1186997
2019-12-24 00:00:00+00:00,2019-12-25T00:00:00+00:00,2026-09-03T11:15:03.742310+00:00,14610.0,14948.0,14702.0,14948.0,14884.4052734375,346105
2019-12-27 00:00:00+00:00,2019-12-28T00:00:00+00:00,2026-09-03T11:15:03.742310+00:00,14801.0,15272.0,14783.0,14921.0,14857.521484375,967361
2019-12-30 00:00:00+00:00,2019-12-31T00:00:00+00:00,2026-09-03T11:15:03.742310+00:00,14900.0,15219.0,14937.0,15180.0,15115.4189453125,1056676
2019-12-31 00:00:00+00:00,2020-01-01T00:00:00+00:00,2026-09-03T11:15:03.742310+00:00,14860.0,15202.0,14839.0,14930.0,14866.4814453125,860521
2020-01-02 00:00:00+00:00,2020-01-03T00:00:00+00:00,2026-09-03T11:15:03.742310+00:00,15085.0,15318.0,14989.0,15069.0,15004.8896484375,942921
2020-01-03 00:00:00+00:00,2020-01-04T00:00:00+00:00,2026-09-03T11:15:03.742310+00:00,14850.0,15027.0,14664.0,14961.0,14897.3515625,1394666
2020-01-06 00:00:00+00:00,2020-01-07T00:00:00+00:00,2026-09-03T11:15:03.742310+00:00,15000.0,15000.0,14466.0,14536.0,14474.1572265625,1185720
2020-01-07 00:00:00+00:00,2020-01-08T00:00:00+00:00,2026-09-03T11:15:03.742310+00:00,14700.0,14831.0,14158.0,14158.0,14097.767578125,5625419
2020-01-08 00:00:00+00:00,2020-01-09T00:00:00+00:00,2026-09-03T11:15:03.742310+00:00,14149.0,14340.0,13959.0,14295.0,14234.18359375,3584756
2020-01-09 00:00:00+00:00,2020-01-10T00:00:00+00:00,2026-09-03T11:15:03.742310+00:00,14495.0,14589.0,14322.0,14438.0,14376.5751953125,1910047
2020-01-10 00:00:00+00:00,2020-01-11T00:00:00+00:00,2026-09-03T11:15:03.742310+00:00,14445.0,14553.0,14288.0,14340.0,14278.9921875,2790042
2020-01-13 00:00:00+00:00,2020-01-14T00:00:00+00:00,2026-09-03T11:15:03.742310+00:00,14430.0,14468.0,13988.0,14092.0,14032.0478515625,2971835
2020-01-14 00:00:00+00:00,2020-01-15T00:00:00+00:00,2026-09-03T11:15:03.742310+00:00,14253.0,14440.0,14042.0,14415.0,14353.673828125,3228570
2020-01-15 00:00:00+00:00,2020-01-16T00:00:00+00:00,2026-09-03T11:15:03.742310+00:00,14511.0,14550.0,14283.0,14335.0,14274.0126953125,1852067
2020-01-16 00:00:00+00:00,2020-01-17T00:00:00+00:00,2026-09-03T11:15:03.742310+00:00,14450.0,14482.0,14226.0,14429.0,14367.6123046875,2535191
2020-01-17 00:00:00+00:00,2020-01-18T00:00:00+00:00,2026-09-03T11:15:03.742310+00:00,14512.0,14518.0,13842.0,13950.0,13890.6513671875,4251332
2020-01-20 00:00:00+00:00,2020-01-21T00:00:00+00:00,2026-09-03T11:15:03.742310+00:00,14000.0,14039.0,13801.0,13946.0,13886.66796875,2353326
2020-01-21 00:00:00+00:00,2020-01-22T00:00:00+00:00,2026-09-03T11:15:03.742310+00:00,13890.0,14088.0,13689.0,14069.0,14009.14453125,2281601
2020-01-22 00:00:00+00:00,2020-01-23T00:00:00+00:00,2026-09-03T11:15:03.742310+00:00,14089.0,14198.0,13833.0,14090.0,14030.0556640625,2684251
2020-01-23 00:00:00+00:00,2020-01-24T00:00:00+00:00,2026-09-03T11:15:03.742310+00:00,13921.0,14181.0,13882.0,13965.0,13905.5869140625,1823311
2020-01-24 00:00:00+00:00,2020-01-25T00:00:00+00:00,2026-09-03T11:15:03.742310+00:00,14075.0,14148.0,13975.0,14017.0,13957.3662109375,1433200
2020-01-27 00:00:00+00:00,2020-01-28T00:00:00+00:00,2026-09-03T11:15:03.742310+00:00,13712.0,13854.0,13592.0,13700.0,13641.7158203125,2332577
2020-01-28 00:00:00+00:00,2020-01-29T00:00:00+00:00,2026-09-03T11:15:03.742310+00:00,13625.0,13935.0,13581.0,13800.0,13741.2880859375,2810191
2020-01-29 00:00:00+00:00,2020-01-30T00:00:00+00:00,2026-09-03T11:15:03.742310+00:00,13994.0,14075.0,13805.0,13900.0,13840.8642578125,3266569
2020-01-30 00:00:00+00:00,2020-01-31T00:00:00+00:00,2026-09-03T11:15:03.742310+00:00,13889.0,14062.0,13645.0,13985.0,13925.5029296875,2437038
2020-01-31 00:00:00+00:00,2020-02-01T00:00:00+00:00,2026-09-03T11:15:03.742310+00:00,14090.0,14005.0,13702.0,13744.0,13685.52734375,3468779
2020-02-03 00:00:00+00:00,2020-02-04T00:00:00+00:00,2026-09-03T11:15:03.742310+00:00,13744.0,13955.0,13700.0,13760.0,13701.4599609375,1893133
2020-02-04 00:00:00+00:00,2020-02-05T00:00:00+00:00,2026-09-03T11:15:03.742310+00:00,14000.0,14238.0,13883.0,14164.0,14103.7392578125,2338621
2020-02-05 00:00:00+00:00,2020-02-06T00:00:00+00:00,2026-09-03T11:15:03.742310+00:00,14272.0,14515.0,14154.0,14443.0,14381.5517578125,2882551
2020-02-06 00:00:00+00:00,2020-02-07T00:00:00+00:00,2026-09-03T11:15:03.742310+00:00,14520.0,14880.0,14550.0,14739.0,14676.2939453125,3705305
2020-02-07 00:00:00+00:00,2020-02-08T00:00:00+00:00,2026-09-03T11:15:03.742310+00:00,14785.0,14793.0,14360.0,14642.0,14579.7080078125,4345800
2020-02-10 00:00:00+00:00,2020-02-11T00:00:00+00:00,2026-09-03T11:15:03.742310+00:00,14680.0,14687.0,14407.0,14500.0,14438.3134765625,2247001
2020-02-11 00:00:00+00:00,2020-02-12T00:00:00+00:00,2026-09-03T11:15:03.742310+00:00,14500.0,14719.0,14457.0,14652.0,14589.6640625,1986571
2020-02-12 00:00:00+00:00,2020-02-13T00:00:00+00:00,2026-09-03T11:15:03.742310+00:00,14701.0,14946.0,14649.0,14851.0,14787.8173828125,4192682
2020-02-13 00:00:00+00:00,2020-02-14T00:00:00+00:00,2026-09-03T11:15:03.742310+00:00,14900.0,14928.0,14747.0,14789.0,14726.08203125,4271736
2020-02-14 00:00:00+00:00,2020-02-15T00:00:00+00:00,2026-09-03T11:15:03.742310+00:00,14850.0,14850.0,14609.0,14679.0,14616.5517578125,2139421
2020-02-17 00:00:00+00:00,2020-02-18T00:00:00+00:00,2026-09-03T11:15:03.742310+00:00,14600.0,14805.0,14600.0,14710.0,14647.41796875,1568152
2020-02-18 00:00:00+00:00,2020-02-19T00:00:00+00:00,2026-09-03T11:15:03.742310+00:00,14620.0,14768.0,14416.0,14575.0,14512.9921875,2606369
2020-02-19 00:00:00+00:00,2020-02-20T00:00:00+00:00,2026-09-03T11:15:03.742310+00:00,14553.0,14900.0,14550.0,14664.0,14601.615234375,2314450
2020-02-20 00:00:00+00:00,2020-02-21T00:00:00+00:00,2026-09-03T11:15:03.742310+00:00,14950.0,14781.0,14288.0,14300.0,14239.1611328125,1432802
2020-02-21 00:00:00+00:00,2020-02-22T00:00:00+00:00,2026-09-03T11:15:03.742310+00:00,14015.0,14214.0,13879.0,14000.0,13940.4375,2897625
2020-02-24 00:00:00+00:00,2020-02-25T00:00:00+00:00,2026-09-03T11:15:03.742310+00:00,13994.0,13940.0,13412.0,13472.0,13414.6845703125,2770313
2020-02-25 00:00:00+00:00,2020-02-26T00:00:00+00:00,2026-09-03T11:15:03.742310+00:00,13690.0,13684.0,13287.0,13426.0,13368.87890625,3681666
2020-02-26 00:00:00+00:00,2020-02-27T00:00:00+00:00,2026-09-03T11:15:03.742310+00:00,13300.0,14504.0,13240.0,14421.0,14359.6474609375,5454108
2020-02-27 00:00:00+00:00,2020-02-28T00:00:00+00:00,2026-09-03T11:15:03.742310+00:00,14102.0,14326.0,13659.0,13699.0,13640.7197265625,3512068
2020-02-28 00:00:00+00:00,2020-02-29T00:00:00+00:00,2026-09-03T11:15:03.742310+00:00,13300.0,13511.0,12804.0,13230.0,13173.71484375,5758791
2020-03-02 00:00:00+00:00,2020-03-03T00:00:00+00:00,2026-09-03T11:15:03.742310+00:00,13550.0,13640.0,13160.0,13350.0,13293.2041015625,3148396
2020-03-03 00:00:00+00:00,2020-03-04T00:00:00+00:00,2026-09-03T11:15:03.742310+00:00,13650.0,13977.0,13236.0,13460.0,13402.734375,3624419
2020-03-04 00:00:00+00:00,2020-03-05T00:00:00+00:00,2026-09-03T11:15:03.742310+00:00,13310.0,13658.0,13350.0,13501.0,13443.5625,3172471
2020-03-05 00:00:00+00:00,2020-03-06T00:00:00+00:00,2026-09-03T11:15:03.742310+00:00,13890.0,13849.0,13164.0,13198.0,13141.8505859375,4248279
2020-03-06 00:00:00+00:00,2020-03-07T00:00:00+00:00,2026-09-03T11:15:03.742310+00:00,13050.0,13050.0,12341.0,12611.0,12557.34765625,7828915
2020-03-09 00:00:00+00:00,2020-03-10T00:00:00+00:00,2026-09-03T11:15:03.742310+00:00,12250.0,12292.0,11629.0,12050.0,11998.734375,6821462
2020-03-10 00:00:00+00:00,2020-03-11T00:00:00+00:00,2026-09-03T11:15:03.742310+00:00,12301.0,12644.0,11834.0,12002.0,11950.939453125,4602916
2020-03-11 00:00:00+00:00,2020-03-12T00:00:00+00:00,2026-09-03T11:15:03.742310+00:00,12300.0,12575.0,12043.0,12211.0,12159.05078125,2977949
2020-03-12 00:00:00+00:00,2020-03-13T00:00:00+00:00,2026-09-03T11:15:03.742310+00:00,11600.0,12104.0,11511.0,11962.0,11911.1103515625,4456123
2020-03-13 00:00:00+00:00,2020-03-14T00:00:00+00:00,2026-09-03T11:15:03.742310+00:00,12100.0,12300.0,11630.0,11764.0,11713.9521484375,4603904
2020-03-16 00:00:00+00:00,2020-03-17T00:00:00+00:00,2026-09-03T11:15:03.742310+00:00,11500.0,11581.0,10277.0,11060.0,11012.9453125,5066528
2020-03-17 00:00:00+00:00,2020-03-18T00:00:00+00:00,2026-09-03T11:15:03.742310+00:00,11100.0,11348.0,10454.0,10732.0,10686.341796875,4153485
2020-03-18 00:00:00+00:00,2020-03-19T00:00:00+00:00,2026-09-03T11:15:03.742310+00:00,10498.0,10522.0,9250.0,9452.0,9411.7880859375,6696517
2020-03-19 00:00:00+00:00,2020-03-20T00:00:00+00:00,2026-09-03T11:15:03.742310+00:00,9511.0,9659.0,7861.0,7983.0,7949.037109375,19700461
2020-03-20 00:00:00+00:00,2020-03-21T00:00:00+00:00,2026-09-03T11:15:03.742310+00:00,8350.0,8674.0,8005.0,8446.0,8410.06640625,12818190
2020-03-23 00:00:00+00:00,2020-03-24T00:00:00+00:00,2026-09-03T11:15:03.742310+00:00,7866.0,8046.0,7072.0,7481.0,7449.1728515625,5100942
2020-03-24 00:00:00+00:00,2020-03-25T00:00:00+00:00,2026-09-03T11:15:03.742310+00:00,7605.0,7926.0,6949.0,7900.0,7866.390625,9219192
2020-03-25 00:00:00+00:00,2020-03-26T00:00:00+00:00,2026-09-03T11:15:03.742310+00:00,8090.0,8646.0,7466.0,7600.0,7567.66650390625,7614764
2020-03-26 00:00:00+00:00,2020-03-27T00:00:00+00:00,2026-09-03T11:15:03.742310+00:00,7601.0,8216.0,7330.0,8067.0,8032.68017578125,9308517
2020-03-27 00:00:00+00:00,2020-03-28T00:00:00+00:00,2026-09-03T11:15:03.742310+00:00,8399.0,8397.0,6808.0,7199.0,7168.373046875,5787863
2020-03-30 00:00:00+00:00,2020-03-31T00:00:00+00:00,2026-09-03T11:15:03.742310+00:00,6810.0,7065.0,6330.0,6330.0,6303.06982421875,10360655
2020-03-31 00:00:00+00:00,2020-04-01T00:00:00+00:00,2026-09-03T11:15:03.742310+00:00,6450.0,7500.0,6431.0,7500.0,7468.09228515625,16158487
2020-04-01 00:00:00+00:00,2020-04-02T00:00:00+00:00,2026-09-03T11:15:03.742310+00:00,7100.0,8081.0,7050.0,7673.0,7640.35546875,6997450
2020-04-02 00:00:00+00:00,2020-04-03T00:00:00+00:00,2026-09-03T11:15:03.742310+00:00,7550.0,8236.0,7413.0,7662.0,7629.40234375,6931605
2020-04-03 00:00:00+00:00,2020-04-04T00:00:00+00:00,2026-09-03T11:15:03.742310+00:00,7800.0,7744.0,7167.0,7348.0,7316.7392578125,6292714
2020-04-06 00:00:00+00:00,2020-04-07T00:00:00+00:00,2026-09-03T11:15:03.742310+00:00,7650.0,8382.0,7264.0,8300.0,8264.6875,5864756
2020-04-07 00:00:00+00:00,2020-04-08T00:00:00+00:00,2026-09-03T11:15:03.742310+00:00,7885.0,9413.0,7802.0,8997.0,8958.7236328125,6783376
2020-04-08 00:00:00+00:00,2020-04-09T00:00:00+00:00,2026-09-03T11:15:03.742310+00:00,8900.0,8908.0,8563.0,8717.0,8679.9140625,6344722
2020-04-09 00:00:00+00:00,2020-04-10T00:00:00+00:00,2026-09-03T11:15:03.742310+00:00,9000.0,9417.0,8800.0,9373.0,9333.123046875,5449068
2020-04-14 00:00:00+00:00,2020-04-15T00:00:00+00:00,2026-09-03T11:15:03.742310+00:00,9520.0,9888.0,9094.0,9693.0,9651.76171875,6518209
2020-04-15 00:00:00+00:00,2020-04-16T00:00:00+00:00,2026-09-03T11:15:03.742310+00:00,9200.0,9147.0,8469.0,8771.0,8739.2744140625,7278377
2020-04-16 00:00:00+00:00,2020-04-17T00:00:00+00:00,2026-09-03T11:15:03.742310+00:00,8700.0,8818.0,8020.0,8063.0,8033.8359375,5685426
2020-04-17 00:00:00+00:00,2020-04-18T00:00:00+00:00,2026-09-03T11:15:03.742310+00:00,8400.0,8673.0,8241.0,8330.0,8299.8701171875,3557635
2020-04-20 00:00:00+00:00,2020-04-21T00:00:00+00:00,2026-09-03T11:15:03.742310+00:00,8330.0,8505.0,8060.0,8151.0,8121.5166015625,1824680
2020-04-21 00:00:00+00:00,2020-04-22T00:00:00+00:00,2026-09-03T11:15:03.742310+00:00,8027.0,8156.0,7724.0,8013.0,7984.01611328125,2817220
2020-04-22 00:00:00+00:00,2020-04-23T00:00:00+00:00,2026-09-03T11:15:03.742310+00:00,8450.0,8491.0,7924.0,8023.0,7993.97998046875,4843228
2020-04-23 00:00:00+00:00,2020-04-24T00:00:00+00:00,2026-09-03T11:15:03.742310+00:00,8150.0,8362.0,7714.0,8108.0,8078.67236328125,3749744
2020-04-24 00:00:00+00:00,2020-04-25T00:00:00+00:00,2026-09-03T11:15:03.742310+00:00,8075.0,8151.0,7850.0,7922.0,7893.345703125,4089673
2020-04-28 00:00:00+00:00,2020-04-29T00:00:00+00:00,2026-09-03T11:15:03.742310+00:00,8110.0,8549.0,8038.0,8450.0,8419.435546875,4462135
2020-04-29 00:00:00+00:00,2020-04-30T00:00:00+00:00,2026-09-03T11:15:03.742310+00:00,8600.0,8850.0,8318.0,8659.0,8627.6796875,5410680
2020-04-30 00:00:00+00:00,2020-05-01T00:00:00+00:00,2026-09-03T11:15:03.742310+00:00,8817.0,9170.0,8765.0,9130.0,9096.9755859375,6572729
2020-05-04 00:00:00+00:00,2020-05-05T00:00:00+00:00,2026-09-03T11:15:03.742310+00:00,8835.0,8827.0,8270.0,8397.0,8366.626953125,5636489
2020-05-05 00:00:00+00:00,2020-05-06T00:00:00+00:00,2026-09-03T11:15:03.742310+00:00,8600.0,8875.0,8390.0,8629.0,8597.7880859375,2436893
2020-05-06 00:00:00+00:00,2020-05-07T00:00:00+00:00,2026-09-03T11:15:03.742310+00:00,8840.0,8800.0,8318.0,8463.0,8432.3876953125,2582495
2020-05-07 00:00:00+00:00,2020-05-08T00:00:00+00:00,2026-09-03T11:15:03.742310+00:00,8301.0,8498.0,8242.0,8487.0,8456.30078125,2018023
2020-05-08 00:00:00+00:00,2020-05-09T00:00:00+00:00,2026-09-03T11:15:03.742310+00:00,8500.0,8595.0,8362.0,8400.0,8369.6171875,1570914
2020-05-11 00:00:00+00:00,2020-05-12T00:00:00+00:00,2026-09-03T11:15:03.742310+00:00,8415.0,8558.0,8011.0,8126.0,8096.607421875,2677154
2020-05-12 00:00:00+00:00,2020-05-13T00:00:00+00:00,2026-09-03T11:15:03.742310+00:00,8270.0,8269.0,8031.0,8033.0,8003.9443359375,2032775
2020-05-13 00:00:00+00:00,2020-05-14T00:00:00+00:00,2026-09-03T11:15:03.742310+00:00,8035.0,8123.0,7548.0,7898.0,7869.43212890625,3405329
2020-05-14 00:00:00+00:00,2020-05-15T00:00:00+00:00,2026-09-03T11:15:03.742310+00:00,7775.0,7824.0,7329.0,7443.0,7416.078125,3807609
2020-05-15 00:00:00+00:00,2020-05-16T00:00:00+00:00,2026-09-03T11:15:03.742310+00:00,7666.0,7902.0,7497.0,7699.0,7671.1513671875,3004375
2020-05-18 00:00:00+00:00,2020-05-19T00:00:00+00:00,2026-09-03T11:15:03.742310+00:00,7720.0,7955.0,7544.0,7787.0,7758.8330078125,2615861
2020-05-19 00:00:00+00:00,2020-05-20T00:00:00+00:00,2026-09-03T11:15:03.742310+00:00,7906.0,8175.0,7699.0,7756.0,7727.94580078125,2885058
2020-05-20 00:00:00+00:00,2020-05-21T00:00:00+00:00,2026-09-03T11:15:03.742310+00:00,7756.0,7833.0,7525.0,7663.0,7635.28173828125,4797250
2020-05-21 00:00:00+00:00,2020-05-22T00:00:00+00:00,2026-09-03T11:15:03.742310+00:00,7650.0,8124.0,7460.0,7879.0,7850.5009765625,5860250
2020-05-22 00:00:00+00:00,2020-05-23T00:00:00+00:00,2026-09-03T11:15:03.742310+00:00,7775.0,8021.0,7346.0,7994.0,7965.08447265625,5599537
2020-05-25 00:00:00+00:00,2020-05-26T00:00:00+00:00,2026-09-03T11:15:03.742310+00:00,8158.0,8136.0,7652.0,7786.0,7757.8369140625,1983601
2020-05-26 00:00:00+00:00,2020-05-27T00:00:00+00:00,2026-09-03T11:15:03.742310+00:00,7950.0,8298.0,7790.0,8252.0,8222.150390625,5971962
2020-05-27 00:00:00+00:00,2020-05-28T00:00:00+00:00,2026-09-03T11:15:03.742310+00:00,8249.0,8506.0,8066.0,8144.0,8114.5419921875,2457069
2020-05-28 00:00:00+00:00,2020-05-29T00:00:00+00:00,2026-09-03T11:15:03.742310+00:00,8155.0,8475.0,8063.0,8397.0,8366.626953125,3093548
2020-05-29 00:00:00+00:00,2020-05-30T00:00:00+00:00,2026-09-03T11:15:03.742310+00:00,8345.0,8381.0,7975.0,8120.0,8090.63037109375,5228142
2020-06-01 00:00:00+00:00,2020-06-02T00:00:00+00:00,2026-09-03T11:15:03.742310+00:00,8499.0,8370.0,7825.0,7951.0,7922.24072265625,3015607
2020-06-02 00:00:00+00:00,2020-06-03T00:00:00+00:00,2026-09-03T11:15:03.742310+00:00,8195.0,8611.0,8094.0,8572.0,8540.9931640625,4372251
2020-06-03 00:00:00+00:00,2020-06-04T00:00:00+00:00,2026-09-03T11:15:03.742310+00:00,8600.0,9700.0,8500.0,9671.0,9636.0185546875,6205526
2020-06-04 00:00:00+00:00,2020-06-05T00:00:00+00:00,2026-09-03T11:15:03.742310+00:00,9730.0,9750.0,9236.0,9663.0,9628.046875,4748650
2020-06-05 00:00:00+00:00,2020-06-06T00:00:00+00:00,2026-09-03T11:15:03.742310+00:00,9703.0,10550.0,9571.0,10200.0,10163.1064453125,5900829
2020-06-08 00:00:00+00:00,2020-06-09T00:00:00+00:00,2026-09-03T11:15:03.742310+00:00,10200.0,10271.0,9809.0,9915.0,9879.13671875,3702561
2020-06-09 00:00:00+00:00,2020-06-10T00:00:00+00:00,2026-09-03T11:15:03.742310+00:00,10190.0,10198.0,9691.0,9876.0,9840.279296875,3566779
2020-06-10 00:00:00+00:00,2020-06-11T00:00:00+00:00,2026-09-03T11:15:03.742310+00:00,9655.0,9940.0,9525.0,9732.0,9696.7978515625,4766319
2020-06-11 00:00:00+00:00,2020-06-12T00:00:00+00:00,2026-09-03T11:15:03.742310+00:00,9450.0,9773.0,9274.0,9475.0,9440.728515625,4275117
2020-06-12 00:00:00+00:00,2020-06-13T00:00:00+00:00,2026-09-03T11:15:03.742310+00:00,9150.0,9718.0,9052.0,9601.0,9566.2724609375,2582402
2020-06-15 00:00:00+00:00,2020-06-16T00:00:00+00:00,2026-09-03T11:15:03.742310+00:00,9370.0,9502.0,9140.0,9410.0,9375.9638671875,4258905
2020-06-17 00:00:00+00:00,2020-06-18T00:00:00+00:00,2026-09-03T11:15:03.742310+00:00,9595.0,9898.0,9547.0,9575.0,9540.3671875,5091905
2020-06-18 00:00:00+00:00,2020-06-19T00:00:00+00:00,2026-09-03T11:15:03.742310+00:00,9631.0,9699.0,9182.0,9402.0,9367.9931640625,6851713
2020-06-19 00:00:00+00:00,2020-06-20T00:00:00+00:00,2026-09-03T11:15:03.742310+00:00,9275.0,9777.0,9359.0,9438.0,9403.8623046875,9706573
2020-06-22 00:00:00+00:00,2020-06-23T00:00:00+00:00,2026-09-03T11:15:03.742310+00:00,9335.0,9442.0,9046.0,9220.0,9186.6513671875,3025198
2020-06-23 00:00:00+00:00,2020-06-24T00:00:00+00:00,2026-09-03T11:15:03.742310+00:00,9245.0,9558.0,9049.0,9078.0,9045.1640625,2757758
2020-06-24 00:00:00+00:00,2020-06-25T00:00:00+00:00,2026-09-03T11:15:03.742310+00:00,9298.0,9420.0,8790.0,8824.0,8792.0830078125,4873646
2020-06-25 00:00:00+00:00,2020-06-26T00:00:00+00:00,2026-09-03T11:15:03.742310+00:00,8788.0,9052.0,8600.0,8986.0,8953.49609375,3896239
2020-06-26 00:00:00+00:00,2020-06-27T00:00:00+00:00,2026-09-03T11:15:03.742310+00:00,9000.0,9210.0,8607.0,8626.0,8594.796875,3056865
2020-06-29 00:00:00+00:00,2020-06-30T00:00:00+00:00,2026-09-03T11:15:03.742310+00:00,8501.0,8862.0,8394.0,8862.0,8829.9453125,3141116
2020-06-30 00:00:00+00:00,2020-07-01T00:00:00+00:00,2026-09-03T11:15:03.742310+00:00,8804.0,8931.0,8522.0,8530.0,8499.14453125,12238177
2020-07-01 00:00:00+00:00,2020-07-02T00:00:00+00:00,2026-09-03T11:15:03.742310+00:00,8550.0,8737.0,8132.0,8264.0,8234.109375,5227698
2020-07-02 00:00:00+00:00,2020-07-03T00:00:00+00:00,2026-09-03T11:15:03.742310+00:00,8424.0,8597.0,8279.0,8486.0,8455.306640625,5234944
2020-07-03 00:00:00+00:00,2020-07-04T00:00:00+00:00,2026-09-03T11:15:03.742310+00:00,8450.0,8530.0,8273.0,8390.0,8359.654296875,1695376
2020-07-06 00:00:00+00:00,2020-07-07T00:00:00+00:00,2026-09-03T11:15:03.742310+00:00,8612.0,8674.0,8264.0,8380.0,8349.6884765625,2284250
2020-07-07 00:00:00+00:00,2020-07-08T00:00:00+00:00,2026-09-03T11:15:03.742310+00:00,8230.0,8377.0,8075.0,8157.0,8127.4951171875,5177344
2020-07-08 00:00:00+00:00,2020-07-09T00:00:00+00:00,2026-09-03T11:15:03.742310+00:00,8200.0,8487.0,8029.0,8394.0,8363.638671875,5160995
2020-07-09 00:00:00+00:00,2020-07-10T00:00:00+00:00,2026-09-03T11:15:03.742310+00:00,8480.0,8535.0,8131.0,8387.0,8356.6640625,4779987
2020-07-10 00:00:00+00:00,2020-07-11T00:00:00+00:00,2026-09-03T11:15:03.742310+00:00,8290.0,8615.0,8050.0,8600.0,8568.8916015625,5079824
2020-07-13 00:00:00+00:00,2020-07-14T00:00:00+00:00,2026-09-03T11:15:03.742310+00:00,8657.0,8921.0,8649.0,8916.0,8883.7509765625,3683603
2020-07-14 00:00:00+00:00,2020-07-15T00:00:00+00:00,2026-09-03T11:15:03.742310+00:00,8845.0,8937.0,8625.0,8744.0,8712.3720703125,2926532
2020-07-15 00:00:00+00:00,2020-07-16T00:00:00+00:00,2026-09-03T11:15:03.742310+00:00,8800.0,9066.0,8721.0,8908.0,8875.7802734375,3809677
2020-07-16 00:00:00+00:00,2020-07-17T00:00:00+00:00,2026-09-03T11:15:03.742310+00:00,8750.0,9257.0,8586.0,9155.0,9121.884765625,4109832
2020-07-17 00:00:00+00:00,2020-07-18T00:00:00+00:00,2026-09-03T11:15:03.742310+00:00,9270.0,9222.0,8923.0,9054.0,9021.2509765625,1639822
2020-07-20 00:00:00+00:00,2020-07-21T00:00:00+00:00,2026-09-03T11:15:03.742310+00:00,9279.0,9182.0,8947.0,9079.0,9046.162109375,1498535
2020-07-21 00:00:00+00:00,2020-07-22T00:00:00+00:00,2026-09-03T11:15:03.742310+00:00,9100.0,9310.0,9097.0,9132.0,9098.96875,1905107
2020-07-22 00:00:00+00:00,2020-07-23T00:00:00+00:00,2026-09-03T11:15:03.742310+00:00,9132.0,9202.0,8780.0,9050.0,9017.2646484375,2125095
2020-07-23 00:00:00+00:00,2020-07-24T00:00:00+00:00,2026-09-03T11:15:03.742310+00:00,9050.0,9047.0,8586.0,8619.0,8587.82421875,2992151
2020-07-24 00:00:00+00:00,2020-07-25T00:00:00+00:00,2026-09-03T11:15:03.742310+00:00,8589.0,8645.0,8474.0,8493.0,8462.2802734375,2782041
2020-07-27 00:00:00+00:00,2020-07-28T00:00:00+00:00,2026-09-03T11:15:03.742310+00:00,8501.0,8658.0,8238.0,8444.0,8413.45703125,2451319
2020-07-28 00:00:00+00:00,2020-07-29T00:00:00+00:00,2026-09-03T11:15:03.742310+00:00,8500.0,8577.0,8306.0,8481.0,8450.3232421875,2878235
2020-07-29 00:00:00+00:00,2020-07-30T00:00:00+00:00,2026-09-03T11:15:03.742310+00:00,8400.0,8800.0,8411.0,8734.0,8702.4072265625,4644385
2020-07-30 00:00:00+00:00,2020-07-31T00:00:00+00:00,2026-09-03T11:15:03.742310+00:00,8750.0,8774.0,8178.0,8215.0,8185.28564453125,3941945
2020-07-31 00:00:00+00:00,2020-08-01T00:00:00+00:00,2026-09-03T11:15:03.742310+00:00,8399.0,8306.0,7903.0,7928.0,7899.32373046875,5858210
2020-08-03 00:00:00+00:00,2020-08-04T00:00:00+00:00,2026-09-03T11:15:03.742310+00:00,8000.0,8058.0,7568.0,7568.0,7540.6259765625,3539212
2020-08-04 00:00:00+00:00,2020-08-05T00:00:00+00:00,2026-09-03T11:15:03.742310+00:00,7622.0,7950.0,7622.0,7683.0,7655.2099609375,4163747
2020-08-05 00:00:00+00:00,2020-08-06T00:00:00+00:00,2026-09-03T11:15:03.742310+00:00,8000.0,7977.0,7691.0,7800.0,7771.78662109375,3278589
2020-08-06 00:00:00+00:00,2020-08-07T00:00:00+00:00,2026-09-03T11:15:03.742310+00:00,7998.0,8022.0,7565.0,7573.0,7545.607421875,4903357
2020-08-07 00:00:00+00:00,2020-08-08T00:00:00+00:00,2026-09-03T11:15:03.742310+00:00,7563.0,7829.0,7573.0,7613.0,7585.46337890625,3915029
2020-08-11 00:00:00+00:00,2020-08-12T00:00:00+00:00,2026-09-03T11:15:03.742310+00:00,7777.0,7964.0,7675.0,7888.0,7859.46875,4407939
2020-08-12 00:00:00+00:00,2020-08-13T00:00:00+00:00,2026-09-03T11:15:03.742310+00:00,7900.0,8052.0,7767.0,7814.0,7785.7353515625,2759437
2020-08-13 00:00:00+00:00,2020-08-14T00:00:00+00:00,2026-09-03T11:15:03.742310+00:00,7450.0,7915.0,7199.0,7754.0,7725.95263671875,7021421
2020-08-14 00:00:00+00:00,2020-08-15T00:00:00+00:00,2026-09-03T11:15:03.742310+00:00,7775.0,7800.0,7557.0,7650.0,7622.32958984375,2306454
2020-08-17 00:00:00+00:00,2020-08-18T00:00:00+00:00,2026-09-03T11:15:03.742310+00:00,7701.0,7895.0,7509.0,7557.0,7529.666015625,4047356
2020-08-18 00:00:00+00:00,2020-08-19T00:00:00+00:00,2026-09-03T11:15:03.742310+00:00,7520.0,7877.0,7438.0,7787.0,7758.8330078125,3680272
2020-08-19 00:00:00+00:00,2020-08-20T00:00:00+00:00,2026-09-03T11:15:03.742310+00:00,7791.0,7952.0,7668.0,7885.0,7856.4794921875,3933089
2020-08-20 00:00:00+00:00,2020-08-21T00:00:00+00:00,2026-09-03T11:15:03.742310+00:00,7781.0,7919.0,7680.0,7694.0,7666.16943359375,4338121
2020-08-21 00:00:00+00:00,2020-08-22T00:00:00+00:00,2026-09-03T11:15:03.742310+00:00,7880.0,8132.0,7700.0,8048.0,8018.8896484375,4662246
2020-08-24 00:00:00+00:00,2020-08-25T00:00:00+00:00,2026-09-03T11:15:03.742310+00:00,8202.0,8324.0,8162.0,8300.0,8269.9775390625,3580508
2020-08-25 00:00:00+00:00,2020-08-26T00:00:00+00:00,2026-09-03T11:15:03.742310+00:00,8026.0,8700.0,8223.0,8474.0,8443.3486328125,4775721
2020-08-26 00:00:00+00:00,2020-08-27T00:00:00+00:00,2026-09-03T11:15:03.742310+00:00,8480.0,8695.0,8242.0,8296.0,8265.9931640625,4704633
2020-08-27 00:00:00+00:00,2020-08-28T00:00:00+00:00,2026-09-03T11:15:03.742310+00:00,8599.0,8593.0,8143.0,8200.0,8170.34033203125,4434449
2020-08-28 00:00:00+00:00,2020-08-29T00:00:00+00:00,2026-09-03T11:15:03.742310+00:00,8200.0,8352.0,7965.0,8043.0,8013.90771484375,3819277
2020-08-31 00:00:00+00:00,2020-09-01T00:00:00+00:00,2026-09-03T11:15:03.742310+00:00,8055.0,8250.0,7581.0,7725.0,7697.05859375,7217174
2020-09-01 00:00:00+00:00,2020-09-02T00:00:00+00:00,2026-09-03T11:15:03.742310+00:00,7798.0,8135.0,7772.0,8075.0,8045.7919921875,6324704
2020-09-02 00:00:00+00:00,2020-09-03T00:00:00+00:00,2026-09-03T11:15:03.742310+00:00,7981.0,8087.0,7765.0,7873.0,7844.5234375,5424473
2020-09-03 00:00:00+00:00,2020-09-04T00:00:00+00:00,2026-09-03T11:15:03.742310+00:00,7700.0,7923.0,7537.0,7694.0,7666.16943359375,3914792
2020-09-04 00:00:00+00:00,2020-09-05T00:00:00+00:00,2026-09-03T11:15:03.742310+00:00,7700.0,8183.0,7653.0,8040.0,8010.91845703125,5552553
2020-09-07 00:00:00+00:00,2020-09-08T00:00:00+00:00,2026-09-03T11:15:03.742310+00:00,8100.0,8150.0,7909.0,7950.0,7921.244140625,2006771
2020-09-08 00:00:00+00:00,2020-09-09T00:00:00+00:00,2026-09-03T11:15:03.742310+00:00,7900.0,8356.0,7948.0,8244.0,8214.181640625,3008950
2020-09-09 00:00:00+00:00,2020-09-10T00:00:00+00:00,2026-09-03T11:15:03.742310+00:00,8174.0,8924.0,8041.0,8918.0,8885.744140625,5246106
2020-09-10 00:00:00+00:00,2020-09-11T00:00:00+00:00,2026-09-03T11:15:03.742310+00:00,8925.0,9423.0,8773.0,9297.0,9263.3720703125,6970850
2020-09-11 00:00:00+00:00,2020-09-12T00:00:00+00:00,2026-09-03T11:15:03.742310+00:00,9294.0,9294.0,8921.0,9029.0,8996.3408203125,4317955
2020-09-14 00:00:00+00:00,2020-09-15T00:00:00+00:00,2026-09-03T11:15:03.742310+00:00,8925.0,9139.0,8916.0,8973.0,8940.54296875,1449054
2020-09-15 00:00:00+00:00,2020-09-16T00:00:00+00:00,2026-09-03T11:15:03.742310+00:00,9198.0,9141.0,8723.0,8846.0,8814.0048828125,2418055
2020-09-16 00:00:00+00:00,2020-09-17T00:00:00+00:00,2026-09-03T11:15:03.742310+00:00,8780.0,8992.0,8655.0,8943.0,8910.650390625,2858334
2020-09-17 00:00:00+00:00,2020-09-18T00:00:00+00:00,2026-09-03T11:15:03.742310+00:00,8902.0,8915.0,8660.0,8891.0,8858.8408203125,5646752
2020-09-18 00:00:00+00:00,2020-09-19T00:00:00+00:00,2026-09-03T11:15:03.742310+00:00,8967.0,8976.0,8510.0,8558.0,8527.044921875,4095898
2020-09-21 00:00:00+00:00,2020-09-22T00:00:00+00:00,2026-09-03T11:15:03.742310+00:00,8558.0,8600.0,8189.0,8253.0,8223.1484375,2214613
2020-09-22 00:00:00+00:00,2020-09-23T00:00:00+00:00,2026-09-03T11:15:03.742310+00:00,8260.0,8580.0,8011.0,8335.0,8304.8515625,3243918
2020-09-23 00:00:00+00:00,2020-09-24T00:00:00+00:00,2026-09-03T11:15:03.742310+00:00,8385.0,8500.0,8204.0,8405.0,8374.5986328125,3061005
2020-09-25 00:00:00+00:00,2020-09-26T00:00:00+00:00,2026-09-03T11:15:03.742310+00:00,8300.0,8373.0,8064.0,8180.0,8150.41259765625,2573153
2020-09-28 00:00:00+00:00,2020-09-29T00:00:00+00:00,2026-09-03T11:15:03.742310+00:00,8215.0,8772.0,8277.0,8739.0,8707.390625,2176495
2020-09-29 00:00:00+00:00,2020-09-30T00:00:00+00:00,2026-09-03T11:15:03.742310+00:00,8600.0,8966.0,8499.0,8895.0,8862.826171875,3532556
2020-09-30 00:00:00+00:00,2020-10-01T00:00:00+00:00,2026-09-03T11:15:03.742310+00:00,8970.0,9022.0,8763.0,8932.0,8899.69140625,3021576
2020-10-01 00:00:00+00:00,2020-10-02T00:00:00+00:00,2026-09-03T11:15:03.742310+00:00,8865.0,9279.0,8917.0,8997.0,8964.4580078125,2676285
2020-10-02 00:00:00+00:00,2020-10-03T00:00:00+00:00,2026-09-03T11:15:03.742310+00:00,8915.0,9353.0,8749.0,9333.0,9299.2421875,5345581
2020-10-05 00:00:00+00:00,2020-10-06T00:00:00+00:00,2026-09-03T11:15:03.742310+00:00,9210.0,9490.0,9181.0,9194.0,9160.744140625,2309676
2020-10-06 00:00:00+00:00,2020-10-07T00:00:00+00:00,2026-09-03T11:15:03.742310+00:00,9200.0,9318.0,8924.0,9000.0,8967.4443359375,2220313
2020-10-07 00:00:00+00:00,2020-10-08T00:00:00+00:00,2026-09-03T11:15:03.742310+00:00,9000.0,9168.0,8862.0,9064.0,9031.2158203125,1860857
2020-10-08 00:00:00+00:00,2020-10-09T00:00:00+00:00,2026-09-03T11:15:03.742310+00:00,9000.0,9122.0,8829.0,8925.0,8892.7177734375,1761632
2020-10-09 00:00:00+00:00,2020-10-10T00:00:00+00:00,2026-09-03T11:15:03.742310+00:00,9053.0,9008.0,8770.0,8893.0,8860.8349609375,1889482
2020-10-12 00:00:00+00:00,2020-10-13T00:00:00+00:00,2026-09-03T11:15:03.742310+00:00,9000.0,9208.0,8956.0,9046.0,9013.2802734375,1996429
2020-10-13 00:00:00+00:00,2020-10-14T00:00:00+00:00,2026-09-03T11:15:03.742310+00:00,8979.0,9154.0,8749.0,8795.0,8763.1875,1277277
2020-10-14 00:00:00+00:00,2020-10-15T00:00:00+00:00,2026-09-03T11:15:03.742310+00:00,8760.0,8897.0,8631.0,8738.0,8706.39453125,2455688
2020-10-15 00:00:00+00:00,2020-10-16T00:00:00+00:00,2026-09-03T11:15:03.742310+00:00,8635.0,8954.0,8590.0,8907.0,8874.783203125,1297073
2020-10-16 00:00:00+00:00,2020-10-17T00:00:00+00:00,2026-09-03T11:15:03.742310+00:00,8822.0,8925.0,8686.0,8740.0,8708.38671875,1699637
2020-10-19 00:00:00+00:00,2020-10-20T00:00:00+00:00,2026-09-03T11:15:03.742310+00:00,9093.0,9150.0,8813.0,9149.0,9115.9072265625,1501346
2020-10-20 00:00:00+00:00,2020-10-21T00:00:00+00:00,2026-09-03T11:15:03.742310+00:00,9149.0,9183.0,8974.0,9085.0,9052.140625,1820127
2020-10-21 00:00:00+00:00,2020-10-22T00:00:00+00:00,2026-09-03T11:15:03.742310+00:00,8911.0,9491.0,9008.0,9491.0,9456.6689453125,3735781
2020-10-22 00:00:00+00:00,2020-10-23T00:00:00+00:00,2026-09-03T11:15:03.742310+00:00,9400.0,9866.0,9325.0,9827.0,9791.455078125,4503869
2020-10-23 00:00:00+00:00,2020-10-24T00:00:00+00:00,2026-09-03T11:15:03.742310+00:00,9799.0,10442.0,9555.0,10320.0,10282.6728515625,7005152
2020-10-26 00:00:00+00:00,2020-10-27T00:00:00+00:00,2026-09-03T11:15:03.742310+00:00,10015.0,10299.0,9949.0,10128.0,10091.3671875,4191518
2020-10-27 00:00:00+00:00,2020-10-28T00:00:00+00:00,2026-09-03T11:15:03.742310+00:00,10099.0,10327.0,9751.0,10107.0,10070.4443359375,2669213
2020-10-28 00:00:00+00:00,2020-10-29T00:00:00+00:00,2026-09-03T11:15:03.742310+00:00,10122.0,10011.0,9464.0,9534.0,9499.5126953125,3170221
2020-10-29 00:00:00+00:00,2020-10-30T00:00:00+00:00,2026-09-03T11:15:03.742310+00:00,9551.0,9605.0,8918.0,9171.0,9137.828125,2509497
2020-10-30 00:00:00+00:00,2020-10-31T00:00:00+00:00,2026-09-03T11:15:03.742310+00:00,9150.0,9154.0,8650.0,8693.0,8661.556640625,4445879
2020-11-02 00:00:00+00:00,2020-11-03T00:00:00+00:00,2026-09-03T11:15:03.742310+00:00,8779.0,8920.0,8579.0,8786.0,8754.2197265625,2694967
2020-11-03 00:00:00+00:00,2020-11-04T00:00:00+00:00,2026-09-03T11:15:03.742310+00:00,8845.0,9469.0,8833.0,9403.0,9368.986328125,3194634
2020-11-04 00:00:00+00:00,2020-11-05T00:00:00+00:00,2026-09-03T11:15:03.742310+00:00,9499.0,9597.0,8969.0,9348.0,9314.1865234375,8052225
2020-11-05 00:00:00+00:00,2020-11-06T00:00:00+00:00,2026-09-03T11:15:03.742310+00:00,9499.0,9792.0,9322.0,9382.0,9348.06640625,3085197
2020-11-06 00:00:00+00:00,2020-11-07T00:00:00+00:00,2026-09-03T11:15:03.742310+00:00,9382.0,9506.0,9059.0,9210.0,9176.6875,5209156
2020-11-09 00:00:00+00:00,2020-11-10T00:00:00+00:00,2026-09-03T11:15:03.742310+00:00,9496.0,9968.0,9271.0,9873.0,9837.2880859375,11548617
2020-11-10 00:00:00+00:00,2020-11-11T00:00:00+00:00,2026-09-03T11:15:03.742310+00:00,9858.0,10277.0,9615.0,10128.0,10091.3671875,17003175
2020-11-11 00:00:00+00:00,2020-11-12T00:00:00+00:00,2026-09-03T11:15:03.742310+00:00,10299.0,11152.0,10054.0,10669.0,10630.41015625,16086015
2020-11-12 00:00:00+00:00,2020-11-13T00:00:00+00:00,2026-09-03T11:15:03.742310+00:00,10750.0,10780.0,10284.0,10600.0,10561.658203125,5071731
2020-11-13 00:00:00+00:00,2020-11-14T00:00:00+00:00,2026-09-03T11:15:03.742310+00:00,10660.0,10584.0,10070.0,10239.0,10201.962890625,3102374
2020-11-16 00:00:00+00:00,2020-11-17T00:00:00+00:00,2026-09-03T11:15:03.742310+00:00,10445.0,10490.0,10065.0,10270.0,10232.853515625,3992849
2020-11-17 00:00:00+00:00,2020-11-18T00:00:00+00:00,2026-09-03T11:15:03.742310+00:00,10151.0,10617.0,10277.0,10467.0,10429.140625,3092323
2020-11-18 00:00:00+00:00,2020-11-19T00:00:00+00:00,2026-09-03T11:15:03.742310+00:00,10580.0,10818.0,10441.0,10706.0,10667.275390625,4437399
2020-11-19 00:00:00+00:00,2020-11-20T00:00:00+00:00,2026-09-03T11:15:03.742310+00:00,10500.0,10920.0,10482.0,10727.0,10688.19921875,4705524
2020-11-20 00:00:00+00:00,2020-11-21T00:00:00+00:00,2026-09-03T11:15:03.742310+00:00,10615.0,10773.0,10435.0,10563.0,10524.79296875,3339758
2020-11-23 00:00:00+00:00,2020-11-24T00:00:00+00:00,2026-09-03T11:15:03.742310+00:00,10490.0,10925.0,10547.0,10744.0,10705.138671875,3179711
2020-11-24 00:00:00+00:00,2020-11-25T00:00:00+00:00,2026-09-03T11:15:03.742310+00:00,10801.0,11446.0,10899.0,11390.0,11348.8017578125,5339532
2020-11-25 00:00:00+00:00,2020-11-26T00:00:00+00:00,2026-09-03T11:15:03.742310+00:00,11390.0,11621.0,11182.0,11531.0,11489.2919921875,6336505
2020-11-26 00:00:00+00:00,2020-11-27T00:00:00+00:00,2026-09-03T11:15:03.742310+00:00,11600.0,11620.0,11385.0,11545.0,11503.2412109375,2882837
2020-11-27 00:00:00+00:00,2020-11-28T00:00:00+00:00,2026-09-03T11:15:03.742310+00:00,11545.0,11980.0,11431.0,11500.0,11458.40234375,5105231
2020-11-30 00:00:00+00:00,2020-12-01T00:00:00+00:00,2026-09-03T11:15:03.742310+00:00,11251.0,11463.0,10746.0,11020.0,10980.1396484375,7136239
2020-12-01 00:00:00+00:00,2020-12-02T00:00:00+00:00,2026-09-03T11:15:03.742310+00:00,10901.0,11287.0,10939.0,11041.0,11001.0625,3448381
2020-12-02 00:00:00+00:00,2020-12-03T00:00:00+00:00,2026-09-03T11:15:03.742310+00:00,11041.0,11442.0,11001.0,11224.0,11183.40234375,5065204
2020-12-03 00:00:00+00:00,2020-12-04T00:00:00+00:00,2026-09-03T11:15:03.742310+00:00,11400.0,11641.0,11126.0,11519.0,11477.333984375,4173776
2020-12-04 00:00:00+00:00,2020-12-05T00:00:00+00:00,2026-09-03T11:15:03.742310+00:00,11560.0,11907.0,11442.0,11569.0,11527.154296875,3785374
2020-12-07 00:00:00+00:00,2020-12-08T00:00:00+00:00,2026-09-03T11:15:03.742310+00:00,11651.0,11651.0,11232.0,11568.0,11526.15625,2647331
2020-12-08 00:00:00+00:00,2020-12-09T00:00:00+00:00,2026-09-03T11:15:03.742310+00:00,11391.0,11667.0,11391.0,11625.0,11582.9521484375,1747803
2020-12-09 00:00:00+00:00,2020-12-10T00:00:00+00:00,2026-09-03T11:15:03.742310+00:00,11685.0,11976.0,11550.0,11710.0,11667.6435546875,2241768
2020-12-10 00:00:00+00:00,2020-12-11T00:00:00+00:00,2026-09-03T11:15:03.742310+00:00,11550.0,11774.0,11250.0,11335.0,11294.001953125,2403572
2020-12-11 00:00:00+00:00,2020-12-12T00:00:00+00:00,2026-09-03T11:15:03.742310+00:00,11200.0,11650.0,11083.0,11622.0,11579.9619140625,3831895
2020-12-14 00:00:00+00:00,2020-12-15T00:00:00+00:00,2026-09-03T11:15:03.742310+00:00,11202.0,11936.0,11295.0,11723.0,11680.59765625,2646250
2020-12-15 00:00:00+00:00,2020-12-16T00:00:00+00:00,2026-09-03T11:15:03.742310+00:00,11501.0,11981.0,11515.0,11927.0,11883.859375,2946698
2020-12-17 00:00:00+00:00,2020-12-18T00:00:00+00:00,2026-09-03T11:15:03.742310+00:00,12050.0,12550.0,11802.0,11978.0,11934.6728515625,12280505
2020-12-18 00:00:00+00:00,2020-12-19T00:00:00+00:00,2026-09-03T11:15:03.742310+00:00,12200.0,12247.0,11856.0,12201.0,12156.8671875,4262513
2020-12-21 00:00:00+00:00,2020-12-22T00:00:00+00:00,2026-09-03T11:15:03.742310+00:00,11801.0,12050.0,11335.0,11901.0,11857.953125,4148535
2020-12-22 00:00:00+00:00,2020-12-23T00:00:00+00:00,2026-09-03T11:15:03.742310+00:00,11605.0,12133.0,11725.0,12067.0,12023.3515625,2163969
2020-12-23 00:00:00+00:00,2020-12-24T00:00:00+00:00,2026-09-03T11:15:03.742310+00:00,11880.0,12361.0,11959.0,12113.0,12069.1865234375,960829
2020-12-24 00:00:00+00:00,2020-12-25T00:00:00+00:00,2026-09-03T11:15:03.742310+00:00,12200.0,12403.0,12042.0,12208.0,12163.8408203125,626532
2020-12-28 00:00:00+00:00,2020-12-29T00:00:00+00:00,2026-09-03T11:15:03.742310+00:00,11880.0,12382.0,11881.0,12215.0,12170.8173828125,498407
2020-12-29 00:00:00+00:00,2020-12-30T00:00:00+00:00,2026-09-03T11:15:03.742310+00:00,12049.0,12177.0,11925.0,12059.0,12015.3828125,1032772
2020-12-30 00:00:00+00:00,2020-12-31T00:00:00+00:00,2026-09-03T11:15:03.742310+00:00,12150.0,12283.0,11997.0,12056.0,12012.392578125,1001554
2020-12-31 00:00:00+00:00,2021-01-01T00:00:00+00:00,2026-09-03T11:15:03.742310+00:00,12180.0,12198.0,11973.0,11986.0,11942.646484375,669073
2021-01-04 00:00:00+00:00,2021-01-05T00:00:00+00:00,2026-09-03T11:15:03.742310+00:00,12250.0,12226.0,11615.0,11829.0,11786.2138671875,1072624
2021-01-05 00:00:00+00:00,2021-01-06T00:00:00+00:00,2026-09-03T11:15:03.742310+00:00,11600.0,12000.0,11110.0,11531.0,11489.2919921875,2439471
2021-01-06 00:00:00+00:00,2021-01-07T00:00:00+00:00,2026-09-03T11:15:03.742310+00:00,11500.0,11750.0,11281.0,11679.0,11636.7568359375,1805854
2021-01-07 00:00:00+00:00,2021-01-08T00:00:00+00:00,2026-09-03T11:15:03.742310+00:00,11590.0,11965.0,11678.0,11875.0,11832.0478515625,4317943
2021-01-08 00:00:00+00:00,2021-01-09T00:00:00+00:00,2026-09-03T11:15:03.742310+00:00,11901.0,12373.0,11948.0,12198.0,12153.8779296875,4323573
2021-01-11 00:00:00+00:00,2021-01-12T00:00:00+00:00,2026-09-03T11:15:03.742310+00:00,12007.0,12203.0,11657.0,11789.0,11746.3583984375,3257304
2021-01-12 00:00:00+00:00,2021-01-13T00:00:00+00:00,2026-09-03T11:15:03.742310+00:00,11650.0,11883.0,11651.0,11820.0,11777.244140625,2771634
2021-01-13 00:00:00+00:00,2021-01-14T00:00:00+00:00,2026-09-03T11:15:03.742310+00:00,11994.0,11961.0,11709.0,11800.0,11757.3193359375,2537168
2021-01-14 00:00:00+00:00,2021-01-15T00:00:00+00:00,2026-09-03T11:15:03.742310+00:00,11720.0,11923.0,11543.0,11651.0,11608.8583984375,2106729
2021-01-15 00:00:00+00:00,2021-01-16T00:00:00+00:00,2026-09-03T11:15:03.742310+00:00,11620.0,11800.0,11451.0,11700.0,11657.6787109375,1646138
2021-01-18 00:00:00+00:00,2021-01-19T00:00:00+00:00,2026-09-03T11:15:03.742310+00:00,11917.0,11916.0,11601.0,11724.0,11681.591796875,2052660
2021-01-19 00:00:00+00:00,2021-01-20T00:00:00+00:00,2026-09-03T11:15:03.742310+00:00,11900.0,11961.0,11618.0,11950.0,11906.7763671875,2821640
2021-01-20 00:00:00+00:00,2021-01-21T00:00:00+00:00,2026-09-03T11:15:03.742310+00:00,11951.0,12007.0,11820.0,11900.0,11856.9580078125,3324334
2021-01-21 00:00:00+00:00,2021-01-22T00:00:00+00:00,2026-09-03T11:15:03.742310+00:00,11725.0,11920.0,11718.0,11831.0,11788.2060546875,2954031
2021-01-22 00:00:00+00:00,2021-01-23T00:00:00+00:00,2026-09-03T11:15:03.742310+00:00,11600.0,11730.0,11346.0,11492.0,11450.43359375,1486894
2021-01-25 00:00:00+00:00,2021-01-26T00:00:00+00:00,2026-09-03T11:15:03.742310+00:00,11331.0,11544.0,11261.0,11410.0,11368.7294921875,2425104
2021-01-26 00:00:00+00:00,2021-01-27T00:00:00+00:00,2026-09-03T11:15:03.742310+00:00,11790.0,11587.0,11208.0,11547.0,11505.232421875,2828875
2021-01-27 00:00:00+00:00,2021-01-28T00:00:00+00:00,2026-09-03T11:15:03.742310+00:00,11695.0,11851.0,11483.0,11680.0,11637.7548828125,3413279
2021-01-28 00:00:00+00:00,2021-01-29T00:00:00+00:00,2026-09-03T11:15:03.742310+00:00,11625.0,11766.0,11500.0,11649.0,11606.8662109375,2296883
2021-01-29 00:00:00+00:00,2021-01-30T00:00:00+00:00,2026-09-03T11:15:03.742310+00:00,11370.0,11548.0,11001.0,11425.0,11383.673828125,4744427
2021-02-01 00:00:00+00:00,2021-02-02T00:00:00+00:00,2026-09-03T11:15:03.742310+00:00,11550.0,11508.0,11267.0,11280.0,11239.2001953125,1756832
2021-02-02 00:00:00+00:00,2021-02-03T00:00:00+00:00,2026-09-03T11:15:03.742310+00:00,11500.0,11695.0,11342.0,11650.0,11607.8603515625,3381689
2021-02-03 00:00:00+00:00,2021-02-04T00:00:00+00:00,2026-09-03T11:15:03.742310+00:00,11765.0,11927.0,11657.0,11800.0,11757.3193359375,3309670
2021-02-04 00:00:00+00:00,2021-02-05T00:00:00+00:00,2026-09-03T11:15:03.742310+00:00,11880.0,12086.0,11651.0,12053.0,12009.40234375,3767063
2021-02-05 00:00:00+00:00,2021-02-06T00:00:00+00:00,2026-09-03T11:15:03.742310+00:00,12102.0,13100.0,12102.0,12800.0,12753.7021484375,4973826
2021-02-08 00:00:00+00:00,2021-02-09T00:00:00+00:00,2026-09-03T11:15:03.742310+00:00,12710.0,12845.0,12374.0,12661.0,12615.2041015625,3002835
2021-02-09 00:00:00+00:00,2021-02-10T00:00:00+00:00,2026-09-03T11:15:03.742310+00:00,12799.0,12799.0,12596.0,12631.0,12585.3125,3161883
2021-02-10 00:00:00+00:00,2021-02-11T00:00:00+00:00,2026-09-03T11:15:03.742310+00:00,12480.0,12964.0,12481.0,12688.0,12642.1064453125,3019035
2021-02-11 00:00:00+00:00,2021-02-12T00:00:00+00:00,2026-09-03T11:15:03.742310+00:00,12527.0,12854.0,12528.0,12738.0,12691.9248046875,3937452
2021-02-12 00:00:00+00:00,2021-02-13T00:00:00+00:00,2026-09-03T11:15:03.742310+00:00,12700.0,13464.0,12713.0,13407.0,13358.505859375,5576463
2021-02-15 00:00:00+00:00,2021-02-16T00:00:00+00:00,2026-09-03T11:15:03.742310+00:00,13406.0,13595.0,13151.0,13329.0,13280.7880859375,3127322
2021-02-16 00:00:00+00:00,2021-02-17T00:00:00+00:00,2026-09-03T11:15:03.742310+00:00,13236.0,13468.0,13058.0,13170.0,13122.3623046875,2803107
2021-02-17 00:00:00+00:00,2021-02-18T00:00:00+00:00,2026-09-03T11:15:03.742310+00:00,13000.0,13120.0,12716.0,12886.0,12839.3896484375,4111158
2021-02-18 00:00:00+00:00,2021-02-19T00:00:00+00:00,2026-09-03T11:15:03.742310+00:00,12702.0,12995.0,12639.0,12662.0,12616.2001953125,3578234
2021-02-19 00:00:00+00:00,2021-02-20T00:00:00+00:00,2026-09-03T11:15:03.742310+00:00,12965.0,12711.0,12240.0,12416.0,12371.0888671875,5441228
2021-02-22 00:00:00+00:00,2021-02-23T00:00:00+00:00,2026-09-03T11:15:03.742310+00:00,12350.0,12622.0,11976.0,12337.0,12292.375,3321595
2021-02-23 00:00:00+00:00,2021-02-24T00:00:00+00:00,2026-09-03T11:15:03.742310+00:00,12337.0,12467.0,11650.0,11893.0,11849.982421875,4302660
2021-02-24 00:00:00+00:00,2021-02-25T00:00:00+00:00,2026-09-03T11:15:03.742310+00:00,11801.0,12583.0,11876.0,12110.0,12066.1962890625,4593307
2021-02-25 00:00:00+00:00,2021-02-26T00:00:00+00:00,2026-09-03T11:15:03.742310+00:00,12358.0,12500.0,12157.0,12390.0,12345.185546875,3589310
2021-02-26 00:00:00+00:00,2021-02-27T00:00:00+00:00,2026-09-03T11:15:03.742310+00:00,12200.0,12346.0,11913.0,12134.0,12090.109375,4118640
2021-03-01 00:00:00+00:00,2021-03-02T00:00:00+00:00,2026-09-03T11:15:03.742310+00:00,12200.0,12483.0,12199.0,12346.0,12301.3447265625,2074491
2021-03-02 00:00:00+00:00,2021-03-03T00:00:00+00:00,2026-09-03T11:15:03.742310+00:00,12200.0,12750.0,12201.0,12650.0,12604.2431640625,2277359
2021-03-03 00:00:00+00:00,2021-03-04T00:00:00+00:00,2026-09-03T11:15:03.742310+00:00,12699.0,12808.0,12523.0,12604.0,12558.41015625,2611568
2021-03-04 00:00:00+00:00,2021-03-05T00:00:00+00:00,2026-09-03T11:15:03.742310+00:00,12750.0,12903.0,12533.0,12748.0,12701.890625,2620618
2021-03-05 00:00:00+00:00,2021-03-06T00:00:00+00:00,2026-09-03T11:15:03.742310+00:00,12348.0,12965.0,12348.0,12961.0,12914.1181640625,1951106
2021-03-08 00:00:00+00:00,2021-03-09T00:00:00+00:00,2026-09-03T11:15:03.742310+00:00,12881.0,13151.0,12709.0,12890.0,12843.375,4231580
2021-03-09 00:00:00+00:00,2021-03-10T00:00:00+00:00,2026-09-03T11:15:03.742310+00:00,12801.0,13162.0,12850.0,13059.0,13011.763671875,1884564
2021-03-10 00:00:00+00:00,2021-03-11T00:00:00+00:00,2026-09-03T11:15:03.742310+00:00,13059.0,13291.0,12900.0,13206.0,13158.23046875,1325686
2021-03-11 00:00:00+00:00,2021-03-12T00:00:00+00:00,2026-09-03T11:15:03.742310+00:00,13108.0,13420.0,13102.0,13300.0,13251.8916015625,2614628
2021-03-12 00:00:00+00:00,2021-03-13T00:00:00+00:00,2026-09-03T11:15:03.742310+00:00,13206.0,13500.0,13133.0,13467.0,13418.2890625,3053162
2021-03-15 00:00:00+00:00,2021-03-16T00:00:00+00:00,2026-09-03T11:15:03.742310+00:00,13123.0,13432.0,13163.0,13300.0,13251.8916015625,3378098
2021-03-16 00:00:00+00:00,2021-03-17T00:00:00+00:00,2026-09-03T11:15:03.742310+00:00,13165.0,13483.0,12686.0,12864.0,12817.4716796875,3422666
2021-03-17 00:00:00+00:00,2021-03-18T00:00:00+00:00,2026-09-03T11:15:03.742310+00:00,12650.0,13090.0,12605.0,12698.0,12652.0703125,2413590
2021-03-18 00:00:00+00:00,2021-03-19T00:00:00+00:00,2026-09-03T11:15:03.742310+00:00,12944.0,13200.0,12580.0,12695.0,12649.080078125,7918932
2021-03-19 00:00:00+00:00,2021-03-20T00:00:00+00:00,2026-09-03T11:15:03.742310+00:00,12899.0,12706.0,12225.0,12229.0,12184.7666015625,6985799
2021-03-23 00:00:00+00:00,2021-03-24T00:00:00+00:00,2026-09-03T11:15:03.742310+00:00,12063.0,12292.0,11961.0,12100.0,12056.2333984375,2456377
2021-03-24 00:00:00+00:00,2021-03-25T00:00:00+00:00,2026-09-03T11:15:03.742310+00:00,12000.0,12622.0,11810.0,12221.0,12176.794921875,2541949
2021-03-25 00:00:00+00:00,2021-03-26T00:00:00+00:00,2026-09-03T11:15:03.742310+00:00,11954.0,12300.0,11901.0,12009.0,11965.5625,2336245
2021-03-26 00:00:00+00:00,2021-03-27T00:00:00+00:00,2026-09-03T11:15:03.742310+00:00,12144.0,12472.0,11962.0,12288.0,12243.552734375,1702391
2021-03-29 00:00:00+00:00,2021-03-30T00:00:00+00:00,2026-09-03T11:15:03.742310+00:00,12385.0,12888.0,12295.0,12845.0,12798.5380859375,3022659
2021-03-30 00:00:00+00:00,2021-03-31T00:00:00+00:00,2026-09-03T11:15:03.742310+00:00,12937.0,13287.0,12669.0,13194.0,13146.2763671875,3757400
2021-03-31 00:00:00+00:00,2021-04-01T00:00:00+00:00,2026-09-03T11:15:03.742310+00:00,13250.0,13230.0,12557.0,12609.0,12563.3916015625,2803323
2021-04-01 00:00:00+00:00,2021-04-02T00:00:00+00:00,2026-09-03T11:15:03.742310+00:00,12610.0,12729.0,12329.0,12417.0,12372.087890625,2088504
2021-04-06 00:00:00+00:00,2021-04-07T00:00:00+00:00,2026-09-03T11:15:03.742310+00:00,12600.0,12624.0,12347.0,12564.0,12518.5546875,1552523
2021-04-07 00:00:00+00:00,2021-04-08T00:00:00+00:00,2026-09-03T11:15:03.742310+00:00,12600.0,12699.0,12434.0,12501.0,12455.7822265625,3134122
2021-04-08 00:00:00+00:00,2021-04-09T00:00:00+00:00,2026-09-03T11:15:03.742310+00:00,12430.0,12516.0,12179.0,12210.0,12165.8359375,2352898
2021-04-09 00:00:00+00:00,2021-04-10T00:00:00+00:00,2026-09-03T11:15:03.742310+00:00,12220.0,12475.0,12162.0,12370.0,12325.255859375,2386564
2021-04-12 00:00:00+00:00,2021-04-13T00:00:00+00:00,2026-09-03T11:15:03.742310+00:00,12200.0,12613.0,12275.0,12404.0,12359.1337890625,2495368
2021-04-13 00:00:00+00:00,2021-04-14T00:00:00+00:00,2026-09-03T11:15:03.742310+00:00,12300.0,12568.0,12287.0,12470.0,12424.8955078125,2034605
2021-04-14 00:00:00+00:00,2021-04-15T00:00:00+00:00,2026-09-03T11:15:03.742310+00:00,12500.0,12577.0,12161.0,12300.0,12255.509765625,3259705
2021-04-15 00:00:00+00:00,2021-04-16T00:00:00+00:00,2026-09-03T11:15:03.742310+00:00,12503.0,12828.0,12333.0,12756.0,12709.859375,3097177
2021-04-16 00:00:00+00:00,2021-04-17T00:00:00+00:00,2026-09-03T11:15:03.742310+00:00,12739.0,12899.0,12658.0,12783.0,12736.7646484375,2020674
2021-04-19 00:00:00+00:00,2021-04-20T00:00:00+00:00,2026-09-03T11:15:03.742310+00:00,12692.0,12823.0,12545.0,12599.0,12553.427734375,1386847
2021-04-20 00:00:00+00:00,2021-04-21T00:00:00+00:00,2026-09-03T11:15:03.742310+00:00,12375.0,12380.0,11925.0,12068.0,12024.3515625,5413997
2021-04-21 00:00:00+00:00,2021-04-22T00:00:00+00:00,2026-09-03T11:15:03.742310+00:00,12199.0,12215.0,12005.0,12215.0,12170.8173828125,2647819
2021-04-22 00:00:00+00:00,2021-04-23T00:00:00+00:00,2026-09-03T11:15:03.742310+00:00,12165.0,12421.0,12218.0,12350.0,12305.328125,4629056
2021-04-23 00:00:00+00:00,2021-04-24T00:00:00+00:00,2026-09-03T11:15:03.742310+00:00,12200.0,12427.0,12225.0,12350.0,12305.328125,3500412
2021-04-26 00:00:00+00:00,2021-04-27T00:00:00+00:00,2026-09-03T11:15:03.742310+00:00,12300.0,12474.0,12230.0,12383.0,12338.2099609375,2364396
2021-04-28 00:00:00+00:00,2021-04-29T00:00:00+00:00,2026-09-03T11:15:03.742310+00:00,12300.0,12683.0,12225.0,12585.0,12539.48046875,4160720
2021-04-29 00:00:00+00:00,2021-04-30T00:00:00+00:00,2026-09-03T11:15:03.742310+00:00,12585.0,13105.0,12552.0,12865.0,12818.4658203125,5996250
2021-04-30 00:00:00+00:00,2021-05-01T00:00:00+00:00,2026-09-03T11:15:03.742310+00:00,12605.0,12864.0,12245.0,12245.0,12200.7099609375,3054192
2021-05-03 00:00:00+00:00,2021-05-04T00:00:00+00:00,2026-09-03T11:15:03.742310+00:00,12490.0,12349.0,11896.0,11977.0,11933.6796875,1550555
2021-05-04 00:00:00+00:00,2021-05-05T00:00:00+00:00,2026-09-03T11:15:03.742310+00:00,12007.0,12142.0,11781.0,11884.0,11841.013671875,2750116
2021-05-05 00:00:00+00:00,2021-05-06T00:00:00+00:00,2026-09-03T11:15:03.742310+00:00,12000.0,12249.0,11853.0,12139.0,12095.09375,4684164
2021-05-06 00:00:00+00:00,2021-05-07T00:00:00+00:00,2026-09-03T11:15:03.742310+00:00,12174.0,12437.0,12130.0,12297.0,12252.521484375,2845691
2021-05-07 00:00:00+00:00,2021-05-08T00:00:00+00:00,2026-09-03T11:15:03.742310+00:00,12250.0,12393.0,12157.0,12300.0,12255.509765625,2640029
2021-05-10 00:00:00+00:00,2021-05-11T00:00:00+00:00,2026-09-03T11:15:03.742310+00:00,12389.0,12626.0,12287.0,12489.0,12443.8271484375,3995677
2021-05-11 00:00:00+00:00,2021-05-12T00:00:00+00:00,2026-09-03T11:15:03.742310+00:00,12394.0,12578.0,11943.9677734375,12416.0,12371.0888671875,2911169
2021-05-12 00:00:00+00:00,2021-05-13T00:00:00+00:00,2026-09-03T11:15:03.742310+00:00,12445.0,12530.0,12125.0,12382.0,12337.2138671875,1409256
2021-05-13 00:00:00+00:00,2021-05-14T00:00:00+00:00,2026-09-03T11:15:03.742310+00:00,12500.0,12550.0,12150.0,12250.0,12205.689453125,4486835
2021-05-14 00:00:00+00:00,2021-05-15T00:00:00+00:00,2026-09-03T11:15:03.742310+00:00,12300.0,12550.0,12300.0,12470.0,12424.8955078125,6366094
2021-05-17 00:00:00+00:00,2021-05-18T00:00:00+00:00,2026-09-03T11:15:03.742310+00:00,12350.0,12540.0,12301.0,12443.0,12397.9921875,3251961
2021-05-18 00:00:00+00:00,2021-05-19T00:00:00+00:00,2026-09-03T11:15:03.742310+00:00,12614.0,12655.0,12456.0,12630.0,12584.31640625,3406994
2021-05-19 00:00:00+00:00,2021-05-20T00:00:00+00:00,2026-09-03T11:15:03.742310+00:00,12351.0,12775.0,12354.0,12556.0,12510.583984375,2486066
2021-05-20 00:00:00+00:00,2021-05-21T00:00:00+00:00,2026-09-03T11:15:03.742310+00:00,12597.0,12707.0,12437.0,12677.0,12631.1474609375,1633350
2021-05-21 00:00:00+00:00,2021-05-22T00:00:00+00:00,2026-09-03T11:15:03.742310+00:00,12754.0,12937.0,12670.0,12923.0,12876.2578125,3771559
2021-05-24 00:00:00+00:00,2021-05-25T00:00:00+00:00,2026-09-03T11:15:03.742310+00:00,12923.0,12999.0,12781.0,12878.0,12831.41796875,3713195
2021-05-25 00:00:00+00:00,2021-05-26T00:00:00+00:00,2026-09-03T11:15:03.742310+00:00,12800.0,13426.0,12909.0,13352.0,13303.705078125,3136135
2021-05-26 00:00:00+00:00,2021-05-27T00:00:00+00:00,2026-09-03T11:15:03.742310+00:00,13352.0,13709.0,13300.0,13659.0,13609.5947265625,2366694
2021-05-27 00:00:00+00:00,2021-05-28T00:00:00+00:00,2026-09-03T11:15:03.742310+00:00,13450.0,14142.0,13521.0,14056.0,14005.158203125,5297960
2021-05-28 00:00:00+00:00,2021-05-29T00:00:00+00:00,2026-09-03T11:15:03.742310+00:00,14085.0,14660.0,14022.0,14282.0,14230.3408203125,4666706
2021-05-31 00:00:00+00:00,2021-06-01T00:00:00+00:00,2026-09-03T11:15:03.742310+00:00,14283.0,14443.0,14221.0,14316.0,14264.2177734375,1224209
2021-06-01 00:00:00+00:00,2021-06-02T00:00:00+00:00,2026-09-03T11:15:03.742310+00:00,14280.0,14478.0,13991.0,14199.0,14147.6416015625,2476780
2021-06-02 00:00:00+00:00,2021-06-03T00:00:00+00:00,2026-09-03T11:15:03.742310+00:00,14157.0,14399.0,14070.0,14317.0,14265.2138671875,2160255
2021-06-03 00:00:00+00:00,2021-06-04T00:00:00+00:00,2026-09-03T11:15:03.742310+00:00,14230.0,14543.0,14039.0,14210.0,14158.6015625,3462447
2021-06-04 00:00:00+00:00,2021-06-05T00:00:00+00:00,2026-09-03T11:15:03.742310+00:00,14209.0,14300.0,13870.0,14166.0,14114.759765625,2690277
2021-06-07 00:00:00+00:00,2021-06-08T00:00:00+00:00,2026-09-03T11:15:03.742310+00:00,14200.0,14465.0,14056.0,14306.0,14254.25390625,1588332
2021-06-08 00:00:00+00:00,2021-06-09T00:00:00+00:00,2026-09-03T11:15:03.742310+00:00,14303.0,14490.0,14079.0,14187.0,14135.685546875,2145601
2021-06-09 00:00:00+00:00,2021-06-10T00:00:00+00:00,2026-09-03T11:15:03.742310+00:00,14141.0,14803.0,14143.0,14803.0,14749.45703125,2768108
2021-06-10 00:00:00+00:00,2021-06-11T00:00:00+00:00,2026-09-03T11:15:03.742310+00:00,14850.0,14838.0,14614.0,14749.0,14695.6513671875,2463979
2021-06-11 00:00:00+00:00,2021-06-12T00:00:00+00:00,2026-09-03T11:15:03.742310+00:00,14900.0,14775.0,14485.0,14643.0,14590.03515625,1785154
2021-06-14 00:00:00+00:00,2021-06-15T00:00:00+00:00,2026-09-03T11:15:03.742310+00:00,14351.0,14845.0,14591.0,14729.0,14675.7236328125,1461875
2021-06-15 00:00:00+00:00,2021-06-16T00:00:00+00:00,2026-09-03T11:15:03.742310+00:00,14700.0,14774.0,14090.0,14290.0,14238.3125,2910418
2021-06-17 00:00:00+00:00,2021-06-18T00:00:00+00:00,2026-09-03T11:15:03.742310+00:00,14150.0,14250.0,13603.0,13666.0,13616.568359375,10495635
2021-06-18 00:00:00+00:00,2021-06-19T00:00:00+00:00,2026-09-03T11:15:03.742310+00:00,13592.0,13827.0,13256.0,13267.0,13219.0126953125,5294948
2021-06-21 00:00:00+00:00,2021-06-22T00:00:00+00:00,2026-09-03T11:15:03.742310+00:00,13024.0,13445.0,13026.0,13136.0,13088.486328125,2544317
2021-06-22 00:00:00+00:00,2021-06-23T00:00:00+00:00,2026-09-03T11:15:03.742310+00:00,13176.0,13422.0,13001.0,13044.0,12996.818359375,2712365
2021-06-23 00:00:00+00:00,2021-06-24T00:00:00+00:00,2026-09-03T11:15:03.742310+00:00,13200.0,13351.0,13059.0,13300.0,13251.8916015625,2398425
2021-06-24 00:00:00+00:00,2021-06-25T00:00:00+00:00,2026-09-03T11:15:03.742310+00:00,13355.0,13588.0,13208.0,13400.0,13351.5302734375,1446258
2021-06-25 00:00:00+00:00,2021-06-26T00:00:00+00:00,2026-09-03T11:15:03.742310+00:00,13745.0,13690.0,13489.0,13549.0,13499.9921875,1716552
2021-06-28 00:00:00+00:00,2021-06-29T00:00:00+00:00,2026-09-03T11:15:03.742310+00:00,13559.0,13526.0,13032.0,13165.0,13117.380859375,2285175
2021-06-29 00:00:00+00:00,2021-06-30T00:00:00+00:00,2026-09-03T11:15:03.742310+00:00,13165.0,13647.0,13143.0,13508.0,13459.140625,2351432
2021-06-30 00:00:00+00:00,2021-07-01T00:00:00+00:00,2026-09-03T11:15:03.742310+00:00,13505.0,13809.0,13340.0,13572.0,13522.9091796875,3549384
2021-07-01 00:00:00+00:00,2021-07-02T00:00:00+00:00,2026-09-03T11:15:03.742310+00:00,13405.0,13708.0,13416.0,13472.0,13423.2705078125,4080194
2021-07-02 00:00:00+00:00,2021-07-03T00:00:00+00:00,2026-09-03T11:15:03.742310+00:00,13621.0,13555.0,13194.0,13279.0,13230.96875,2390567
2021-07-05 00:00:00+00:00,2021-07-06T00:00:00+00:00,2026-09-03T11:15:03.742310+00:00,13200.0,13431.0,13061.0,13309.0,13260.8603515625,1838570
2021-07-06 00:00:00+00:00,2021-07-07T00:00:00+00:00,2026-09-03T11:15:03.742310+00:00,13310.0,13462.0,13096.0,13230.0,13182.1474609375,2103547
2021-07-07 00:00:00+00:00,2021-07-08T00:00:00+00:00,2026-09-03T11:15:03.742310+00:00,13350.0,13450.0,13183.0,13322.0,13273.814453125,2136213
2021-07-08 00:00:00+00:00,2021-07-09T00:00:00+00:00,2026-09-03T11:15:03.742310+00:00,13290.0,13583.0,13227.0,13520.0,13471.09765625,2399103
2021-07-09 00:00:00+00:00,2021-07-10T00:00:00+00:00,2026-09-03T11:15:03.742310+00:00,13423.0,13989.0,13434.0,13918.0,13867.65625,2782430
2021-07-12 00:00:00+00:00,2021-07-13T00:00:00+00:00,2026-09-03T11:15:03.742310+00:00,13800.0,13756.0,13345.0,13718.0,13668.380859375,1960238
2021-07-13 00:00:00+00:00,2021-07-14T00:00:00+00:00,2026-09-03T11:15:03.742310+00:00,13765.0,13760.0,12950.0,13014.0,12966.9287109375,3654081
2021-07-14 00:00:00+00:00,2021-07-15T00:00:00+00:00,2026-09-03T11:15:03.742310+00:00,13150.0,13318.0,12671.0,13205.0,13157.23828125,3033538
2021-07-15 00:00:00+00:00,2021-07-16T00:00:00+00:00,2026-09-03T11:15:03.742310+00:00,13400.0,13443.0,13048.0,13210.0,13162.21875,2898573
2021-07-16 00:00:00+00:00,2021-07-17T00:00:00+00:00,2026-09-03T11:15:03.742310+00:00,13110.0,13421.0,13105.0,13174.0,13126.349609375,1850470
2021-07-19 00:00:00+00:00,2021-07-20T00:00:00+00:00,2026-09-03T11:15:03.742310+00:00,12930.0,13180.5,12801.0,12876.0,12829.42578125,1177989
2021-07-20 00:00:00+00:00,2021-07-21T00:00:00+00:00,2026-09-03T11:15:03.742310+00:00,12800.0,13195.0,12802.0,13169.0,13121.3662109375,1719920
2021-07-21 00:00:00+00:00,2021-07-22T00:00:00+00:00,2026-09-03T11:15:03.742310+00:00,13119.0,13277.0,13019.0,13114.0,13066.56640625,2095518
2021-07-22 00:00:00+00:00,2021-07-23T00:00:00+00:00,2026-09-03T11:15:03.742310+00:00,13200.0,13440.0,13179.0,13253.0,13205.0625,2566043
2021-07-23 00:00:00+00:00,2021-07-24T00:00:00+00:00,2026-09-03T11:15:03.742310+00:00,13460.0,13557.0,13321.0,13400.0,13351.5302734375,1212309
2021-07-26 00:00:00+00:00,2021-07-27T00:00:00+00:00,2026-09-03T11:15:03.742310+00:00,13574.0,13574.0,13150.5,13212.0,13164.2099609375,1316470
2021-07-27 00:00:00+00:00,2021-07-28T00:00:00+00:00,2026-09-03T11:15:03.742310+00:00,13047.0,13414.0,13080.0,13294.0,13245.9140625,2053116
2021-07-28 00:00:00+00:00,2021-07-29T00:00:00+00:00,2026-09-03T11:15:03.742310+00:00,13051.0,13552.0,13135.0,13350.0,13301.712890625,951425
2021-07-29 00:00:00+00:00,2021-07-30T00:00:00+00:00,2026-09-03T11:15:03.742310+00:00,13200.0,13717.0,13209.0,13440.0,13391.38671875,1634647
2021-07-30 00:00:00+00:00,2021-07-31T00:00:00+00:00,2026-09-03T11:15:03.742310+00:00,13440.0,13754.0,13166.0,13643.0,13593.6513671875,3042546
2021-08-02 00:00:00+00:00,2021-08-03T00:00:00+00:00,2026-09-03T11:15:03.742310+00:00,13643.0,13822.0,13528.0,13580.0,13530.87890625,1107308
2021-08-03 00:00:00+00:00,2021-08-04T00:00:00+00:00,2026-09-03T11:15:03.742310+00:00,13550.0,13865.0,13655.0,13841.0,13790.9375,1685748
2021-08-04 00:00:00+00:00,2021-08-05T00:00:00+00:00,2026-09-03T11:15:03.742310+00:00,13857.0,13989.0,13724.0,13753.0,13703.25390625,1495698
2021-08-05 00:00:00+00:00,2021-08-06T00:00:00+00:00,2026-09-03T11:15:03.742310+00:00,13900.0,14892.0,13875.0,14892.0,14838.1357421875,4774362
2021-08-06 00:00:00+00:00,2021-08-07T00:00:00+00:00,2026-09-03T11:15:03.742310+00:00,15301.0,15331.0,14798.0,14983.0,14928.8056640625,2435970
2021-08-10 00:00:00+00:00,2021-08-11T00:00:00+00:00,2026-09-03T11:15:03.742310+00:00,15020.0,15096.0,14603.0,14760.0,14706.6103515625,2676961
2021-08-11 00:00:00+00:00,2021-08-12T00:00:00+00:00,2026-09-03T11:15:03.742310+00:00,14601.0,14909.0,14535.0,14656.0,14602.986328125,2713185
2021-08-12 00:00:00+00:00,2021-08-13T00:00:00+00:00,2026-09-03T11:15:03.742310+00:00,14501.0,14825.0,14416.0,14753.0,14699.6396484375,2667615
2021-08-13 00:00:00+00:00,2021-08-14T00:00:00+00:00,2026-09-03T11:15:03.742310+00:00,14849.0,14835.0,14533.0,14660.0,14606.97265625,1661363
2021-08-16 00:00:00+00:00,2021-08-17T00:00:00+00:00,2026-09-03T11:15:03.742310+00:00,14550.0,14963.0,14555.0,14893.0,14839.1298828125,2153200
2021-08-17 00:00:00+00:00,2021-08-18T00:00:00+00:00,2026-09-03T11:15:03.742310+00:00,14900.0,15126.0,14829.5,14990.0,14935.7802734375,5217113
2021-08-18 00:00:00+00:00,2021-08-19T00:00:00+00:00,2026-09-03T11:15:03.742310+00:00,14950.0,15471.0,14874.0,15438.0,15382.16015625,3381866
2021-08-19 00:00:00+00:00,2021-08-20T00:00:00+00:00,2026-09-03T11:15:03.742310+00:00,15283.0,15488.0,14888.0,15036.0,14981.61328125,4058573
2021-08-20 00:00:00+00:00,2021-08-21T00:00:00+00:00,2026-09-03T11:15:03.742310+00:00,15398.0,15191.0,14760.0,14952.0,14897.91796875,1296891
2021-08-23 00:00:00+00:00,2021-08-24T00:00:00+00:00,2026-09-03T11:15:03.742310+00:00,15350.0,15350.0,14850.0,15266.0,15210.78125,1635349
2021-08-24 00:00:00+00:00,2021-08-25T00:00:00+00:00,2026-09-03T11:15:03.742310+00:00,15395.0,15478.0,15168.0,15384.0,15328.3544921875,2588456
2021-08-25 00:00:00+00:00,2021-08-26T00:00:00+00:00,2026-09-03T11:15:03.742310+00:00,15400.0,15729.0,15287.0,15657.0,15600.3681640625,3899525
2021-08-26 00:00:00+00:00,2021-08-27T00:00:00+00:00,2026-09-03T11:15:03.742310+00:00,15559.0,15800.0,15558.0,15578.0,15521.654296875,2216997
2021-08-27 00:00:00+00:00,2021-08-28T00:00:00+00:00,2026-09-03T11:15:03.742310+00:00,15600.0,15828.0,15608.0,15789.0,15731.8916015625,2709097
2021-08-30 00:00:00+00:00,2021-08-31T00:00:00+00:00,2026-09-03T11:15:03.742310+00:00,15750.0,15775.0,15384.0,15410.0,15354.2607421875,1733289
2021-08-31 00:00:00+00:00,2021-09-01T00:00:00+00:00,2026-09-03T11:15:03.742310+00:00,15415.0,15926.0,15410.0,15805.0,15747.83203125,4086489
2021-09-01 00:00:00+00:00,2021-09-02T00:00:00+00:00,2026-09-03T11:15:03.742310+00:00,16000.0,15933.0,15126.0,15306.0,15250.63671875,2483387
2021-09-02 00:00:00+00:00,2021-09-03T00:00:00+00:00,2026-09-03T11:15:03.742310+00:00,15500.0,15545.0,15024.0,15222.0,15166.94140625,2484076
2021-09-03 00:00:00+00:00,2021-09-04T00:00:00+00:00,2026-09-03T11:15:03.742310+00:00,15217.0,15233.0,15010.0,15147.0,15092.212890625,1193208
2021-09-06 00:00:00+00:00,2021-09-07T00:00:00+00:00,2026-09-03T11:15:03.742310+00:00,15062.0,15255.0,14984.0,15200.0,15145.01953125,1204608
2021-09-07 00:00:00+00:00,2021-09-08T00:00:00+00:00,2026-09-03T11:15:03.742310+00:00,15050.0,15233.0,14880.0,15100.0,15045.3837890625,1712198
2021-09-08 00:00:00+00:00,2021-09-09T00:00:00+00:00,2026-09-03T11:15:03.742310+00:00,14958.0,15264.0,14957.0,15168.0,15113.134765625,1637196
2021-09-09 00:00:00+00:00,2021-09-10T00:00:00+00:00,2026-09-03T11:15:03.742310+00:00,15145.0,15104.0,14809.0,14958.0,14903.896484375,2431896
2021-09-10 00:00:00+00:00,2021-09-11T00:00:00+00:00,2026-09-03T11:15:03.742310+00:00,14924.0,15099.0,14865.0,14973.0,14918.8427734375,1302000
2021-09-13 00:00:00+00:00,2021-09-14T00:00:00+00:00,2026-09-03T11:15:03.742310+00:00,15001.0,15210.0,14805.0,15101.0,15046.376953125,1774200
2021-09-14 00:00:00+00:00,2021-09-15T00:00:00+00:00,2026-09-03T11:15:03.742310+00:00,15400.0,15358.0,15043.0,15187.0,15132.068359375,1555191
2021-09-15 00:00:00+00:00,2021-09-16T00:00:00+00:00,2026-09-03T11:15:03.742310+00:00,15012.0,15188.0,14888.0,15092.0,15040.482421875,1519968
2021-09-16 00:00:00+00:00,2021-09-17T00:00:00+00:00,2026-09-03T11:15:03.742310+00:00,14986.0,15161.0,14388.0,14400.0,14350.841796875,8372727
2021-09-17 00:00:00+00:00,2021-09-18T00:00:00+00:00,2026-09-03T11:15:03.742310+00:00,14600.0,14700.0,14103.0,14362.0,14312.974609375,7204873
2021-09-20 00:00:00+00:00,2021-09-21T00:00:00+00:00,2026-09-03T11:15:03.742310+00:00,14333.0,14298.0,13746.0,13895.0,13847.5673828125,3093805
2021-09-21 00:00:00+00:00,2021-09-22T00:00:00+00:00,2026-09-03T11:15:03.742310+00:00,14144.0,14156.0,13886.0,14021.0,13973.13671875,1613535
2021-09-22 00:00:00+00:00,2021-09-23T00:00:00+00:00,2026-09-03T11:15:03.742310+00:00,14200.0,14400.0,14200.0,14337.0,14288.0595703125,1131323
2021-09-23 00:00:00+00:00,2021-09-24T00:00:00+00:00,2026-09-03T11:15:03.742310+00:00,14338.0,14564.0,14194.0,14483.0,14433.5595703125,1802984
2021-09-27 00:00:00+00:00,2021-09-28T00:00:00+00:00,2026-09-03T11:15:03.742310+00:00,14439.0,14509.0,13981.0,14128.0,14079.7734375,2439709
2021-09-28 00:00:00+00:00,2021-09-29T00:00:00+00:00,2026-09-03T11:15:03.742310+00:00,14180.0,14874.0,14180.0,14705.0,14654.8017578125,3664787
2021-09-29 00:00:00+00:00,2021-09-30T00:00:00+00:00,2026-09-03T11:15:03.742310+00:00,14600.0,15100.0,14670.0,15043.0,14991.650390625,1390055
2021-09-30 00:00:00+00:00,2021-10-01T00:00:00+00:00,2026-09-03T11:15:03.742310+00:00,15100.0,15396.0,14938.0,15267.0,15214.884765625,3570984
2021-10-01 00:00:00+00:00,2021-10-02T00:00:00+00:00,2026-09-03T11:15:03.742310+00:00,15001.0,16000.0,15076.0,15324.0,15271.689453125,2421009
2021-10-04 00:00:00+00:00,2021-10-05T00:00:00+00:00,2026-09-03T11:15:03.742310+00:00,15290.0,15424.0,14950.0,15129.0,15077.35546875,2190455
2021-10-05 00:00:00+00:00,2021-10-06T00:00:00+00:00,2026-09-03T11:15:03.742310+00:00,15125.0,15356.0,14947.0,15010.0,14958.76171875,1767301
2021-10-06 00:00:00+00:00,2021-10-07T00:00:00+00:00,2026-09-03T11:15:03.742310+00:00,15200.0,15250.0,14790.0,14938.0,14887.005859375,1701131
2021-10-07 00:00:00+00:00,2021-10-08T00:00:00+00:00,2026-09-03T11:15:03.742310+00:00,15075.0,15042.0,14630.0,14726.0,14675.732421875,2030505
2021-10-08 00:00:00+00:00,2021-10-09T00:00:00+00:00,2026-09-03T11:15:03.742310+00:00,14860.0,14896.0,14340.0,14340.0,14291.048828125,2795775
2021-10-11 00:00:00+00:00,2021-10-12T00:00:00+00:00,2026-09-03T11:15:03.742310+00:00,14340.0,14497.0,14290.0,14300.0,14251.185546875,1055020
2021-10-12 00:00:00+00:00,2021-10-13T00:00:00+00:00,2026-09-03T11:15:03.742310+00:00,14282.0,14590.0,14203.0,14494.0,14444.5205078125,2030987
2021-10-13 00:00:00+00:00,2021-10-14T00:00:00+00:00,2026-09-03T11:15:03.742310+00:00,14790.0,14678.0,14483.0,14510.0,14460.4697265625,1451144
2021-10-14 00:00:00+00:00,2021-10-15T00:00:00+00:00,2026-09-03T11:15:03.742310+00:00,14799.0,14688.0,14304.0,14350.0,14301.0146484375,1530526
2021-10-15 00:00:00+00:00,2021-10-16T00:00:00+00:00,2026-09-03T11:15:03.742310+00:00,14755.0,14686.0,14187.0,14269.0,14220.291015625,1801673
2021-10-18 00:00:00+00:00,2021-10-19T00:00:00+00:00,2026-09-03T11:15:03.742310+00:00,14300.0,14570.0,14305.0,14525.0,14475.4169921875,1118688
2021-10-19 00:00:00+00:00,2021-10-20T00:00:00+00:00,2026-09-03T11:15:03.742310+00:00,14526.0,14567.0,14250.0,14321.0,14272.1142578125,973078
2021-10-20 00:00:00+00:00,2021-10-21T00:00:00+00:00,2026-09-03T11:15:03.742310+00:00,14317.0,14594.0,14181.0,14362.0,14312.974609375,1806794
2021-10-21 00:00:00+00:00,2021-10-22T00:00:00+00:00,2026-09-03T11:15:03.742310+00:00,14500.0,14489.0,14050.0,14130.0,14081.765625,1220153
2021-10-22 00:00:00+00:00,2021-10-23T00:00:00+00:00,2026-09-03T11:15:03.742310+00:00,14150.0,14318.0,14071.0,14138.0,14089.7392578125,1257866
2021-10-25 00:00:00+00:00,2021-10-26T00:00:00+00:00,2026-09-03T11:15:03.742310+00:00,14380.0,14468.0,14172.0,14323.0,14274.1064453125,1255650
2021-10-26 00:00:00+00:00,2021-10-27T00:00:00+00:00,2026-09-03T11:15:03.742310+00:00,14451.0,14499.0,14251.0,14461.0,14411.634765625,1550633
2021-10-27 00:00:00+00:00,2021-10-28T00:00:00+00:00,2026-09-03T11:15:03.742310+00:00,14300.0,14417.0,14192.0,14258.0,14209.3291015625,1564332
2021-10-28 00:00:00+00:00,2021-10-29T00:00:00+00:00,2026-09-03T11:15:03.742310+00:00,14115.0,14300.0,13995.0,13995.0,13947.2255859375,1839325
2021-10-29 00:00:00+00:00,2021-10-30T00:00:00+00:00,2026-09-03T11:15:03.742310+00:00,13970.0,14046.0,13825.0,14000.0,13952.208984375,3016732
2021-11-02 00:00:00+00:00,2021-11-03T00:00:00+00:00,2026-09-03T11:15:03.742310+00:00,14119.0,14477.0,13954.0,14477.0,14427.5810546875,3128011
2021-11-03 00:00:00+00:00,2021-11-04T00:00:00+00:00,2026-09-03T11:15:03.742310+00:00,14040.0,14534.0,14122.0,14279.0,14230.2578125,1592988
2021-11-04 00:00:00+00:00,2021-11-05T00:00:00+00:00,2026-09-03T11:15:03.742310+00:00,14500.0,14707.0,14267.0,14385.0,14335.8955078125,1722437
2021-11-05 00:00:00+00:00,2021-11-06T00:00:00+00:00,2026-09-03T11:15:03.742310+00:00,14050.0,14436.0,13981.0,14110.0,14061.833984375,2259549
2021-11-08 00:00:00+00:00,2021-11-09T00:00:00+00:00,2026-09-03T11:15:03.742310+00:00,14000.0,14285.0,13939.0,14099.0,14050.87109375,1277699
2021-11-09 00:00:00+00:00,2021-11-10T00:00:00+00:00,2026-09-03T11:15:03.742310+00:00,13851.0,14332.0,13988.0,14053.0,14005.0283203125,1556003
2021-11-10 00:00:00+00:00,2021-11-11T00:00:00+00:00,2026-09-03T11:15:03.742310+00:00,13900.0,14209.0,13920.0,13967.0,13919.3212890625,1081188
2021-11-11 00:00:00+00:00,2021-11-12T00:00:00+00:00,2026-09-03T11:15:03.742310+00:00,13905.0,14050.0,13716.0,13845.0,13797.7392578125,2411833
2021-11-12 00:00:00+00:00,2021-11-13T00:00:00+00:00,2026-09-03T11:15:03.742310+00:00,13860.0,13911.0,13506.0,13550.0,13503.74609375,1374264
2021-11-15 00:00:00+00:00,2021-11-16T00:00:00+00:00,2026-09-03T11:15:03.742310+00:00,13601.0,13976.0,13601.0,13866.0,13818.666015625,2032193
2021-11-16 00:00:00+00:00,2021-11-17T00:00:00+00:00,2026-09-03T11:15:03.742310+00:00,14070.0,14043.0,13773.0,13783.0,13735.9482421875,1927947
2021-11-17 00:00:00+00:00,2021-11-18T00:00:00+00:00,2026-09-03T11:15:03.742310+00:00,13700.0,14059.0,13739.0,13910.0,13862.5166015625,1677417
2021-11-18 00:00:00+00:00,2021-11-19T00:00:00+00:00,2026-09-03T11:15:03.742310+00:00,14069.0,14070.0,13730.0,14034.0,13986.09375,2334499
2021-11-19 00:00:00+00:00,2021-11-20T00:00:00+00:00,2026-09-03T11:15:03.742310+00:00,14070.0,14165.0,13370.0,13525.0,13478.83203125,2103012
2021-11-22 00:00:00+00:00,2021-11-23T00:00:00+00:00,2026-09-03T11:15:03.742310+00:00,13500.0,13836.0,13515.0,13672.0,13625.3291015625,1816633
2021-11-23 00:00:00+00:00,2021-11-24T00:00:00+00:00,2026-09-03T11:15:03.742310+00:00,13500.0,13832.0,13554.0,13771.0,13723.9921875,1924119
2021-11-24 00:00:00+00:00,2021-11-25T00:00:00+00:00,2026-09-03T11:15:03.742310+00:00,13800.0,13993.0,13239.0,13410.0,13364.22265625,1921660
2021-11-25 00:00:00+00:00,2021-11-26T00:00:00+00:00,2026-09-03T11:15:03.742310+00:00,13280.0,13718.0,13280.0,13717.0,13670.17578125,2111628
2021-11-26 00:00:00+00:00,2021-11-27T00:00:00+00:00,2026-09-03T11:15:03.742310+00:00,13250.0,13306.0,12300.0,12495.0,12452.3447265625,7581382
2021-11-29 00:00:00+00:00,2021-11-30T00:00:00+00:00,2026-09-03T11:15:03.742310+00:00,12700.0,13321.0,12651.0,13192.0,13146.9677734375,5468282
2021-11-30 00:00:00+00:00,2021-12-01T00:00:00+00:00,2026-09-03T11:15:03.742310+00:00,12910.0,13411.0,12978.0,13400.0,13354.2568359375,7839800
2021-12-01 00:00:00+00:00,2021-12-02T00:00:00+00:00,2026-09-03T11:15:03.742310+00:00,13500.0,13928.0,13489.0,13847.0,13799.7314453125,2615400
2021-12-02 00:00:00+00:00,2021-12-03T00:00:00+00:00,2026-09-03T11:15:03.742310+00:00,13830.0,14100.0,13760.0,13955.0,13907.3642578125,2816638
2021-12-03 00:00:00+00:00,2021-12-04T00:00:00+00:00,2026-09-03T11:15:03.742310+00:00,14233.0,14769.0,14229.0,14547.0,14497.3427734375,4815314
2021-12-06 00:00:00+00:00,2021-12-07T00:00:00+00:00,2026-09-03T11:15:03.742310+00:00,14581.0,15164.0,14350.0,14926.0,14875.048828125,5213616
2021-12-07 00:00:00+00:00,2021-12-08T00:00:00+00:00,2026-09-03T11:15:03.742310+00:00,14961.0,15118.0,14663.0,15015.0,14963.7451171875,4142442
2021-12-08 00:00:00+00:00,2021-12-09T00:00:00+00:00,2026-09-03T11:15:03.742310+00:00,15005.0,15238.0,14934.0,15153.0,15101.2724609375,2521213
2021-12-09 00:00:00+00:00,2021-12-10T00:00:00+00:00,2026-09-03T11:15:03.742310+00:00,15200.0,15301.0,15031.0,15147.0,15095.294921875,3220585
2021-12-10 00:00:00+00:00,2021-12-11T00:00:00+00:00,2026-09-03T11:15:03.742310+00:00,14900.0,15244.0,14739.0,14876.0,14825.2197265625,1904877
2021-12-13 00:00:00+00:00,2021-12-14T00:00:00+00:00,2026-09-03T11:15:03.742310+00:00,14800.0,14989.0,14454.0,14548.0,14498.3369140625,2448646
2021-12-14 00:00:00+00:00,2021-12-15T00:00:00+00:00,2026-09-03T11:15:03.742310+00:00,14548.0,14798.0,14476.0,14612.0,14562.119140625,2244760
2021-12-15 00:00:00+00:00,2021-12-16T00:00:00+00:00,2026-09-03T11:15:03.742310+00:00,14351.0,14817.0,14460.0,14666.0,14615.935546875,6442188
2021-12-17 00:00:00+00:00,2021-12-18T00:00:00+00:00,2026-09-03T11:15:03.742310+00:00,14800.0,15114.0,14723.0,14887.0,14836.1826171875,3590063
2021-12-20 00:00:00+00:00,2021-12-21T00:00:00+00:00,2026-09-03T11:15:03.742310+00:00,14680.0,14763.0,14194.0,14454.0,14404.658203125,1817824
2021-12-21 00:00:00+00:00,2021-12-22T00:00:00+00:00,2026-09-03T11:15:03.742310+00:00,14500.0,14982.0,14500.0,14787.0,14736.5234375,1605252
2021-12-22 00:00:00+00:00,2021-12-23T00:00:00+00:00,2026-09-03T11:15:03.742310+00:00,14507.0,14893.0,14508.0,14813.0,14762.435546875,609461
2021-12-23 00:00:00+00:00,2021-12-24T00:00:00+00:00,2026-09-03T11:15:03.742310+00:00,15000.0,15001.0,14833.0,15001.0,14949.7939453125,596199
2021-12-24 00:00:00+00:00,2021-12-25T00:00:00+00:00,2026-09-03T11:15:03.742310+00:00,15060.0,15049.0,14867.0,14931.0,14880.03125,171754
2021-12-28 00:00:00+00:00,2021-12-29T00:00:00+00:00,2026-09-03T11:15:03.742310+00:00,14951.0,15168.0,14883.0,15124.0,15072.3720703125,653281
2021-12-29 00:00:00+00:00,2021-12-30T00:00:00+00:00,2026-09-03T11:15:03.742310+00:00,15050.0,15244.0,15039.0,15192.0,15140.138671875,407212
2021-12-30 00:00:00+00:00,2021-12-31T00:00:00+00:00,2026-09-03T11:15:03.742310+00:00,15305.0,15500.0,15178.0,15500.0,15447.0888671875,813614
2021-12-31 00:00:00+00:00,2022-01-01T00:00:00+00:00,2026-09-03T11:15:03.742310+00:00,15171.0,15491.0,15264.0,15255.0,15202.92578125,646694
2022-01-03 00:00:00+00:00,2022-01-04T00:00:00+00:00,2026-09-03T11:15:03.742310+00:00,15400.0,15708.0,15364.0,15671.0,15617.505859375,742477
2022-01-04 00:00:00+00:00,2022-01-05T00:00:00+00:00,2026-09-03T11:15:03.742310+00:00,15680.0,16009.0,15679.0,15957.0,15902.52734375,914654
2022-01-05 00:00:00+00:00,2022-01-06T00:00:00+00:00,2026-09-03T11:15:03.742310+00:00,15973.0,16202.0,15838.0,16096.0,16041.052734375,1252885
2022-01-06 00:00:00+00:00,2022-01-07T00:00:00+00:00,2026-09-03T11:15:03.742310+00:00,16000.0,16440.0,15840.0,16404.0,16348.0029296875,2557890
2022-01-07 00:00:00+00:00,2022-01-08T00:00:00+00:00,2026-09-03T11:15:03.742310+00:00,16200.0,16545.5,16092.0,16500.0,16443.67578125,1552399
2022-01-10 00:00:00+00:00,2022-01-11T00:00:00+00:00,2026-09-03T11:15:03.742310+00:00,16280.0,16642.0,16418.0,16501.0,16444.671875,1158654
2022-01-11 00:00:00+00:00,2022-01-12T00:00:00+00:00,2026-09-03T11:15:03.742310+00:00,16305.0,16636.0,16248.5,16367.0,16311.12890625,2820839
2022-01-12 00:00:00+00:00,2022-01-13T00:00:00+00:00,2026-09-03T11:15:03.742310+00:00,16367.0,16429.0,16093.0,16261.0,16205.4921875,2261118
2022-01-13 00:00:00+00:00,2022-01-14T00:00:00+00:00,2026-09-03T11:15:03.742310+00:00,16101.0,16639.0,16080.0,16467.0,16410.7890625,1980612
2022-01-14 00:00:00+00:00,2022-01-15T00:00:00+00:00,2026-09-03T11:15:03.742310+00:00,16600.0,16539.0,16231.0,16242.0,16186.5546875,1593180
2022-01-17 00:00:00+00:00,2022-01-18T00:00:00+00:00,2026-09-03T11:15:03.742310+00:00,16242.0,16500.0,16231.0,16289.0,16233.3955078125,1147404
2022-01-18 00:00:00+00:00,2022-01-19T00:00:00+00:00,2026-09-03T11:15:03.742310+00:00,16050.0,16395.0,15797.0,16139.0,16083.9091796875,1500768
2022-01-19 00:00:00+00:00,2022-01-20T00:00:00+00:00,2026-09-03T11:15:03.742310+00:00,16145.0,16348.0,15975.0,16141.0,16085.9013671875,1038494
2022-01-20 00:00:00+00:00,2022-01-21T00:00:00+00:00,2026-09-03T11:15:03.742310+00:00,16200.0,16272.0,15889.0,16139.0,16083.9091796875,1859196
2022-01-21 00:00:00+00:00,2022-01-22T00:00:00+00:00,2026-09-03T11:15:03.742310+00:00,16500.0,16350.0,15971.0,16198.0,16142.70703125,1606429
2022-01-24 00:00:00+00:00,2022-01-25T00:00:00+00:00,2026-09-03T11:15:03.742310+00:00,16000.0,16354.0,15725.0,15820.0,15765.9951171875,2555388
2022-01-25 00:00:00+00:00,2022-01-26T00:00:00+00:00,2026-09-03T11:15:03.742310+00:00,15608.0,16039.0,15638.0,15931.0,15876.6171875,2966615
2022-01-26 00:00:00+00:00,2022-01-27T00:00:00+00:00,2026-09-03T11:15:03.742310+00:00,15650.0,16256.0,15834.0,16119.0,16063.974609375,1296805
2022-01-27 00:00:00+00:00,2022-01-28T00:00:00+00:00,2026-09-03T11:15:03.742310+00:00,15616.0,16584.0,15632.0,16529.0,16472.578125,2343328
2022-01-28 00:00:00+00:00,2022-01-29T00:00:00+00:00,2026-09-03T11:15:03.742310+00:00,16589.0,16860.0,16267.0,16835.0,16777.533203125,2088510
2022-01-31 00:00:00+00:00,2022-02-01T00:00:00+00:00,2026-09-03T11:15:03.742310+00:00,16900.0,17285.0,16739.0,16988.0,16930.0078125,2915894
2022-02-01 00:00:00+00:00,2022-02-02T00:00:00+00:00,2026-09-03T11:15:03.742310+00:00,17200.0,17252.0,16807.0,16915.0,16857.2578125,1582720
2022-02-02 00:00:00+00:00,2022-02-03T00:00:00+00:00,2026-09-03T11:15:03.742310+00:00,17100.0,17100.0,16687.0,16756.0,16698.80078125,1567855
2022-02-03 00:00:00+00:00,2022-02-04T00:00:00+00:00,2026-09-03T11:15:03.742310+00:00,16900.0,17015.0,16705.0,16957.0,16899.11328125,1076242
2022-02-04 00:00:00+00:00,2022-02-05T00:00:00+00:00,2026-09-03T11:15:03.742310+00:00,17100.0,17130.0,16800.0,16969.0,16911.076171875,896092
2022-02-07 00:00:00+00:00,2022-02-08T00:00:00+00:00,2026-09-03T11:15:03.742310+00:00,16801.0,17327.0,16855.0,17123.0,17064.548828125,1143925
2022-02-08 00:00:00+00:00,2022-02-09T00:00:00+00:00,2026-09-03T11:15:03.742310+00:00,16980.0,17599.0,16980.0,17450.0,17390.431640625,2707976
2022-02-09 00:00:00+00:00,2022-02-10T00:00:00+00:00,2026-09-03T11:15:03.742310+00:00,16856.0,17565.0,17168.0,17295.0,17235.962890625,2401976
2022-02-10 00:00:00+00:00,2022-02-11T00:00:00+00:00,2026-09-03T11:15:03.742310+00:00,17550.0,17575.0,17277.0,17527.0,17467.169921875,1642752
2022-02-11 00:00:00+00:00,2022-02-12T00:00:00+00:00,2026-09-03T11:15:03.742310+00:00,17350.0,17599.0,17315.0,17571.0,17511.017578125,1921272
2022-02-14 00:00:00+00:00,2022-02-15T00:00:00+00:00,2026-09-03T11:15:03.742310+00:00,17250.0,17581.0,17075.0,17577.0,17516.99609375,2142526
2022-02-15 00:00:00+00:00,2022-02-16T00:00:00+00:00,2026-09-03T11:15:03.742310+00:00,17900.0,18513.0,17920.0,18089.0,18027.25,3033752
2022-02-16 00:00:00+00:00,2022-02-17T00:00:00+00:00,2026-09-03T11:15:03.742310+00:00,18001.0,18350.0,17950.0,18105.0,18043.1953125,2324852
2022-02-17 00:00:00+00:00,2022-02-18T00:00:00+00:00,2026-09-03T11:15:03.742310+00:00,18031.0,18208.0,17423.0,17600.0,17539.921875,3249354
2022-02-18 00:00:00+00:00,2022-02-19T00:00:00+00:00,2026-09-03T11:15:03.742310+00:00,17681.0,17704.0,17205.0,17343.0,17283.796875,2442052
2022-02-21 00:00:00+00:00,2022-02-22T00:00:00+00:00,2026-09-03T11:15:03.742310+00:00,17300.0,17706.0,17379.0,17418.0,17358.5390625,1347708
2022-02-22 00:00:00+00:00,2022-02-23T00:00:00+00:00,2026-09-03T11:15:03.742310+00:00,17418.0,17576.0,16878.0,17376.0,17316.6875,1995438
2022-02-23 00:00:00+00:00,2022-02-24T00:00:00+00:00,2026-09-03T11:15:03.742310+00:00,17001.0,18128.0,17156.0,17653.0,17592.740234375,2121675
2022-02-24 00:00:00+00:00,2022-02-25T00:00:00+00:00,2026-09-03T11:15:03.742310+00:00,17260.0,17350.0,16650.0,17241.0,17182.14453125,3827557
2022-02-25 00:00:00+00:00,2022-02-26T00:00:00+00:00,2026-09-03T11:15:03.742310+00:00,17126.0,17825.0,16976.0,17720.0,17659.509765625,1840664
2022-02-28 00:00:00+00:00,2022-03-01T00:00:00+00:00,2026-09-03T11:15:03.742310+00:00,17850.0,17803.0,17274.0,17664.0,17603.701171875,6739887
2022-03-01 00:00:00+00:00,2022-03-02T00:00:00+00:00,2026-09-03T11:15:03.742310+00:00,17477.0,18270.0,17637.0,17821.0,17760.166015625,2982312
2022-03-02 00:00:00+00:00,2022-03-03T00:00:00+00:00,2026-09-03T11:15:03.742310+00:00,17481.0,17875.0,17297.0,17738.0,17677.44921875,4514172
2022-03-03 00:00:00+00:00,2022-03-04T00:00:00+00:00,2026-09-03T11:15:03.742310+00:00,17799.0,18400.0,17650.0,18400.0,18337.185546875,2797519
2022-03-04 00:00:00+00:00,2022-03-05T00:00:00+00:00,2026-09-03T11:15:03.742310+00:00,18343.0,18599.0,17074.0,17074.0,17015.71484375,4344086
2022-03-07 00:00:00+00:00,2022-03-08T00:00:00+00:00,2026-09-03T11:15:03.742310+00:00,16900.0,16911.0,15642.0,16060.0,16005.177734375,4544543
2022-03-08 00:00:00+00:00,2022-03-09T00:00:00+00:00,2026-09-03T11:15:03.742310+00:00,15640.0,16222.0,15653.0,15958.0,15903.52734375,3523684
2022-03-09 00:00:00+00:00,2022-03-10T00:00:00+00:00,2026-09-03T11:15:03.742310+00:00,15631.0,16425.0,15798.0,16360.0,16304.1533203125,3735152
2022-03-10 00:00:00+00:00,2022-03-11T00:00:00+00:00,2026-09-03T11:15:03.742310+00:00,16699.0,16847.0,16491.0,16650.0,16593.162109375,2154977
2022-03-11 00:00:00+00:00,2022-03-12T00:00:00+00:00,2026-09-03T11:15:03.742310+00:00,16651.0,17518.0,16738.0,17311.0,17251.908203125,2144869
2022-03-14 00:00:00+00:00,2022-03-15T00:00:00+00:00,2026-09-03T11:15:03.742310+00:00,17455.0,17974.0,17378.0,17745.0,17684.42578125,4206274
2022-03-15 00:00:00+00:00,2022-03-16T00:00:00+00:00,2026-09-03T11:15:03.742310+00:00,17600.0,17634.0,17140.0,17477.0,17417.33984375,3055653
2022-03-16 00:00:00+00:00,2022-03-17T00:00:00+00:00,2026-09-03T11:15:03.742310+00:00,17800.0,18796.0,17385.0,18780.0,18715.892578125,5999216
2022-03-17 00:00:00+00:00,2022-03-18T00:00:00+00:00,2026-09-03T11:15:03.742310+00:00,18780.0,19258.0,18480.0,18593.0,18529.529296875,7817955
2022-03-18 00:00:00+00:00,2022-03-19T00:00:00+00:00,2026-09-03T11:15:03.742310+00:00,18888.0,18885.0,18220.0,18465.0,18401.96875,6314432
2022-03-22 00:00:00+00:00,2022-03-23T00:00:00+00:00,2026-09-03T11:15:03.742310+00:00,18650.0,19124.0,18618.0,18859.0,18794.623046875,2375519
2022-03-23 00:00:00+00:00,2022-03-24T00:00:00+00:00,2026-09-03T11:15:03.742310+00:00,18850.0,19180.0,18693.0,18845.0,18780.66796875,2389601
2022-03-24 00:00:00+00:00,2022-03-25T00:00:00+00:00,2026-09-03T11:15:03.742310+00:00,18700.0,19078.0,18672.0,18750.0,18685.9921875,1550618
2022-03-25 00:00:00+00:00,2022-03-26T00:00:00+00:00,2026-09-03T11:15:03.742310+00:00,18750.0,19061.0,18682.0,18802.0,18737.81640625,2082542
2022-03-28 00:00:00+00:00,2022-03-29T00:00:00+00:00,2026-09-03T11:15:03.742310+00:00,18746.0,19382.0,18801.0,19200.0,19134.45703125,1741681
2022-03-29 00:00:00+00:00,2022-03-30T00:00:00+00:00,2026-09-03T11:15:03.742310+00:00,19091.0,19536.0,18979.0,19236.0,19170.333984375,2512028
2022-03-30 00:00:00+00:00,2022-03-31T00:00:00+00:00,2026-09-03T11:15:03.742310+00:00,19480.0,19350.0,18817.0,18860.0,18795.6171875,2234041
2022-03-31 00:00:00+00:00,2022-04-01T00:00:00+00:00,2026-09-03T11:15:03.742310+00:00,18932.0,19226.0,18802.0,19044.0,18978.990234375,2313378
2022-04-01 00:00:00+00:00,2022-04-02T00:00:00+00:00,2026-09-03T11:15:03.742310+00:00,19050.0,19492.0,18994.0,19100.0,19034.80078125,2448713
2022-04-04 00:00:00+00:00,2022-04-05T00:00:00+00:00,2026-09-03T11:15:03.742310+00:00,19101.0,19154.0,18745.0,18854.0,18789.638671875,2107860
2022-04-05 00:00:00+00:00,2022-04-06T00:00:00+00:00,2026-09-03T11:15:03.742310+00:00,18800.0,18955.0,18055.0,18192.0,18129.896484375,2803357
2022-04-06 00:00:00+00:00,2022-04-07T00:00:00+00:00,2026-09-03T11:15:03.742310+00:00,18200.0,18638.0,18337.0,18607.0,18543.482421875,2385249
2022-04-07 00:00:00+00:00,2022-04-08T00:00:00+00:00,2026-09-03T11:15:03.742310+00:00,18610.0,18712.0,18202.0,18494.0,18430.869140625,1907599
2022-04-08 00:00:00+00:00,2022-04-09T00:00:00+00:00,2026-09-03T11:15:03.742310+00:00,18321.0,18671.0,18130.0,18238.0,18175.744140625,2492795
2022-04-11 00:00:00+00:00,2022-04-12T00:00:00+00:00,2026-09-03T11:15:03.742310+00:00,18100.0,18428.0,17974.0,18256.0,18193.6796875,2016152
2022-04-12 00:00:00+00:00,2022-04-13T00:00:00+00:00,2026-09-03T11:15:03.742310+00:00,18053.0,18204.0,17846.0,17902.0,17840.888671875,1867047
2022-04-13 00:00:00+00:00,2022-04-14T00:00:00+00:00,2026-09-03T11:15:03.742310+00:00,18075.0,18090.0,17550.0,17651.0,17590.7421875,2265287
2022-04-14 00:00:00+00:00,2022-04-15T00:00:00+00:00,2026-09-03T11:15:03.742310+00:00,17757.0,17874.0,17434.0,17758.0,17697.3828125,2215751
2022-04-19 00:00:00+00:00,2022-04-20T00:00:00+00:00,2026-09-03T11:15:03.742310+00:00,17980.0,18448.0,17619.0,18310.0,18247.494140625,3424111
2022-04-20 00:00:00+00:00,2022-04-21T00:00:00+00:00,2026-09-03T11:15:03.742310+00:00,17401.0,18270.0,17555.0,17700.0,17644.158203125,2938437
2022-04-21 00:00:00+00:00,2022-04-22T00:00:00+00:00,2026-09-03T11:15:03.742310+00:00,16550.0,17220.0,16400.0,16845.0,16791.853515625,103046442
2022-04-22 00:00:00+00:00,2022-04-23T00:00:00+00:00,2026-09-03T11:15:03.742310+00:00,16750.0,17003.0,16556.0,16605.0,16552.611328125,5481388
2022-04-25 00:00:00+00:00,2022-04-26T00:00:00+00:00,2026-09-03T11:15:03.742310+00:00,16450.0,16812.0,16291.0,16560.0,16507.751953125,20043873
2022-04-26 00:00:00+00:00,2022-04-27T00:00:00+00:00,2026-09-03T11:15:03.742310+00:00,16850.0,17188.0,16497.0,16972.0,16918.453125,6559321
2022-04-28 00:00:00+00:00,2022-04-29T00:00:00+00:00,2026-09-03T11:15:03.742310+00:00,17088.0,17219.0,16914.0,17155.0,17100.873046875,4122560
2022-04-29 00:00:00+00:00,2022-04-30T00:00:00+00:00,2026-09-03T11:15:03.742310+00:00,17295.0,17400.0,17184.0,17184.0,17129.783203125,2790045
2022-05-03 00:00:00+00:00,2022-05-04T00:00:00+00:00,2026-09-03T11:15:03.742310+00:00,17180.0,17290.0,16683.0,16860.0,16806.806640625,2598620
2022-05-04 00:00:00+00:00,2022-05-05T00:00:00+00:00,2026-09-03T11:15:03.742310+00:00,16701.0,16988.0,16570.0,16664.0,16611.421875,2607183
2022-05-05 00:00:00+00:00,2022-05-06T00:00:00+00:00,2026-09-03T11:15:03.742310+00:00,16751.0,16855.0,16202.0,16283.0,16231.6259765625,3167537
2022-05-06 00:00:00+00:00,2022-05-07T00:00:00+00:00,2026-09-03T11:15:03.742310+00:00,16283.0,16283.0,15603.0,15831.0,15781.052734375,3882099
2022-05-09 00:00:00+00:00,2022-05-10T00:00:00+00:00,2026-09-03T11:15:03.742310+00:00,15850.0,15933.0,15449.0,15799.0,15749.1552734375,2673024
2022-05-10 00:00:00+00:00,2022-05-11T00:00:00+00:00,2026-09-03T11:15:03.742310+00:00,15850.0,16585.0,15828.0,16240.0,16188.76171875,5786377
2022-05-11 00:00:00+00:00,2022-05-12T00:00:00+00:00,2026-09-03T11:15:03.742310+00:00,16309.0,16387.0,15888.0,16320.0,16268.5087890625,2787010
2022-05-12 00:00:00+00:00,2022-05-13T00:00:00+00:00,2026-09-03T11:15:03.742310+00:00,16190.0,16502.0,15996.0,16502.0,16449.935546875,5064056
2022-05-13 00:00:00+00:00,2022-05-14T00:00:00+00:00,2026-09-03T11:15:03.742310+00:00,16361.0,16820.0,16392.0,16747.0,16694.162109375,4598118
2022-05-16 00:00:00+00:00,2022-05-17T00:00:00+00:00,2026-09-03T11:15:03.742310+00:00,16441.0,16930.0,16483.0,16879.0,16825.74609375,2315917
2022-05-17 00:00:00+00:00,2022-05-18T00:00:00+00:00,2026-09-03T11:15:03.742310+00:00,17000.0,17123.0,16773.0,16773.0,16720.080078125,2924063
2022-05-18 00:00:00+00:00,2022-05-19T00:00:00+00:00,2026-09-03T11:15:03.742310+00:00,17024.0,17077.0,16819.0,16968.0,16914.466796875,3116094
2022-05-19 00:00:00+00:00,2022-05-20T00:00:00+00:00,2026-09-03T11:15:03.742310+00:00,16600.0,16799.0,16361.0,16734.0,16681.19921875,2339599
2022-05-20 00:00:00+00:00,2022-05-21T00:00:00+00:00,2026-09-03T11:15:03.742310+00:00,16618.0,17004.0,16556.0,16556.0,16503.763671875,3782100
2022-05-23 00:00:00+00:00,2022-05-24T00:00:00+00:00,2026-09-03T11:15:03.742310+00:00,16501.0,16961.0,16580.0,16839.0,16785.87109375,2288653
2022-05-24 00:00:00+00:00,2022-05-25T00:00:00+00:00,2026-09-03T11:15:03.742310+00:00,16500.0,16931.0,16620.0,16709.0,16656.283203125,1567545
2022-05-25 00:00:00+00:00,2022-05-26T00:00:00+00:00,2026-09-03T11:15:03.742310+00:00,16510.0,16839.0,16161.0,16221.0,16169.8203125,2593690
2022-05-26 00:00:00+00:00,2022-05-27T00:00:00+00:00,2026-09-03T11:15:03.742310+00:00,16020.0,16850.0,16130.0,16809.0,16755.966796875,3297567
2022-05-27 00:00:00+00:00,2022-05-28T00:00:00+00:00,2026-09-03T11:15:03.742310+00:00,16839.0,17398.0,16777.0,17297.0,17242.4296875,2231675
2022-05-30 00:00:00+00:00,2022-05-31T00:00:00+00:00,2026-09-03T11:15:03.742310+00:00,17480.0,18010.0,17323.0,18010.0,17953.1796875,3983348
2022-05-31 00:00:00+00:00,2022-06-01T00:00:00+00:00,2026-09-03T11:15:03.742310+00:00,17800.0,18368.0,17706.0,18368.0,18310.046875,5982524
2022-06-01 00:00:00+00:00,2022-06-02T00:00:00+00:00,2026-09-03T11:15:03.742310+00:00,18330.0,18512.0,17800.0,17940.0,17883.400390625,2698364
2022-06-02 00:00:00+00:00,2022-06-03T00:00:00+00:00,2026-09-03T11:15:03.742310+00:00,18176.0,18284.0,17608.0,17681.0,17625.212890625,1522355
2022-06-03 00:00:00+00:00,2022-06-04T00:00:00+00:00,2026-09-03T11:15:03.742310+00:00,18015.0,18141.0,17748.0,17913.0,17856.482421875,1391809
2022-06-06 00:00:00+00:00,2022-06-07T00:00:00+00:00,2026-09-03T11:15:03.742310+00:00,17770.0,17782.0,17356.0,17415.0,17360.056640625,2166917
2022-06-07 00:00:00+00:00,2022-06-08T00:00:00+00:00,2026-09-03T11:15:03.742310+00:00,17198.0,17260.0,16778.0,16843.0,16789.85546875,3121250
2022-06-08 00:00:00+00:00,2022-06-09T00:00:00+00:00,2026-09-03T11:15:03.742310+00:00,16784.0,16997.0,16584.0,16623.0,16570.556640625,1924254
2022-06-09 00:00:00+00:00,2022-06-10T00:00:00+00:00,2026-09-03T11:15:03.742310+00:00,16723.0,16891.0,16380.0,16380.0,16328.3193359375,2283214
2022-06-10 00:00:00+00:00,2022-06-11T00:00:00+00:00,2026-09-03T11:15:03.742310+00:00,16250.0,16700.0,16086.0,16129.0,16078.1103515625,2331949
2022-06-13 00:00:00+00:00,2022-06-14T00:00:00+00:00,2026-09-03T11:15:03.742310+00:00,16000.0,16051.0,15531.0,16006.0,15955.5009765625,4038156
2022-06-14 00:00:00+00:00,2022-06-15T00:00:00+00:00,2026-09-03T11:15:03.742310+00:00,16459.0,16479.0,16029.0,16243.0,16191.751953125,3598868
2022-06-15 00:00:00+00:00,2022-06-16T00:00:00+00:00,2026-09-03T11:15:03.742310+00:00,16240.0,16597.0,15929.0,16543.0,16490.8046875,7047949
2022-06-17 00:00:00+00:00,2022-06-18T00:00:00+00:00,2026-09-03T11:15:03.742310+00:00,16016.0,16365.0,15885.0,15900.0,15849.8359375,6021781
2022-06-20 00:00:00+00:00,2022-06-21T00:00:00+00:00,2026-09-03T11:15:03.742310+00:00,15930.0,16562.0,15850.0,16500.0,16447.94140625,1270915
2022-06-21 00:00:00+00:00,2022-06-22T00:00:00+00:00,2026-09-03T11:15:03.742310+00:00,16805.0,17060.0,16707.0,16777.0,16724.068359375,5207693
2022-06-22 00:00:00+00:00,2022-06-23T00:00:00+00:00,2026-09-03T11:15:03.742310+00:00,16632.0,16722.0,16285.0,16612.0,16559.587890625,4307820
2022-06-23 00:00:00+00:00,2022-06-24T00:00:00+00:00,2026-09-03T11:15:03.742310+00:00,16340.0,16598.0,16232.0,16312.0,16260.533203125,2594489
2022-06-24 00:00:00+00:00,2022-06-25T00:00:00+00:00,2026-09-03T11:15:03.742310+00:00,16210.0,16670.0,16257.0,16459.0,16407.0703125,4930908
2022-06-27 00:00:00+00:00,2022-06-28T00:00:00+00:00,2026-09-03T11:15:03.742310+00:00,16465.0,16852.0,15799.0,15799.0,15749.1552734375,4288629
2022-06-28 00:00:00+00:00,2022-06-29T00:00:00+00:00,2026-09-03T11:15:03.742310+00:00,15905.0,16173.0,15745.0,16000.0,15949.51953125,3534775
2022-06-29 00:00:00+00:00,2022-06-30T00:00:00+00:00,2026-09-03T11:15:03.742310+00:00,15950.0,15977.0,15616.0,15759.0,15709.279296875,2025258
2022-06-30 00:00:00+00:00,2022-07-01T00:00:00+00:00,2026-09-03T11:15:03.742310+00:00,15650.0,15736.0,15302.0,15460.0,15411.2236328125,3660307
2022-07-01 00:00:00+00:00,2022-07-02T00:00:00+00:00,2026-09-03T11:15:03.742310+00:00,15253.0,15917.0,15217.0,15470.0,15421.193359375,2938711
2022-07-04 00:00:00+00:00,2022-07-05T00:00:00+00:00,2026-09-03T11:15:03.742310+00:00,15515.0,15930.0,15445.0,15785.0,15735.1982421875,2358986
2022-07-05 00:00:00+00:00,2022-07-06T00:00:00+00:00,2026-09-03T11:15:03.742310+00:00,15990.0,15989.0,15253.0,15316.0,15267.677734375,2982817
2022-07-06 00:00:00+00:00,2022-07-07T00:00:00+00:00,2026-09-03T11:15:03.742310+00:00,15316.0,15593.0,15182.0,15321.0,15272.6611328125,2838097
2022-07-07 00:00:00+00:00,2022-07-08T00:00:00+00:00,2026-09-03T11:15:03.742310+00:00,15425.0,15854.0,15404.0,15610.0,15560.7490234375,3214216
2022-07-08 00:00:00+00:00,2022-07-09T00:00:00+00:00,2026-09-03T11:15:03.742310+00:00,15800.0,15900.0,15435.0,15723.0,15673.3935546875,3042884
2022-07-11 00:00:00+00:00,2022-07-12T00:00:00+00:00,2026-09-03T11:15:03.742310+00:00,15416.0,15744.0,15357.0,15510.0,15461.0634765625,1098993
2022-07-12 00:00:00+00:00,2022-07-13T00:00:00+00:00,2026-09-03T11:15:03.742310+00:00,15411.0,15960.0,15513.0,15900.0,15849.8359375,1871253
2022-07-13 00:00:00+00:00,2022-07-14T00:00:00+00:00,2026-09-03T11:15:03.742310+00:00,15799.0,15980.0,15414.0,15550.0,15500.939453125,1887598
2022-07-14 00:00:00+00:00,2022-07-15T00:00:00+00:00,2026-09-03T11:15:03.742310+00:00,15799.0,15674.0,15002.0,15205.0,15157.02734375,2359425
2022-07-15 00:00:00+00:00,2022-07-16T00:00:00+00:00,2026-09-03T11:15:03.742310+00:00,15033.0,15695.0,15114.0,15561.0,15511.9052734375,2183064
2022-07-18 00:00:00+00:00,2022-07-19T00:00:00+00:00,2026-09-03T11:15:03.742310+00:00,15500.0,16107.0,15737.0,16022.0,15971.4501953125,2528770
2022-07-19 00:00:00+00:00,2022-07-20T00:00:00+00:00,2026-09-03T11:15:03.742310+00:00,16075.0,16320.0,15800.0,16290.0,16238.60546875,2307832
2022-07-20 00:00:00+00:00,2022-07-21T00:00:00+00:00,2026-09-03T11:15:03.742310+00:00,16290.0,16624.0,16284.0,16420.0,16368.1943359375,3027101
2022-07-21 00:00:00+00:00,2022-07-22T00:00:00+00:00,2026-09-03T11:15:03.742310+00:00,16485.0,17108.0,16323.0,16910.0,16856.646484375,2947430
2022-07-22 00:00:00+00:00,2022-07-23T00:00:00+00:00,2026-09-03T11:15:03.742310+00:00,17025.0,17167.0,16750.0,16750.0,16697.150390625,1818280
2022-07-25 00:00:00+00:00,2022-07-26T00:00:00+00:00,2026-09-03T11:15:03.742310+00:00,16601.0,16926.0,16552.0,16750.0,16697.150390625,1375496
2022-07-26 00:00:00+00:00,2022-07-27T00:00:00+00:00,2026-09-03T11:15:03.742310+00:00,16655.0,17083.0,16747.0,16888.0,16834.716796875,1640981
2022-07-27 00:00:00+00:00,2022-07-28T00:00:00+00:00,2026-09-03T11:15:03.742310+00:00,16553.0,16998.0,16700.0,16890.0,16836.7109375,904585
2022-07-28 00:00:00+00:00,2022-07-29T00:00:00+00:00,2026-09-03T11:15:03.742310+00:00,16999.0,17217.0,16646.0,16934.0,16880.57421875,3920589
2022-07-29 00:00:00+00:00,2022-07-30T00:00:00+00:00,2026-09-03T11:15:03.742310+00:00,16947.0,17241.0,16906.0,17002.0,16948.357421875,2397593
2022-08-01 00:00:00+00:00,2022-08-02T00:00:00+00:00,2026-09-03T11:15:03.742310+00:00,16900.0,17232.0,16750.0,16976.0,16922.44140625,1783008
2022-08-02 00:00:00+00:00,2022-08-03T00:00:00+00:00,2026-09-03T11:15:03.742310+00:00,16801.0,17196.0,16642.0,16790.0,16737.029296875,2676950
2022-08-03 00:00:00+00:00,2022-08-04T00:00:00+00:00,2026-09-03T11:15:03.742310+00:00,17100.0,17300.0,16744.0,17268.0,17213.521484375,4577346
2022-08-04 00:00:00+00:00,2022-08-05T00:00:00+00:00,2026-09-03T11:15:03.742310+00:00,17015.0,17678.0,17050.0,17504.0,17448.7734375,4835835
2022-08-05 00:00:00+00:00,2022-08-06T00:00:00+00:00,2026-09-03T11:15:03.742310+00:00,17569.0,17899.0,17552.0,17803.0,17746.83203125,2011532
2022-08-08 00:00:00+00:00,2022-08-09T00:00:00+00:00,2026-09-03T11:15:03.742310+00:00,17820.0,18000.0,17781.0,17924.0,17867.44921875,1985600
2022-08-10 00:00:00+00:00,2022-08-11T00:00:00+00:00,2026-09-03T11:15:03.742310+00:00,17800.0,18313.0,17917.0,18100.0,18042.892578125,4679895
2022-08-11 00:00:00+00:00,2022-08-12T00:00:00+00:00,2026-09-03T11:15:03.742310+00:00,18105.0,18473.0,18120.0,18297.0,18239.271484375,2264764
2022-08-12 00:00:00+00:00,2022-08-13T00:00:00+00:00,2026-09-03T11:15:03.742310+00:00,18350.0,18675.0,18128.0,18611.0,18552.27734375,2306985
2022-08-15 00:00:00+00:00,2022-08-16T00:00:00+00:00,2026-09-03T11:15:03.742310+00:00,18850.0,18904.0,18654.0,18825.0,18765.607421875,4914061
2022-08-16 00:00:00+00:00,2022-08-17T00:00:00+00:00,2026-09-03T11:15:03.742310+00:00,18888.0,19157.0,18655.0,18672.0,18613.087890625,4287884
2022-08-17 00:00:00+00:00,2022-08-18T00:00:00+00:00,2026-09-03T11:15:03.742310+00:00,18611.0,18916.0,18466.0,18736.0,18676.88671875,3696059
2022-08-18 00:00:00+00:00,2022-08-19T00:00:00+00:00,2026-09-03T11:15:03.742310+00:00,18822.0,19050.0,18700.0,19000.0,18940.056640625,3928177
2022-08-19 00:00:00+00:00,2022-08-20T00:00:00+00:00,2026-09-03T11:15:03.742310+00:00,19049.0,19048.0,18300.0,18482.0,18423.6875,8130032
2022-08-22 00:00:00+00:00,2022-08-23T00:00:00+00:00,2026-09-03T11:15:03.742310+00:00,18480.0,18500.0,17894.0,18447.0,18388.80078125,4286271
2022-08-23 00:00:00+00:00,2022-08-24T00:00:00+00:00,2026-09-03T11:15:03.742310+00:00,18399.0,18665.0,18246.0,18601.0,18542.310546875,4044266
2022-08-24 00:00:00+00:00,2022-08-25T00:00:00+00:00,2026-09-03T11:15:03.742310+00:00,18490.0,18624.0,18200.0,18399.0,18340.94921875,2430897
2022-08-25 00:00:00+00:00,2022-08-26T00:00:00+00:00,2026-09-03T11:15:03.742310+00:00,18449.0,18700.0,18382.0,18601.0,18542.310546875,3189982
2022-08-26 00:00:00+00:00,2022-08-27T00:00:00+00:00,2026-09-03T11:15:03.742310+00:00,18450.0,19120.0,18450.0,18899.0,18839.373046875,2556992
2022-08-29 00:00:00+00:00,2022-08-30T00:00:00+00:00,2026-09-03T11:15:03.742310+00:00,18500.0,18720.0,18300.0,18535.0,18476.521484375,4001953
2022-08-30 00:00:00+00:00,2022-08-31T00:00:00+00:00,2026-09-03T11:15:03.742310+00:00,18501.0,18720.0,18095.0,18181.0,18123.638671875,3340654
2022-08-31 00:00:00+00:00,2022-09-01T00:00:00+00:00,2026-09-03T11:15:03.742310+00:00,18100.0,18406.0,17710.0,17802.0,17745.833984375,3158051
2022-09-01 00:00:00+00:00,2022-09-02T00:00:00+00:00,2026-09-03T11:15:03.742310+00:00,17250.0,17870.0,16900.0,17810.0,17753.810546875,110581927
2022-09-02 00:00:00+00:00,2022-09-03T00:00:00+00:00,2026-09-03T11:15:03.742310+00:00,17870.0,18384.0,17850.0,18043.0,17986.072265625,8660552
2022-09-05 00:00:00+00:00,2022-09-06T00:00:00+00:00,2026-09-03T11:15:03.742310+00:00,17980.0,18513.0,17650.0,18429.0,18370.853515625,11347247
2022-09-06 00:00:00+00:00,2022-09-07T00:00:00+00:00,2026-09-03T11:15:03.742310+00:00,18531.0,18611.0,18253.0,18297.0,18239.271484375,3518592
2022-09-07 00:00:00+00:00,2022-09-08T00:00:00+00:00,2026-09-03T11:15:03.742310+00:00,18550.0,18354.0,17808.0,17980.0,17923.271484375,3305243
2022-09-08 00:00:00+00:00,2022-09-09T00:00:00+00:00,2026-09-03T11:15:03.742310+00:00,17850.0,18367.0,17884.0,18258.0,18200.396484375,5169013
2022-09-09 00:00:00+00:00,2022-09-10T00:00:00+00:00,2026-09-03T11:15:03.742310+00:00,18310.0,18880.0,18269.0,18751.0,18691.83984375,3945295
2022-09-12 00:00:00+00:00,2022-09-13T00:00:00+00:00,2026-09-03T11:15:03.742310+00:00,18775.0,19050.0,18750.0,18823.0,18763.609375,3735807
2022-09-13 00:00:00+00:00,2022-09-14T00:00:00+00:00,2026-09-03T11:15:03.742310+00:00,18790.0,18866.0,18463.0,18569.0,18510.4140625,2956687
2022-09-14 00:00:00+00:00,2022-09-15T00:00:00+00:00,2026-09-03T11:15:03.742310+00:00,17970.0,18144.0,17800.0,17838.0,17787.947265625,2329355
2022-09-15 00:00:00+00:00,2022-09-16T00:00:00+00:00,2026-09-03T11:15:03.742310+00:00,18109.0,18282.0,17925.0,18230.0,18178.84765625,7759789
2022-09-16 00:00:00+00:00,2022-09-17T00:00:00+00:00,2026-09-03T11:15:03.742310+00:00,18011.0,18276.0,18027.0,18109.0,18058.189453125,6684049
2022-09-19 00:00:00+00:00,2022-09-20T00:00:00+00:00,2026-09-03T11:15:03.742310+00:00,17901.0,18065.0,17607.0,17984.0,17933.537109375,3505377
2022-09-20 00:00:00+00:00,2022-09-21T00:00:00+00:00,2026-09-03T11:15:03.742310+00:00,18030.0,18518.0,18002.0,18343.0,18291.529296875,5940991
2022-09-21 00:00:00+00:00,2022-09-22T00:00:00+00:00,2026-09-03T11:15:03.742310+00:00,18201.0,18361.0,18107.0,18300.0,18248.65234375,2959736
2022-09-22 00:00:00+00:00,2022-09-23T00:00:00+00:00,2026-09-03T11:15:03.742310+00:00,17955.0,18364.0,17922.0,18203.0,18151.923828125,3587578
2022-09-23 00:00:00+00:00,2022-09-24T00:00:00+00:00,2026-09-03T11:15:03.742310+00:00,18002.0,18280.0,17777.0,17947.0,17896.642578125,3802405
2022-09-26 00:00:00+00:00,2022-09-27T00:00:00+00:00,2026-09-03T11:15:03.742310+00:00,17652.0,17990.0,17648.0,17885.0,17834.81640625,3496056
2022-09-27 00:00:00+00:00,2022-09-28T00:00:00+00:00,2026-09-03T11:15:03.742310+00:00,18250.0,18218.0,17749.0,18088.0,18037.244140625,3948018
2022-09-28 00:00:00+00:00,2022-09-29T00:00:00+00:00,2026-09-03T11:15:03.742310+00:00,17992.0,17988.0,17486.0,17915.0,17864.73046875,3623382
2022-09-29 00:00:00+00:00,2022-09-30T00:00:00+00:00,2026-09-03T11:15:03.742310+00:00,17998.0,17976.0,17425.0,17517.0,17467.84765625,2527207
2022-09-30 00:00:00+00:00,2022-10-01T00:00:00+00:00,2026-09-03T11:15:03.742310+00:00,17561.0,17842.0,17467.0,17663.0,17613.4375,3466719
2022-10-03 00:00:00+00:00,2022-10-04T00:00:00+00:00,2026-09-03T11:15:03.742310+00:00,17663.0,17727.0,17494.0,17627.0,17577.5390625,1480384
2022-10-04 00:00:00+00:00,2022-10-05T00:00:00+00:00,2026-09-03T11:15:03.742310+00:00,17628.0,18063.0,17588.0,17625.0,17575.544921875,3779193
2022-10-05 00:00:00+00:00,2022-10-06T00:00:00+00:00,2026-09-03T11:15:03.742310+00:00,17550.0,17838.0,17333.0,17466.0,17416.990234375,3244769
2022-10-06 00:00:00+00:00,2022-10-07T00:00:00+00:00,2026-09-03T11:15:03.742310+00:00,17500.0,17684.0,17362.0,17364.0,17315.27734375,2500004
2022-10-07 00:00:00+00:00,2022-10-08T00:00:00+00:00,2026-09-03T11:15:03.742310+00:00,17390.0,17497.0,17256.0,17497.0,17447.90625,1299986
2022-10-10 00:00:00+00:00,2022-10-11T00:00:00+00:00,2026-09-03T11:15:03.742310+00:00,17655.0,17690.0,17290.0,17606.0,17556.599609375,1622099
2022-10-11 00:00:00+00:00,2022-10-12T00:00:00+00:00,2026-09-03T11:15:03.742310+00:00,17606.0,17861.0,17476.0,17847.0,17796.921875,3835952
2022-10-12 00:00:00+00:00,2022-10-13T00:00:00+00:00,2026-09-03T11:15:03.742310+00:00,17801.0,18045.0,17653.0,17892.0,17841.79296875,2838700
2022-10-13 00:00:00+00:00,2022-10-14T00:00:00+00:00,2026-09-03T11:15:03.742310+00:00,17880.0,18128.0,17647.0,18042.0,17991.375,2939267
2022-10-14 00:00:00+00:00,2022-10-15T00:00:00+00:00,2026-09-03T11:15:03.742310+00:00,18499.0,18497.0,18088.0,18176.0,18124.99609375,2989321
2022-10-17 00:00:00+00:00,2022-10-18T00:00:00+00:00,2026-09-03T11:15:03.742310+00:00,18159.0,18905.0,17882.0,18806.0,18753.23046875,2965288
2022-10-18 00:00:00+00:00,2022-10-19T00:00:00+00:00,2026-09-03T11:15:03.742310+00:00,18747.0,18968.0,18582.0,18713.0,18660.48828125,2962120
2022-10-19 00:00:00+00:00,2022-10-20T00:00:00+00:00,2026-09-03T11:15:03.742310+00:00,18600.0,19350.0,18639.0,19308.0,19253.822265625,3818287
2022-10-20 00:00:00+00:00,2022-10-21T00:00:00+00:00,2026-09-03T11:15:03.742310+00:00,19350.0,19320.5,18759.0,19106.0,19052.388671875,3210904
2022-10-21 00:00:00+00:00,2022-10-22T00:00:00+00:00,2026-09-03T11:15:03.742310+00:00,18895.0,19240.0,18691.0,19097.0,19043.416015625,3005445
2022-10-24 00:00:00+00:00,2022-10-25T00:00:00+00:00,2026-09-03T11:15:03.742310+00:00,19199.0,19327.0,18911.0,19327.0,19272.767578125,2650839
2022-10-25 00:00:00+00:00,2022-10-26T00:00:00+00:00,2026-09-03T11:15:03.742310+00:00,19350.0,19696.0,19199.0,19630.0,19574.91796875,2581421
2022-10-26 00:00:00+00:00,2022-10-27T00:00:00+00:00,2026-09-03T11:15:03.742310+00:00,19572.0,20294.0,19582.0,20217.0,20160.271484375,3854098
2022-10-27 00:00:00+00:00,2022-10-28T00:00:00+00:00,2026-09-03T11:15:03.742310+00:00,19980.0,20300.0,19917.0,20288.0,20231.072265625,2055762
2022-10-28 00:00:00+00:00,2022-10-29T00:00:00+00:00,2026-09-03T11:15:03.742310+00:00,20061.0,20191.0,19698.0,20125.0,20068.529296875,2792403
2022-10-31 00:00:00+00:00,2022-11-01T00:00:00+00:00,2026-09-03T11:15:03.742310+00:00,20300.0,20436.0,19884.0,19974.0,19917.953125,1981234
2022-11-01 00:00:00+00:00,2022-11-02T00:00:00+00:00,2026-09-03T11:15:03.742310+00:00,20009.0,20103.0,19577.0,19723.0,19667.65625,2121526
2022-11-02 00:00:00+00:00,2022-11-03T00:00:00+00:00,2026-09-03T11:15:03.742310+00:00,19840.0,19797.0,19520.0,19797.0,19741.44921875,2133053
2022-11-03 00:00:00+00:00,2022-11-04T00:00:00+00:00,2026-09-03T11:15:03.742310+00:00,19795.0,19845.0,19377.0,19555.0,19500.126953125,2718927
2022-11-04 00:00:00+00:00,2022-11-05T00:00:00+00:00,2026-09-03T11:15:03.742310+00:00,19836.0,20061.0,19531.0,20061.0,20004.708984375,2141140
2022-11-07 00:00:00+00:00,2022-11-08T00:00:00+00:00,2026-09-03T11:15:03.742310+00:00,19848.0,20250.0,19923.0,20215.0,20158.27734375,2140461
2022-11-08 00:00:00+00:00,2022-11-09T00:00:00+00:00,2026-09-03T11:15:03.742310+00:00,20050.0,20239.0,19991.0,20075.0,20018.671875,1557453
2022-11-09 00:00:00+00:00,2022-11-10T00:00:00+00:00,2026-09-03T11:15:03.742310+00:00,20000.0,20057.0,19715.0,19777.0,19721.505859375,2224902
2022-11-10 00:00:00+00:00,2022-11-11T00:00:00+00:00,2026-09-03T11:15:03.742310+00:00,19100.0,19948.0,19165.0,19908.0,19852.13671875,3448418
2022-11-11 00:00:00+00:00,2022-11-12T00:00:00+00:00,2026-09-03T11:15:03.742310+00:00,20000.0,20322.0,19691.0,19823.0,19767.375,4853652
2022-11-14 00:00:00+00:00,2022-11-15T00:00:00+00:00,2026-09-03T11:15:03.742310+00:00,20000.0,20225.0,19615.0,20014.0,19957.841796875,1740425
2022-11-15 00:00:00+00:00,2022-11-16T00:00:00+00:00,2026-09-03T11:15:03.742310+00:00,19735.0,19827.0,19410.0,19619.0,19563.94921875,3081712
2022-11-16 00:00:00+00:00,2022-11-17T00:00:00+00:00,2026-09-03T11:15:03.742310+00:00,19700.0,19906.0,19597.0,19717.0,19661.67578125,2072781
2022-11-17 00:00:00+00:00,2022-11-18T00:00:00+00:00,2026-09-03T11:15:03.742310+00:00,19510.0,20070.0,19597.0,19983.0,19926.927734375,3560190
2022-11-18 00:00:00+00:00,2022-11-19T00:00:00+00:00,2026-09-03T11:15:03.742310+00:00,20200.0,20390.0,20031.0,20224.0,20167.251953125,2373140
2022-11-21 00:00:00+00:00,2022-11-22T00:00:00+00:00,2026-09-03T11:15:03.742310+00:00,20112.0,20543.0,20039.0,20491.0,20433.501953125,2563944
2022-11-22 00:00:00+00:00,2022-11-23T00:00:00+00:00,2026-09-03T11:15:03.742310+00:00,20411.0,21100.0,20365.0,20908.0,20849.333984375,3185808
2022-11-23 00:00:00+00:00,2022-11-24T00:00:00+00:00,2026-09-03T11:15:03.742310+00:00,21000.0,21098.0,20581.0,20727.0,20668.841796875,2474567
2022-11-24 00:00:00+00:00,2022-11-25T00:00:00+00:00,2026-09-03T11:15:03.742310+00:00,20700.0,20793.0,20440.0,20586.0,20528.234375,1059018
2022-11-25 00:00:00+00:00,2022-11-26T00:00:00+00:00,2026-09-03T11:15:03.742310+00:00,20500.0,20872.0,20282.0,20782.0,20723.6875,1003345
2022-11-28 00:00:00+00:00,2022-11-29T00:00:00+00:00,2026-09-03T11:15:03.742310+00:00,20879.0,20816.0,20469.0,20618.0,20560.1484375,2238903
2022-11-29 00:00:00+00:00,2022-11-30T00:00:00+00:00,2026-09-03T11:15:03.742310+00:00,20618.0,20998.0,20136.0,20218.0,20161.26953125,1891649
2022-11-30 00:00:00+00:00,2022-12-01T00:00:00+00:00,2026-09-03T11:15:03.742310+00:00,20144.0,20587.0,20025.0,20519.0,20461.42578125,4280259
2022-12-01 00:00:00+00:00,2022-12-02T00:00:00+00:00,2026-09-03T11:15:03.742310+00:00,20700.0,20589.0,18540.0,18540.0,18487.978515625,7629360
2022-12-02 00:00:00+00:00,2022-12-03T00:00:00+00:00,2026-09-03T11:15:03.742310+00:00,18949.0,19168.0,18161.0,18895.0,18841.982421875,5839511
2022-12-05 00:00:00+00:00,2022-12-06T00:00:00+00:00,2026-09-03T11:15:03.742310+00:00,19200.0,19678.0,19111.0,19173.0,19119.201171875,3483163
2022-12-06 00:00:00+00:00,2022-12-07T00:00:00+00:00,2026-09-03T11:15:03.742310+00:00,19101.0,19600.0,19147.0,19485.0,19430.326171875,1780284
2022-12-07 00:00:00+00:00,2022-12-08T00:00:00+00:00,2026-09-03T11:15:03.742310+00:00,19587.0,19706.0,19273.0,19582.0,19527.052734375,2435027
2022-12-08 00:00:00+00:00,2022-12-09T00:00:00+00:00,2026-09-03T11:15:03.742310+00:00,19740.0,19771.0,19368.0,19490.0,19435.3125,1930407
2022-12-09 00:00:00+00:00,2022-12-10T00:00:00+00:00,2026-09-03T11:15:03.742310+00:00,19500.0,19729.0,19383.0,19514.0,19459.244140625,2270449
2022-12-12 00:00:00+00:00,2022-12-13T00:00:00+00:00,2026-09-03T11:15:03.742310+00:00,19351.0,19638.0,19352.0,19460.0,19405.396484375,1884907
2022-12-13 00:00:00+00:00,2022-12-14T00:00:00+00:00,2026-09-03T11:15:03.742310+00:00,19600.0,19610.0,19137.0,19442.0,19387.447265625,1735733
2022-12-14 00:00:00+00:00,2022-12-15T00:00:00+00:00,2026-09-03T11:15:03.742310+00:00,19279.0,19752.0,19217.0,19417.0,19362.515625,2408822
2022-12-15 00:00:00+00:00,2022-12-16T00:00:00+00:00,2026-09-03T11:15:03.742310+00:00,19200.0,19487.0,18763.0,18960.0,18906.798828125,8771789
2022-12-19 00:00:00+00:00,2022-12-20T00:00:00+00:00,2026-09-03T11:15:03.742310+00:00,19050.0,19796.0,18950.0,19691.0,19635.748046875,3448336
2022-12-20 00:00:00+00:00,2022-12-21T00:00:00+00:00,2026-09-03T11:15:03.742310+00:00,19320.0,19883.0,19351.0,19699.0,19643.7265625,1081234
2022-12-21 00:00:00+00:00,2022-12-22T00:00:00+00:00,2026-09-03T11:15:03.742310+00:00,19850.0,19842.0,19452.0,19800.0,19744.44140625,799487
2022-12-22 00:00:00+00:00,2022-12-23T00:00:00+00:00,2026-09-03T11:15:03.742310+00:00,19800.0,19899.0,19416.0,19532.0,19477.193359375,785366
2022-12-23 00:00:00+00:00,2022-12-24T00:00:00+00:00,2026-09-03T11:15:03.742310+00:00,19618.0,19822.0,19417.0,19700.0,19644.72265625,793135
2022-12-28 00:00:00+00:00,2022-12-29T00:00:00+00:00,2026-09-03T11:15:03.742310+00:00,19700.0,19819.0,19536.0,19600.0,19545.005859375,1152467
2022-12-29 00:00:00+00:00,2022-12-30T00:00:00+00:00,2026-09-03T11:15:03.742310+00:00,19718.0,19576.0,19155.0,19420.0,19365.509765625,1152111
2022-12-30 00:00:00+00:00,2022-12-31T00:00:00+00:00,2026-09-03T11:15:03.742310+00:00,19161.0,19470.0,19188.0,19390.0,19335.591796875,910437
2023-01-03 00:00:00+00:00,2023-01-04T00:00:00+00:00,2026-09-03T11:15:03.742310+00:00,19394.0,19734.0,19231.0,19611.0,19555.970703125,1077049
2023-01-04 00:00:00+00:00,2023-01-05T00:00:00+00:00,2026-09-03T11:15:03.742310+00:00,19729.0,19824.0,19443.0,19631.0,19575.916015625,1746150
2023-01-05 00:00:00+00:00,2023-01-06T00:00:00+00:00,2026-09-03T11:15:03.742310+00:00,19395.0,19959.0,19519.0,19600.0,19545.005859375,2284353
2023-01-06 00:00:00+00:00,2023-01-07T00:00:00+00:00,2026-09-03T11:15:03.742310+00:00,19800.0,19825.0,19332.0,19458.0,19403.40234375,2155371
2023-01-09 00:00:00+00:00,2023-01-10T00:00:00+00:00,2026-09-03T11:15:03.742310+00:00,19848.0,20292.0,19711.0,20153.0,20096.453125,1525167
2023-01-10 00:00:00+00:00,2023-01-11T00:00:00+00:00,2026-09-03T11:15:03.742310+00:00,19904.0,19963.0,19615.0,19847.0,19791.310546875,1689870
2023-01-11 00:00:00+00:00,2023-01-12T00:00:00+00:00,2026-09-03T11:15:03.742310+00:00,19949.0,19969.0,19519.0,19613.0,19557.966796875,2053543
2023-01-12 00:00:00+00:00,2023-01-13T00:00:00+00:00,2026-09-03T11:15:03.742310+00:00,19583.0,20017.0,19500.0,19837.0,19781.3359375,1686739
2023-01-13 00:00:00+00:00,2023-01-14T00:00:00+00:00,2026-09-03T11:15:03.742310+00:00,19977.0,20166.0,19854.0,20057.0,20000.71875,1377974
2023-01-16 00:00:00+00:00,2023-01-17T00:00:00+00:00,2026-09-03T11:15:03.742310+00:00,20100.0,20316.0,19858.0,19939.0,19883.052734375,1888048
2023-01-17 00:00:00+00:00,2023-01-18T00:00:00+00:00,2026-09-03T11:15:03.742310+00:00,19932.0,19980.0,19572.0,19812.0,19756.40625,2577801
2023-01-18 00:00:00+00:00,2023-01-19T00:00:00+00:00,2026-09-03T11:15:03.742310+00:00,19503.0,20041.0,19450.0,19876.0,19820.228515625,2017766
2023-01-19 00:00:00+00:00,2023-01-20T00:00:00+00:00,2026-09-03T11:15:03.742310+00:00,20119.0,20091.0,19512.0,19698.0,19642.728515625,3007230
2023-01-20 00:00:00+00:00,2023-01-21T00:00:00+00:00,2026-09-03T11:15:03.742310+00:00,19690.0,19953.0,19602.0,19778.0,19722.50390625,2492490
2023-01-23 00:00:00+00:00,2023-01-24T00:00:00+00:00,2026-09-03T11:15:03.742310+00:00,19778.0,20282.0,19657.0,20171.0,20114.400390625,1913088
2023-01-24 00:00:00+00:00,2023-01-25T00:00:00+00:00,2026-09-03T11:15:03.742310+00:00,20320.0,20320.0,19837.0,20157.0,20100.439453125,1513405
2023-01-25 00:00:00+00:00,2023-01-26T00:00:00+00:00,2026-09-03T11:15:03.742310+00:00,20166.0,20243.0,19902.0,20014.0,19957.841796875,1818451
2023-01-26 00:00:00+00:00,2023-01-27T00:00:00+00:00,2026-09-03T11:15:03.742310+00:00,19900.0,20281.0,19930.5,20205.0,20148.306640625,1998501
2023-01-27 00:00:00+00:00,2023-01-28T00:00:00+00:00,2026-09-03T11:15:03.742310+00:00,20300.0,20466.0,20078.0,20273.0,20216.111328125,1622876
2023-01-30 00:00:00+00:00,2023-01-31T00:00:00+00:00,2026-09-03T11:15:03.742310+00:00,20000.0,20364.0,20000.0,20304.0,20247.02734375,2031301
2023-01-31 00:00:00+00:00,2023-02-01T00:00:00+00:00,2026-09-03T11:15:03.742310+00:00,20100.0,20248.0,19733.0,19885.0,19829.203125,2760324
2023-02-01 00:00:00+00:00,2023-02-02T00:00:00+00:00,2026-09-03T11:15:03.742310+00:00,20000.0,20574.0,20018.0,20574.0,20516.26953125,2955568
2023-02-02 00:00:00+00:00,2023-02-03T00:00:00+00:00,2026-09-03T11:15:03.742310+00:00,20520.0,20775.0,20240.0,20534.0,20476.3828125,2530205
2023-02-03 00:00:00+00:00,2023-02-04T00:00:00+00:00,2026-09-03T11:15:03.742310+00:00,20450.0,20627.0,19988.0,20452.0,20394.611328125,1420033
2023-02-06 00:00:00+00:00,2023-02-07T00:00:00+00:00,2026-09-03T11:15:03.742310+00:00,20330.0,20448.0,20020.0,20232.0,20175.228515625,1613115
2023-02-07 00:00:00+00:00,2023-02-08T00:00:00+00:00,2026-09-03T11:15:03.742310+00:00,20050.0,20326.0,19914.0,20294.0,20237.052734375,1891766
2023-02-08 00:00:00+00:00,2023-02-09T00:00:00+00:00,2026-09-03T11:15:03.742310+00:00,20315.0,20404.0,19904.0,20033.0,19976.787109375,2024048
2023-02-09 00:00:00+00:00,2023-02-10T00:00:00+00:00,2026-09-03T11:15:03.742310+00:00,20109.0,20347.0,19885.0,19913.0,19857.125,2481743
2023-02-10 00:00:00+00:00,2023-02-11T00:00:00+00:00,2026-09-03T11:15:03.742310+00:00,19870.0,19952.0,18812.0,18980.0,18926.744140625,5884536
2023-02-13 00:00:00+00:00,2023-02-14T00:00:00+00:00,2026-09-03T11:15:03.742310+00:00,19000.0,19611.0,19000.0,19456.0,19401.404296875,4381155
2023-02-14 00:00:00+00:00,2023-02-15T00:00:00+00:00,2026-09-03T11:15:03.742310+00:00,19750.0,19751.0,19267.0,19390.0,19335.591796875,2551562
2023-02-15 00:00:00+00:00,2023-02-16T00:00:00+00:00,2026-09-03T11:15:03.742310+00:00,19380.0,19733.0,19065.0,19247.0,19192.99609375,2057833
2023-02-16 00:00:00+00:00,2023-02-17T00:00:00+00:00,2026-09-03T11:15:03.742310+00:00,19500.0,19371.0,18900.0,19026.0,18972.615234375,1698277
2023-02-17 00:00:00+00:00,2023-02-18T00:00:00+00:00,2026-09-03T11:15:03.742310+00:00,18700.0,19514.0,18588.0,19333.0,19278.751953125,4273841
2023-02-20 00:00:00+00:00,2023-02-21T00:00:00+00:00,2026-09-03T11:15:03.742310+00:00,19400.0,19524.0,19236.0,19472.0,19417.359375,1759745
2023-02-21 00:00:00+00:00,2023-02-22T00:00:00+00:00,2026-09-03T11:15:03.742310+00:00,19358.0,19771.0,19322.0,19600.0,19545.005859375,3157372
2023-02-22 00:00:00+00:00,2023-02-23T00:00:00+00:00,2026-09-03T11:15:03.742310+00:00,19749.0,20090.0,19655.0,19970.0,19913.96484375,3465068
2023-02-23 00:00:00+00:00,2023-02-24T00:00:00+00:00,2026-09-03T11:15:03.742310+00:00,20069.0,20114.0,19879.0,19990.0,19933.91015625,2551021
2023-02-24 00:00:00+00:00,2023-02-25T00:00:00+00:00,2026-09-03T11:15:03.742310+00:00,20050.0,20133.0,19450.0,19588.0,19533.03515625,3726577
2023-02-27 00:00:00+00:00,2023-02-28T00:00:00+00:00,2026-09-03T11:15:03.742310+00:00,19425.0,19767.0,19348.0,19638.0,19582.89453125,2351679
2023-02-28 00:00:00+00:00,2023-03-01T00:00:00+00:00,2026-09-03T11:15:03.742310+00:00,19501.0,20147.0,19500.0,19845.0,19789.314453125,3509728
2023-03-01 00:00:00+00:00,2023-03-02T00:00:00+00:00,2026-09-03T11:15:03.742310+00:00,19547.0,20423.0,19545.0,20282.0,20225.08984375,3145812
2023-03-02 00:00:00+00:00,2023-03-03T00:00:00+00:00,2026-09-03T11:15:03.742310+00:00,20317.0,20370.0,19800.0,19875.0,19819.232421875,2336197
2023-03-03 00:00:00+00:00,2023-03-04T00:00:00+00:00,2026-09-03T11:15:03.742310+00:00,19901.0,20091.0,19798.0,19860.0,19804.271484375,3248847
2023-03-06 00:00:00+00:00,2023-03-07T00:00:00+00:00,2026-09-03T11:15:03.742310+00:00,19601.0,20015.0,19794.0,19950.0,19894.021484375,2794942
2023-03-07 00:00:00+00:00,2023-03-08T00:00:00+00:00,2026-09-03T11:15:03.742310+00:00,19820.0,20090.0,19551.0,19596.0,19541.013671875,2461103
2023-03-08 00:00:00+00:00,2023-03-09T00:00:00+00:00,2026-09-03T11:15:03.742310+00:00,19438.0,19511.0,18855.0,19143.0,19089.28515625,4227251
2023-03-09 00:00:00+00:00,2023-03-10T00:00:00+00:00,2026-09-03T11:15:03.742310+00:00,18970.0,19462.0,18833.0,19338.0,19283.73828125,5102852
2023-03-10 00:00:00+00:00,2023-03-11T00:00:00+00:00,2026-09-03T11:15:03.742310+00:00,19270.0,19270.0,18550.0,18762.0,18709.35546875,3166437
2023-03-13 00:00:00+00:00,2023-03-14T00:00:00+00:00,2026-09-03T11:15:03.742310+00:00,18901.0,19225.0,17422.0,17519.0,17469.84375,8442870
2023-03-14 00:00:00+00:00,2023-03-15T00:00:00+00:00,2026-09-03T11:15:03.742310+00:00,17223.0,17769.0,16921.0,17696.0,17646.345703125,3887774
2023-03-15 00:00:00+00:00,2023-03-16T00:00:00+00:00,2026-09-03T11:15:03.742310+00:00,17719.0,17893.0,16982.0,17195.0,17146.75,5223384
2023-03-16 00:00:00+00:00,2023-03-17T00:00:00+00:00,2026-09-03T11:15:03.742310+00:00,17229.0,17448.0,16964.0,17091.0,17043.04296875,7439555
2023-03-17 00:00:00+00:00,2023-03-18T00:00:00+00:00,2026-09-03T11:15:03.742310+00:00,17355.0,17773.0,17114.0,17172.0,17123.81640625,5310011
2023-03-20 00:00:00+00:00,2023-03-21T00:00:00+00:00,2026-09-03T11:15:03.742310+00:00,17100.0,17340.0,16734.0,17265.0,17216.5546875,3570243
2023-03-22 00:00:00+00:00,2023-03-23T00:00:00+00:00,2026-09-03T11:15:03.742310+00:00,17500.0,18043.0,17529.0,17970.0,17919.578125,5404602
2023-03-23 00:00:00+00:00,2023-03-24T00:00:00+00:00,2026-09-03T11:15:03.742310+00:00,17805.0,18196.0,17759.0,18073.0,18022.287109375,3948831
2023-03-24 00:00:00+00:00,2023-03-25T00:00:00+00:00,2026-09-03T11:15:03.742310+00:00,18000.0,17998.0,17419.0,17708.0,17658.314453125,3174175
2023-03-27 00:00:00+00:00,2023-03-28T00:00:00+00:00,2026-09-03T11:15:03.742310+00:00,18200.0,18182.0,17840.0,17933.0,17882.6796875,1523920
2023-03-28 00:00:00+00:00,2023-03-29T00:00:00+00:00,2026-09-03T11:15:03.742310+00:00,17901.0,18528.0,17998.0,18317.0,18265.6015625,2647492
2023-03-29 00:00:00+00:00,2023-03-30T00:00:00+00:00,2026-09-03T11:15:03.742310+00:00,18550.0,18540.0,18232.5,18367.0,18315.458984375,1716830
2023-03-30 00:00:00+00:00,2023-03-31T00:00:00+00:00,2026-09-03T11:15:03.742310+00:00,18147.0,18541.0,18299.0,18323.0,18271.587890625,977475
2023-03-31 00:00:00+00:00,2023-04-01T00:00:00+00:00,2026-09-03T11:15:03.742310+00:00,18088.0,18374.0,18012.0,18178.0,18126.994140625,1880017
2023-04-03 00:00:00+00:00,2023-04-04T00:00:00+00:00,2026-09-03T11:15:03.742310+00:00,18218.0,18598.0,18215.0,18460.0,18408.201171875,1836035
2023-04-04 00:00:00+00:00,2023-04-05T00:00:00+00:00,2026-09-03T11:15:03.742310+00:00,18645.0,18875.0,18388.0,18679.0,18626.583984375,1569215
2023-04-05 00:00:00+00:00,2023-04-06T00:00:00+00:00,2026-09-03T11:15:03.742310+00:00,18870.0,18870.0,18315.0,18340.0,18288.5390625,1978835
2023-04-06 00:00:00+00:00,2023-04-07T00:00:00+00:00,2026-09-03T11:15:03.742310+00:00,18300.0,18523.0,18180.0,18405.0,18353.35546875,1327556
2023-04-11 00:00:00+00:00,2023-04-12T00:00:00+00:00,2026-09-03T11:15:03.742310+00:00,18290.0,18884.0,18308.0,18554.0,18501.9375,3357259
2023-04-12 00:00:00+00:00,2023-04-13T00:00:00+00:00,2026-09-03T11:15:03.742310+00:00,18351.0,18801.0,18200.0,18661.0,18608.638671875,4072558
2023-04-13 00:00:00+00:00,2023-04-14T00:00:00+00:00,2026-09-03T11:15:03.742310+00:00,18660.0,18780.0,18401.0,18503.0,18451.08203125,4563259
2023-04-14 00:00:00+00:00,2023-04-15T00:00:00+00:00,2026-09-03T11:15:03.742310+00:00,18477.0,18690.0,18380.0,18654.0,18601.658203125,2228893
2023-04-17 00:00:00+00:00,2023-04-18T00:00:00+00:00,2026-09-03T11:15:03.742310+00:00,18616.0,18786.0,18265.0,18343.0,18291.529296875,2757697
2023-04-18 00:00:00+00:00,2023-04-19T00:00:00+00:00,2026-09-03T11:15:03.742310+00:00,18355.0,18564.0,18064.0,18176.0,18124.99609375,2758531
2023-04-19 00:00:00+00:00,2023-04-20T00:00:00+00:00,2026-09-03T11:15:03.742310+00:00,17507.0,17699.0,17150.0,17611.0,17567.8671875,2546337
2023-04-20 00:00:00+00:00,2023-04-21T00:00:00+00:00,2026-09-03T11:15:03.742310+00:00,17728.0,17830.0,17464.0,17755.0,17711.51171875,1703311
2023-04-21 00:00:00+00:00,2023-04-22T00:00:00+00:00,2026-09-03T11:15:03.742310+00:00,17588.0,17916.0,17481.0,17585.0,17541.927734375,2274747
2023-04-24 00:00:00+00:00,2023-04-25T00:00:00+00:00,2026-09-03T11:15:03.742310+00:00,17719.0,17781.0,17368.0,17557.0,17514.0,1394165
2023-04-25 00:00:00+00:00,2023-04-26T00:00:00+00:00,2026-09-03T11:15:03.742310+00:00,17461.0,17800.0,17341.0,17427.0,17384.318359375,3262644
2023-04-26 00:00:00+00:00,2023-04-27T00:00:00+00:00,2026-09-03T11:15:03.742310+00:00,17452.0,17629.0,17243.0,17598.0,17554.896484375,4539934
2023-04-28 00:00:00+00:00,2023-04-29T00:00:00+00:00,2026-09-03T11:15:03.742310+00:00,17600.0,17766.0,17325.0,17764.0,17720.4921875,2812498
2023-05-02 00:00:00+00:00,2023-05-03T00:00:00+00:00,2026-09-03T11:15:03.742310+00:00,17875.0,17797.0,16830.0,16894.0,16852.623046875,5599740
2023-05-03 00:00:00+00:00,2023-05-04T00:00:00+00:00,2026-09-03T11:15:03.742310+00:00,17040.0,17012.0,16600.0,16831.0,16789.775390625,2852198
2023-05-04 00:00:00+00:00,2023-05-05T00:00:00+00:00,2026-09-03T11:15:03.742310+00:00,17000.0,16963.0,16000.0,16209.0,16169.2998046875,3745018
2023-05-05 00:00:00+00:00,2023-05-06T00:00:00+00:00,2026-09-03T11:15:03.742310+00:00,16448.0,16624.0,16116.0,16449.0,16408.712890625,4182250
2023-05-08 00:00:00+00:00,2023-05-09T00:00:00+00:00,2026-09-03T11:15:03.742310+00:00,16604.0,16863.0,16538.0,16650.0,16609.21875,1994145
2023-05-09 00:00:00+00:00,2023-05-10T00:00:00+00:00,2026-09-03T11:15:03.742310+00:00,16666.0,16684.0,16479.0,16531.0,16490.509765625,2396463
2023-05-10 00:00:00+00:00,2023-05-11T00:00:00+00:00,2026-09-03T11:15:03.742310+00:00,16348.0,16517.0,16101.0,16210.0,16170.2978515625,2696994
2023-05-11 00:00:00+00:00,2023-05-12T00:00:00+00:00,2026-09-03T11:15:03.742310+00:00,16210.0,16318.0,15229.0,15576.0,15537.8505859375,4808436
2023-05-12 00:00:00+00:00,2023-05-13T00:00:00+00:00,2026-09-03T11:15:03.742310+00:00,15450.0,15900.0,15070.0,15820.0,15781.25390625,4764053
2023-05-15 00:00:00+00:00,2023-05-16T00:00:00+00:00,2026-09-03T11:15:03.742310+00:00,15860.0,15979.0,15746.0,15922.0,15883.00390625,2744392
2023-05-16 00:00:00+00:00,2023-05-17T00:00:00+00:00,2026-09-03T11:15:03.742310+00:00,16010.0,16142.0,15786.0,15873.0,15834.1240234375,2215646
2023-05-17 00:00:00+00:00,2023-05-18T00:00:00+00:00,2026-09-03T11:15:03.742310+00:00,15658.0,15913.0,15533.0,15714.0,15675.5126953125,2283886
2023-05-18 00:00:00+00:00,2023-05-19T00:00:00+00:00,2026-09-03T11:15:03.742310+00:00,15715.0,15844.0,15480.0,15681.0,15642.59375,3963784
2023-05-19 00:00:00+00:00,2023-05-20T00:00:00+00:00,2026-09-03T11:15:03.742310+00:00,15800.0,16090.0,15642.0,15889.0,15850.0830078125,3495903
2023-05-22 00:00:00+00:00,2023-05-23T00:00:00+00:00,2026-09-03T11:15:03.742310+00:00,16100.0,16281.0,15762.0,16100.0,16060.5673828125,2298864
2023-05-23 00:00:00+00:00,2023-05-24T00:00:00+00:00,2026-09-03T11:15:03.742310+00:00,15970.0,16187.0,15861.0,16109.0,16069.5439453125,3336741
2023-05-24 00:00:00+00:00,2023-05-25T00:00:00+00:00,2026-09-03T11:15:03.742310+00:00,15750.0,16184.0,15866.0,16007.0,15967.7958984375,2766865
2023-05-25 00:00:00+00:00,2023-05-26T00:00:00+00:00,2026-09-03T11:15:03.742310+00:00,16000.0,16133.0,15747.0,15886.0,15847.0927734375,2708843
2023-05-26 00:00:00+00:00,2023-05-27T00:00:00+00:00,2026-09-03T11:15:03.742310+00:00,15841.0,15931.0,15446.0,15865.0,15826.142578125,2293779
2023-05-29 00:00:00+00:00,2023-05-30T00:00:00+00:00,2026-09-03T11:15:03.742310+00:00,15800.0,15881.0,15659.0,15783.0,15744.345703125,1216844
2023-05-30 00:00:00+00:00,2023-05-31T00:00:00+00:00,2026-09-03T11:15:03.742310+00:00,15783.0,15804.0,15311.0,15318.0,15280.484375,2832711
2023-05-31 00:00:00+00:00,2023-06-01T00:00:00+00:00,2026-09-03T11:15:03.742310+00:00,15318.0,15818.0,15219.0,15383.0,15345.3232421875,9523272
2023-06-01 00:00:00+00:00,2023-06-02T00:00:00+00:00,2026-09-03T11:15:03.742310+00:00,15545.0,15670.0,15352.0,15528.0,15489.96875,3081915
2023-06-02 00:00:00+00:00,2023-06-03T00:00:00+00:00,2026-09-03T11:15:03.742310+00:00,15600.0,15790.0,15358.0,15613.0,15574.7587890625,5062169
2023-06-05 00:00:00+00:00,2023-06-06T00:00:00+00:00,2026-09-03T11:15:03.742310+00:00,15700.0,15834.0,15443.0,15823.0,15784.24609375,3582603
2023-06-06 00:00:00+00:00,2023-06-07T00:00:00+00:00,2026-09-03T11:15:03.742310+00:00,15779.0,15986.0,15656.0,15986.0,15946.84765625,3797039
2023-06-07 00:00:00+00:00,2023-06-08T00:00:00+00:00,2026-09-03T11:15:03.742310+00:00,16000.0,16431.0,15919.0,16289.0,16249.10546875,3560065
2023-06-08 00:00:00+00:00,2023-06-09T00:00:00+00:00,2026-09-03T11:15:03.742310+00:00,16300.0,16591.0,16208.0,16272.0,16232.1455078125,4499600
2023-06-09 00:00:00+00:00,2023-06-10T00:00:00+00:00,2026-09-03T11:15:03.742310+00:00,16300.0,16710.0,16252.0,16414.0,16373.796875,4975272
2023-06-12 00:00:00+00:00,2023-06-13T00:00:00+00:00,2026-09-03T11:15:03.742310+00:00,16289.0,16513.0,15890.0,16010.0,15970.7890625,3842580
2023-06-13 00:00:00+00:00,2023-06-14T00:00:00+00:00,2026-09-03T11:15:03.742310+00:00,16130.0,16390.0,16027.0,16389.0,16348.8603515625,4403769
2023-06-14 00:00:00+00:00,2023-06-15T00:00:00+00:00,2026-09-03T11:15:03.742310+00:00,16315.0,16680.0,16222.0,16597.0,16556.349609375,4353097
2023-06-15 00:00:00+00:00,2023-06-16T00:00:00+00:00,2026-09-03T11:15:03.742310+00:00,16560.0,16845.0,16384.0,16775.0,16733.9140625,11617944
2023-06-19 00:00:00+00:00,2023-06-20T00:00:00+00:00,2026-09-03T11:15:03.742310+00:00,16475.0,16870.0,16500.0,16838.0,16796.759765625,2655772
2023-06-20 00:00:00+00:00,2023-06-21T00:00:00+00:00,2026-09-03T11:15:03.742310+00:00,16766.0,17114.0,16777.0,16790.0,16748.876953125,4188070
2023-06-21 00:00:00+00:00,2023-06-22T00:00:00+00:00,2026-09-03T11:15:03.742310+00:00,16641.0,16800.0,16452.0,16556.0,16515.451171875,3382739
2023-06-22 00:00:00+00:00,2023-06-23T00:00:00+00:00,2026-09-03T11:15:03.742310+00:00,16600.0,16617.0,16181.0,16372.0,16331.9013671875,2622048
2023-06-23 00:00:00+00:00,2023-06-24T00:00:00+00:00,2026-09-03T11:15:03.742310+00:00,16465.0,16381.0,15883.0,16137.0,16097.4755859375,3166764
2023-06-26 00:00:00+00:00,2023-06-27T00:00:00+00:00,2026-09-03T11:15:03.742310+00:00,16299.0,16318.0,16076.0,16206.0,16166.30859375,1692489
2023-06-27 00:00:00+00:00,2023-06-28T00:00:00+00:00,2026-09-03T11:15:03.742310+00:00,16280.0,16391.0,16073.0,16295.0,16255.08984375,1842515
2023-06-28 00:00:00+00:00,2023-06-29T00:00:00+00:00,2026-09-03T11:15:03.742310+00:00,16250.0,16541.0,16243.0,16263.0,16223.1689453125,1678937
2023-06-29 00:00:00+00:00,2023-06-30T00:00:00+00:00,2026-09-03T11:15:03.742310+00:00,16490.0,16618.0,16335.0,16545.0,16504.4765625,3941663
2023-06-30 00:00:00+00:00,2023-07-01T00:00:00+00:00,2026-09-03T11:15:03.742310+00:00,16700.0,16804.0,16572.0,16791.0,16749.875,2647220
2023-07-03 00:00:00+00:00,2023-07-04T00:00:00+00:00,2026-09-03T11:15:03.742310+00:00,16761.5,17187.0,16739.0,17183.0,17140.916015625,3873440
2023-07-04 00:00:00+00:00,2023-07-05T00:00:00+00:00,2026-09-03T11:15:03.742310+00:00,17242.0,17292.0,16900.0,17011.0,16969.3359375,1791430
2023-07-05 00:00:00+00:00,2023-07-06T00:00:00+00:00,2026-09-03T11:15:03.742310+00:00,17011.0,17227.0,16856.0,17126.0,17084.056640625,2574102
2023-07-06 00:00:00+00:00,2023-07-07T00:00:00+00:00,2026-09-03T11:15:03.742310+00:00,16901.0,17107.0,16742.0,16822.0,16780.80078125,2079198
2023-07-07 00:00:00+00:00,2023-07-08T00:00:00+00:00,2026-09-03T11:15:03.742310+00:00,17040.0,17036.0,16750.0,16990.0,16948.388671875,3013838
2023-07-10 00:00:00+00:00,2023-07-11T00:00:00+00:00,2026-09-03T11:15:03.742310+00:00,16986.0,16970.0,16774.0,16848.0,16806.736328125,1725300
2023-07-11 00:00:00+00:00,2023-07-12T00:00:00+00:00,2026-09-03T11:15:03.742310+00:00,16961.0,17163.0,16845.0,16979.0,16937.4140625,3528920
2023-07-12 00:00:00+00:00,2023-07-13T00:00:00+00:00,2026-09-03T11:15:03.742310+00:00,16968.0,17341.0,16908.0,17275.0,17232.689453125,2804303
2023-07-13 00:00:00+00:00,2023-07-14T00:00:00+00:00,2026-09-03T11:15:03.742310+00:00,17250.0,17711.0,17088.0,17590.0,17546.916015625,2531400
2023-07-14 00:00:00+00:00,2023-07-15T00:00:00+00:00,2026-09-03T11:15:03.742310+00:00,17556.0,17938.0,17300.0,17804.0,17760.39453125,5842339
2023-07-17 00:00:00+00:00,2023-07-18T00:00:00+00:00,2026-09-03T11:15:03.742310+00:00,17406.0,18202.0,17636.0,18150.0,18105.546875,4712798
2023-07-18 00:00:00+00:00,2023-07-19T00:00:00+00:00,2026-09-03T11:15:03.742310+00:00,18199.0,18237.0,17976.0,18025.0,17980.8515625,3824236
2023-07-19 00:00:00+00:00,2023-07-20T00:00:00+00:00,2026-09-03T11:15:03.742310+00:00,18146.0,18185.0,17976.0,18045.0,18000.80078125,2361001
2023-07-20 00:00:00+00:00,2023-07-21T00:00:00+00:00,2026-09-03T11:15:03.742310+00:00,17950.0,18100.0,17776.0,17975.0,17930.974609375,3149787
2023-07-21 00:00:00+00:00,2023-07-22T00:00:00+00:00,2026-09-03T11:15:03.742310+00:00,17978.0,18079.0,17833.0,17992.0,17947.935546875,1059348
2023-07-24 00:00:00+00:00,2023-07-25T00:00:00+00:00,2026-09-03T11:15:03.742310+00:00,18027.0,18270.0,17887.0,18254.0,18209.29296875,1593942
2023-07-25 00:00:00+00:00,2023-07-26T00:00:00+00:00,2026-09-03T11:15:03.742310+00:00,18269.0,18425.0,18131.0,18239.0,18194.330078125,3973150
2023-07-26 00:00:00+00:00,2023-07-27T00:00:00+00:00,2026-09-03T11:15:03.742310+00:00,18400.0,18570.0,18230.0,18525.0,18479.626953125,2193707
2023-07-27 00:00:00+00:00,2023-07-28T00:00:00+00:00,2026-09-03T11:15:03.742310+00:00,18526.0,18860.0,18351.0,18842.0,18795.8515625,4664108
2023-07-28 00:00:00+00:00,2023-07-29T00:00:00+00:00,2026-09-03T11:15:03.742310+00:00,18877.0,18892.0,18666.0,18850.0,18803.828125,1442062
2023-07-31 00:00:00+00:00,2023-08-01T00:00:00+00:00,2026-09-03T11:15:03.742310+00:00,18850.0,19020.0,18776.0,18945.0,18898.599609375,2647258
2023-08-01 00:00:00+00:00,2023-08-02T00:00:00+00:00,2026-09-03T11:15:03.742310+00:00,18945.0,19055.0,18800.0,18859.0,18812.810546875,2631891
2023-08-02 00:00:00+00:00,2023-08-03T00:00:00+00:00,2026-09-03T11:15:03.742310+00:00,18540.0,18726.0,18057.0,18120.0,18075.619140625,3680893
2023-08-03 00:00:00+00:00,2023-08-04T00:00:00+00:00,2026-09-03T11:15:03.742310+00:00,18200.0,18208.0,17613.0,17991.0,17946.935546875,3717201
2023-08-04 00:00:00+00:00,2023-08-05T00:00:00+00:00,2026-09-03T11:15:03.742310+00:00,18284.0,18447.0,18134.0,18360.0,18315.03125,2422803
2023-08-07 00:00:00+00:00,2023-08-08T00:00:00+00:00,2026-09-03T11:15:03.742310+00:00,18460.0,18593.0,18130.0,18287.0,18242.208984375,1434147
2023-08-08 00:00:00+00:00,2023-08-09T00:00:00+00:00,2026-09-03T11:15:03.742310+00:00,18400.0,18450.0,18195.0,18287.0,18242.208984375,1453489
2023-08-10 00:00:00+00:00,2023-08-11T00:00:00+00:00,2026-09-03T11:15:03.742310+00:00,17889.0,18495.0,17913.0,18468.0,18422.767578125,1698769
2023-08-11 00:00:00+00:00,2023-08-12T00:00:00+00:00,2026-09-03T11:15:03.742310+00:00,18400.0,18449.0,18249.0,18393.0,18347.953125,1763537
2023-08-14 00:00:00+00:00,2023-08-15T00:00:00+00:00,2026-09-03T11:15:03.742310+00:00,18165.0,18240.0,17526.0,17776.0,17732.46484375,2808075
2023-08-15 00:00:00+00:00,2023-08-16T00:00:00+00:00,2026-09-03T11:15:03.742310+00:00,17776.0,17776.0,17225.0,17381.0,17338.4296875,2612566
2023-08-16 00:00:00+00:00,2023-08-17T00:00:00+00:00,2026-09-03T11:15:03.742310+00:00,17220.0,17784.0,17065.0,17784.0,17740.443359375,4523096
2023-08-17 00:00:00+00:00,2023-08-18T00:00:00+00:00,2026-09-03T11:15:03.742310+00:00,17656.0,17750.0,17372.0,17728.0,17684.58203125,3668310
2023-08-18 00:00:00+00:00,2023-08-19T00:00:00+00:00,2026-09-03T11:15:03.742310+00:00,17527.0,17657.0,17443.0,17574.0,17530.958984375,4028346
2023-08-21 00:00:00+00:00,2023-08-22T00:00:00+00:00,2026-09-03T11:15:03.742310+00:00,17492.0,18064.0,17492.0,17960.0,17916.009765625,2475997
2023-08-22 00:00:00+00:00,2023-08-23T00:00:00+00:00,2026-09-03T11:15:03.742310+00:00,18072.0,18213.0,17845.0,17894.0,17850.17578125,2352838
2023-08-23 00:00:00+00:00,2023-08-24T00:00:00+00:00,2026-09-03T11:15:03.742310+00:00,17881.0,18321.0,17972.0,18273.0,18228.24609375,1679047
2023-08-24 00:00:00+00:00,2023-08-25T00:00:00+00:00,2026-09-03T11:15:03.742310+00:00,18196.0,18571.0,18297.0,18470.0,18424.76171875,2390374
2023-08-25 00:00:00+00:00,2023-08-26T00:00:00+00:00,2026-09-03T11:15:03.742310+00:00,18197.0,18737.0,18347.0,18560.0,18514.54296875,2180586
2023-08-28 00:00:00+00:00,2023-08-29T00:00:00+00:00,2026-09-03T11:15:03.742310+00:00,18868.0,18900.0,18536.0,18810.0,18763.9296875,1492777
2023-08-29 00:00:00+00:00,2023-08-30T00:00:00+00:00,2026-09-03T11:15:03.742310+00:00,18760.0,18847.0,18432.0,18530.0,18484.6171875,1468198
2023-08-30 00:00:00+00:00,2023-08-31T00:00:00+00:00,2026-09-03T11:15:03.742310+00:00,18461.0,18810.0,18450.0,18666.0,18620.283203125,1341162
2023-08-31 00:00:00+00:00,2023-09-01T00:00:00+00:00,2026-09-03T11:15:03.742310+00:00,18600.0,18648.0,18229.0,18229.0,18184.353515625,3793564
2023-09-01 00:00:00+00:00,2023-09-02T00:00:00+00:00,2026-09-03T11:15:03.742310+00:00,18499.0,18532.0,18123.0,18123.0,18078.61328125,1412312
2023-09-04 00:00:00+00:00,2023-09-05T00:00:00+00:00,2026-09-03T11:15:03.742310+00:00,18425.0,18549.0,18172.0,18265.0,18220.265625,1141459
2023-09-05 00:00:00+00:00,2023-09-06T00:00:00+00:00,2026-09-03T11:15:03.742310+00:00,18200.0,18284.0,17893.0,18116.0,18071.630859375,2136015
2023-09-06 00:00:00+00:00,2023-09-07T00:00:00+00:00,2026-09-03T11:15:03.742310+00:00,17985.0,18183.0,17728.0,17862.0,17818.251953125,1491252
2023-09-07 00:00:00+00:00,2023-09-08T00:00:00+00:00,2026-09-03T11:15:03.742310+00:00,17611.0,18028.0,17665.0,17832.0,17788.328125,1451115
2023-09-08 00:00:00+00:00,2023-09-09T00:00:00+00:00,2026-09-03T11:15:03.742310+00:00,17835.0,18094.0,17792.0,18063.0,18018.76171875,1968091
2023-09-11 00:00:00+00:00,2023-09-12T00:00:00+00:00,2026-09-03T11:15:03.742310+00:00,18100.0,18419.0,18055.0,18234.0,18189.33984375,1963536
2023-09-12 00:00:00+00:00,2023-09-13T00:00:00+00:00,2026-09-03T11:15:03.742310+00:00,18201.0,18277.0,18026.0,18093.0,18048.685546875,1634596
2023-09-13 00:00:00+00:00,2023-09-14T00:00:00+00:00,2026-09-03T11:15:03.742310+00:00,17500.0,17575.0,17154.0,17308.0,17272.1484375,1455915
2023-09-14 00:00:00+00:00,2023-09-15T00:00:00+00:00,2026-09-03T11:15:03.742310+00:00,17500.0,17475.0,16997.0,17310.0,17274.142578125,1625808
2023-09-15 00:00:00+00:00,2023-09-16T00:00:00+00:00,2026-09-03T11:15:03.742310+00:00,17310.0,17443.0,17127.0,17199.0,17163.375,4950102
2023-09-18 00:00:00+00:00,2023-09-19T00:00:00+00:00,2026-09-03T11:15:03.742310+00:00,17199.0,17319.0,17036.0,17127.0,17091.5234375,1587547
2023-09-19 00:00:00+00:00,2023-09-20T00:00:00+00:00,2026-09-03T11:15:03.742310+00:00,17200.0,17240.0,16964.0,17020.0,16984.744140625,1859122
2023-09-20 00:00:00+00:00,2023-09-21T00:00:00+00:00,2026-09-03T11:15:03.742310+00:00,16931.0,18097.0,17068.0,18097.0,18059.51171875,3552653
2023-09-21 00:00:00+00:00,2023-09-22T00:00:00+00:00,2026-09-03T11:15:03.742310+00:00,18095.0,18062.0,17691.0,17833.0,17796.060546875,7375073
2023-09-22 00:00:00+00:00,2023-09-23T00:00:00+00:00,2026-09-03T11:15:03.742310+00:00,17999.0,18009.0,17771.0,17804.0,17767.12109375,1421806
2023-09-26 00:00:00+00:00,2023-09-27T00:00:00+00:00,2026-09-03T11:15:03.742310+00:00,17552.0,17693.0,17408.0,17664.0,17627.41015625,4091521
2023-09-27 00:00:00+00:00,2023-09-28T00:00:00+00:00,2026-09-03T11:15:03.742310+00:00,17505.0,17676.0,17472.0,17570.0,17533.60546875,2635210
2023-09-28 00:00:00+00:00,2023-09-29T00:00:00+00:00,2026-09-03T11:15:03.742310+00:00,17500.0,17601.0,17343.0,17492.0,17455.767578125,2276141
2023-09-29 00:00:00+00:00,2023-09-30T00:00:00+00:00,2026-09-03T11:15:03.742310+00:00,17669.0,17718.0,17367.0,17483.0,17446.78515625,1760817
2023-10-02 00:00:00+00:00,2023-10-03T00:00:00+00:00,2026-09-03T11:15:03.742310+00:00,17483.0,17636.0,17047.0,17128.0,17092.51953125,1937857
2023-10-03 00:00:00+00:00,2023-10-04T00:00:00+00:00,2026-09-03T11:15:03.742310+00:00,17272.0,17435.0,17039.0,17195.0,17159.380859375,1340890
2023-10-04 00:00:00+00:00,2023-10-05T00:00:00+00:00,2026-09-03T11:15:03.742310+00:00,17199.0,17243.0,16881.0,17032.0,16996.720703125,1540980
2023-10-05 00:00:00+00:00,2023-10-06T00:00:00+00:00,2026-09-03T11:15:03.742310+00:00,16993.0,17416.0,16940.0,17301.0,17265.1640625,1587914
2023-10-06 00:00:00+00:00,2023-10-07T00:00:00+00:00,2026-09-03T11:15:03.742310+00:00,17200.0,17504.0,17144.0,17331.0,17295.099609375,1134976
2023-10-09 00:00:00+00:00,2023-10-10T00:00:00+00:00,2026-09-03T11:15:03.742310+00:00,17450.0,17556.0,17100.0,17359.0,17323.04296875,1660809
2023-10-10 00:00:00+00:00,2023-10-11T00:00:00+00:00,2026-09-03T11:15:03.742310+00:00,17664.0,17982.0,17360.0,17981.0,17943.755859375,2049927
2023-10-11 00:00:00+00:00,2023-10-12T00:00:00+00:00,2026-09-03T11:15:03.742310+00:00,17981.0,18115.0,17871.0,17896.0,17858.9296875,2129326
2023-10-12 00:00:00+00:00,2023-10-13T00:00:00+00:00,2026-09-03T11:15:03.742310+00:00,18089.0,18013.0,17368.0,17610.0,17573.5234375,2280664
2023-10-13 00:00:00+00:00,2023-10-14T00:00:00+00:00,2026-09-03T11:15:03.742310+00:00,17550.0,17663.0,17396.0,17397.0,17360.962890625,1267806
2023-10-16 00:00:00+00:00,2023-10-17T00:00:00+00:00,2026-09-03T11:15:03.742310+00:00,17352.0,17689.0,17274.0,17484.0,17447.78515625,1393059
2023-10-17 00:00:00+00:00,2023-10-18T00:00:00+00:00,2026-09-03T11:15:03.742310+00:00,17300.0,17595.0,17301.0,17508.0,17471.736328125,1643740
2023-10-18 00:00:00+00:00,2023-10-19T00:00:00+00:00,2026-09-03T11:15:03.742310+00:00,17251.0,17638.0,17184.0,17281.0,17245.203125,1181055
2023-10-19 00:00:00+00:00,2023-10-20T00:00:00+00:00,2026-09-03T11:15:03.742310+00:00,17282.0,17503.0,17113.0,17313.0,17277.138671875,1619835
2023-10-20 00:00:00+00:00,2023-10-21T00:00:00+00:00,2026-09-03T11:15:03.742310+00:00,17150.0,17218.0,16804.0,16890.0,16855.013671875,1645890
2023-10-23 00:00:00+00:00,2023-10-24T00:00:00+00:00,2026-09-03T11:15:03.742310+00:00,16890.0,17227.0,16605.0,17117.0,17081.54296875,1250891
2023-10-24 00:00:00+00:00,2023-10-25T00:00:00+00:00,2026-09-03T11:15:03.742310+00:00,17624.0,17421.0,16891.0,17096.0,17060.587890625,1105959
2023-10-25 00:00:00+00:00,2023-10-26T00:00:00+00:00,2026-09-03T11:15:03.742310+00:00,17600.0,17146.0,16758.0,16877.0,16842.041015625,1802820
2023-10-26 00:00:00+00:00,2023-10-27T00:00:00+00:00,2026-09-03T11:15:03.742310+00:00,17000.0,16837.0,16551.0,16741.0,16706.322265625,1849416
2023-10-27 00:00:00+00:00,2023-10-28T00:00:00+00:00,2026-09-03T11:15:03.742310+00:00,16679.0,16898.0,16533.0,16600.0,16565.615234375,1683532
2023-10-30 00:00:00+00:00,2023-10-31T00:00:00+00:00,2026-09-03T11:15:03.742310+00:00,16505.0,16825.0,16544.0,16800.0,16765.19921875,1923333
2023-10-31 00:00:00+00:00,2023-11-01T00:00:00+00:00,2026-09-03T11:15:03.742310+00:00,16700.0,17025.0,16753.0,16992.0,16956.802734375,2418639
2023-11-01 00:00:00+00:00,2023-11-02T00:00:00+00:00,2026-09-03T11:15:03.742310+00:00,17430.0,17250.0,16855.0,16985.0,16949.818359375,2035692
2023-11-02 00:00:00+00:00,2023-11-03T00:00:00+00:00,2026-09-03T11:15:03.742310+00:00,16985.0,17800.0,17033.0,17800.0,17763.126953125,2069294
2023-11-03 00:00:00+00:00,2023-11-04T00:00:00+00:00,2026-09-03T11:15:03.742310+00:00,17975.0,18310.0,17680.0,18097.0,18059.51171875,2431871
2023-11-06 00:00:00+00:00,2023-11-07T00:00:00+00:00,2026-09-03T11:15:03.742310+00:00,17901.0,18256.0,17881.0,18074.0,18036.560546875,1380939
2023-11-07 00:00:00+00:00,2023-11-08T00:00:00+00:00,2026-09-03T11:15:03.742310+00:00,17557.0,18012.0,16001.0,17628.0,17591.486328125,1838631
2023-11-08 00:00:00+00:00,2023-11-09T00:00:00+00:00,2026-09-03T11:15:03.742310+00:00,17276.0,17805.0,17288.0,17805.0,17768.1171875,1342680
2023-11-09 00:00:00+00:00,2023-11-10T00:00:00+00:00,2026-09-03T11:15:03.742310+00:00,17600.0,17850.0,17520.0,17714.0,17677.306640625,1572432
2023-11-10 00:00:00+00:00,2023-11-11T00:00:00+00:00,2026-09-03T11:15:03.742310+00:00,17513.0,17891.0,17519.0,17741.0,17704.251953125,1194399
2023-11-13 00:00:00+00:00,2023-11-14T00:00:00+00:00,2026-09-03T11:15:03.742310+00:00,18000.0,17876.0,17292.0,17292.0,17256.181640625,2608065
2023-11-14 00:00:00+00:00,2023-11-15T00:00:00+00:00,2026-09-03T11:15:03.742310+00:00,17599.0,17713.0,17190.0,17700.0,17663.3359375,3601401
2023-11-15 00:00:00+00:00,2023-11-16T00:00:00+00:00,2026-09-03T11:15:03.742310+00:00,17615.0,18626.0,17716.0,18384.0,18345.91796875,4543888
2023-11-16 00:00:00+00:00,2023-11-17T00:00:00+00:00,2026-09-03T11:15:03.742310+00:00,18350.0,18491.0,17684.0,17891.0,17853.939453125,2482178
2023-11-17 00:00:00+00:00,2023-11-18T00:00:00+00:00,2026-09-03T11:15:03.742310+00:00,18099.0,17991.0,17549.0,17669.0,17632.400390625,1757896
2023-11-20 00:00:00+00:00,2023-11-21T00:00:00+00:00,2026-09-03T11:15:03.742310+00:00,17551.0,17779.0,17545.0,17570.0,17533.60546875,2054753
2023-11-21 00:00:00+00:00,2023-11-22T00:00:00+00:00,2026-09-03T11:15:03.742310+00:00,17522.0,17868.0,17400.0,17400.0,17363.95703125,5432482
2023-11-22 00:00:00+00:00,2023-11-23T00:00:00+00:00,2026-09-03T11:15:03.742310+00:00,17400.0,17587.0,17273.0,17344.0,17308.0703125,2259463
2023-11-23 00:00:00+00:00,2023-11-24T00:00:00+00:00,2026-09-03T11:15:03.742310+00:00,17500.0,17670.0,17248.0,17380.0,17344.0,2625786
2023-11-24 00:00:00+00:00,2023-11-25T00:00:00+00:00,2026-09-03T11:15:03.742310+00:00,17500.0,17769.0,17222.0,17728.0,17691.279296875,3259300
2023-11-27 00:00:00+00:00,2023-11-28T00:00:00+00:00,2026-09-03T11:15:03.742310+00:00,17727.0,17785.0,17330.0,17515.0,17478.71875,2061279
2023-11-28 00:00:00+00:00,2023-11-29T00:00:00+00:00,2026-09-03T11:15:03.742310+00:00,17385.0,17664.0,17358.0,17522.0,17485.703125,2097483
2023-11-29 00:00:00+00:00,2023-11-30T00:00:00+00:00,2026-09-03T11:15:03.742310+00:00,17500.0,17516.0,17133.0,17295.0,17259.173828125,3337846
2023-11-30 00:00:00+00:00,2023-12-01T00:00:00+00:00,2026-09-03T11:15:03.742310+00:00,17250.0,17533.0,17204.0,17376.0,17340.009765625,4495273
2023-12-01 00:00:00+00:00,2023-12-02T00:00:00+00:00,2026-09-03T11:15:03.742310+00:00,17527.0,17531.0,17215.0,17302.0,17266.16015625,1644414
2023-12-04 00:00:00+00:00,2023-12-05T00:00:00+00:00,2026-09-03T11:15:03.742310+00:00,17434.0,17500.0,17254.0,17490.0,17453.771484375,1310127
2023-12-05 00:00:00+00:00,2023-12-06T00:00:00+00:00,2026-09-03T11:15:03.742310+00:00,17490.0,17595.0,17305.0,17411.0,17374.935546875,1118902
2023-12-06 00:00:00+00:00,2023-12-07T00:00:00+00:00,2026-09-03T11:15:03.742310+00:00,17499.0,17616.0,17275.0,17454.0,17417.845703125,1255266
2023-12-07 00:00:00+00:00,2023-12-08T00:00:00+00:00,2026-09-03T11:15:03.742310+00:00,17560.0,17394.0,16972.0,17040.0,17004.703125,2128710
2023-12-08 00:00:00+00:00,2023-12-09T00:00:00+00:00,2026-09-03T11:15:03.742310+00:00,16490.0,16600.0,15742.0,15964.0,15930.931640625,8518857
2023-12-11 00:00:00+00:00,2023-12-12T00:00:00+00:00,2026-09-03T11:15:03.742310+00:00,16000.0,16333.0,15700.0,15925.0,15892.013671875,4030624
2023-12-12 00:00:00+00:00,2023-12-13T00:00:00+00:00,2026-09-03T11:15:03.742310+00:00,16299.0,16251.0,15571.0,15571.0,15538.7470703125,3118424
2023-12-13 00:00:00+00:00,2023-12-14T00:00:00+00:00,2026-09-03T11:15:03.742310+00:00,15300.0,15745.0,15358.0,15401.0,15369.099609375,4541922
2023-12-14 00:00:00+00:00,2023-12-15T00:00:00+00:00,2026-09-03T11:15:03.742310+00:00,15650.0,15908.0,15592.0,15776.0,15743.3212890625,9056898
2023-12-18 00:00:00+00:00,2023-12-19T00:00:00+00:00,2026-09-03T11:15:03.742310+00:00,15756.0,15921.0,15441.0,15441.0,15409.0146484375,4156752
2023-12-19 00:00:00+00:00,2023-12-20T00:00:00+00:00,2026-09-03T11:15:03.742310+00:00,15565.0,15552.0,15351.0,15480.0,15447.9345703125,3713604
2023-12-20 00:00:00+00:00,2023-12-21T00:00:00+00:00,2026-09-03T11:15:03.742310+00:00,15500.0,15771.0,15485.0,15632.0,15599.6201171875,4407331
2023-12-21 00:00:00+00:00,2023-12-22T00:00:00+00:00,2026-09-03T11:15:03.742310+00:00,15855.0,15809.0,15541.0,15631.0,15598.623046875,6226122
2023-12-22 00:00:00+00:00,2023-12-23T00:00:00+00:00,2026-09-03T11:15:03.742310+00:00,15551.0,16065.0,15609.0,15879.0,15846.107421875,1517514
2023-12-27 00:00:00+00:00,2023-12-28T00:00:00+00:00,2026-09-03T11:15:03.742310+00:00,16090.0,16294.0,15954.0,16187.0,16153.470703125,2674897
2023-12-28 00:00:00+00:00,2023-12-29T00:00:00+00:00,2026-09-03T11:15:03.742310+00:00,16332.0,16374.0,16159.0,16250.0,16216.33984375,1561534
2023-12-29 00:00:00+00:00,2023-12-30T00:00:00+00:00,2026-09-03T11:15:03.742310+00:00,16374.0,16396.0,16210.0,16371.0,16337.0888671875,1243773
2024-01-02 00:00:00+00:00,2024-01-03T00:00:00+00:00,2026-09-03T11:15:03.742310+00:00,16171.0,16419.0,16119.0,16165.0,16131.5166015625,1018460
2024-01-03 00:00:00+00:00,2024-01-04T00:00:00+00:00,2026-09-03T11:15:03.742310+00:00,16089.0,16167.0,15735.0,15776.0,15743.3212890625,1707886
2024-01-04 00:00:00+00:00,2024-01-05T00:00:00+00:00,2026-09-03T11:15:03.742310+00:00,15751.0,16029.0,15665.0,15688.0,15655.5048828125,1741905
2024-01-05 00:00:00+00:00,2024-01-06T00:00:00+00:00,2026-09-03T11:15:03.742310+00:00,15600.0,15804.0,15571.0,15802.0,15769.2666015625,1392939
2024-01-08 00:00:00+00:00,2024-01-09T00:00:00+00:00,2026-09-03T11:15:03.742310+00:00,15700.0,15894.0,15670.0,15736.0,15703.404296875,1837000
2024-01-09 00:00:00+00:00,2024-01-10T00:00:00+00:00,2026-09-03T11:15:03.742310+00:00,15800.0,16060.0,15795.0,15925.0,15892.013671875,2137854
2024-01-10 00:00:00+00:00,2024-01-11T00:00:00+00:00,2026-09-03T11:15:03.742310+00:00,15988.0,16021.0,15834.0,15887.0,15854.0908203125,1178889
2024-01-11 00:00:00+00:00,2024-01-12T00:00:00+00:00,2026-09-03T11:15:03.742310+00:00,15882.0,16181.0,15903.0,16177.0,16143.4912109375,2038843
2024-01-12 00:00:00+00:00,2024-01-13T00:00:00+00:00,2026-09-03T11:15:03.742310+00:00,16176.0,16281.0,15989.0,16281.0,16247.2763671875,2219776
2024-01-15 00:00:00+00:00,2024-01-16T00:00:00+00:00,2026-09-03T11:15:03.742310+00:00,16136.0,16155.0,15761.0,15921.0,15888.0205078125,2372791
2024-01-16 00:00:00+00:00,2024-01-17T00:00:00+00:00,2026-09-03T11:15:03.742310+00:00,15880.0,15905.0,15652.0,15705.0,15672.46875,1604103
2024-01-17 00:00:00+00:00,2024-01-18T00:00:00+00:00,2026-09-03T11:15:03.742310+00:00,15600.0,15667.0,15427.0,15450.0,15417.9970703125,2782429
2024-01-18 00:00:00+00:00,2024-01-19T00:00:00+00:00,2026-09-03T11:15:03.742310+00:00,15530.0,15753.0,15502.0,15642.0,15609.5986328125,1769091
2024-01-19 00:00:00+00:00,2024-01-20T00:00:00+00:00,2026-09-03T11:15:03.742310+00:00,15655.0,16025.0,15570.0,15700.0,15667.4794921875,2437169
2024-01-22 00:00:00+00:00,2024-01-23T00:00:00+00:00,2026-09-03T11:15:03.742310+00:00,15799.0,15798.0,15537.0,15618.0,15585.6484375,2260728
2024-01-23 00:00:00+00:00,2024-01-24T00:00:00+00:00,2026-09-03T11:15:03.742310+00:00,15799.0,15987.0,15625.0,15776.0,15743.3212890625,1941390
2024-01-24 00:00:00+00:00,2024-01-25T00:00:00+00:00,2026-09-03T11:15:03.742310+00:00,15776.0,15999.0,15757.0,15895.0,15862.0751953125,2504180
2024-01-25 00:00:00+00:00,2024-01-26T00:00:00+00:00,2026-09-03T11:15:03.742310+00:00,15895.0,15945.0,15786.0,15919.0,15886.025390625,6013433
2024-01-26 00:00:00+00:00,2024-01-27T00:00:00+00:00,2026-09-03T11:15:03.742310+00:00,15964.0,16398.0,15799.0,16398.0,16364.033203125,2789342
2024-01-29 00:00:00+00:00,2024-01-30T00:00:00+00:00,2026-09-03T11:15:03.742310+00:00,16400.0,16485.0,16212.0,16225.0,16191.3916015625,3022470
2024-01-30 00:00:00+00:00,2024-01-31T00:00:00+00:00,2026-09-03T11:15:03.742310+00:00,16400.0,16380.0,16209.0,16291.0,16257.255859375,1817592
2024-01-31 00:00:00+00:00,2024-02-01T00:00:00+00:00,2026-09-03T11:15:03.742310+00:00,16380.0,16468.0,16197.0,16380.0,16346.0703125,5085457
2024-02-01 00:00:00+00:00,2024-02-02T00:00:00+00:00,2026-09-03T11:15:03.742310+00:00,16100.0,16315.0,15990.0,16243.0,16209.353515625,3121103
2024-02-02 00:00:00+00:00,2024-02-03T00:00:00+00:00,2026-09-03T11:15:03.742310+00:00,16285.0,16575.0,16203.0,16284.0,16250.26953125,2455250
2024-02-05 00:00:00+00:00,2024-02-06T00:00:00+00:00,2026-09-03T11:15:03.742310+00:00,16399.0,16581.0,16181.0,16284.0,16250.26953125,1674321
2024-02-06 00:00:00+00:00,2024-02-07T00:00:00+00:00,2026-09-03T11:15:03.742310+00:00,16500.0,16537.0,16300.0,16421.0,16386.986328125,1358386
2024-02-07 00:00:00+00:00,2024-02-08T00:00:00+00:00,2026-09-03T11:15:03.742310+00:00,16390.0,16519.0,16236.0,16441.0,16406.947265625,1752928
2024-02-08 00:00:00+00:00,2024-02-09T00:00:00+00:00,2026-09-03T11:15:03.742310+00:00,16216.0,16571.0,16216.0,16381.0,16347.068359375,2047264
2024-02-09 00:00:00+00:00,2024-02-10T00:00:00+00:00,2026-09-03T11:15:03.742310+00:00,16210.0,16492.0,16280.0,16313.0,16279.2099609375,1597736
2024-02-12 00:00:00+00:00,2024-02-13T00:00:00+00:00,2026-09-03T11:15:03.742310+00:00,16250.0,16520.0,16016.0,16447.0,16412.9296875,1728153
2024-02-13 00:00:00+00:00,2024-02-14T00:00:00+00:00,2026-09-03T11:15:03.742310+00:00,16325.0,16519.0,16110.0,16130.0,16096.587890625,1244920
2024-02-14 00:00:00+00:00,2024-02-15T00:00:00+00:00,2026-09-03T11:15:03.742310+00:00,16175.0,16489.0,16131.0,16284.0,16250.26953125,1887793
2024-02-15 00:00:00+00:00,2024-02-16T00:00:00+00:00,2026-09-03T11:15:03.742310+00:00,16270.0,16551.0,16250.0,16326.0,16292.1826171875,1723874
2024-02-16 00:00:00+00:00,2024-02-17T00:00:00+00:00,2026-09-03T11:15:03.742310+00:00,16326.0,16834.0,16336.0,16625.0,16590.560546875,2091624
2024-02-19 00:00:00+00:00,2024-02-20T00:00:00+00:00,2026-09-03T11:15:03.742310+00:00,16900.0,16764.0,16483.0,16699.0,16664.41015625,905825
2024-02-20 00:00:00+00:00,2024-02-21T00:00:00+00:00,2026-09-03T11:15:03.742310+00:00,16700.0,16728.0,16524.0,16639.0,16604.533203125,1523883
2024-02-21 00:00:00+00:00,2024-02-22T00:00:00+00:00,2026-09-03T11:15:03.742310+00:00,16400.0,17019.0,16425.0,16933.0,16897.92578125,2416286
2024-02-22 00:00:00+00:00,2024-02-23T00:00:00+00:00,2026-09-03T11:15:03.742310+00:00,17112.0,17199.0,16840.0,16941.0,16905.908203125,1429178
2024-02-23 00:00:00+00:00,2024-02-24T00:00:00+00:00,2026-09-03T11:15:03.742310+00:00,17048.0,17049.0,16612.0,16646.0,16611.51953125,1536451
2024-02-26 00:00:00+00:00,2024-02-27T00:00:00+00:00,2026-09-03T11:15:03.742310+00:00,16600.0,16577.0,16307.0,16577.0,16542.6640625,2920771
2024-02-27 00:00:00+00:00,2024-02-28T00:00:00+00:00,2026-09-03T11:15:03.742310+00:00,16480.0,16756.0,16412.0,16603.0,16568.607421875,2197475
2024-02-28 00:00:00+00:00,2024-02-29T00:00:00+00:00,2026-09-03T11:15:03.742310+00:00,16520.0,16735.0,16350.0,16414.0,16379.9990234375,1256252
2024-02-29 00:00:00+00:00,2024-03-01T00:00:00+00:00,2026-09-03T11:15:03.742310+00:00,16320.0,16559.0,16283.0,16356.0,16322.119140625,4291885
2024-03-01 00:00:00+00:00,2024-03-02T00:00:00+00:00,2026-09-03T11:15:03.742310+00:00,16338.0,16621.0,16316.0,16559.0,16524.697265625,1329701
2024-03-04 00:00:00+00:00,2024-03-05T00:00:00+00:00,2026-09-03T11:15:03.742310+00:00,16575.0,16742.0,16323.0,16339.0,16305.15625,1195338
2024-03-05 00:00:00+00:00,2024-03-06T00:00:00+00:00,2026-09-03T11:15:03.742310+00:00,16345.0,16624.0,16275.0,16341.0,16307.15234375,1876046
2024-03-06 00:00:00+00:00,2024-03-07T00:00:00+00:00,2026-09-03T11:15:03.742310+00:00,16499.0,16671.0,16353.0,16660.0,16625.490234375,1863050
2024-03-07 00:00:00+00:00,2024-03-08T00:00:00+00:00,2026-09-03T11:15:03.742310+00:00,16500.0,16807.0,16271.0,16405.0,16371.0185546875,1261177
2024-03-08 00:00:00+00:00,2024-03-09T00:00:00+00:00,2026-09-03T11:15:03.742310+00:00,16599.0,16842.0,16257.0,16679.0,16644.451171875,2018069
2024-03-11 00:00:00+00:00,2024-03-12T00:00:00+00:00,2026-09-03T11:15:03.742310+00:00,16579.0,16552.0,15832.0,15832.0,15799.205078125,6706641
2024-03-12 00:00:00+00:00,2024-03-13T00:00:00+00:00,2026-09-03T11:15:03.742310+00:00,15905.0,16125.0,15372.0,15396.0,15364.109375,3961387
2024-03-13 00:00:00+00:00,2024-03-14T00:00:00+00:00,2026-09-03T11:15:03.742310+00:00,15400.0,15642.0,15200.0,15313.0,15281.2802734375,3443762
2024-03-14 00:00:00+00:00,2024-03-15T00:00:00+00:00,2026-09-03T11:15:03.742310+00:00,15500.0,15710.0,15322.0,15520.0,15487.8525390625,3589474
2024-03-15 00:00:00+00:00,2024-03-16T00:00:00+00:00,2026-09-03T11:15:03.742310+00:00,15545.0,15839.0,15307.0,15307.0,15275.2939453125,5477656
2024-03-18 00:00:00+00:00,2024-03-19T00:00:00+00:00,2026-09-03T11:15:03.742310+00:00,15325.0,15567.0,14973.0,15021.0,14989.8857421875,3042411
2024-03-19 00:00:00+00:00,2024-03-20T00:00:00+00:00,2026-09-03T11:15:03.742310+00:00,14970.0,15225.0,14950.0,15073.0,15041.77734375,3383479
2024-03-20 00:00:00+00:00,2024-03-21T00:00:00+00:00,2026-09-03T11:15:03.742310+00:00,14958.0,15320.0,14981.0,15042.0,15010.8408203125,10285380
2024-03-22 00:00:00+00:00,2024-03-23T00:00:00+00:00,2026-09-03T11:15:03.742310+00:00,15035.0,15152.0,14751.0,14806.0,14775.3310546875,2908838
2024-03-25 00:00:00+00:00,2024-03-26T00:00:00+00:00,2026-09-03T11:15:03.742310+00:00,14844.0,14824.0,14527.0,14707.0,14676.5361328125,3624038
2024-03-26 00:00:00+00:00,2024-03-27T00:00:00+00:00,2026-09-03T11:15:03.742310+00:00,14710.0,14874.0,14560.0,14647.0,14616.6611328125,3045654
2024-03-27 00:00:00+00:00,2024-03-28T00:00:00+00:00,2026-09-03T11:15:03.742310+00:00,14700.0,14930.0,14555.0,14829.0,14798.283203125,4400704
2024-03-28 00:00:00+00:00,2024-03-29T00:00:00+00:00,2026-09-03T11:15:03.742310+00:00,14755.0,14840.0,14672.0,14813.0,14782.31640625,1462469
2024-04-02 00:00:00+00:00,2024-04-03T00:00:00+00:00,2026-09-03T11:15:03.742310+00:00,15098.0,15083.0,14458.0,14568.0,14537.8232421875,1819146
2024-04-03 00:00:00+00:00,2024-04-04T00:00:00+00:00,2026-09-03T11:15:03.742310+00:00,14789.0,14780.0,14279.0,14498.0,14467.9697265625,3451684
2024-04-04 00:00:00+00:00,2024-04-05T00:00:00+00:00,2026-09-03T11:15:03.742310+00:00,14650.0,14838.0,14375.0,14756.0,14725.43359375,3155965
2024-04-05 00:00:00+00:00,2024-04-06T00:00:00+00:00,2026-09-03T11:15:03.742310+00:00,14800.0,14776.0,14441.0,14635.0,14604.685546875,2608635
2024-04-08 00:00:00+00:00,2024-04-09T00:00:00+00:00,2026-09-03T11:15:03.742310+00:00,14675.0,14760.0,14506.0,14727.0,14696.494140625,2351015
2024-04-09 00:00:00+00:00,2024-04-10T00:00:00+00:00,2026-09-03T11:15:03.742310+00:00,14700.0,15139.0,14680.0,15139.0,15107.6416015625,6038281
2024-04-10 00:00:00+00:00,2024-04-11T00:00:00+00:00,2026-09-03T11:15:03.742310+00:00,15134.0,15276.0,14857.0,15016.0,14984.89453125,2971770
2024-04-11 00:00:00+00:00,2024-04-12T00:00:00+00:00,2026-09-03T11:15:03.742310+00:00,15180.0,15170.0,14649.0,14850.0,14819.240234375,2393946
2024-04-12 00:00:00+00:00,2024-04-13T00:00:00+00:00,2026-09-03T11:15:03.742310+00:00,14876.0,14852.0,14414.0,14510.0,14479.9453125,3002561
2024-04-15 00:00:00+00:00,2024-04-16T00:00:00+00:00,2026-09-03T11:15:03.742310+00:00,14601.0,14870.0,14562.0,14562.0,14531.8369140625,1877199
2024-04-16 00:00:00+00:00,2024-04-17T00:00:00+00:00,2026-09-03T11:15:03.742310+00:00,14551.0,14578.0,14262.0,14550.0,14519.8623046875,3141311
2024-04-17 00:00:00+00:00,2024-04-18T00:00:00+00:00,2026-09-03T11:15:03.742310+00:00,14000.0,14010.0,13708.0,13778.0,13755.9365234375,3027235
2024-04-18 00:00:00+00:00,2024-04-19T00:00:00+00:00,2026-09-03T11:15:03.742310+00:00,13887.0,13958.0,13683.0,13877.0,13854.77734375,2576189
2024-04-19 00:00:00+00:00,2024-04-20T00:00:00+00:00,2026-09-03T11:15:03.742310+00:00,13794.0,14035.0,13683.0,14001.0,13978.5791015625,2217410
2024-04-22 00:00:00+00:00,2024-04-23T00:00:00+00:00,2026-09-03T11:15:03.742310+00:00,14100.0,14311.0,14022.0,14079.0,14056.455078125,2087652
2024-04-23 00:00:00+00:00,2024-04-24T00:00:00+00:00,2026-09-03T11:15:03.742310+00:00,14250.0,14270.0,13926.0,14112.0,14089.4013671875,1639919
2024-04-24 00:00:00+00:00,2024-04-25T00:00:00+00:00,2026-09-03T11:15:03.742310+00:00,14130.0,14141.0,13820.0,13820.0,13797.869140625,4658252
2024-04-25 00:00:00+00:00,2024-04-26T00:00:00+00:00,2026-09-03T11:15:03.742310+00:00,13800.0,14000.0,13800.0,13833.0,13810.849609375,2100118
2024-04-26 00:00:00+00:00,2024-04-27T00:00:00+00:00,2026-09-03T11:15:03.742310+00:00,13846.0,14134.0,13688.0,14134.0,14111.3662109375,2468649
2024-04-29 00:00:00+00:00,2024-04-30T00:00:00+00:00,2026-09-03T11:15:03.742310+00:00,14175.0,14464.0,14159.0,14400.0,14376.9404296875,2474050
2024-04-30 00:00:00+00:00,2024-05-01T00:00:00+00:00,2026-09-03T11:15:03.742310+00:00,14490.0,14629.0,14371.0,14546.0,14522.70703125,3060301
2024-05-02 00:00:00+00:00,2024-05-03T00:00:00+00:00,2026-09-03T11:15:03.742310+00:00,14512.0,14797.0,14475.0,14475.0,14451.8212890625,2846212
2024-05-03 00:00:00+00:00,2024-05-04T00:00:00+00:00,2026-09-03T11:15:03.742310+00:00,14564.0,14789.0,14480.0,14700.0,14676.4599609375,2684931
2024-05-06 00:00:00+00:00,2024-05-07T00:00:00+00:00,2026-09-03T11:15:03.742310+00:00,14705.0,14881.0,14670.0,14708.0,14684.447265625,2259676
2024-05-07 00:00:00+00:00,2024-05-08T00:00:00+00:00,2026-09-03T11:15:03.742310+00:00,14750.0,14873.0,14679.0,14755.0,14731.3720703125,2350937
2024-05-08 00:00:00+00:00,2024-05-09T00:00:00+00:00,2026-09-03T11:15:03.742310+00:00,14750.0,15030.0,14653.0,14905.0,14881.1318359375,2957885
2024-05-09 00:00:00+00:00,2024-05-10T00:00:00+00:00,2026-09-03T11:15:03.742310+00:00,14907.0,14972.0,14765.0,14851.0,14827.21875,2246612
2024-05-10 00:00:00+00:00,2024-05-11T00:00:00+00:00,2026-09-03T11:15:03.742310+00:00,14951.0,15294.0,14972.0,15218.0,15193.630859375,5478762
2024-05-13 00:00:00+00:00,2024-05-14T00:00:00+00:00,2026-09-03T11:15:03.742310+00:00,15241.0,15300.0,15121.0,15166.0,15141.71484375,1231034
2024-05-14 00:00:00+00:00,2024-05-15T00:00:00+00:00,2026-09-03T11:15:03.742310+00:00,15010.0,15368.0,15062.0,15152.0,15127.7373046875,2916970
2024-05-15 00:00:00+00:00,2024-05-16T00:00:00+00:00,2026-09-03T11:15:03.742310+00:00,15152.0,15486.0,15152.0,15366.0,15341.3935546875,3551688
2024-05-16 00:00:00+00:00,2024-05-17T00:00:00+00:00,2026-09-03T11:15:03.742310+00:00,15366.0,15538.0,15245.0,15368.0,15343.390625,3235974
2024-05-17 00:00:00+00:00,2024-05-18T00:00:00+00:00,2026-09-03T11:15:03.742310+00:00,15301.0,15446.0,15278.0,15422.0,15397.3046875,3014344
2024-05-20 00:00:00+00:00,2024-05-21T00:00:00+00:00,2026-09-03T11:15:03.742310+00:00,15422.0,15622.0,15359.0,15543.0,15518.1103515625,2617350
2024-05-21 00:00:00+00:00,2024-05-22T00:00:00+00:00,2026-09-03T11:15:03.742310+00:00,15490.0,15594.0,15385.0,15567.0,15542.072265625,1368660
2024-05-22 00:00:00+00:00,2024-05-23T00:00:00+00:00,2026-09-03T11:15:03.742310+00:00,15567.0,15759.0,15514.0,15616.0,15590.9931640625,2518957
2024-05-23 00:00:00+00:00,2024-05-24T00:00:00+00:00,2026-09-03T11:15:03.742310+00:00,15500.0,15702.0,15396.0,15396.0,15371.3466796875,2386500
2024-05-24 00:00:00+00:00,2024-05-25T00:00:00+00:00,2026-09-03T11:15:03.742310+00:00,15311.0,15570.0,15280.0,15499.0,15474.1806640625,1690362
2024-05-27 00:00:00+00:00,2024-05-28T00:00:00+00:00,2026-09-03T11:15:03.742310+00:00,15539.0,15559.0,15246.0,15292.0,15267.5126953125,2483525
2024-05-28 00:00:00+00:00,2024-05-29T00:00:00+00:00,2026-09-03T11:15:03.742310+00:00,15257.0,15418.0,15124.0,15278.0,15253.53515625,2794969
2024-05-30 00:00:00+00:00,2024-05-31T00:00:00+00:00,2026-09-03T11:15:03.742310+00:00,15045.0,15022.0,14473.0,14741.0,14717.39453125,5058770
2024-05-31 00:00:00+00:00,2024-06-01T00:00:00+00:00,2026-09-03T11:15:03.742310+00:00,14620.0,15040.0,14452.0,14917.0,14893.11328125,9064388
2024-06-03 00:00:00+00:00,2024-06-04T00:00:00+00:00,2026-09-03T11:15:03.742310+00:00,14974.0,15515.0,14898.0,15495.0,15470.1884765625,3821432
2024-06-04 00:00:00+00:00,2024-06-05T00:00:00+00:00,2026-09-03T11:15:03.742310+00:00,15495.0,15550.0,15163.5,15363.0,15338.3994140625,2324770
2024-06-05 00:00:00+00:00,2024-06-06T00:00:00+00:00,2026-09-03T11:15:03.742310+00:00,15135.0,15441.0,14949.0,15016.0,14991.953125,2716915
2024-06-06 00:00:00+00:00,2024-06-07T00:00:00+00:00,2026-09-03T11:15:03.742310+00:00,15000.0,15024.0,14748.0,14804.0,14780.2939453125,2096311
2024-06-07 00:00:00+00:00,2024-06-08T00:00:00+00:00,2026-09-03T11:15:03.742310+00:00,14900.0,15125.0,14800.0,15001.0,14976.9794921875,2515087
2024-06-10 00:00:00+00:00,2024-06-11T00:00:00+00:00,2026-09-03T11:15:03.742310+00:00,14863.0,15119.0,14838.0,14996.0,14971.986328125,1987799
2024-06-11 00:00:00+00:00,2024-06-12T00:00:00+00:00,2026-09-03T11:15:03.742310+00:00,15179.0,15331.0,15089.0,15275.0,15250.5400390625,2528846
2024-06-12 00:00:00+00:00,2024-06-13T00:00:00+00:00,2026-09-03T11:15:03.742310+00:00,15350.0,15748.0,15271.0,15578.0,15553.0537109375,3343806
2024-06-13 00:00:00+00:00,2024-06-14T00:00:00+00:00,2026-09-03T11:15:03.742310+00:00,15735.0,15900.0,15605.0,15710.0,15684.8427734375,3293310
2024-06-14 00:00:00+00:00,2024-06-15T00:00:00+00:00,2026-09-03T11:15:03.742310+00:00,15720.0,17050.0,15717.0,16591.0,16564.431640625,5059502
2024-06-18 00:00:00+00:00,2024-06-19T00:00:00+00:00,2026-09-03T11:15:03.742310+00:00,16800.0,17686.0,16790.0,17672.0,17643.701171875,9370555
2024-06-19 00:00:00+00:00,2024-06-20T00:00:00+00:00,2026-09-03T11:15:03.742310+00:00,17700.0,18399.0,17731.0,18340.0,18310.6328125,9179378
2024-06-20 00:00:00+00:00,2024-06-21T00:00:00+00:00,2026-09-03T11:15:03.742310+00:00,18281.0,18375.0,17326.0,17326.0,17298.251953125,13554899
2024-06-21 00:00:00+00:00,2024-06-22T00:00:00+00:00,2026-09-03T11:15:03.742310+00:00,17450.0,17781.0,17231.0,17268.0,17240.349609375,9587863
2024-06-24 00:00:00+00:00,2024-06-25T00:00:00+00:00,2026-09-03T11:15:03.742310+00:00,17268.0,17649.0,17051.0,17419.0,17391.107421875,3794247
2024-06-25 00:00:00+00:00,2024-06-26T00:00:00+00:00,2026-09-03T11:15:03.742310+00:00,17483.0,17545.0,17030.0,17204.0,17176.451171875,3305002
2024-06-26 00:00:00+00:00,2024-06-27T00:00:00+00:00,2026-09-03T11:15:03.742310+00:00,17093.0,17342.0,16862.0,16999.0,16971.78125,3156206
2024-06-27 00:00:00+00:00,2024-06-28T00:00:00+00:00,2026-09-03T11:15:03.742310+00:00,16299.0,16298.0,15310.0,15378.0,15353.375,9596873
2024-06-28 00:00:00+00:00,2024-06-29T00:00:00+00:00,2026-09-03T11:15:03.742310+00:00,15527.0,16200.0,15291.0,15845.0,15819.626953125,6643063
2024-07-01 00:00:00+00:00,2024-07-02T00:00:00+00:00,2026-09-03T11:15:03.742310+00:00,16208.0,16555.0,15883.0,15883.0,15857.5673828125,5243392
2024-07-02 00:00:00+00:00,2024-07-03T00:00:00+00:00,2026-09-03T11:15:03.742310+00:00,15899.0,15920.0,15460.0,15461.0,15436.2412109375,2734845
2024-07-03 00:00:00+00:00,2024-07-04T00:00:00+00:00,2026-09-03T11:15:03.742310+00:00,15716.0,15955.0,15520.0,15843.0,15817.630859375,2865275
2024-07-04 00:00:00+00:00,2024-07-05T00:00:00+00:00,2026-09-03T11:15:03.742310+00:00,16043.0,16004.0,15803.0,15911.0,15885.521484375,1185986
2024-07-05 00:00:00+00:00,2024-07-06T00:00:00+00:00,2026-09-03T11:15:03.742310+00:00,15687.0,15960.0,15753.0,15814.0,15788.677734375,1183619
2024-07-08 00:00:00+00:00,2024-07-09T00:00:00+00:00,2026-09-03T11:15:03.742310+00:00,15939.0,16083.0,15668.0,15877.0,15851.576171875,1906526
2024-07-09 00:00:00+00:00,2024-07-10T00:00:00+00:00,2026-09-03T11:15:03.742310+00:00,15900.0,15913.0,15478.0,15618.0,15592.990234375,2379465
2024-07-10 00:00:00+00:00,2024-07-11T00:00:00+00:00,2026-09-03T11:15:03.742310+00:00,15592.0,15692.0,15402.0,15452.0,15427.2568359375,2398993
2024-07-11 00:00:00+00:00,2024-07-12T00:00:00+00:00,2026-09-03T11:15:03.742310+00:00,15500.0,15737.0,15439.0,15510.0,15485.1630859375,3784864
2024-07-12 00:00:00+00:00,2024-07-13T00:00:00+00:00,2026-09-03T11:15:03.742310+00:00,15680.0,15716.0,15488.0,15589.0,15564.0380859375,2097141
2024-07-15 00:00:00+00:00,2024-07-16T00:00:00+00:00,2026-09-03T11:15:03.742310+00:00,15615.0,15781.0,15508.0,15781.0,15755.7294921875,3181821
2024-07-16 00:00:00+00:00,2024-07-17T00:00:00+00:00,2026-09-03T11:15:03.742310+00:00,15600.0,15700.0,15349.0,15366.0,15341.3935546875,3425841
2024-07-17 00:00:00+00:00,2024-07-18T00:00:00+00:00,2026-09-03T11:15:03.742310+00:00,15370.0,15370.0,15055.0,15193.0,15168.6708984375,2938454
2024-07-18 00:00:00+00:00,2024-07-19T00:00:00+00:00,2026-09-03T11:15:03.742310+00:00,15200.0,15523.0,15189.0,15401.0,15376.337890625,3626001
2024-07-19 00:00:00+00:00,2024-07-20T00:00:00+00:00,2026-09-03T11:15:03.742310+00:00,15550.0,15600.0,15222.0,15570.0,15545.0673828125,2151155
2024-07-22 00:00:00+00:00,2024-07-23T00:00:00+00:00,2026-09-03T11:15:03.742310+00:00,15660.0,15885.0,15516.0,15853.0,15827.6142578125,1653159
2024-07-23 00:00:00+00:00,2024-07-24T00:00:00+00:00,2026-09-03T11:15:03.742310+00:00,15880.0,16150.0,15788.0,16138.0,16112.158203125,2774304
2024-07-24 00:00:00+00:00,2024-07-25T00:00:00+00:00,2026-09-03T11:15:03.742310+00:00,16127.0,16200.0,15933.0,16137.0,16111.1591796875,2633250
2024-07-25 00:00:00+00:00,2024-07-26T00:00:00+00:00,2026-09-03T11:15:03.742310+00:00,15939.0,16400.0,15938.0,16329.0,16302.8515625,2781538
2024-07-26 00:00:00+00:00,2024-07-27T00:00:00+00:00,2026-09-03T11:15:03.742310+00:00,16325.0,16500.0,16164.0,16294.0,16267.908203125,2356220
2024-07-29 00:00:00+00:00,2024-07-30T00:00:00+00:00,2026-09-03T11:15:03.742310+00:00,16305.0,16400.0,15751.0,15800.0,15774.69921875,4094890
2024-07-30 00:00:00+00:00,2024-07-31T00:00:00+00:00,2026-09-03T11:15:03.742310+00:00,15834.0,16057.0,15715.0,15879.0,15853.572265625,2729862
2024-07-31 00:00:00+00:00,2024-08-01T00:00:00+00:00,2026-09-03T11:15:03.742310+00:00,15850.0,15983.0,15813.5,15980.0,15954.41015625,5905534
2024-08-01 00:00:00+00:00,2024-08-02T00:00:00+00:00,2026-09-03T11:15:03.742310+00:00,15857.0,16135.0,15669.0,15784.0,15758.724609375,4362319
2024-08-02 00:00:00+00:00,2024-08-03T00:00:00+00:00,2026-09-03T11:15:03.742310+00:00,15779.0,15750.0,15360.0,15417.0,15392.3125,4063410
2024-08-05 00:00:00+00:00,2024-08-06T00:00:00+00:00,2026-09-03T11:15:03.742310+00:00,15109.0,15199.0,14560.0,14830.0,14806.25390625,8243610
2024-08-06 00:00:00+00:00,2024-08-07T00:00:00+00:00,2026-09-03T11:15:03.742310+00:00,14896.0,15000.0,14624.0,14776.0,14752.3388671875,5119749
2024-08-07 00:00:00+00:00,2024-08-08T00:00:00+00:00,2026-09-03T11:15:03.742310+00:00,14800.0,15150.0,14776.0,15059.0,15034.884765625,4873618
2024-08-08 00:00:00+00:00,2024-08-09T00:00:00+00:00,2026-09-03T11:15:03.742310+00:00,15000.0,15300.0,14831.0,15153.0,15128.734375,2817184
2024-08-12 00:00:00+00:00,2024-08-13T00:00:00+00:00,2026-09-03T11:15:03.742310+00:00,15315.0,15339.0,14960.0,15042.0,15017.912109375,3201482
2024-08-13 00:00:00+00:00,2024-08-14T00:00:00+00:00,2026-09-03T11:15:03.742310+00:00,15150.0,15195.0,15044.0,15195.0,15170.66796875,1568235
2024-08-14 00:00:00+00:00,2024-08-15T00:00:00+00:00,2026-09-03T11:15:03.742310+00:00,15195.0,15446.0,15150.0,15317.0,15292.47265625,2441216
2024-08-15 00:00:00+00:00,2024-08-16T00:00:00+00:00,2026-09-03T11:15:03.742310+00:00,15320.0,15899.0,15315.0,15589.0,15564.0380859375,4205990
2024-08-16 00:00:00+00:00,2024-08-17T00:00:00+00:00,2026-09-03T11:15:03.742310+00:00,15625.0,15999.0,15711.0,15776.0,15750.7373046875,3556815
2024-08-19 00:00:00+00:00,2024-08-20T00:00:00+00:00,2026-09-03T11:15:03.742310+00:00,16300.0,16663.0,16254.0,16558.0,16531.486328125,5286703
2024-08-20 00:00:00+00:00,2024-08-21T00:00:00+00:00,2026-09-03T11:15:03.742310+00:00,16558.0,16920.0,16313.0,16422.0,16395.703125,4264016
2024-08-21 00:00:00+00:00,2024-08-22T00:00:00+00:00,2026-09-03T11:15:03.742310+00:00,16300.0,16900.0,16322.0,16831.0,16804.048828125,3691601
2024-08-22 00:00:00+00:00,2024-08-23T00:00:00+00:00,2026-09-03T11:15:03.742310+00:00,16890.0,17115.0,16667.0,16700.0,16673.255859375,3758967
2024-08-23 00:00:00+00:00,2024-08-24T00:00:00+00:00,2026-09-03T11:15:03.742310+00:00,16700.0,17250.0,16733.0,17084.0,17056.642578125,2800095
2024-08-26 00:00:00+00:00,2024-08-27T00:00:00+00:00,2026-09-03T11:15:03.742310+00:00,17084.0,17500.0,16981.0,17373.0,17345.1796875,3811183
2024-08-27 00:00:00+00:00,2024-08-28T00:00:00+00:00,2026-09-03T11:15:03.742310+00:00,17150.0,17611.0,17341.5,17595.0,17566.82421875,4164026
2024-08-28 00:00:00+00:00,2024-08-29T00:00:00+00:00,2026-09-03T11:15:03.742310+00:00,17680.0,17873.0,17527.0,17716.0,17687.630859375,3816587
2024-08-29 00:00:00+00:00,2024-08-30T00:00:00+00:00,2026-09-03T11:15:03.742310+00:00,17500.0,17830.0,17597.0,17692.0,17663.666015625,2810871
2024-08-30 00:00:00+00:00,2024-08-31T00:00:00+00:00,2026-09-03T11:15:03.742310+00:00,17793.0,17843.0,17463.0,17586.0,17557.83984375,3243091
2024-09-02 00:00:00+00:00,2024-09-03T00:00:00+00:00,2026-09-03T11:15:03.742310+00:00,17680.0,17679.0,17333.0,17561.0,17532.87890625,1927116
2024-09-03 00:00:00+00:00,2024-09-04T00:00:00+00:00,2026-09-03T11:15:03.742310+00:00,17445.0,17738.0,17120.0,17183.0,17155.484375,1929793
2024-09-04 00:00:00+00:00,2024-09-05T00:00:00+00:00,2026-09-03T11:15:03.742310+00:00,17000.0,17271.0,16981.0,17244.0,17216.38671875,2575884
2024-09-05 00:00:00+00:00,2024-09-06T00:00:00+00:00,2026-09-03T11:15:03.742310+00:00,17244.0,17450.0,16976.0,17284.0,17256.322265625,1837112
2024-09-06 00:00:00+00:00,2024-09-07T00:00:00+00:00,2026-09-03T11:15:03.742310+00:00,17161.0,17311.0,16954.0,17138.0,17110.556640625,2074545
2024-09-09 00:00:00+00:00,2024-09-10T00:00:00+00:00,2026-09-03T11:15:03.742310+00:00,17309.0,17309.0,16992.0,17194.0,17166.466796875,2134428
2024-09-10 00:00:00+00:00,2024-09-11T00:00:00+00:00,2026-09-03T11:15:03.742310+00:00,17700.0,17700.0,17166.0,17325.0,17297.259765625,2752169
2024-09-11 00:00:00+00:00,2024-09-12T00:00:00+00:00,2026-09-03T11:15:03.742310+00:00,16700.0,16692.0,16308.0,16474.0,16454.126953125,3667758
2024-09-12 00:00:00+00:00,2024-09-13T00:00:00+00:00,2026-09-03T11:15:03.742310+00:00,16771.0,16945.0,16584.0,16675.0,16654.8828125,2764831
2024-09-13 00:00:00+00:00,2024-09-14T00:00:00+00:00,2026-09-03T11:15:03.742310+00:00,16899.0,16763.0,16399.0,16620.0,16599.947265625,2529886
2024-09-16 00:00:00+00:00,2024-09-17T00:00:00+00:00,2026-09-03T11:15:03.742310+00:00,16770.0,17048.0,16519.0,16938.0,16917.564453125,2431114
2024-09-17 00:00:00+00:00,2024-09-18T00:00:00+00:00,2026-09-03T11:15:03.742310+00:00,16953.0,17184.0,16936.0,17140.0,17119.322265625,2992251
2024-09-18 00:00:00+00:00,2024-09-19T00:00:00+00:00,2026-09-03T11:15:03.742310+00:00,17200.0,17200.0,16815.0,17081.0,17060.390625,2943793
2024-09-19 00:00:00+00:00,2024-09-20T00:00:00+00:00,2026-09-03T11:15:03.742310+00:00,17175.0,17513.0,17081.0,17424.0,17402.9765625,9165316
2024-09-20 00:00:00+00:00,2024-09-21T00:00:00+00:00,2026-09-03T11:15:03.742310+00:00,17386.0,17474.0,17176.0,17209.0,17188.23828125,6270790
2024-09-23 00:00:00+00:00,2024-09-24T00:00:00+00:00,2026-09-03T11:15:03.742310+00:00,17199.0,17600.0,17220.0,17560.0,17538.814453125,2103471
2024-09-25 00:00:00+00:00,2024-09-26T00:00:00+00:00,2026-09-03T11:15:03.742310+00:00,17620.0,17751.0,17440.0,17567.0,17545.806640625,3163370
2024-09-26 00:00:00+00:00,2024-09-27T00:00:00+00:00,2026-09-03T11:15:03.742310+00:00,17517.0,17945.0,17581.0,17773.0,17751.556640625,2054568
2024-09-27 00:00:00+00:00,2024-09-28T00:00:00+00:00,2026-09-03T11:15:03.742310+00:00,17604.0,17822.0,17550.0,17815.0,17793.5078125,1518339
2024-09-30 00:00:00+00:00,2024-10-01T00:00:00+00:00,2026-09-03T11:15:03.742310+00:00,17698.0,17931.0,17496.0,17544.0,17522.833984375,3072252
2024-10-01 00:00:00+00:00,2024-10-02T00:00:00+00:00,2026-09-03T11:15:03.742310+00:00,17600.0,17750.0,16914.0,17021.0,17000.46484375,3006453
2024-10-02 00:00:00+00:00,2024-10-03T00:00:00+00:00,2026-09-03T11:15:03.742310+00:00,17226.0,17392.0,16872.0,16943.0,16922.560546875,1868905
2024-10-03 00:00:00+00:00,2024-10-04T00:00:00+00:00,2026-09-03T11:15:03.742310+00:00,16950.0,17063.0,16721.0,16800.0,16779.732421875,2294649
2024-10-04 00:00:00+00:00,2024-10-05T00:00:00+00:00,2026-09-03T11:15:03.742310+00:00,17021.0,17017.0,16785.0,16945.0,16924.5546875,2364195
2024-10-07 00:00:00+00:00,2024-10-08T00:00:00+00:00,2026-09-03T11:15:03.742310+00:00,16860.0,17051.0,16750.0,16900.0,16879.611328125,1326025
2024-10-08 00:00:00+00:00,2024-10-09T00:00:00+00:00,2026-09-03T11:15:03.742310+00:00,16645.0,16977.0,16578.0,16825.0,16804.701171875,2810509
2024-10-09 00:00:00+00:00,2024-10-10T00:00:00+00:00,2026-09-03T11:15:03.742310+00:00,16750.0,16820.0,16512.0,16777.0,16756.759765625,1304749
2024-10-10 00:00:00+00:00,2024-10-11T00:00:00+00:00,2026-09-03T11:15:03.742310+00:00,16780.0,16846.0,16564.0,16678.0,16657.87890625,2219024
2024-10-11 00:00:00+00:00,2024-10-12T00:00:00+00:00,2026-09-03T11:15:03.742310+00:00,16600.0,16962.0,16574.0,16911.0,16890.59765625,1667724
2024-10-14 00:00:00+00:00,2024-10-15T00:00:00+00:00,2026-09-03T11:15:03.742310+00:00,16950.0,17031.0,16796.0,16827.0,16806.69921875,1529039
2024-10-15 00:00:00+00:00,2024-10-16T00:00:00+00:00,2026-09-03T11:15:03.742310+00:00,16780.0,17003.0,16704.0,17003.0,16982.486328125,3342670
2024-10-16 00:00:00+00:00,2024-10-17T00:00:00+00:00,2026-09-03T11:15:03.742310+00:00,17005.0,17214.0,16827.0,17134.0,17113.328125,4229901
2024-10-17 00:00:00+00:00,2024-10-18T00:00:00+00:00,2026-09-03T11:15:03.742310+00:00,16900.0,17398.0,17029.0,17182.0,17161.271484375,2467815
2024-10-18 00:00:00+00:00,2024-10-19T00:00:00+00:00,2026-09-03T11:15:03.742310+00:00,17150.0,17339.0,17049.0,17202.0,17181.24609375,1476055
2024-10-21 00:00:00+00:00,2024-10-22T00:00:00+00:00,2026-09-03T11:15:03.742310+00:00,17130.0,17200.0,16885.0,16963.0,16942.53515625,2641181
2024-10-22 00:00:00+00:00,2024-10-23T00:00:00+00:00,2026-09-03T11:15:03.742310+00:00,17113.0,16956.0,16640.0,16706.0,16685.84375,2133836
2024-10-23 00:00:00+00:00,2024-10-24T00:00:00+00:00,2026-09-03T11:15:03.742310+00:00,16611.0,16826.0,16575.0,16636.0,16615.927734375,2446316
2024-10-24 00:00:00+00:00,2024-10-25T00:00:00+00:00,2026-09-03T11:15:03.742310+00:00,16716.0,16972.0,16666.0,16853.0,16832.66796875,1479711
2024-10-25 00:00:00+00:00,2024-10-26T00:00:00+00:00,2026-09-03T11:15:03.742310+00:00,16816.0,16989.0,16751.0,16853.0,16832.66796875,1144203
2024-10-28 00:00:00+00:00,2024-10-29T00:00:00+00:00,2026-09-03T11:15:03.742310+00:00,16750.0,17121.0,16785.0,17109.0,17088.357421875,2768587
2024-10-29 00:00:00+00:00,2024-10-30T00:00:00+00:00,2026-09-03T11:15:03.742310+00:00,17100.0,17171.0,16637.0,16841.0,16820.6796875,1394244
2024-10-30 00:00:00+00:00,2024-10-31T00:00:00+00:00,2026-09-03T11:15:03.742310+00:00,16700.0,17071.0,16630.0,16963.0,16942.53515625,2163276
2024-10-31 00:00:00+00:00,2024-11-01T00:00:00+00:00,2026-09-03T11:15:03.742310+00:00,16900.0,17091.0,16787.0,16863.0,16842.65625,2005997
2024-11-01 00:00:00+00:00,2024-11-02T00:00:00+00:00,2026-09-03T11:15:03.742310+00:00,16760.0,16975.0,16666.0,16894.0,16873.6171875,3022901
2024-11-04 00:00:00+00:00,2024-11-05T00:00:00+00:00,2026-09-03T11:15:03.742310+00:00,16800.0,17100.0,16811.0,17011.0,16990.4765625,1404276
2024-11-05 00:00:00+00:00,2024-11-06T00:00:00+00:00,2026-09-03T11:15:03.742310+00:00,16900.0,17249.0,16950.0,17151.0,17130.30859375,1883123
2024-11-06 00:00:00+00:00,2024-11-07T00:00:00+00:00,2026-09-03T11:15:03.742310+00:00,17017.0,17160.0,16872.0,17067.0,17046.408203125,1697243
2024-11-07 00:00:00+00:00,2024-11-08T00:00:00+00:00,2026-09-03T11:15:03.742310+00:00,16800.0,17315.0,16990.0,16990.0,16969.501953125,2340890
2024-11-08 00:00:00+00:00,2024-11-09T00:00:00+00:00,2026-09-03T11:15:03.742310+00:00,16800.0,17050.0,16834.0,16876.0,16855.638671875,1120556
2024-11-11 00:00:00+00:00,2024-11-12T00:00:00+00:00,2026-09-03T11:15:03.742310+00:00,16811.0,17101.0,16720.0,16800.0,16779.732421875,1222438
2024-11-12 00:00:00+00:00,2024-11-13T00:00:00+00:00,2026-09-03T11:15:03.742310+00:00,16799.0,16814.0,16562.0,16748.0,16727.794921875,1322438
2024-11-13 00:00:00+00:00,2024-11-14T00:00:00+00:00,2026-09-03T11:15:03.742310+00:00,16890.0,16808.0,16623.0,16658.0,16637.900390625,1265075
2024-11-14 00:00:00+00:00,2024-11-15T00:00:00+00:00,2026-09-03T11:15:03.742310+00:00,16550.0,16848.0,16553.0,16642.0,16621.921875,1607453
2024-11-15 00:00:00+00:00,2024-11-16T00:00:00+00:00,2026-09-03T11:15:03.742310+00:00,16550.0,16830.0,16550.0,16617.0,16596.953125,1079027
2024-11-18 00:00:00+00:00,2024-11-19T00:00:00+00:00,2026-09-03T11:15:03.742310+00:00,16710.0,16824.0,16568.0,16642.0,16621.921875,942755
2024-11-19 00:00:00+00:00,2024-11-20T00:00:00+00:00,2026-09-03T11:15:03.742310+00:00,16700.0,16808.0,16479.0,16701.0,16680.8515625,1650319
2024-11-20 00:00:00+00:00,2024-11-21T00:00:00+00:00,2026-09-03T11:15:03.742310+00:00,16665.0,16983.0,16620.0,16937.0,16916.56640625,2044139
2024-11-21 00:00:00+00:00,2024-11-22T00:00:00+00:00,2026-09-03T11:15:03.742310+00:00,16937.0,17314.0,16986.0,17200.0,17179.25,2698346
2024-11-22 00:00:00+00:00,2024-11-23T00:00:00+00:00,2026-09-03T11:15:03.742310+00:00,17210.0,17303.0,17050.0,17200.0,17179.25,2366721
2024-11-25 00:00:00+00:00,2024-11-26T00:00:00+00:00,2026-09-03T11:15:03.742310+00:00,17020.0,17344.0,17036.0,17036.0,17015.447265625,4034832
2024-11-26 00:00:00+00:00,2024-11-27T00:00:00+00:00,2026-09-03T11:15:03.742310+00:00,16887.0,17474.0,16914.0,17411.0,17389.994140625,2804998
2024-11-27 00:00:00+00:00,2024-11-28T00:00:00+00:00,2026-09-03T11:15:03.742310+00:00,17450.0,17533.0,17226.0,17300.0,17279.12890625,1458280
2024-11-28 00:00:00+00:00,2024-11-29T00:00:00+00:00,2026-09-03T11:15:03.742310+00:00,17251.0,17478.0,17219.0,17281.0,17260.150390625,1327305
2024-11-29 00:00:00+00:00,2024-11-30T00:00:00+00:00,2026-09-03T11:15:03.742310+00:00,17150.0,17339.0,17135.0,17250.0,17229.1875,1907471
2024-12-02 00:00:00+00:00,2024-12-03T00:00:00+00:00,2026-09-03T11:15:03.742310+00:00,17152.0,17414.0,17152.0,17371.0,17350.044921875,1761055
2024-12-03 00:00:00+00:00,2024-12-04T00:00:00+00:00,2026-09-03T11:15:03.742310+00:00,17301.0,17493.0,17180.0,17211.0,17190.236328125,4003946
2024-12-04 00:00:00+00:00,2024-12-05T00:00:00+00:00,2026-09-03T11:15:03.742310+00:00,17400.0,17867.0,17336.0,17836.0,17814.482421875,5609476
2024-12-05 00:00:00+00:00,2024-12-06T00:00:00+00:00,2026-09-03T11:15:03.742310+00:00,17997.0,18430.0,17804.0,18200.0,18178.041015625,5141755
2024-12-06 00:00:00+00:00,2024-12-07T00:00:00+00:00,2026-09-03T11:15:03.742310+00:00,18565.0,19777.0,18370.0,19430.0,19406.55859375,8992335
2024-12-09 00:00:00+00:00,2024-12-10T00:00:00+00:00,2026-09-03T11:15:03.742310+00:00,19375.0,19690.0,19100.0,19617.0,19593.33203125,3743586
2024-12-10 00:00:00+00:00,2024-12-11T00:00:00+00:00,2026-09-03T11:15:03.742310+00:00,19347.0,19845.0,19405.5,19633.0,19609.314453125,3467607
2024-12-11 00:00:00+00:00,2024-12-12T00:00:00+00:00,2026-09-03T11:15:03.742310+00:00,19756.0,20004.0,19740.0,19826.0,19802.078125,2176444
2024-12-12 00:00:00+00:00,2024-12-13T00:00:00+00:00,2026-09-03T11:15:03.742310+00:00,19933.0,20070.0,19564.0,19627.0,19603.3203125,1939884
2024-12-13 00:00:00+00:00,2024-12-14T00:00:00+00:00,2026-09-03T11:15:03.742310+00:00,19462.0,19843.0,19440.0,19678.0,19654.2578125,2175814
2024-12-17 00:00:00+00:00,2024-12-18T00:00:00+00:00,2026-09-03T11:15:03.742310+00:00,19800.0,19992.0,19469.0,19558.0,19534.404296875,3138397
2024-12-18 00:00:00+00:00,2024-12-19T00:00:00+00:00,2026-09-03T11:15:03.742310+00:00,19706.0,19713.0,19347.0,19500.0,19476.474609375,3420467
2024-12-19 00:00:00+00:00,2024-12-20T00:00:00+00:00,2026-09-03T11:15:03.742310+00:00,19484.0,19429.0,19025.0,19243.0,19219.78515625,7351633
2024-12-20 00:00:00+00:00,2024-12-21T00:00:00+00:00,2026-09-03T11:15:03.742310+00:00,19325.0,19401.0,18920.0,19369.0,19345.6328125,4914045
2024-12-23 00:00:00+00:00,2024-12-24T00:00:00+00:00,2026-09-03T11:15:03.742310+00:00,19369.0,19492.0,18870.0,19103.0,19079.953125,1193424
2024-12-24 00:00:00+00:00,2024-12-25T00:00:00+00:00,2026-09-03T11:15:03.742310+00:00,19300.0,19448.0,19000.0,19232.0,19208.798828125,278913
2024-12-27 00:00:00+00:00,2024-12-28T00:00:00+00:00,2026-09-03T11:15:03.742310+00:00,19005.0,19195.0,18812.0,19021.0,18998.05078125,875413
2024-12-30 00:00:00+00:00,2024-12-31T00:00:00+00:00,2026-09-03T11:15:03.742310+00:00,18867.0,19088.0,18806.0,19016.0,18993.05859375,972769
2024-12-31 00:00:00+00:00,2025-01-01T00:00:00+00:00,2026-09-03T11:15:03.742310+00:00,18901.0,19160.0,18862.0,18975.0,18952.109375,655292
2025-01-02 00:00:00+00:00,2025-01-03T00:00:00+00:00,2026-09-03T11:15:03.742310+00:00,18830.0,19231.0,18827.0,18922.0,18899.171875,872053
2025-01-03 00:00:00+00:00,2025-01-04T00:00:00+00:00,2026-09-03T11:15:03.742310+00:00,19199.0,19140.0,18702.0,19113.0,19089.939453125,798760
2025-01-06 00:00:00+00:00,2025-01-07T00:00:00+00:00,2026-09-03T11:15:03.742310+00:00,19299.0,19830.0,19145.0,19585.0,19561.373046875,1882117
2025-01-07 00:00:00+00:00,2025-01-08T00:00:00+00:00,2026-09-03T11:15:03.742310+00:00,19500.0,19900.0,19450.0,19557.0,19533.40625,1337895
2025-01-08 00:00:00+00:00,2025-01-09T00:00:00+00:00,2026-09-03T11:15:03.742310+00:00,19795.0,19898.0,19435.0,19600.0,19576.353515625,3201541
2025-01-09 00:00:00+00:00,2025-01-10T00:00:00+00:00,2026-09-03T11:15:03.742310+00:00,19697.0,19695.0,19463.0,19635.0,19611.310546875,1858634
2025-01-10 00:00:00+00:00,2025-01-11T00:00:00+00:00,2026-09-03T11:15:03.742310+00:00,19622.0,19781.0,19204.0,19489.0,19465.486328125,1844473
2025-01-13 00:00:00+00:00,2025-01-14T00:00:00+00:00,2026-09-03T11:15:03.742310+00:00,19488.0,19452.0,18702.0,18938.0,18915.15234375,2494620
2025-01-14 00:00:00+00:00,2025-01-15T00:00:00+00:00,2026-09-03T11:15:03.742310+00:00,19104.0,19250.0,18912.0,18950.0,18927.138671875,1612606
2025-01-15 00:00:00+00:00,2025-01-16T00:00:00+00:00,2026-09-03T11:15:03.742310+00:00,18956.0,19187.0,18749.0,19187.0,19163.849609375,2309548
2025-01-16 00:00:00+00:00,2025-01-17T00:00:00+00:00,2026-09-03T11:15:03.742310+00:00,19200.0,19279.0,18828.0,18887.0,18864.212890625,1739211
2025-01-17 00:00:00+00:00,2025-01-18T00:00:00+00:00,2026-09-03T11:15:03.742310+00:00,18887.0,19284.0,18879.0,19189.0,19165.849609375,1801576
2025-01-20 00:00:00+00:00,2025-01-21T00:00:00+00:00,2026-09-03T11:15:03.742310+00:00,19200.0,19272.0,18970.0,19135.0,19111.9140625,1288278
2025-01-21 00:00:00+00:00,2025-01-22T00:00:00+00:00,2026-09-03T11:15:03.742310+00:00,19450.0,19301.0,18968.0,19132.0,19108.91796875,806342
2025-01-22 00:00:00+00:00,2025-01-23T00:00:00+00:00,2026-09-03T11:15:03.742310+00:00,19208.0,19208.0,18769.0,18815.0,18792.302734375,2152783
2025-01-23 00:00:00+00:00,2025-01-24T00:00:00+00:00,2026-09-03T11:15:03.742310+00:00,18767.0,19253.0,18480.0,18500.0,18477.681640625,2789998
2025-01-24 00:00:00+00:00,2025-01-25T00:00:00+00:00,2026-09-03T11:15:03.742310+00:00,18630.0,18666.0,18400.0,18450.0,18427.7421875,2031651
2025-01-27 00:00:00+00:00,2025-01-28T00:00:00+00:00,2026-09-03T11:15:03.742310+00:00,18450.0,18547.0,18030.0,18479.0,18456.705078125,2261215
2025-01-28 00:00:00+00:00,2025-01-29T00:00:00+00:00,2026-09-03T11:15:03.742310+00:00,18100.0,18955.0,18430.0,18821.0,18798.29296875,3619192
2025-01-29 00:00:00+00:00,2025-01-30T00:00:00+00:00,2026-09-03T11:15:03.742310+00:00,18656.0,19073.0,18719.0,18978.0,18955.103515625,2226086
2025-01-30 00:00:00+00:00,2025-01-31T00:00:00+00:00,2026-09-03T11:15:03.742310+00:00,19070.0,19157.0,18900.0,19099.0,19075.958984375,2044451
2025-01-31 00:00:00+00:00,2025-02-01T00:00:00+00:00,2026-09-03T11:15:03.742310+00:00,19010.0,19054.0,18462.0,18566.0,18543.6015625,1927739
2025-02-03 00:00:00+00:00,2025-02-04T00:00:00+00:00,2026-09-03T11:15:03.742310+00:00,18200.0,18484.0,18038.0,18425.0,18402.771484375,2071060
2025-02-04 00:00:00+00:00,2025-02-05T00:00:00+00:00,2026-09-03T11:15:03.742310+00:00,18543.0,18744.0,18378.0,18665.0,18642.48046875,1885586
2025-02-05 00:00:00+00:00,2025-02-06T00:00:00+00:00,2026-09-03T11:15:03.742310+00:00,18671.0,18781.0,18401.0,18519.0,18496.658203125,4176670
2025-02-06 00:00:00+00:00,2025-02-07T00:00:00+00:00,2026-09-03T11:15:03.742310+00:00,18849.0,18733.0,18473.0,18733.0,18710.400390625,3118359
2025-02-07 00:00:00+00:00,2025-02-08T00:00:00+00:00,2026-09-03T11:15:03.742310+00:00,18949.0,18942.0,18742.0,18876.0,18853.228515625,1389764
2025-02-10 00:00:00+00:00,2025-02-11T00:00:00+00:00,2026-09-03T11:15:03.742310+00:00,18876.0,19218.0,18726.0,19118.0,19094.93359375,2673419
2025-02-11 00:00:00+00:00,2025-02-12T00:00:00+00:00,2026-09-03T11:15:03.742310+00:00,19250.0,19150.0,18921.0,18921.0,18898.171875,1786233
2025-02-12 00:00:00+00:00,2025-02-13T00:00:00+00:00,2026-09-03T11:15:03.742310+00:00,19159.0,19181.5,18750.0,18885.0,18862.216796875,2248345
2025-02-13 00:00:00+00:00,2025-02-14T00:00:00+00:00,2026-09-03T11:15:03.742310+00:00,19191.0,19139.0,18699.0,18806.0,18783.310546875,2563421
2025-02-14 00:00:00+00:00,2025-02-15T00:00:00+00:00,2026-09-03T11:15:03.742310+00:00,18850.0,19111.0,18489.0,18964.0,18941.12109375,1631729
2025-02-17 00:00:00+00:00,2025-02-18T00:00:00+00:00,2026-09-03T11:15:03.742310+00:00,18988.0,19079.0,18698.0,18859.0,18836.248046875,1090815
2025-02-18 00:00:00+00:00,2025-02-19T00:00:00+00:00,2026-09-03T11:15:03.742310+00:00,18600.0,19013.0,18503.0,19013.0,18990.060546875,1483692
2025-02-19 00:00:00+00:00,2025-02-20T00:00:00+00:00,2026-09-03T11:15:03.742310+00:00,19044.0,19320.0,18712.0,18795.0,18772.32421875,3711543
2025-02-20 00:00:00+00:00,2025-02-21T00:00:00+00:00,2026-09-03T11:15:03.742310+00:00,18795.0,18891.0,18358.0,18662.0,18639.484375,3095818
2025-02-21 00:00:00+00:00,2025-02-22T00:00:00+00:00,2026-09-03T11:15:03.742310+00:00,18785.0,19017.0,18722.0,18927.0,18904.166015625,2017558
2025-02-24 00:00:00+00:00,2025-02-25T00:00:00+00:00,2026-09-03T11:15:03.742310+00:00,18701.0,19017.0,18637.0,18719.0,18696.416015625,2072280
2025-02-25 00:00:00+00:00,2025-02-26T00:00:00+00:00,2026-09-03T11:15:03.742310+00:00,18772.0,18970.0,18457.0,18919.0,18896.173828125,1841802
2025-02-26 00:00:00+00:00,2025-02-27T00:00:00+00:00,2026-09-03T11:15:03.742310+00:00,18995.0,19292.0,18951.0,19240.0,19216.787109375,2310171
2025-02-27 00:00:00+00:00,2025-02-28T00:00:00+00:00,2026-09-03T11:15:03.742310+00:00,19090.0,19349.0,18980.0,18997.0,18974.08203125,1207418
2025-02-28 00:00:00+00:00,2025-03-01T00:00:00+00:00,2026-09-03T11:15:03.742310+00:00,18916.0,19070.0,18777.0,18793.0,18770.326171875,3943582
2025-03-03 00:00:00+00:00,2025-03-04T00:00:00+00:00,2026-09-03T11:15:03.742310+00:00,18725.0,19107.0,18741.0,19042.0,19019.02734375,2040088
2025-03-04 00:00:00+00:00,2025-03-05T00:00:00+00:00,2026-09-03T11:15:03.742310+00:00,18950.0,19250.0,18744.0,18919.0,18896.173828125,2420578
2025-03-05 00:00:00+00:00,2025-03-06T00:00:00+00:00,2026-09-03T11:15:03.742310+00:00,18901.0,19441.0,18947.0,19400.0,19376.59375,3586559
2025-03-06 00:00:00+00:00,2025-03-07T00:00:00+00:00,2026-09-03T11:15:03.742310+00:00,19500.0,19633.0,19106.0,19173.0,19149.869140625,2198931
2025-03-07 00:00:00+00:00,2025-03-08T00:00:00+00:00,2026-09-03T11:15:03.742310+00:00,19140.0,19459.0,19140.0,19266.0,19242.7578125,1561834
2025-03-10 00:00:00+00:00,2025-03-11T00:00:00+00:00,2026-09-03T11:15:03.742310+00:00,19209.0,19300.0,18725.0,18835.0,18812.275390625,3179672
2025-03-11 00:00:00+00:00,2025-03-12T00:00:00+00:00,2026-09-03T11:15:03.742310+00:00,19202.0,19489.0,18500.0,18595.0,18572.564453125,6341433
2025-03-12 00:00:00+00:00,2025-03-13T00:00:00+00:00,2026-09-03T11:15:03.742310+00:00,18500.0,18949.0,18400.0,18400.0,18377.80078125,3695338
2025-03-13 00:00:00+00:00,2025-03-14T00:00:00+00:00,2026-09-03T11:15:03.742310+00:00,18350.0,18763.0,18162.0,18162.0,18140.087890625,5446270
2025-03-14 00:00:00+00:00,2025-03-15T00:00:00+00:00,2026-09-03T11:15:03.742310+00:00,18200.0,18616.0,18022.0,18431.0,18408.763671875,4490530
2025-03-17 00:00:00+00:00,2025-03-18T00:00:00+00:00,2026-09-03T11:15:03.742310+00:00,18900.0,19081.0,18620.0,18748.0,18725.380859375,4122172
2025-03-18 00:00:00+00:00,2025-03-19T00:00:00+00:00,2026-09-03T11:15:03.742310+00:00,18685.0,18900.0,18225.0,18376.0,18353.830078125,3289827
2025-03-19 00:00:00+00:00,2025-03-20T00:00:00+00:00,2026-09-03T11:15:03.742310+00:00,18389.0,18656.0,18283.0,18486.0,18463.697265625,3838202
2025-03-20 00:00:00+00:00,2025-03-21T00:00:00+00:00,2026-09-03T11:15:03.742310+00:00,18680.0,18754.0,18292.0,18444.0,18421.748046875,9460964
2025-03-24 00:00:00+00:00,2025-03-25T00:00:00+00:00,2026-09-03T11:15:03.742310+00:00,18429.0,18703.0,18284.0,18300.0,18277.921875,2853893
2025-03-25 00:00:00+00:00,2025-03-26T00:00:00+00:00,2026-09-03T11:15:03.742310+00:00,18590.0,18732.0,18200.0,18488.0,18465.6953125,3073430
2025-03-26 00:00:00+00:00,2025-03-27T00:00:00+00:00,2026-09-03T11:15:03.742310+00:00,18500.0,18605.0,18334.0,18584.0,18561.580078125,4284141
2025-03-27 00:00:00+00:00,2025-03-28T00:00:00+00:00,2026-09-03T11:15:03.742310+00:00,18471.0,18688.0,18000.0,18478.0,18455.70703125,2231734
2025-03-28 00:00:00+00:00,2025-03-29T00:00:00+00:00,2026-09-03T11:15:03.742310+00:00,18230.0,18466.0,17862.0,17880.0,17858.427734375,3558232
2025-03-31 00:00:00+00:00,2025-04-01T00:00:00+00:00,2026-09-03T11:15:03.742310+00:00,18080.0,18073.0,17628.0,17699.0,17677.646484375,3502856
2025-04-01 00:00:00+00:00,2025-04-02T00:00:00+00:00,2026-09-03T11:15:03.742310+00:00,17800.0,18013.0,17763.0,17872.0,17850.4375,3078179
2025-04-02 00:00:00+00:00,2025-04-03T00:00:00+00:00,2026-09-03T11:15:03.742310+00:00,17960.0,18021.0,17302.0,17367.0,17346.046875,3415007
2025-04-03 00:00:00+00:00,2025-04-04T00:00:00+00:00,2026-09-03T11:15:03.742310+00:00,17000.0,17005.0,16223.0,16450.0,16430.154296875,9538859
2025-04-04 00:00:00+00:00,2025-04-05T00:00:00+00:00,2026-09-03T11:15:03.742310+00:00,16370.0,16345.0,15631.0,15805.0,15785.9326171875,5765554
2025-04-07 00:00:00+00:00,2025-04-08T00:00:00+00:00,2026-09-03T11:15:03.742310+00:00,15400.0,16535.0,14684.0,16122.0,16102.5498046875,7051644
2025-04-08 00:00:00+00:00,2025-04-09T00:00:00+00:00,2026-09-03T11:15:03.742310+00:00,16550.0,16817.0,15900.0,16665.0,16644.89453125,4630305
2025-04-09 00:00:00+00:00,2025-04-10T00:00:00+00:00,2026-09-03T11:15:03.742310+00:00,16049.0,16204.0,15606.0,15666.0,15647.1005859375,5031889
2025-04-10 00:00:00+00:00,2025-04-11T00:00:00+00:00,2026-09-03T11:15:03.742310+00:00,16525.0,17050.0,16290.0,16340.0,16320.2861328125,3756161
2025-04-11 00:00:00+00:00,2025-04-12T00:00:00+00:00,2026-09-03T11:15:03.742310+00:00,16251.0,16399.0,15933.0,16010.0,15990.685546875,2723276
2025-04-14 00:00:00+00:00,2025-04-15T00:00:00+00:00,2026-09-03T11:15:03.742310+00:00,16422.0,17031.0,16317.0,17031.0,17010.453125,3744298
2025-04-15 00:00:00+00:00,2025-04-16T00:00:00+00:00,2026-09-03T11:15:03.742310+00:00,16950.0,17323.0,16838.0,17205.0,17184.244140625,3190496
2025-04-16 00:00:00+00:00,2025-04-17T00:00:00+00:00,2026-09-03T11:15:03.742310+00:00,17100.0,17311.0,16851.0,17200.0,17179.25,2805704
2025-04-17 00:00:00+00:00,2025-04-18T00:00:00+00:00,2026-09-03T11:15:03.742310+00:00,17205.0,17403.0,17099.0,17100.0,17079.369140625,3162542
2025-04-22 00:00:00+00:00,2025-04-23T00:00:00+00:00,2026-09-03T11:15:03.742310+00:00,17260.0,17399.0,17001.0,17256.0,17235.181640625,2894114
2025-04-23 00:00:00+00:00,2025-04-24T00:00:00+00:00,2026-09-03T11:15:03.742310+00:00,16700.0,17160.0,16645.0,16645.0,16632.388671875,3156097
2025-04-24 00:00:00+00:00,2025-04-25T00:00:00+00:00,2026-09-03T11:15:03.742310+00:00,16784.0,16974.0,16600.0,16809.0,16796.263671875,2772627
2025-04-25 00:00:00+00:00,2025-04-26T00:00:00+00:00,2026-09-03T11:15:03.742310+00:00,17000.0,17035.0,16700.0,16820.0,16807.255859375,1807260
2025-04-29 00:00:00+00:00,2025-04-30T00:00:00+00:00,2026-09-03T11:15:03.742310+00:00,16760.0,17186.0,16760.0,17143.0,17130.01171875,3605219
2025-04-30 00:00:00+00:00,2025-05-01T00:00:00+00:00,2026-09-03T11:15:03.742310+00:00,17250.0,17375.0,17000.0,17075.0,17062.0625,2404148
2025-05-02 00:00:00+00:00,2025-05-03T00:00:00+00:00,2026-09-03T11:15:03.742310+00:00,17349.0,17533.0,16961.0,17150.0,17137.005859375,1840029
2025-05-05 00:00:00+00:00,2025-05-06T00:00:00+00:00,2026-09-03T11:15:03.742310+00:00,17015.0,17249.0,17004.0,17121.0,17108.02734375,2528875
2025-05-06 00:00:00+00:00,2025-05-07T00:00:00+00:00,2026-09-03T11:15:03.742310+00:00,16940.0,17128.0,16700.0,17052.0,17039.080078125,1723860
2025-05-07 00:00:00+00:00,2025-05-08T00:00:00+00:00,2026-09-03T11:15:03.742310+00:00,17000.0,17231.0,16802.0,16810.0,16797.263671875,2517931
2025-05-08 00:00:00+00:00,2025-05-09T00:00:00+00:00,2026-09-03T11:15:03.742310+00:00,16810.0,17061.0,16555.0,16596.0,16583.42578125,2454223
2025-05-09 00:00:00+00:00,2025-05-10T00:00:00+00:00,2026-09-03T11:15:03.742310+00:00,16600.0,16745.0,16504.0,16598.0,16585.423828125,5460698
2025-05-12 00:00:00+00:00,2025-05-13T00:00:00+00:00,2026-09-03T11:15:03.742310+00:00,16710.0,17066.0,16683.0,16944.0,16931.162109375,3167059
2025-05-13 00:00:00+00:00,2025-05-14T00:00:00+00:00,2026-09-03T11:15:03.742310+00:00,16800.0,17042.0,16730.0,17032.0,17019.095703125,2569220
2025-05-14 00:00:00+00:00,2025-05-15T00:00:00+00:00,2026-09-03T11:15:03.742310+00:00,16700.0,17232.0,16639.0,16803.0,16790.26953125,4314053
2025-05-15 00:00:00+00:00,2025-05-16T00:00:00+00:00,2026-09-03T11:15:03.742310+00:00,16849.0,17156.0,16673.0,17001.0,16988.1171875,4076493
2025-05-16 00:00:00+00:00,2025-05-17T00:00:00+00:00,2026-09-03T11:15:03.742310+00:00,17299.0,17131.0,16924.0,17095.0,17082.046875,1410951
2025-05-19 00:00:00+00:00,2025-05-20T00:00:00+00:00,2026-09-03T11:15:03.742310+00:00,17000.0,17100.0,16525.0,16737.0,16724.3203125,3426704
2025-05-20 00:00:00+00:00,2025-05-21T00:00:00+00:00,2026-09-03T11:15:03.742310+00:00,16780.0,16867.0,16606.0,16726.0,16713.328125,2372546
2025-05-21 00:00:00+00:00,2025-05-22T00:00:00+00:00,2026-09-03T11:15:03.742310+00:00,16786.0,16909.0,16577.0,16817.0,16804.259765625,2526742
2025-05-22 00:00:00+00:00,2025-05-23T00:00:00+00:00,2026-09-03T11:15:03.742310+00:00,16620.0,16877.0,16510.0,16681.0,16668.361328125,1834887
2025-05-23 00:00:00+00:00,2025-05-24T00:00:00+00:00,2026-09-03T11:15:03.742310+00:00,16696.0,16846.0,16444.0,16724.0,16711.328125,1705341
2025-05-26 00:00:00+00:00,2025-05-27T00:00:00+00:00,2026-09-03T11:15:03.742310+00:00,16800.0,16919.0,16684.0,16845.0,16832.23828125,1348808
2025-05-27 00:00:00+00:00,2025-05-28T00:00:00+00:00,2026-09-03T11:15:03.742310+00:00,16705.0,17006.0,16698.0,16848.0,16835.234375,2053238
2025-05-28 00:00:00+00:00,2025-05-29T00:00:00+00:00,2026-09-03T11:15:03.742310+00:00,16752.0,17400.0,16819.0,17300.0,17286.892578125,3034718
2025-05-29 00:00:00+00:00,2025-05-30T00:00:00+00:00,2026-09-03T11:15:03.742310+00:00,17400.0,17700.0,17369.0,17579.0,17565.6796875,3042759
2025-05-30 00:00:00+00:00,2025-05-31T00:00:00+00:00,2026-09-03T11:15:03.742310+00:00,17500.0,17865.0,17332.0,17332.0,17318.8671875,5963808
2025-06-02 00:00:00+00:00,2025-06-03T00:00:00+00:00,2026-09-03T11:15:03.742310+00:00,17330.0,17448.0,16951.0,17207.0,17193.962890625,1371870
2025-06-03 00:00:00+00:00,2025-06-04T00:00:00+00:00,2026-09-03T11:15:03.742310+00:00,17299.0,17447.0,17103.0,17266.0,17252.91796875,1374020
2025-06-04 00:00:00+00:00,2025-06-05T00:00:00+00:00,2026-09-03T11:15:03.742310+00:00,17370.0,17500.0,17165.0,17447.0,17433.78125,1795279
2025-06-05 00:00:00+00:00,2025-06-06T00:00:00+00:00,2026-09-03T11:15:03.742310+00:00,17499.0,17583.0,17256.0,17425.0,17411.796875,2419500
2025-06-06 00:00:00+00:00,2025-06-07T00:00:00+00:00,2026-09-03T11:15:03.742310+00:00,17266.0,17900.0,17398.0,17830.0,17816.490234375,2397321
2025-06-09 00:00:00+00:00,2025-06-10T00:00:00+00:00,2026-09-03T11:15:03.742310+00:00,17850.0,18044.0,17758.0,17850.0,17836.4765625,2949382
2025-06-10 00:00:00+00:00,2025-06-11T00:00:00+00:00,2026-09-03T11:15:03.742310+00:00,17869.0,18157.0,17800.0,17924.0,17910.419921875,3217687
2025-06-11 00:00:00+00:00,2025-06-12T00:00:00+00:00,2026-09-03T11:15:03.742310+00:00,17930.0,17983.0,17459.0,17615.0,17601.654296875,1948474
2025-06-12 00:00:00+00:00,2025-06-13T00:00:00+00:00,2026-09-03T11:15:03.742310+00:00,17740.0,17761.0,17375.0,17734.0,17720.564453125,1571890
2025-06-13 00:00:00+00:00,2025-06-14T00:00:00+00:00,2026-09-03T11:15:03.742310+00:00,17690.0,17563.0,17158.0,17228.0,17214.947265625,3511170
2025-06-17 00:00:00+00:00,2025-06-18T00:00:00+00:00,2026-09-03T11:15:03.742310+00:00,17365.0,17599.0,17242.0,17373.0,17359.8359375,2201543
2025-06-18 00:00:00+00:00,2025-06-19T00:00:00+00:00,2026-09-03T11:15:03.742310+00:00,17500.0,17451.0,17079.0,17286.0,17272.90234375,1426032
2025-06-19 00:00:00+00:00,2025-06-20T00:00:00+00:00,2026-09-03T11:15:03.742310+00:00,17100.0,17371.0,17080.0,17339.0,17325.86328125,4957872
2025-06-20 00:00:00+00:00,2025-06-21T00:00:00+00:00,2026-09-03T11:15:03.742310+00:00,17440.0,17574.0,17180.0,17284.0,17270.904296875,5187615
2025-06-23 00:00:00+00:00,2025-06-24T00:00:00+00:00,2026-09-03T11:15:03.742310+00:00,17280.0,17436.0,16953.0,17075.0,17062.0625,1901611
2025-06-24 00:00:00+00:00,2025-06-25T00:00:00+00:00,2026-09-03T11:15:03.742310+00:00,17350.0,17840.0,17345.0,17664.0,17650.615234375,1499404
2025-06-25 00:00:00+00:00,2025-06-26T00:00:00+00:00,2026-09-03T11:15:03.742310+00:00,17685.0,17716.0,17196.0,17280.0,17266.908203125,3126685
2025-06-26 00:00:00+00:00,2025-06-27T00:00:00+00:00,2026-09-03T11:15:03.742310+00:00,17499.0,17489.0,16947.0,17076.0,17063.060546875,2624583
2025-06-27 00:00:00+00:00,2025-06-28T00:00:00+00:00,2026-09-03T11:15:03.742310+00:00,17200.0,17700.0,17180.0,17700.0,17686.58984375,6537616
2025-06-30 00:00:00+00:00,2025-07-01T00:00:00+00:00,2026-09-03T11:15:03.742310+00:00,17740.0,17786.0,17500.0,17600.0,17586.6640625,2126842
2025-07-01 00:00:00+00:00,2025-07-02T00:00:00+00:00,2026-09-03T11:15:03.742310+00:00,17780.0,17858.0,17523.0,17769.0,17755.537109375,2174678
2025-07-02 00:00:00+00:00,2025-07-03T00:00:00+00:00,2026-09-03T11:15:03.742310+00:00,17886.0,17900.0,17473.0,17600.0,17586.6640625,2288423
2025-07-03 00:00:00+00:00,2025-07-04T00:00:00+00:00,2026-09-03T11:15:03.742310+00:00,17780.0,18060.0,17693.0,18050.0,18036.32421875,4297012
2025-07-04 00:00:00+00:00,2025-07-05T00:00:00+00:00,2026-09-03T11:15:03.742310+00:00,18050.0,18000.0,17807.0,17960.0,17946.390625,1335782
2025-07-07 00:00:00+00:00,2025-07-08T00:00:00+00:00,2026-09-03T11:15:03.742310+00:00,17800.0,17971.0,17695.0,17770.0,17756.537109375,1467157
2025-07-08 00:00:00+00:00,2025-07-09T00:00:00+00:00,2026-09-03T11:15:03.742310+00:00,17800.0,17912.0,17511.0,17750.0,17736.55078125,2114901
2025-07-09 00:00:00+00:00,2025-07-10T00:00:00+00:00,2026-09-03T11:15:03.742310+00:00,17750.0,17930.0,17602.0,17762.0,17748.54296875,2141261
2025-07-10 00:00:00+00:00,2025-07-11T00:00:00+00:00,2026-09-03T11:15:03.742310+00:00,17949.0,17928.0,17646.0,17754.0,17740.546875,2933081
2025-07-11 00:00:00+00:00,2025-07-12T00:00:00+00:00,2026-09-03T11:15:03.742310+00:00,17630.0,17701.0,17311.0,17440.0,17426.78515625,3195036
2025-07-14 00:00:00+00:00,2025-07-15T00:00:00+00:00,2026-09-03T11:15:03.742310+00:00,17598.0,17574.0,17201.0,17369.0,17355.83984375,2417052
2025-07-15 00:00:00+00:00,2025-07-16T00:00:00+00:00,2026-09-03T11:15:03.742310+00:00,17449.0,17622.0,17413.0,17500.0,17486.740234375,1985582
2025-07-16 00:00:00+00:00,2025-07-17T00:00:00+00:00,2026-09-03T11:15:03.742310+00:00,17492.0,17544.0,17282.0,17521.0,17507.724609375,4345329
2025-07-17 00:00:00+00:00,2025-07-18T00:00:00+00:00,2026-09-03T11:15:03.742310+00:00,17599.0,17639.0,17421.0,17546.0,17532.70703125,2859518
2025-07-18 00:00:00+00:00,2025-07-19T00:00:00+00:00,2026-09-03T11:15:03.742310+00:00,17401.0,17836.0,17520.0,17776.0,17762.533203125,3278971
2025-07-21 00:00:00+00:00,2025-07-22T00:00:00+00:00,2026-09-03T11:15:03.742310+00:00,17600.0,17899.0,17546.0,17650.0,17636.626953125,1600321
2025-07-22 00:00:00+00:00,2025-07-23T00:00:00+00:00,2026-09-03T11:15:03.742310+00:00,17824.0,17759.0,17360.0,17430.0,17416.79296875,1790168
2025-07-23 00:00:00+00:00,2025-07-24T00:00:00+00:00,2026-09-03T11:15:03.742310+00:00,17431.0,17626.0,17338.0,17539.0,17525.7109375,2178105
2025-07-24 00:00:00+00:00,2025-07-25T00:00:00+00:00,2026-09-03T11:15:03.742310+00:00,17650.0,17753.0,17574.0,17650.0,17636.626953125,1532710
2025-07-25 00:00:00+00:00,2025-07-26T00:00:00+00:00,2026-09-03T11:15:03.742310+00:00,17769.0,17637.0,17403.0,17481.0,17467.75390625,1559935
2025-07-28 00:00:00+00:00,2025-07-29T00:00:00+00:00,2026-09-03T11:15:03.742310+00:00,17730.0,17662.0,17351.0,17639.0,17625.63671875,1863788
2025-07-29 00:00:00+00:00,2025-07-30T00:00:00+00:00,2026-09-03T11:15:03.742310+00:00,17639.0,17874.0,17595.0,17784.0,17770.525390625,2806538
2025-07-30 00:00:00+00:00,2025-07-31T00:00:00+00:00,2026-09-03T11:15:03.742310+00:00,17820.0,17957.0,17630.0,17882.0,17868.451171875,1933544
2025-07-31 00:00:00+00:00,2025-08-01T00:00:00+00:00,2026-09-03T11:15:03.742310+00:00,17750.0,18073.0,17601.0,18045.0,18031.326171875,3018840
2025-08-01 00:00:00+00:00,2025-08-02T00:00:00+00:00,2026-09-03T11:15:03.742310+00:00,17945.0,18088.0,17608.0,17870.0,17856.4609375,2317099
2025-08-04 00:00:00+00:00,2025-08-05T00:00:00+00:00,2026-09-03T11:15:03.742310+00:00,18101.0,18050.0,17771.0,17943.0,17929.404296875,2956672
2025-08-05 00:00:00+00:00,2025-08-06T00:00:00+00:00,2026-09-03T11:15:03.742310+00:00,17938.0,18090.0,17690.0,17770.0,17756.537109375,2374083
2025-08-06 00:00:00+00:00,2025-08-07T00:00:00+00:00,2026-09-03T11:15:03.742310+00:00,17782.0,17912.0,17704.0,17799.0,17785.515625,1346200
2025-08-07 00:00:00+00:00,2025-08-08T00:00:00+00:00,2026-09-03T11:15:03.742310+00:00,17927.0,17853.0,17576.0,17757.0,17743.546875,1839824
2025-08-08 00:00:00+00:00,2025-08-09T00:00:00+00:00,2026-09-03T11:15:03.742310+00:00,17684.0,17903.0,17658.0,17756.0,17742.546875,3867336
2025-08-11 00:00:00+00:00,2025-08-12T00:00:00+00:00,2026-09-03T11:15:03.742310+00:00,17899.0,18172.0,17794.0,18073.0,18059.306640625,4326587
2025-08-12 00:00:00+00:00,2025-08-13T00:00:00+00:00,2026-09-03T11:15:03.742310+00:00,18088.0,18387.0,15300.0,18387.0,18373.0703125,3423266
2025-08-13 00:00:00+00:00,2025-08-14T00:00:00+00:00,2026-09-03T11:15:03.742310+00:00,18390.0,18864.0,18317.0,18860.0,18845.7109375,3537566
2025-08-14 00:00:00+00:00,2025-08-15T00:00:00+00:00,2026-09-03T11:15:03.742310+00:00,18750.0,19225.0,18695.0,19068.0,19053.552734375,4703939
2025-08-15 00:00:00+00:00,2025-08-16T00:00:00+00:00,2026-09-03T11:15:03.742310+00:00,19069.0,19251.0,18947.0,19072.0,19057.55078125,3385140
2025-08-18 00:00:00+00:00,2025-08-19T00:00:00+00:00,2026-09-03T11:15:03.742310+00:00,19570.0,19501.0,18714.0,18915.0,18900.66796875,3096253
2025-08-19 00:00:00+00:00,2025-08-20T00:00:00+00:00,2026-09-03T11:15:03.742310+00:00,18830.0,19041.0,18619.0,18830.0,18815.732421875,1934717
2025-08-20 00:00:00+00:00,2025-08-21T00:00:00+00:00,2026-09-03T11:15:03.742310+00:00,18721.0,18942.0,18720.0,18745.0,18730.796875,1689646
2025-08-21 00:00:00+00:00,2025-08-22T00:00:00+00:00,2026-09-03T11:15:03.742310+00:00,18735.0,18850.0,18600.0,18721.0,18706.81640625,1731909
2025-08-22 00:00:00+00:00,2025-08-23T00:00:00+00:00,2026-09-03T11:15:03.742310+00:00,18800.0,19317.0,18676.0,19316.0,19301.365234375,3800074
2025-08-25 00:00:00+00:00,2025-08-26T00:00:00+00:00,2026-09-03T11:15:03.742310+00:00,19451.0,19400.0,19235.0,19235.0,19220.42578125,2782052
2025-08-26 00:00:00+00:00,2025-08-27T00:00:00+00:00,2026-09-03T11:15:03.742310+00:00,19000.0,19047.0,18827.0,18875.0,18860.69921875,3862761
2025-08-27 00:00:00+00:00,2025-08-28T00:00:00+00:00,2026-09-03T11:15:03.742310+00:00,18907.0,18943.0,18688.0,18758.0,18743.7890625,1972808
2025-08-28 00:00:00+00:00,2025-08-29T00:00:00+00:00,2026-09-03T11:15:03.742310+00:00,18999.0,19183.0,18782.0,19169.0,19154.4765625,2752225
2025-08-29 00:00:00+00:00,2025-08-30T00:00:00+00:00,2026-09-03T11:15:03.742310+00:00,19004.0,19200.0,18863.0,18880.0,18865.6953125,1752783
2025-09-01 00:00:00+00:00,2025-09-02T00:00:00+00:00,2026-09-03T11:15:03.742310+00:00,19199.0,19136.0,18785.0,18859.0,18844.7109375,1438044
2025-09-02 00:00:00+00:00,2025-09-03T00:00:00+00:00,2026-09-03T11:15:03.742310+00:00,18990.0,18962.0,18624.0,18771.0,18756.77734375,2346253
2025-09-03 00:00:00+00:00,2025-09-04T00:00:00+00:00,2026-09-03T11:15:03.742310+00:00,18827.0,18908.0,18418.0,18500.0,18485.984375,2244985
2025-09-04 00:00:00+00:00,2025-09-05T00:00:00+00:00,2026-09-03T11:15:03.742310+00:00,18401.0,18660.0,18311.0,18452.0,18438.01953125,2579439
2025-09-05 00:00:00+00:00,2025-09-06T00:00:00+00:00,2026-09-03T11:15:03.742310+00:00,18700.0,18771.0,18511.0,18595.0,18580.91015625,1723366
2025-09-08 00:00:00+00:00,2025-09-09T00:00:00+00:00,2026-09-03T11:15:03.742310+00:00,18800.0,18936.0,18608.0,18915.0,18900.66796875,2381663
2025-09-09 00:00:00+00:00,2025-09-10T00:00:00+00:00,2026-09-03T11:15:03.742310+00:00,18975.0,19056.0,18828.0,18886.0,18871.689453125,2618894
2025-09-10 00:00:00+00:00,2025-09-11T00:00:00+00:00,2026-09-03T11:15:03.742310+00:00,18265.0,18353.0,17800.0,18046.0,18039.82421875,2355679
2025-09-11 00:00:00+00:00,2025-09-12T00:00:00+00:00,2026-09-03T11:15:03.742310+00:00,18280.0,18400.0,17864.0,18310.0,18303.734375,2619194
2025-09-12 00:00:00+00:00,2025-09-13T00:00:00+00:00,2026-09-03T11:15:03.742310+00:00,18205.0,18628.0,18113.0,18468.0,18461.6796875,2612633
2025-09-15 00:00:00+00:00,2025-09-16T00:00:00+00:00,2026-09-03T11:15:03.742310+00:00,18400.0,18568.0,18267.0,18355.0,18348.71875,1339559
2025-09-16 00:00:00+00:00,2025-09-17T00:00:00+00:00,2026-09-03T11:15:03.742310+00:00,18500.0,18483.0,18208.0,18441.0,18434.689453125,1915138
2025-09-17 00:00:00+00:00,2025-09-18T00:00:00+00:00,2026-09-03T11:15:03.742310+00:00,18305.0,18472.0,18287.0,18472.0,18465.6796875,2367112
2025-09-18 00:00:00+00:00,2025-09-19T00:00:00+00:00,2026-09-03T11:15:03.742310+00:00,18312.0,18635.0,18309.0,18572.0,18565.64453125,5331836
2025-09-19 00:00:00+00:00,2025-09-20T00:00:00+00:00,2026-09-03T11:15:03.742310+00:00,18599.0,18635.0,18289.0,18392.0,18385.70703125,3350848
2025-09-22 00:00:00+00:00,2025-09-23T00:00:00+00:00,2026-09-03T11:15:03.742310+00:00,18446.0,18454.0,17905.0,18101.0,18094.806640625,2411084
2025-09-23 00:00:00+00:00,2025-09-24T00:00:00+00:00,2026-09-03T11:15:03.742310+00:00,18218.0,18450.0,17979.0,18367.0,18360.71484375,1879727
2025-09-25 00:00:00+00:00,2025-09-26T00:00:00+00:00,2026-09-03T11:15:03.742310+00:00,18323.0,18341.0,17944.0,18029.0,18022.830078125,3568175
2025-09-26 00:00:00+00:00,2025-09-27T00:00:00+00:00,2026-09-03T11:15:03.742310+00:00,18000.0,18270.0,17834.0,18100.0,18093.806640625,1668526
2025-09-29 00:00:00+00:00,2025-09-30T00:00:00+00:00,2026-09-03T11:15:03.742310+00:00,18320.0,18300.0,17880.0,18014.0,18007.8359375,2366014
2025-09-30 00:00:00+00:00,2025-10-01T00:00:00+00:00,2026-09-03T11:15:03.742310+00:00,18045.0,18215.0,17850.0,18109.0,18102.802734375,3825067
2025-10-01 00:00:00+00:00,2025-10-02T00:00:00+00:00,2026-09-03T11:15:03.742310+00:00,18199.0,18380.0,17979.0,18301.0,18294.73828125,2716841
2025-10-02 00:00:00+00:00,2025-10-03T00:00:00+00:00,2026-09-03T11:15:03.742310+00:00,18400.0,18644.0,18385.0,18556.0,18549.650390625,2867189
2025-10-03 00:00:00+00:00,2025-10-04T00:00:00+00:00,2026-09-03T11:15:03.742310+00:00,18590.0,18955.0,18530.0,18885.0,18878.537109375,2271516
2025-10-06 00:00:00+00:00,2025-10-07T00:00:00+00:00,2026-09-03T11:15:03.742310+00:00,19000.0,19233.0,18803.0,19075.0,19068.47265625,2657994
2025-10-07 00:00:00+00:00,2025-10-08T00:00:00+00:00,2026-09-03T11:15:03.742310+00:00,19000.0,19189.0,18911.0,18995.0,18988.5,2164149
2025-10-08 00:00:00+00:00,2025-10-09T00:00:00+00:00,2026-09-03T11:15:03.742310+00:00,18955.0,19307.0,18773.0,19197.0,19190.431640625,2349118
2025-10-09 00:00:00+00:00,2025-10-10T00:00:00+00:00,2026-09-03T11:15:03.742310+00:00,19216.0,19310.0,18950.0,19277.0,19270.404296875,1764056
2025-10-10 00:00:00+00:00,2025-10-11T00:00:00+00:00,2026-09-03T11:15:03.742310+00:00,18950.0,19665.0,18967.0,19460.0,19453.341796875,2533186
2025-10-13 00:00:00+00:00,2025-10-14T00:00:00+00:00,2026-09-03T11:15:03.742310+00:00,19420.0,19472.0,19182.0,19444.0,19437.345703125,891612
2025-10-14 00:00:00+00:00,2025-10-15T00:00:00+00:00,2026-09-03T11:15:03.742310+00:00,19400.0,19526.0,19263.0,19338.0,19331.3828125,1442520
2025-10-15 00:00:00+00:00,2025-10-16T00:00:00+00:00,2026-09-03T11:15:03.742310+00:00,19650.0,19613.0,19130.0,19130.0,19123.453125,2686615
2025-10-16 00:00:00+00:00,2025-10-17T00:00:00+00:00,2026-09-03T11:15:03.742310+00:00,19130.0,19480.0,19066.0,19227.0,19220.419921875,1254557
2025-10-17 00:00:00+00:00,2025-10-18T00:00:00+00:00,2026-09-03T11:15:03.742310+00:00,19172.0,19297.0,18875.0,19174.0,19167.439453125,1724732
2025-10-20 00:00:00+00:00,2025-10-21T00:00:00+00:00,2026-09-03T11:15:03.742310+00:00,19400.0,19521.0,19170.0,19231.0,19224.419921875,1744271
2025-10-21 00:00:00+00:00,2025-10-22T00:00:00+00:00,2026-09-03T11:15:03.742310+00:00,19390.0,19466.0,18966.0,19067.0,19060.474609375,3409966
2025-10-22 00:00:00+00:00,2025-10-23T00:00:00+00:00,2026-09-03T11:15:03.742310+00:00,19140.0,19350.0,19085.0,19260.0,19253.41015625,2127521
2025-10-23 00:00:00+00:00,2025-10-24T00:00:00+00:00,2026-09-03T11:15:03.742310+00:00,19200.0,19423.0,18964.0,19423.0,19416.353515625,1785857
2025-10-24 00:00:00+00:00,2025-10-25T00:00:00+00:00,2026-09-03T11:15:03.742310+00:00,19405.0,19600.0,19174.0,19390.0,19383.365234375,2073541
2025-10-27 00:00:00+00:00,2025-10-28T00:00:00+00:00,2026-09-03T11:15:03.742310+00:00,19405.0,19542.0,19011.0,19258.0,19251.41015625,3172176
2025-10-28 00:00:00+00:00,2025-10-29T00:00:00+00:00,2026-09-03T11:15:03.742310+00:00,19125.0,19879.0,19140.0,19571.0,19564.302734375,3766625
2025-10-29 00:00:00+00:00,2025-10-30T00:00:00+00:00,2026-09-03T11:15:03.742310+00:00,19575.0,19867.0,19500.0,19576.0,19569.30078125,1359338
2025-10-30 00:00:00+00:00,2025-10-31T00:00:00+00:00,2026-09-03T11:15:03.742310+00:00,19580.0,19761.0,19242.0,19389.0,19382.365234375,1468423
2025-10-31 00:00:00+00:00,2025-11-01T00:00:00+00:00,2026-09-03T11:15:03.742310+00:00,19250.0,19605.0,19205.0,19384.0,19377.3671875,2053230
2025-11-03 00:00:00+00:00,2025-11-04T00:00:00+00:00,2026-09-03T11:15:03.742310+00:00,19300.0,19606.0,19299.0,19562.0,19555.306640625,1707229
2025-11-04 00:00:00+00:00,2025-11-05T00:00:00+00:00,2026-09-03T11:15:03.742310+00:00,19480.0,19621.0,19210.0,19410.0,19403.357421875,2666729
2025-11-05 00:00:00+00:00,2025-11-06T00:00:00+00:00,2026-09-03T11:15:03.742310+00:00,19459.0,19699.0,19097.0,19659.0,19652.2734375,2874057
2025-11-06 00:00:00+00:00,2025-11-07T00:00:00+00:00,2026-09-03T11:15:03.742310+00:00,19750.0,19958.0,19432.0,19756.0,19749.240234375,2808050
2025-11-07 00:00:00+00:00,2025-11-08T00:00:00+00:00,2026-09-03T11:15:03.742310+00:00,19558.0,19776.0,19427.0,19673.0,19666.267578125,1708326
2025-11-10 00:00:00+00:00,2025-11-11T00:00:00+00:00,2026-09-03T11:15:03.742310+00:00,19700.0,20137.0,19671.0,19998.0,19991.15625,2492646
2025-11-11 00:00:00+00:00,2025-11-12T00:00:00+00:00,2026-09-03T11:15:03.742310+00:00,19925.0,20300.0,19956.0,20000.0,19993.15625,2721385
2025-11-12 00:00:00+00:00,2025-11-13T00:00:00+00:00,2026-09-03T11:15:03.742310+00:00,19905.0,20556.0,19906.0,20457.0,20450.0,2448946
2025-11-13 00:00:00+00:00,2025-11-14T00:00:00+00:00,2026-09-03T11:15:03.742310+00:00,20600.0,21312.0,20512.0,20894.0,20886.849609375,3672318
2025-11-14 00:00:00+00:00,2025-11-15T00:00:00+00:00,2026-09-03T11:15:03.742310+00:00,20783.0,20961.0,20577.0,20716.0,20708.912109375,4116788
2025-11-17 00:00:00+00:00,2025-11-18T00:00:00+00:00,2026-09-03T11:15:03.742310+00:00,20807.0,21258.0,20720.0,20957.0,20949.828125,3955876
2025-11-18 00:00:00+00:00,2025-11-19T00:00:00+00:00,2026-09-03T11:15:03.742310+00:00,20830.0,20919.0,20479.0,20687.0,20679.921875,3955916
2025-11-19 00:00:00+00:00,2025-11-20T00:00:00+00:00,2026-09-03T11:15:03.742310+00:00,20911.0,20878.0,20625.0,20846.0,20838.8671875,1880469
2025-11-20 00:00:00+00:00,2025-11-21T00:00:00+00:00,2026-09-03T11:15:03.742310+00:00,20846.0,21295.0,20846.0,21111.0,21103.775390625,2622568
2025-11-21 00:00:00+00:00,2025-11-22T00:00:00+00:00,2026-09-03T11:15:03.742310+00:00,20777.0,21092.0,20635.0,20850.0,20842.865234375,2658353
2025-11-24 00:00:00+00:00,2025-11-25T00:00:00+00:00,2026-09-03T11:15:03.742310+00:00,21277.0,21021.0,20511.0,20609.0,20601.947265625,3876576
2025-11-25 00:00:00+00:00,2025-11-26T00:00:00+00:00,2026-09-03T11:15:03.742310+00:00,20635.0,20799.0,20324.0,20743.0,20735.90234375,2882486
2025-11-26 00:00:00+00:00,2025-11-27T00:00:00+00:00,2026-09-03T11:15:03.742310+00:00,20743.0,21176.0,20849.0,20984.0,20976.8203125,1692700
2025-11-27 00:00:00+00:00,2025-11-28T00:00:00+00:00,2026-09-03T11:15:03.742310+00:00,21219.0,21195.0,20780.0,20780.0,20772.888671875,2376051
2025-11-28 00:00:00+00:00,2025-11-29T00:00:00+00:00,2026-09-03T11:15:03.742310+00:00,20967.0,21015.0,20743.0,20828.0,20820.873046875,5448536
2025-12-01 00:00:00+00:00,2025-12-02T00:00:00+00:00,2026-09-03T11:15:03.742310+00:00,20650.0,21151.0,20560.0,21108.0,21100.77734375,3125967
2025-12-02 00:00:00+00:00,2025-12-03T00:00:00+00:00,2026-09-03T11:15:03.742310+00:00,20900.0,21472.0,20925.0,21160.0,21152.759765625,2420309
2025-12-03 00:00:00+00:00,2025-12-04T00:00:00+00:00,2026-09-03T11:15:03.742310+00:00,21374.0,21840.0,21100.0,21703.0,21695.57421875,4611119
2025-12-04 00:00:00+00:00,2025-12-05T00:00:00+00:00,2026-09-03T11:15:03.742310+00:00,21621.0,22066.0,21457.0,21600.0,21592.609375,4118111
2025-12-05 00:00:00+00:00,2025-12-06T00:00:00+00:00,2026-09-03T11:15:03.742310+00:00,21600.0,21772.0,21341.0,21659.0,21651.587890625,2183183
2025-12-08 00:00:00+00:00,2025-12-09T00:00:00+00:00,2026-09-03T11:15:03.742310+00:00,22313.0,22690.0,22171.0,22210.0,22202.400390625,6686778
2025-12-09 00:00:00+00:00,2025-12-10T00:00:00+00:00,2026-09-03T11:15:03.742310+00:00,22499.0,22821.0,22184.0,22560.0,22552.279296875,4192483
2025-12-10 00:00:00+00:00,2025-12-11T00:00:00+00:00,2026-09-03T11:15:03.742310+00:00,22726.0,22763.0,22451.0,22637.0,22629.25390625,2710900
2025-12-11 00:00:00+00:00,2025-12-12T00:00:00+00:00,2026-09-03T11:15:03.742310+00:00,22578.0,22878.0,22450.0,22619.0,22611.259765625,2981644
2025-12-12 00:00:00+00:00,2025-12-13T00:00:00+00:00,2026-09-03T11:15:03.742310+00:00,22739.0,23211.0,22573.0,22796.0,22788.19921875,2314902
2025-12-15 00:00:00+00:00,2025-12-16T00:00:00+00:00,2026-09-03T11:15:03.742310+00:00,22688.0,23430.0,22875.0,23200.0,23192.060546875,2421033
2025-12-17 00:00:00+00:00,2025-12-18T00:00:00+00:00,2026-09-03T11:15:03.742310+00:00,23055.0,23865.0,22884.0,23591.0,23582.927734375,3993064
2025-12-18 00:00:00+00:00,2025-12-19T00:00:00+00:00,2026-09-03T11:15:03.742310+00:00,23604.0,23948.0,23572.0,23830.0,23821.845703125,7872998
2025-12-19 00:00:00+00:00,2025-12-20T00:00:00+00:00,2026-09-03T11:15:03.742310+00:00,23774.0,23934.0,23109.0,23764.0,23755.869140625,5068662
2025-12-22 00:00:00+00:00,2025-12-23T00:00:00+00:00,2026-09-03T11:15:03.742310+00:00,23555.0,23727.0,23234.0,23533.0,23524.947265625,1534796
2025-12-23 00:00:00+00:00,2025-12-24T00:00:00+00:00,2026-09-03T11:15:03.742310+00:00,23321.0,23699.0,23483.0,23662.0,23653.90234375,791552
2025-12-24 00:00:00+00:00,2025-12-25T00:00:00+00:00,2026-09-03T11:15:03.742310+00:00,23600.0,23892.0,23590.0,23688.0,23679.89453125,284786
2025-12-29 00:00:00+00:00,2025-12-30T00:00:00+00:00,2026-09-03T11:15:03.742310+00:00,23889.0,23955.0,23581.0,23751.0,23742.873046875,774109
2025-12-30 00:00:00+00:00,2025-12-31T00:00:00+00:00,2026-09-03T11:15:03.742310+00:00,23670.0,23862.0,23590.0,23760.0,23751.869140625,1042240
2025-12-31 00:00:00+00:00,2026-01-01T00:00:00+00:00,2026-09-03T11:15:03.742310+00:00,23760.0,23936.0,23590.0,23936.0,23927.80859375,648729
2026-01-02 00:00:00+00:00,2026-01-03T00:00:00+00:00,2026-09-03T11:15:03.742310+00:00,23936.0,24154.0,23599.0,24035.0,24026.775390625,956286
2026-01-05 00:00:00+00:00,2026-01-06T00:00:00+00:00,2026-09-03T11:15:03.742310+00:00,24196.0,24106.0,23737.0,23911.0,23902.818359375,1131368
2026-01-06 00:00:00+00:00,2026-01-07T00:00:00+00:00,2026-09-03T11:15:03.742310+00:00,23800.0,24493.0,23943.0,24341.0,24332.669921875,2158873
2026-01-07 00:00:00+00:00,2026-01-08T00:00:00+00:00,2026-09-03T11:15:03.742310+00:00,24324.0,24600.0,24023.0,24290.0,24281.6875,2471312
2026-01-08 00:00:00+00:00,2026-01-09T00:00:00+00:00,2026-09-03T11:15:03.742310+00:00,24290.0,24634.0,24071.0,24584.0,24575.587890625,1559364
2026-01-09 00:00:00+00:00,2026-01-10T00:00:00+00:00,2026-09-03T11:15:03.742310+00:00,24455.0,24618.0,24287.0,24467.0,24458.626953125,1501991
2026-01-12 00:00:00+00:00,2026-01-13T00:00:00+00:00,2026-09-03T11:15:03.742310+00:00,24400.0,24415.0,24011.0,24203.0,24194.71875,1894721
2026-01-13 00:00:00+00:00,2026-01-14T00:00:00+00:00,2026-09-03T11:15:03.742310+00:00,23901.0,24158.0,23424.0,23817.0,23808.849609375,2478067
2026-01-14 00:00:00+00:00,2026-01-15T00:00:00+00:00,2026-09-03T11:15:03.742310+00:00,23736.0,24077.0,23502.0,23942.0,23933.806640625,2359091
2026-01-15 00:00:00+00:00,2026-01-16T00:00:00+00:00,2026-09-03T11:15:03.742310+00:00,24132.0,24525.0,24049.0,24297.0,24288.685546875,3491152
2026-01-16 00:00:00+00:00,2026-01-17T00:00:00+00:00,2026-09-03T11:15:03.742310+00:00,24350.0,24746.0,24030.0,24500.0,24491.6171875,3150004
2026-01-19 00:00:00+00:00,2026-01-20T00:00:00+00:00,2026-09-03T11:15:03.742310+00:00,24486.0,24613.0,24341.0,24471.0,24462.626953125,1649175
2026-01-20 00:00:00+00:00,2026-01-21T00:00:00+00:00,2026-09-03T11:15:03.742310+00:00,24555.0,24733.0,24315.0,24733.0,24724.537109375,1966232
2026-01-21 00:00:00+00:00,2026-01-22T00:00:00+00:00,2026-09-03T11:15:03.742310+00:00,24700.0,24844.0,24226.0,24526.0,24517.607421875,3306896
2026-01-22 00:00:00+00:00,2026-01-23T00:00:00+00:00,2026-09-03T11:15:03.742310+00:00,24599.0,25323.0,24373.0,25275.0,25266.3515625,3386124
2026-01-23 00:00:00+00:00,2026-01-24T00:00:00+00:00,2026-09-03T11:15:03.742310+00:00,25275.0,25457.0,24873.0,24960.0,24951.458984375,2645941
2026-01-26 00:00:00+00:00,2026-01-27T00:00:00+00:00,2026-09-03T11:15:03.742310+00:00,24579.0,25226.0,24501.0,25140.0,25131.396484375,2791745
2026-01-27 00:00:00+00:00,2026-01-28T00:00:00+00:00,2026-09-03T11:15:03.742310+00:00,24600.0,25701.0,24752.0,25504.0,25495.2734375,2333756
2026-01-28 00:00:00+00:00,2026-01-29T00:00:00+00:00,2026-09-03T11:15:03.742310+00:00,25225.0,25499.0,25097.0,25251.0,25242.359375,2111615
2026-01-29 00:00:00+00:00,2026-01-30T00:00:00+00:00,2026-09-03T11:15:03.742310+00:00,25000.0,25749.0,25137.5,25393.0,25384.310546875,2300084
2026-01-30 00:00:00+00:00,2026-01-31T00:00:00+00:00,2026-09-03T11:15:03.742310+00:00,25200.0,25833.0,25002.0,25471.0,25462.283203125,3749529
2026-02-02 00:00:00+00:00,2026-02-03T00:00:00+00:00,2026-09-03T11:15:03.742310+00:00,25000.0,26108.0,24758.0,26095.0,26086.0703125,3010508
2026-02-03 00:00:00+00:00,2026-02-04T00:00:00+00:00,2026-09-03T11:15:03.742310+00:00,26355.0,26626.0,25917.0,26060.0,26051.08203125,4416010
2026-02-04 00:00:00+00:00,2026-02-05T00:00:00+00:00,2026-09-03T11:15:03.742310+00:00,25665.0,26088.0,25489.0,25577.0,25568.248046875,2834747
2026-02-05 00:00:00+00:00,2026-02-06T00:00:00+00:00,2026-09-03T11:15:03.742310+00:00,25252.0,25686.0,25265.0,25526.0,25517.265625,1830802
2026-02-06 00:00:00+00:00,2026-02-07T00:00:00+00:00,2026-09-03T11:15:03.742310+00:00,25375.0,25650.0,25300.0,25650.0,25641.22265625,1599169
2026-02-09 00:00:00+00:00,2026-02-10T00:00:00+00:00,2026-09-03T11:15:03.742310+00:00,25946.0,26017.0,25501.0,25654.0,25645.220703125,1360312
2026-02-10 00:00:00+00:00,2026-02-11T00:00:00+00:00,2026-09-03T11:15:03.742310+00:00,25710.0,25991.0,25366.0,25969.0,25960.11328125,1842995
2026-02-11 00:00:00+00:00,2026-02-12T00:00:00+00:00,2026-09-03T11:15:03.742310+00:00,26110.0,26268.0,25669.0,26100.0,26091.068359375,2362338
2026-02-12 00:00:00+00:00,2026-02-13T00:00:00+00:00,2026-09-03T11:15:03.742310+00:00,26100.0,26724.0,26018.0,26557.0,26547.912109375,2816940
2026-02-13 00:00:00+00:00,2026-02-14T00:00:00+00:00,2026-09-03T11:15:03.742310+00:00,26129.0,26620.0,26100.0,26175.0,26166.04296875,2297200
2026-02-16 00:00:00+00:00,2026-02-17T00:00:00+00:00,2026-09-03T11:15:03.742310+00:00,26121.0,26699.0,26116.0,26553.0,26543.9140625,1772184
2026-02-17 00:00:00+00:00,2026-02-18T00:00:00+00:00,2026-09-03T11:15:03.742310+00:00,26200.0,26680.0,26200.0,26308.0,26298.998046875,1988551
2026-02-18 00:00:00+00:00,2026-02-19T00:00:00+00:00,2026-09-03T11:15:03.742310+00:00,26308.0,27220.0,26357.0,27034.0,27024.75,3840520
2026-02-19 00:00:00+00:00,2026-02-20T00:00:00+00:00,2026-09-03T11:15:03.742310+00:00,27099.0,27265.0,26710.0,26995.0,26985.76171875,3092664
2026-02-20 00:00:00+00:00,2026-02-21T00:00:00+00:00,2026-09-03T11:15:03.742310+00:00,26601.0,27041.0,26693.0,26843.0,26833.814453125,1837226
2026-02-23 00:00:00+00:00,2026-02-24T00:00:00+00:00,2026-09-03T11:15:03.742310+00:00,26998.0,27210.0,26684.0,26911.0,26901.791015625,1963654
2026-02-24 00:00:00+00:00,2026-02-25T00:00:00+00:00,2026-09-03T11:15:03.742310+00:00,26626.0,27200.0,26605.0,27159.0,27149.70703125,1912937
2026-02-25 00:00:00+00:00,2026-02-26T00:00:00+00:00,2026-09-03T11:15:03.742310+00:00,26770.0,27221.0,26769.0,26959.0,26949.775390625,1992606
2026-02-26 00:00:00+00:00,2026-02-27T00:00:00+00:00,2026-09-03T11:15:03.742310+00:00,26851.0,27812.0,26904.0,27203.0,27193.69140625,2106187
2026-02-27 00:00:00+00:00,2026-02-28T00:00:00+00:00,2026-09-03T11:15:03.742310+00:00,27514.0,27373.0,26982.0,27130.0,27120.716796875,3682637
2026-03-02 00:00:00+00:00,2026-03-03T00:00:00+00:00,2026-09-03T11:15:03.742310+00:00,26826.0,26801.0,26138.0,26417.0,26407.9609375,2584949
2026-03-03 00:00:00+00:00,2026-03-04T00:00:00+00:00,2026-09-03T11:15:03.742310+00:00,26336.0,26969.0,24947.0,24947.0,24938.462890625,3979063
2026-03-04 00:00:00+00:00,2026-03-05T00:00:00+00:00,2026-09-03T11:15:03.742310+00:00,25046.0,25327.0,24609.0,25139.0,25130.3984375,4819130
2026-03-05 00:00:00+00:00,2026-03-06T00:00:00+00:00,2026-09-03T11:15:03.742310+00:00,25210.0,26242.0,24730.0,24883.0,24874.484375,3532008
2026-03-06 00:00:00+00:00,2026-03-07T00:00:00+00:00,2026-09-03T11:15:03.742310+00:00,25022.0,25022.0,23340.0,23470.0,23461.96875,5043403
2026-03-09 00:00:00+00:00,2026-03-10T00:00:00+00:00,2026-09-03T11:15:03.742310+00:00,23196.0,24300.0,22500.0,24300.0,24291.685546875,5377770
2026-03-10 00:00:00+00:00,2026-03-11T00:00:00+00:00,2026-09-03T11:15:03.742310+00:00,24700.0,25653.0,23828.0,23992.0,23983.791015625,5213903
2026-03-11 00:00:00+00:00,2026-03-12T00:00:00+00:00,2026-09-03T11:15:03.742310+00:00,24100.0,24239.0,23150.0,23853.0,23844.837890625,3592561
2026-03-12 00:00:00+00:00,2026-03-13T00:00:00+00:00,2026-09-03T11:15:03.742310+00:00,23865.0,23937.0,23026.0,23198.0,23190.0625,3621106
2026-03-13 00:00:00+00:00,2026-03-14T00:00:00+00:00,2026-09-03T11:15:03.742310+00:00,23150.0,23429.0,22540.0,23061.0,23053.109375,2597818
2026-03-16 00:00:00+00:00,2026-03-17T00:00:00+00:00,2026-09-03T11:15:03.742310+00:00,23240.0,23497.0,22939.0,23061.0,23053.109375,5537630
2026-03-17 00:00:00+00:00,2026-03-18T00:00:00+00:00,2026-09-03T11:15:03.742310+00:00,23140.0,23467.0,22816.0,23467.0,23458.970703125,3900265
2026-03-18 00:00:00+00:00,2026-03-19T00:00:00+00:00,2026-09-03T11:15:03.742310+00:00,23500.0,24280.0,23050.0,23129.0,23121.0859375,5185349
2026-03-19 00:00:00+00:00,2026-03-20T00:00:00+00:00,2026-09-03T11:15:03.742310+00:00,23200.0,23395.0,22514.0,23395.0,23386.994140625,9885639
2026-03-20 00:00:00+00:00,2026-03-21T00:00:00+00:00,2026-09-03T11:15:03.742310+00:00,23445.0,24209.0,23434.0,23509.0,23500.955078125,5789152
2026-03-23 00:00:00+00:00,2026-03-24T00:00:00+00:00,2026-09-03T11:15:03.742310+00:00,23000.0,23964.0,22630.0,23452.0,23443.974609375,2083470
2026-03-24 00:00:00+00:00,2026-03-25T00:00:00+00:00,2026-09-03T11:15:03.742310+00:00,24129.0,23786.0,23060.0,23554.0,23545.939453125,2045276
2026-03-25 00:00:00+00:00,2026-03-26T00:00:00+00:00,2026-09-03T11:15:03.742310+00:00,23640.0,24450.0,23742.0,24414.0,24405.646484375,3171292
2026-03-26 00:00:00+00:00,2026-03-27T00:00:00+00:00,2026-09-03T11:15:03.742310+00:00,24300.0,24305.0,23864.0,24197.0,24188.720703125,2075487
2026-03-27 00:00:00+00:00,2026-03-28T00:00:00+00:00,2026-09-03T11:15:03.742310+00:00,23880.0,24344.0,23382.0,23750.0,23741.873046875,2108956
2026-03-30 00:00:00+00:00,2026-03-31T00:00:00+00:00,2026-09-03T11:15:03.742310+00:00,23898.0,23828.0,23338.0,23598.0,23589.92578125,2373124
2026-03-31 00:00:00+00:00,2026-04-01T00:00:00+00:00,2026-09-03T11:15:03.742310+00:00,23640.0,24195.0,23551.0,24119.0,24110.74609375,2842169
2026-04-01 00:00:00+00:00,2026-04-02T00:00:00+00:00,2026-09-03T11:15:03.742310+00:00,24500.0,25000.0,23906.0,24041.0,24032.7734375,3530356
2026-04-02 00:00:00+00:00,2026-04-03T00:00:00+00:00,2026-09-03T11:15:03.742310+00:00,23850.0,23906.0,23319.0,23835.0,23826.84375,2755427
2026-04-07 00:00:00+00:00,2026-04-08T00:00:00+00:00,2026-09-03T11:15:03.742310+00:00,24199.0,24187.0,23355.0,23778.0,23769.86328125,2219654
2026-04-08 00:00:00+00:00,2026-04-09T00:00:00+00:00,2026-09-03T11:15:03.742310+00:00,24885.0,25684.0,24868.0,25433.0,25424.296875,5496650
2026-04-09 00:00:00+00:00,2026-04-10T00:00:00+00:00,2026-09-03T11:15:03.742310+00:00,25255.0,25303.0,24771.0,24962.0,24953.458984375,2156379
2026-04-10 00:00:00+00:00,2026-04-11T00:00:00+00:00,2026-09-03T11:15:03.742310+00:00,24931.0,25206.0,24743.0,24961.0,24952.458984375,1305255
2026-04-13 00:00:00+00:00,2026-04-14T00:00:00+00:00,2026-09-03T11:15:03.742310+00:00,24500.0,24908.0,24418.0,24908.0,24899.4765625,1342901
2026-04-14 00:00:00+00:00,2026-04-15T00:00:00+00:00,2026-09-03T11:15:03.742310+00:00,24905.0,25318.0,24610.0,24920.0,24911.47265625,1567609
2026-04-15 00:00:00+00:00,2026-04-16T00:00:00+00:00,2026-09-03T11:15:03.742310+00:00,24737.0,25163.0,24737.0,25000.0,24991.4453125,1340783
2026-04-16 00:00:00+00:00,2026-04-17T00:00:00+00:00,2026-09-03T11:15:03.742310+00:00,25030.0,25158.0,24711.0,24711.0,24702.544921875,1622287
2026-04-17 00:00:00+00:00,2026-04-18T00:00:00+00:00,2026-09-03T11:15:03.742310+00:00,24506.0,25318.0,24512.0,25157.0,25148.390625,2136866
2026-04-20 00:00:00+00:00,2026-04-21T00:00:00+00:00,2026-09-03T11:15:03.742310+00:00,24500.0,25229.0,24805.0,24900.0,24891.478515625,1247453
2026-04-21 00:00:00+00:00,2026-04-22T00:00:00+00:00,2026-09-03T11:15:03.742310+00:00,24984.0,25066.0,24786.0,24840.0,24831.5,1329351
2026-04-22 00:00:00+00:00,2026-04-23T00:00:00+00:00,2026-09-03T11:15:03.742310+00:00,23996.0,24399.0,23701.0,23886.0,23886.0,1379804
2026-04-23 00:00:00+00:00,2026-04-24T00:00:00+00:00,2026-09-03T11:15:03.742310+00:00,24000.0,23998.0,23370.0,23370.0,23370.0,3393818
2026-04-24 00:00:00+00:00,2026-04-25T00:00:00+00:00,2026-09-03T11:15:03.742310+00:00,23307.0,23488.0,23160.0,23160.0,23160.0,2332200
2026-04-28 00:00:00+00:00,2026-04-29T00:00:00+00:00,2026-09-03T11:15:03.742310+00:00,22706.0,23390.0,22586.0,23389.0,23389.0,2790291
2026-04-29 00:00:00+00:00,2026-04-30T00:00:00+00:00,2026-09-03T11:15:03.742310+00:00,23356.0,23500.0,23129.0,23276.0,23276.0,1128124
2026-04-30 00:00:00+00:00,2026-05-01T00:00:00+00:00,2026-09-03T11:15:03.742310+00:00,23180.0,23495.0,23062.0,23302.0,23302.0,3317253
2026-05-04 00:00:00+00:00,2026-05-05T00:00:00+00:00,2026-09-03T11:15:03.742310+00:00,23303.0,23499.0,22843.0,22858.0,22858.0,1762249
2026-05-05 00:00:00+00:00,2026-05-06T00:00:00+00:00,2026-09-03T11:15:03.742310+00:00,22900.0,23035.0,22687.0,22722.0,22722.0,1970416
2026-05-06 00:00:00+00:00,2026-05-07T00:00:00+00:00,2026-09-03T11:15:03.742310+00:00,22900.0,23567.0,22899.0,23243.0,23243.0,4718874
2026-05-07 00:00:00+00:00,2026-05-08T00:00:00+00:00,2026-09-03T11:15:03.742310+00:00,23161.0,23631.0,22936.0,23136.0,23136.0,2353662
2026-05-08 00:00:00+00:00,2026-05-09T00:00:00+00:00,2026-09-03T11:15:03.742310+00:00,23120.0,23130.0,22647.0,23044.0,23044.0,2021344
2026-05-11 00:00:00+00:00,2026-05-12T00:00:00+00:00,2026-09-03T11:15:03.742310+00:00,22885.0,23217.0,22561.0,22572.0,22572.0,4630738
2026-05-12 00:00:00+00:00,2026-05-13T00:00:00+00:00,2026-09-03T11:15:03.742310+00:00,22500.0,22923.0,22294.0,22923.0,22923.0,3084519
2026-05-13 00:00:00+00:00,2026-05-14T00:00:00+00:00,2026-09-03T11:15:03.742310+00:00,23090.0,23069.0,22501.0,23000.0,23000.0,3364282
2026-05-14 00:00:00+00:00,2026-05-15T00:00:00+00:00,2026-09-03T11:15:03.742310+00:00,23100.0,23559.0,23074.0,23377.0,23377.0,2506471
2026-05-15 00:00:00+00:00,2026-05-16T00:00:00+00:00,2026-09-03T11:15:03.742310+00:00,23200.0,23450.0,22958.0,23018.0,23018.0,3524442
2026-05-18 00:00:00+00:00,2026-05-19T00:00:00+00:00,2026-09-03T11:15:03.742310+00:00,23037.0,23291.0,22842.0,23075.0,23075.0,2190060
2026-05-19 00:00:00+00:00,2026-05-20T00:00:00+00:00,2026-09-03T11:15:03.742310+00:00,22900.0,23201.0,22736.0,22876.0,22876.0,1420099
2026-05-20 00:00:00+00:00,2026-05-21T00:00:00+00:00,2026-09-03T11:15:03.742310+00:00,23000.0,23260.0,22922.0,23259.0,23259.0,1971868
2026-05-21 00:00:00+00:00,2026-05-22T00:00:00+00:00,2026-09-03T11:15:03.742310+00:00,23385.0,23663.0,23252.0,23500.0,23500.0,2536068
2026-05-22 00:00:00+00:00,2026-05-23T00:00:00+00:00,2026-09-03T11:15:03.742310+00:00,23750.0,23864.0,23325.0,23412.0,23412.0,1789972
2026-05-25 00:00:00+00:00,2026-05-26T00:00:00+00:00,2026-09-03T11:15:03.742310+00:00,23451.0,24049.0,23487.0,23708.0,23708.0,865953
2026-05-26 00:00:00+00:00,2026-05-27T00:00:00+00:00,2026-09-03T11:15:03.742310+00:00,23784.0,23962.0,23513.0,23864.0,23864.0,1061661
2026-05-27 00:00:00+00:00,2026-05-28T00:00:00+00:00,2026-09-03T11:15:03.742310+00:00,23955.0,24090.0,23590.0,23981.0,23981.0,1436634
2026-05-28 00:00:00+00:00,2026-05-29T00:00:00+00:00,2026-09-03T11:15:03.742310+00:00,23727.0,23814.0,23561.0,23754.0,23754.0,1272645
2026-05-29 00:00:00+00:00,2026-05-30T00:00:00+00:00,2026-09-03T11:15:03.742310+00:00,23850.0,24064.0,23710.0,23714.0,23714.0,4091441
2026-06-01 00:00:00+00:00,2026-06-02T00:00:00+00:00,2026-09-03T11:15:03.742310+00:00,24000.0,23739.0,22946.0,22946.0,22946.0,1808511
2026-06-02 00:00:00+00:00,2026-06-03T00:00:00+00:00,2026-09-03T11:15:03.742310+00:00,23075.0,23380.0,22878.0,22910.0,22910.0,2318318
2026-06-03 00:00:00+00:00,2026-06-04T00:00:00+00:00,2026-09-03T11:15:03.742310+00:00,22910.0,23075.0,22698.0,22698.0,22698.0,2812787
2026-06-04 00:00:00+00:00,2026-06-05T00:00:00+00:00,2026-09-03T11:15:03.742310+00:00,22700.0,23116.0,22801.0,22894.0,22894.0,2309428
2026-06-05 00:00:00+00:00,2026-06-06T00:00:00+00:00,2026-09-03T11:15:03.742310+00:00,22870.0,23482.0,22896.5,23320.0,23320.0,2978757
2026-06-08 00:00:00+00:00,2026-06-09T00:00:00+00:00,2026-09-03T11:15:03.742310+00:00,23362.0,23683.0,23169.0,23462.0,23462.0,1838161
2026-06-09 00:00:00+00:00,2026-06-10T00:00:00+00:00,2026-09-03T11:15:03.742310+00:00,23301.0,23933.0,23473.0,23652.0,23652.0,2085211
2026-06-10 00:00:00+00:00,2026-06-11T00:00:00+00:00,2026-09-03T11:15:03.742310+00:00,23600.0,23692.0,23053.0,23200.0,23200.0,1347606
2026-06-11 00:00:00+00:00,2026-06-12T00:00:00+00:00,2026-09-03T11:15:03.742310+00:00,23590.0,23771.0,23005.0,23510.0,23510.0,1700722
2026-06-12 00:00:00+00:00,2026-06-13T00:00:00+00:00,2026-09-03T11:15:03.742310+00:00,23800.0,24176.0,23552.0,24000.0,24000.0,2595643
2026-06-15 00:00:00+00:00,2026-06-16T00:00:00+00:00,2026-09-03T11:15:03.742310+00:00,24250.0,25131.0,24361.0,24411.0,24411.0,2574041
2026-06-17 00:00:00+00:00,2026-06-18T00:00:00+00:00,2026-09-03T11:15:03.742310+00:00,24300.0,24800.0,24199.0,24629.0,24629.0,2415482
2026-06-18 00:00:00+00:00,2026-06-19T00:00:00+00:00,2026-09-03T11:15:03.742310+00:00,24850.0,25023.0,24561.0,24961.0,24961.0,5574480
2026-06-19 00:00:00+00:00,2026-06-20T00:00:00+00:00,2026-09-03T11:15:03.742310+00:00,24889.0,25454.0,24752.0,25286.0,25286.0,4820389
2026-06-22 00:00:00+00:00,2026-06-23T00:00:00+00:00,2026-09-03T11:15:03.742310+00:00,25300.0,25372.0,24782.0,24991.0,24991.0,1772581
2026-06-23 00:00:00+00:00,2026-06-24T00:00:00+00:00,2026-09-03T11:15:03.742310+00:00,24900.0,25209.0,24629.0,25209.0,25209.0,1866518
2026-06-24 00:00:00+00:00,2026-06-25T00:00:00+00:00,2026-09-03T11:15:03.742310+00:00,25107.0,25179.0,24348.0,24487.0,24487.0,2230644
2026-06-25 00:00:00+00:00,2026-06-26T00:00:00+00:00,2026-09-03T11:15:03.742310+00:00,24300.0,24756.0,24369.0,24582.0,24582.0,1562295
2026-06-26 00:00:00+00:00,2026-06-27T00:00:00+00:00,2026-09-03T11:15:03.742310+00:00,24548.0,24601.0,24170.0,24224.0,24224.0,1361714
2026-06-29 00:00:00+00:00,2026-06-30T00:00:00+00:00,2026-09-03T11:15:03.742310+00:00,24397.0,24497.0,24152.0,24410.0,24410.0,1050721
2026-06-30 00:00:00+00:00,2026-07-01T00:00:00+00:00,2026-09-03T11:15:03.742310+00:00,23400.0,23689.0,22129.0,22792.0,22792.0,8921644
2026-07-01 00:00:00+00:00,2026-07-02T00:00:00+00:00,2026-09-03T11:15:03.742310+00:00,22750.0,22792.0,21418.0,21800.0,21800.0,6868482
2026-07-02 00:00:00+00:00,2026-07-03T00:00:00+00:00,2026-09-03T11:15:03.742310+00:00,21800.0,22501.0,21776.0,22300.0,22300.0,2982014
2026-07-03 00:00:00+00:00,2026-07-04T00:00:00+00:00,2026-09-03T11:15:03.742310+00:00,22793.0,23457.0,22050.0,22216.0,22216.0,1492901
2026-07-06 00:00:00+00:00,2026-07-07T00:00:00+00:00,2026-09-03T11:15:03.742310+00:00,22600.0,22446.0,22121.0,22464.0,22464.0,1262545
2026-07-07 00:00:00+00:00,2026-07-08T00:00:00+00:00,2026-09-03T11:15:03.742310+00:00,22135.0,22090.0,21525.0,21827.0,21827.0,1536225
2026-07-08 00:00:00+00:00,2026-07-09T00:00:00+00:00,2026-09-03T11:15:03.742310+00:00,21800.0,21902.0,21274.0,21274.0,21274.0,2926367
2026-07-09 00:00:00+00:00,2026-07-10T00:00:00+00:00,2026-09-03T11:15:03.742310+00:00,21955.0,21697.0,21290.0,21329.0,21329.0,1879066
2026-07-10 00:00:00+00:00,2026-07-11T00:00:00+00:00,2026-09-03T11:15:03.742310+00:00,21450.0,21694.0,21439.0,21597.0,21597.0,1088475
2026-07-13 00:00:00+00:00,2026-07-14T00:00:00+00:00,2026-09-03T11:15:03.742310+00:00,21800.0,21714.0,21414.0,21629.0,21629.0,1079231
2026-07-14 00:00:00+00:00,2026-07-15T00:00:00+00:00,2026-09-03T11:15:03.742310+00:00,21650.0,21666.0,21310.0,21549.0,21549.0,2128946
2026-07-15 00:00:00+00:00,2026-07-16T00:00:00+00:00,2026-09-03T11:15:03.742310+00:00,21549.0,21689.0,21310.0,21358.0,21358.0,1466163
2026-07-16 00:00:00+00:00,2026-07-17T00:00:00+00:00,2026-09-03T11:15:03.742310+00:00,21378.0,21709.5,21270.0,21656.0,21656.0,2548687
2026-07-17 00:00:00+00:00,2026-07-18T00:00:00+00:00,2026-09-03T11:15:03.742310+00:00,21501.0,21752.0,21396.0,21711.0,21711.0,2940899
2026-07-20 00:00:00+00:00,2026-07-21T00:00:00+00:00,2026-09-03T11:15:03.742310+00:00,21700.0,22148.0,21568.0,22018.0,22018.0,2972808
2026-07-21 00:00:00+00:00,2026-07-22T00:00:00+00:00,2026-09-03T11:15:03.742310+00:00,22100.0,22357.0,21931.0,22040.0,22040.0,3577018
2026-07-22 00:00:00+00:00,2026-07-23T00:00:00+00:00,2026-09-03T11:15:03.742310+00:00,21999.0,22298.0,21840.0,21929.0,21929.0,2150910
2026-07-23 00:00:00+00:00,2026-07-24T00:00:00+00:00,2026-09-03T11:15:03.742310+00:00,21750.0,21914.0,21531.0,21661.0,21661.0,2481698
2026-07-24 00:00:00+00:00,2026-07-25T00:00:00+00:00,2026-09-03T11:15:03.742310+00:00,21601.0,22012.0,21653.0,21937.0,21937.0,2030410
2026-07-27 00:00:00+00:00,2026-07-28T00:00:00+00:00,2026-09-03T11:15:03.742310+00:00,22189.0,22392.0,22042.0,22070.0,22070.0,1544454
2026-07-28 00:00:00+00:00,2026-07-29T00:00:00+00:00,2026-09-03T11:15:03.742310+00:00,22000.0,22200.0,21925.0,22199.0,22199.0,1760804
2026-07-29 00:00:00+00:00,2026-07-30T00:00:00+00:00,2026-09-03T11:15:03.742310+00:00,22449.0,22490.0,22112.0,22361.0,22361.0,1849182
2026-07-30 00:00:00+00:00,2026-07-31T00:00:00+00:00,2026-09-03T11:15:03.742310+00:00,22455.0,22676.0,22036.0,22546.0,22546.0,1584752
2026-07-31 00:00:00+00:00,2026-08-01T00:00:00+00:00,2026-09-03T11:15:03.742310+00:00,22490.0,22966.0,22335.0,22791.0,22791.0,3078098
2026-08-03 00:00:00+00:00,2026-08-04T00:00:00+00:00,2026-09-03T11:15:03.742310+00:00,23018.0,22913.0,22600.0,22810.0,22810.0,1445176
2026-08-04 00:00:00+00:00,2026-08-05T00:00:00+00:00,2026-09-03T11:15:03.742310+00:00,22800.0,23164.0,22885.0,23143.0,23143.0,1449541
2026-08-05 00:00:00+00:00,2026-08-06T00:00:00+00:00,2026-09-03T11:15:03.742310+00:00,23144.0,23440.0,22688.0,22858.0,22858.0,1285224
2026-08-06 00:00:00+00:00,2026-08-07T00:00:00+00:00,2026-09-03T11:15:03.742310+00:00,23139.0,23273.0,22858.0,23114.0,23114.0,1714463
2026-08-07 00:00:00+00:00,2026-08-08T00:00:00+00:00,2026-09-03T11:15:03.742310+00:00,23050.0,23248.0,22934.0,23102.0,23102.0,1915466
2026-08-11 00:00:00+00:00,2026-08-12T00:00:00+00:00,2026-09-03T11:15:03.742310+00:00,23433.0,23510.0,22791.0,23000.0,23000.0,3173067
2026-08-12 00:00:00+00:00,2026-08-13T00:00:00+00:00,2026-09-03T11:15:03.742310+00:00,23302.0,23219.0,22832.0,23000.0,23000.0,4026738
2026-08-13 00:00:00+00:00,2026-08-14T00:00:00+00:00,2026-09-03T11:15:03.742310+00:00,22911.0,23340.0,23009.0,23070.0,23070.0,2552068
2026-08-14 00:00:00+00:00,2026-08-15T00:00:00+00:00,2026-09-03T11:15:03.742310+00:00,23289.0,23256.0,22266.0,22428.0,22428.0,1950917
2026-08-17 00:00:00+00:00,2026-08-18T00:00:00+00:00,2026-09-03T11:15:03.742310+00:00,22500.0,22683.0,22282.0,22310.0,22310.0,887106
2026-08-18 00:00:00+00:00,2026-08-19T00:00:00+00:00,2026-09-03T11:15:03.742310+00:00,22700.0,22922.0,21825.0,22260.0,22260.0,2018293
2026-08-19 00:00:00+00:00,2026-08-20T00:00:00+00:00,2026-09-03T11:15:03.742310+00:00,22200.0,22731.0,22201.0,22561.0,22561.0,2797076
2026-08-20 00:00:00+00:00,2026-08-21T00:00:00+00:00,2026-09-03T11:15:03.742310+00:00,22450.0,22610.0,22100.0,22477.0,22477.0,2468056
2026-08-21 00:00:00+00:00,2026-08-22T00:00:00+00:00,2026-09-03T11:15:03.742310+00:00,22422.0,22777.0,22500.0,22700.0,22700.0,3600272
2026-08-24 00:00:00+00:00,2026-08-25T00:00:00+00:00,2026-09-03T11:15:03.742310+00:00,22898.0,22851.0,22300.0,22380.0,22380.0,4245258
2026-08-25 00:00:00+00:00,2026-08-26T00:00:00+00:00,2026-09-03T11:15:03.742310+00:00,22261.0,22881.0,22222.0,22760.0,22760.0,2959898
2026-08-26 00:00:00+00:00,2026-08-27T00:00:00+00:00,2026-09-03T11:15:03.742310+00:00,22835.0,22986.0,22619.0,22986.0,22986.0,2427010
2026-08-27 00:00:00+00:00,2026-08-28T00:00:00+00:00,2026-09-03T11:15:03.742310+00:00,23004.0,23184.0,22783.0,22854.0,22854.0,2811471
2026-08-28 00:00:00+00:00,2026-08-29T00:00:00+00:00,2026-09-03T11:15:03.742310+00:00,23257.0,23228.0,22902.0,23147.0,23147.0,2043391
2026-08-31 00:00:00+00:00,2026-09-01T00:00:00+00:00,2026-09-03T11:15:03.742310+00:00,23195.0,23227.0,22826.0,22894.0,22894.0,3303907
2026-09-01 00:00:00+00:00,2026-09-02T00:00:00+00:00,2026-09-03T11:15:03.742310+00:00,22820.0,22992.0,22476.0,22700.0,22700.0,2413082
2026-09-02 00:00:00+00:00,2026-09-03T00:00:00+00:00,2026-09-03T11:15:03.742310+00:00,22698.0,23070.0,22553.0,22553.0,22553.0,2737472
2026-09-03 00:00:00+00:00,2026-09-04T00:00:00+00:00,2026-09-03T11:15:03.742310+00:00,22501.0,23011.0,22484.0,22988.0,22988.0,324718
