event_time,available_time,retrieval_time,open,high,low,close,adj_close,volume
2022-01-31 00:00:00+00:00,2022-02-01T00:00:00+00:00,2026-09-03T11:15:03.742310+00:00,45144.55078125,44881.5703125,42783.8828125,42916.25,42787.11328125,996969
2022-02-01 00:00:00+00:00,2022-02-02T00:00:00+00:00,2026-09-03T11:15:03.742310+00:00,43091.5703125,43742.0,42162.37890625,42811.9375,42683.1171875,820820
2022-02-02 00:00:00+00:00,2022-02-03T00:00:00+00:00,2026-09-03T11:15:03.742310+00:00,42725.15234375,43973.421875,42709.375,43734.98828125,43603.38671875,1265865
2022-02-03 00:00:00+00:00,2022-02-04T00:00:00+00:00,2026-09-03T11:15:03.742310+00:00,43987.4453125,45208.54296875,44285.48828125,44285.48828125,44152.234375,1938209
2022-02-04 00:00:00+00:00,2022-02-05T00:00:00+00:00,2026-09-03T11:15:03.742310+00:00,44040.04296875,45078.8046875,44267.08203125,44906.1171875,44771.0,697928
2022-02-07 00:00:00+00:00,2022-02-08T00:00:00+00:00,2026-09-03T11:15:03.742310+00:00,44890.33984375,46021.14453125,44969.23046875,45968.546875,45830.22265625,1079630
2022-02-08 00:00:00+00:00,2022-02-09T00:00:00+00:00,2026-09-03T11:15:03.742310+00:00,47195.77734375,47365.8359375,45919.45703125,46222.76171875,46083.67578125,2012918
2022-02-09 00:00:00+00:00,2022-02-10T00:00:00+00:00,2026-09-03T11:15:03.742310+00:00,46192.078125,46544.46875,45262.015625,45915.953125,45777.796875,1253071
2022-02-10 00:00:00+00:00,2022-02-11T00:00:00+00:00,2026-09-03T11:15:03.742310+00:00,46319.18359375,47237.85546875,46021.14453125,46690.859375,46550.36328125,1383446
2022-02-11 00:00:00+00:00,2022-02-12T00:00:00+00:00,2026-09-03T11:15:03.742310+00:00,46319.18359375,46457.6875,45238.34375,45649.46875,45512.11328125,1943736
2022-02-14 00:00:00+00:00,2022-02-15T00:00:00+00:00,2026-09-03T11:15:03.742310+00:00,45284.8046875,45786.21484375,44803.5546875,45153.31640625,45017.4609375,1420923
2022-02-15 00:00:00+00:00,2022-02-16T00:00:00+00:00,2026-09-03T11:15:03.742310+00:00,45581.96875,45485.54296875,43919.07421875,44090.0078125,43957.33203125,1491832
2022-02-16 00:00:00+00:00,2022-02-17T00:00:00+00:00,2026-09-03T11:15:03.742310+00:00,44303.01953125,45362.8203125,44294.25390625,44885.95703125,44750.89453125,1234846
2022-02-17 00:00:00+00:00,2022-02-18T00:00:00+00:00,2026-09-03T11:15:03.742310+00:00,44899.10546875,46020.265625,44513.40234375,44723.78515625,44589.2109375,1159648
2022-02-18 00:00:00+00:00,2022-02-19T00:00:00+00:00,2026-09-03T11:15:03.742310+00:00,45008.6796875,45941.375,44828.9765625,45696.8046875,45559.30859375,1218064
2022-02-21 00:00:00+00:00,2022-02-22T00:00:00+00:00,2026-09-03T11:15:03.742310+00:00,45696.8046875,47028.34765625,45506.58203125,46016.76171875,45878.296875,846247
2022-02-22 00:00:00+00:00,2022-02-23T00:00:00+00:00,2026-09-03T11:15:03.742310+00:00,45933.484375,46292.01171875,44750.08203125,46114.9375,45976.1796875,1780063
2022-02-23 00:00:00+00:00,2022-02-24T00:00:00+00:00,2026-09-03T11:15:03.742310+00:00,45153.31640625,45328.6328125,43542.13671875,43908.5546875,43797.765625,1095594
2022-02-24 00:00:00+00:00,2022-02-25T00:00:00+00:00,2026-09-03T11:15:03.742310+00:00,43790.21484375,43789.3359375,41852.94140625,42422.7265625,42315.6875,1681603
2022-02-25 00:00:00+00:00,2022-02-26T00:00:00+00:00,2026-09-03T11:15:03.742310+00:00,42554.21875,43522.8515625,42399.05859375,43337.015625,43227.671875,996289
2022-02-28 00:00:00+00:00,2022-03-01T00:00:00+00:00,2026-09-03T11:15:03.742310+00:00,43917.3203125,45758.1640625,43882.2578125,45452.234375,45337.55078125,2797792
2022-03-01 00:00:00+00:00,2022-03-02T00:00:00+00:00,2026-09-03T11:15:03.742310+00:00,44916.63671875,46354.25,44706.25390625,46354.25,46237.29296875,1488099
2022-03-02 00:00:00+00:00,2022-03-03T00:00:00+00:00,2026-09-03T11:15:03.742310+00:00,46670.69921875,48468.58984375,46634.7578125,48227.52734375,48105.83984375,1629895
2022-03-03 00:00:00+00:00,2022-03-04T00:00:00+00:00,2026-09-03T11:15:03.742310+00:00,48756.9921875,49655.5,47987.34375,48424.76171875,48302.578125,1687239
2022-03-04 00:00:00+00:00,2022-03-05T00:00:00+00:00,2026-09-03T11:15:03.742310+00:00,47363.20703125,49066.4296875,47407.9140625,48237.171875,48115.4609375,2748034
2022-03-07 00:00:00+00:00,2022-03-08T00:00:00+00:00,2026-09-03T11:15:03.742310+00:00,49536.28125,50674.1015625,48566.76953125,48843.7734375,48720.53125,3028359
2022-03-08 00:00:00+00:00,2022-03-09T00:00:00+00:00,2026-09-03T11:15:03.742310+00:00,47336.03125,48081.13671875,46193.83203125,46634.7578125,46517.08984375,2263087
2022-03-09 00:00:00+00:00,2022-03-10T00:00:00+00:00,2026-09-03T11:15:03.742310+00:00,46629.5,47755.921875,45108.609375,45588.984375,45473.95703125,3131350
2022-03-10 00:00:00+00:00,2022-03-11T00:00:00+00:00,2026-09-03T11:15:03.742310+00:00,45583.72265625,46560.25,45177.859375,45980.8203125,45864.80078125,3238099
2022-03-11 00:00:00+00:00,2022-03-12T00:00:00+00:00,2026-09-03T11:15:03.742310+00:00,46371.78125,46547.09765625,44585.28515625,44820.2109375,44707.125,4270691
2022-03-14 00:00:00+00:00,2022-03-15T00:00:00+00:00,2026-09-03T11:15:03.742310+00:00,44882.44921875,45085.8203125,43299.3203125,43369.44921875,43260.01953125,4385078
2022-03-15 00:00:00+00:00,2022-03-16T00:00:00+00:00,2026-09-03T11:15:03.742310+00:00,42796.15625,42953.06640625,41908.16796875,42334.19140625,42227.37109375,5303518
2022-03-16 00:00:00+00:00,2022-03-17T00:00:00+00:00,2026-09-03T11:15:03.742310+00:00,43566.68359375,43873.48828125,42504.25,43559.66796875,43449.7578125,4668377
2022-03-17 00:00:00+00:00,2022-03-18T00:00:00+00:00,2026-09-03T11:15:03.742310+00:00,43531.6171875,43829.66015625,42950.4375,43636.80859375,43526.703125,9152480
2022-03-18 00:00:00+00:00,2022-03-19T00:00:00+00:00,2026-09-03T11:15:03.742310+00:00,44373.1484375,45228.703125,43829.66015625,44355.6171875,44243.6953125,31650326
2022-03-22 00:00:00+00:00,2022-03-23T00:00:00+00:00,2026-09-03T11:15:03.742310+00:00,46231.52734375,47280.80859375,45894.0390625,46038.67578125,45922.5078125,4153212
2022-03-23 00:00:00+00:00,2022-03-24T00:00:00+00:00,2026-09-03T11:15:03.742310+00:00,46039.55078125,46808.32421875,46144.7421875,46459.44140625,46342.22265625,2767455
2022-03-24 00:00:00+00:00,2022-03-25T00:00:00+00:00,2026-09-03T11:15:03.742310+00:00,47318.5,47938.25390625,46906.50390625,47090.5859375,46971.7734375,1929258
2022-03-25 00:00:00+00:00,2022-03-26T00:00:00+00:00,2026-09-03T11:15:03.742310+00:00,47774.328125,47774.328125,47074.80859375,47686.671875,47566.34765625,1539557
2022-03-28 00:00:00+00:00,2022-03-29T00:00:00+00:00,2026-09-03T11:15:03.742310+00:00,48827.1171875,49033.1171875,47302.72265625,48029.41796875,47908.23046875,2191157
2022-03-29 00:00:00+00:00,2022-03-30T00:00:00+00:00,2026-09-03T11:15:03.742310+00:00,48650.921875,49123.40625,46811.83203125,47292.203125,47172.87890625,2263242
2022-03-30 00:00:00+00:00,2022-03-31T00:00:00+00:00,2026-09-03T11:15:03.742310+00:00,47928.609375,49690.5625,47869.87890625,49690.5625,49565.1875,1948437
2022-03-31 00:00:00+00:00,2022-04-01T00:00:00+00:00,2026-09-03T11:15:03.742310+00:00,49615.17578125,50301.546875,48948.96484375,49930.75,49804.765625,1146154
2022-04-01 00:00:00+00:00,2022-04-02T00:00:00+00:00,2026-09-03T11:15:03.742310+00:00,49921.984375,51150.96875,49090.09765625,50774.91015625,50646.80078125,1986204
2022-04-04 00:00:00+00:00,2022-04-05T00:00:00+00:00,2026-09-03T11:15:03.742310+00:00,50833.640625,50775.78515625,50045.58203125,50141.1328125,50014.6171875,1560066
2022-04-05 00:00:00+00:00,2022-04-06T00:00:00+00:00,2026-09-03T11:15:03.742310+00:00,50069.25,50318.203125,49483.6875,49778.22265625,49652.625,2588603
2022-04-06 00:00:00+00:00,2022-04-07T00:00:00+00:00,2026-09-03T11:15:03.742310+00:00,49921.10546875,50155.15625,49396.90234375,49702.8359375,49577.4296875,2052951
2022-04-07 00:00:00+00:00,2022-04-08T00:00:00+00:00,2026-09-03T11:15:03.742310+00:00,49590.6328125,50023.66796875,48833.25390625,49659.00390625,49533.70703125,894793
2022-04-08 00:00:00+00:00,2022-04-09T00:00:00+00:00,2026-09-03T11:15:03.742310+00:00,50141.1328125,50745.98046875,50050.84375,50171.8125,50045.22265625,1832496
2022-04-11 00:00:00+00:00,2022-04-12T00:00:00+00:00,2026-09-03T11:15:03.742310+00:00,49702.8359375,49737.0234375,48241.5546875,48456.3203125,48334.05859375,1090380
2022-04-12 00:00:00+00:00,2022-04-13T00:00:00+00:00,2026-09-03T11:15:03.742310+00:00,48771.89453125,49487.19140625,48288.01171875,48931.43359375,48807.96875,1378107
2022-04-13 00:00:00+00:00,2022-04-14T00:00:00+00:00,2026-09-03T11:15:03.742310+00:00,48607.96875,49623.94140625,48607.96875,49317.1328125,49192.703125,728439
2022-04-14 00:00:00+00:00,2022-04-15T00:00:00+00:00,2026-09-03T11:15:03.742310+00:00,49615.17578125,50272.62109375,49596.765625,50123.59765625,49997.12890625,692168
2022-04-19 00:00:00+00:00,2022-04-20T00:00:00+00:00,2026-09-03T11:15:03.742310+00:00,49974.578125,50855.5546875,49974.578125,50807.34375,50679.1484375,612038
2022-04-20 00:00:00+00:00,2022-04-21T00:00:00+00:00,2026-09-03T11:15:03.742310+00:00,50842.40625,50842.40625,49290.8359375,49702.8359375,49577.4296875,762087
2022-04-21 00:00:00+00:00,2022-04-22T00:00:00+00:00,2026-09-03T11:15:03.742310+00:00,49527.515625,49860.62109375,48473.8515625,49335.54296875,49211.0625,2126486
2022-04-22 00:00:00+00:00,2022-04-23T00:00:00+00:00,2026-09-03T11:15:03.742310+00:00,48213.50390625,49442.48828125,47426.32421875,47426.32421875,47306.65625,1450488
2022-04-25 00:00:00+00:00,2022-04-26T00:00:00+00:00,2026-09-03T11:15:03.742310+00:00,45610.01953125,45602.1328125,44053.19140625,44408.2109375,44296.1640625,1638632
2022-04-26 00:00:00+00:00,2022-04-27T00:00:00+00:00,2026-09-03T11:15:03.742310+00:00,45582.84765625,45582.84765625,44250.42578125,44582.65234375,44470.16796875,433931
2022-04-28 00:00:00+00:00,2022-04-29T00:00:00+00:00,2026-09-03T11:15:03.742310+00:00,47160.71484375,47552.55078125,46573.3984375,47052.015625,46933.29296875,579021
2022-04-29 00:00:00+00:00,2022-04-30T00:00:00+00:00,2026-09-03T11:15:03.742310+00:00,47861.98828125,48249.44140625,47288.6953125,47336.03125,47216.58984375,1146643
2022-05-03 00:00:00+00:00,2022-05-04T00:00:00+00:00,2026-09-03T11:15:03.742310+00:00,47467.5234375,47761.1796875,46711.0234375,47259.76953125,47140.5234375,621231
2022-05-04 00:00:00+00:00,2022-05-05T00:00:00+00:00,2026-09-03T11:15:03.742310+00:00,45992.21484375,46785.53125,45426.8125,46494.50390625,46377.1953125,1911833
2022-05-05 00:00:00+00:00,2022-05-06T00:00:00+00:00,2026-09-03T11:15:03.742310+00:00,46494.50390625,47131.78515625,45915.953125,46306.9140625,46190.078125,540847
2022-05-06 00:00:00+00:00,2022-05-07T00:00:00+00:00,2026-09-03T11:15:03.742310+00:00,46307.7890625,46398.078125,45144.55078125,45773.9453125,45658.4453125,690014
2022-05-09 00:00:00+00:00,2022-05-10T00:00:00+00:00,2026-09-03T11:15:03.742310+00:00,45670.5078125,45626.67578125,44369.640625,44774.62890625,44661.65625,1279234
2022-05-10 00:00:00+00:00,2022-05-11T00:00:00+00:00,2026-09-03T11:15:03.742310+00:00,44477.4609375,44705.37890625,43864.72265625,43906.80078125,43796.015625,1097657
2022-05-11 00:00:00+00:00,2022-05-12T00:00:00+00:00,2026-09-03T11:15:03.742310+00:00,44706.25390625,45660.86328125,44180.296875,45344.4140625,45230.0078125,1513753
2022-05-12 00:00:00+00:00,2022-05-13T00:00:00+00:00,2026-09-03T11:15:03.742310+00:00,44355.6171875,44355.6171875,43054.75390625,43737.6171875,43627.2578125,517422
2022-05-13 00:00:00+00:00,2022-05-14T00:00:00+00:00,2026-09-03T11:15:03.742310+00:00,43917.3203125,45125.265625,43820.01953125,44986.76171875,44873.25390625,691694
2022-05-16 00:00:00+00:00,2022-05-17T00:00:00+00:00,2026-09-03T11:15:03.742310+00:00,44798.296875,45518.85546875,44687.84375,44947.31640625,44833.90625,693926
2022-05-17 00:00:00+00:00,2022-05-18T00:00:00+00:00,2026-09-03T11:15:03.742310+00:00,44969.23046875,46019.390625,44836.8671875,45407.52734375,45292.953125,976050
2022-05-18 00:00:00+00:00,2022-05-19T00:00:00+00:00,2026-09-03T11:15:03.742310+00:00,45586.3515625,46192.95703125,44793.9140625,45013.0625,44899.4921875,837999
2022-05-19 00:00:00+00:00,2022-05-20T00:00:00+00:00,2026-09-03T11:15:03.742310+00:00,44706.25390625,45433.82421875,43918.1953125,44793.9140625,44680.890625,885809
2022-05-20 00:00:00+00:00,2022-05-21T00:00:00+00:00,2026-09-03T11:15:03.742310+00:00,45671.3828125,46896.859375,45968.546875,46475.21875,46357.95703125,879914
2022-05-23 00:00:00+00:00,2022-05-24T00:00:00+00:00,2026-09-03T11:15:03.742310+00:00,46108.80078125,47612.16015625,46565.5078125,46634.7578125,46517.08984375,1504577
2022-05-24 00:00:00+00:00,2022-05-25T00:00:00+00:00,2026-09-03T11:15:03.742310+00:00,41813.49609375,41814.37109375,40936.90234375,41653.95703125,41548.859375,691942
2022-05-25 00:00:00+00:00,2022-05-26T00:00:00+00:00,2026-09-03T11:15:03.742310+00:00,47503.0,48653.0,47063.0,48011.0,47889.859375,793949
2022-05-26 00:00:00+00:00,2022-05-27T00:00:00+00:00,2026-09-03T11:15:03.742310+00:00,47600.0,48213.0,47438.0,47777.0,47656.453125,601314
2022-05-27 00:00:00+00:00,2022-05-28T00:00:00+00:00,2026-09-03T11:15:03.742310+00:00,48501.0,49899.0,48501.0,49408.0,49283.3359375,893315
2022-05-30 00:00:00+00:00,2022-05-31T00:00:00+00:00,2026-09-03T11:15:03.742310+00:00,49801.0,50281.0,49349.0,49759.0,49633.44921875,461687
2022-05-31 00:00:00+00:00,2022-06-01T00:00:00+00:00,2026-09-03T11:15:03.742310+00:00,49478.0,50648.0,49437.0,49804.0,49678.33984375,1421750
2022-06-01 00:00:00+00:00,2022-06-02T00:00:00+00:00,2026-09-03T11:15:03.742310+00:00,50585.0,50950.0,49385.0,49700.0,49574.59765625,480548
2022-06-02 00:00:00+00:00,2022-06-03T00:00:00+00:00,2026-09-03T11:15:03.742310+00:00,50440.0,51979.0,50440.0,51649.0,51518.6796875,536768
2022-06-03 00:00:00+00:00,2022-06-04T00:00:00+00:00,2026-09-03T11:15:03.742310+00:00,52065.0,52500.0,51337.0,51464.0,51334.1484375,1286401
2022-06-06 00:00:00+00:00,2022-06-07T00:00:00+00:00,2026-09-03T11:15:03.742310+00:00,51400.0,52029.0,51098.0,51520.0,51390.01171875,509845
2022-06-07 00:00:00+00:00,2022-06-08T00:00:00+00:00,2026-09-03T11:15:03.742310+00:00,51520.0,52700.0,51169.0,52588.0,52455.3125,858315
2022-06-08 00:00:00+00:00,2022-06-09T00:00:00+00:00,2026-09-03T11:15:03.742310+00:00,52300.0,52436.0,51333.0,51810.0,51679.2734375,770753
2022-06-09 00:00:00+00:00,2022-06-10T00:00:00+00:00,2026-09-03T11:15:03.742310+00:00,50999.0,51392.0,50339.0,50825.0,50696.76171875,1173547
2022-06-10 00:00:00+00:00,2022-06-11T00:00:00+00:00,2026-09-03T11:15:03.742310+00:00,50639.0,50706.0,49875.0,49875.0,49749.15625,813997
2022-06-13 00:00:00+00:00,2022-06-14T00:00:00+00:00,2026-09-03T11:15:03.742310+00:00,49500.0,50047.0,47876.0,48534.0,48411.546875,1591387
2022-06-14 00:00:00+00:00,2022-06-15T00:00:00+00:00,2026-09-03T11:15:03.742310+00:00,49119.0,49313.0,48139.0,48277.0,48155.18359375,627461
2022-06-15 00:00:00+00:00,2022-06-16T00:00:00+00:00,2026-09-03T11:15:03.742310+00:00,48277.0,49882.0,47603.0,49412.0,49287.328125,2770117
2022-06-17 00:00:00+00:00,2022-06-18T00:00:00+00:00,2026-09-03T11:15:03.742310+00:00,47620.0,47890.0,45795.0,45795.0,45679.453125,1887287
2022-06-20 00:00:00+00:00,2022-06-21T00:00:00+00:00,2026-09-03T11:15:03.742310+00:00,45182.0,45470.0,44331.0,45211.0,45096.92578125,889466
2022-06-21 00:00:00+00:00,2022-06-22T00:00:00+00:00,2026-09-03T11:15:03.742310+00:00,45555.0,46017.0,45138.0,45762.0,45646.5390625,561193
2022-06-22 00:00:00+00:00,2022-06-23T00:00:00+00:00,2026-09-03T11:15:03.742310+00:00,44985.0,44864.0,43682.0,44053.0,43941.84375,593432
2022-06-23 00:00:00+00:00,2022-06-24T00:00:00+00:00,2026-09-03T11:15:03.742310+00:00,44053.0,44928.0,43460.0,43918.0,43807.18359375,678915
2022-06-24 00:00:00+00:00,2022-06-25T00:00:00+00:00,2026-09-03T11:15:03.742310+00:00,43664.0,44249.0,43252.0,44147.0,44035.609375,673130
2022-06-27 00:00:00+00:00,2022-06-28T00:00:00+00:00,2026-09-03T11:15:03.742310+00:00,44973.0,46064.0,44913.0,45759.0,45643.54296875,964682
2022-06-28 00:00:00+00:00,2022-06-29T00:00:00+00:00,2026-09-03T11:15:03.742310+00:00,47282.0,47700.0,46753.0,46864.0,46745.7578125,1072321
2022-06-29 00:00:00+00:00,2022-06-30T00:00:00+00:00,2026-09-03T11:15:03.742310+00:00,46951.0,47388.0,46504.0,46824.0,46705.85546875,1046656
2022-06-30 00:00:00+00:00,2022-07-01T00:00:00+00:00,2026-09-03T11:15:03.742310+00:00,45998.0,46296.0,45099.0,45140.0,45026.1015625,1397567
2022-07-01 00:00:00+00:00,2022-07-02T00:00:00+00:00,2026-09-03T11:15:03.742310+00:00,44631.0,45103.0,43315.0,43590.0,43480.015625,1251617
2022-07-04 00:00:00+00:00,2022-07-05T00:00:00+00:00,2026-09-03T11:15:03.742310+00:00,44410.0,44802.0,44050.0,44532.0,44419.640625,332811
2022-07-05 00:00:00+00:00,2022-07-06T00:00:00+00:00,2026-09-03T11:15:03.742310+00:00,44570.0,44406.0,42603.0,42882.0,42773.8046875,490987
2022-07-06 00:00:00+00:00,2022-07-07T00:00:00+00:00,2026-09-03T11:15:03.742310+00:00,43000.0,43998.0,42757.0,43199.0,43090.0078125,376122
2022-07-07 00:00:00+00:00,2022-07-08T00:00:00+00:00,2026-09-03T11:15:03.742310+00:00,44000.0,46191.0,44000.0,45443.0,45328.33984375,654930
2022-07-08 00:00:00+00:00,2022-07-09T00:00:00+00:00,2026-09-03T11:15:03.742310+00:00,44394.0,45028.0,43451.0,44594.0,44481.48046875,1104891
2022-07-11 00:00:00+00:00,2022-07-12T00:00:00+00:00,2026-09-03T11:15:03.742310+00:00,44000.0,44299.0,43149.0,43450.0,43340.359375,226442
2022-07-12 00:00:00+00:00,2022-07-13T00:00:00+00:00,2026-09-03T11:15:03.742310+00:00,43449.0,43449.0,42527.0,42592.0,42484.53515625,311621
2022-07-13 00:00:00+00:00,2022-07-14T00:00:00+00:00,2026-09-03T11:15:03.742310+00:00,42690.0,43050.0,41851.0,42588.0,42480.54296875,593187
2022-07-14 00:00:00+00:00,2022-07-15T00:00:00+00:00,2026-09-03T11:15:03.742310+00:00,43000.0,43000.0,40783.0,41164.0,41060.1328125,983971
2022-07-15 00:00:00+00:00,2022-07-16T00:00:00+00:00,2026-09-03T11:15:03.742310+00:00,40901.0,41775.0,40681.0,41693.0,41587.8046875,656465
2022-07-18 00:00:00+00:00,2022-07-19T00:00:00+00:00,2026-09-03T11:15:03.742310+00:00,42448.0,44000.0,42448.0,43820.0,43709.4296875,721349
2022-07-19 00:00:00+00:00,2022-07-20T00:00:00+00:00,2026-09-03T11:15:03.742310+00:00,43012.0,43266.0,42587.0,43039.0,42930.3984375,447679
2022-07-20 00:00:00+00:00,2022-07-21T00:00:00+00:00,2026-09-03T11:15:03.742310+00:00,43600.0,43971.0,42827.0,43238.0,43128.90234375,468154
2022-07-21 00:00:00+00:00,2022-07-22T00:00:00+00:00,2026-09-03T11:15:03.742310+00:00,43482.0,43590.0,42071.0,42657.0,42549.37109375,1244588
2022-07-22 00:00:00+00:00,2022-07-23T00:00:00+00:00,2026-09-03T11:15:03.742310+00:00,43001.0,43894.0,42850.0,43820.0,43709.4296875,718183
2022-07-25 00:00:00+00:00,2022-07-26T00:00:00+00:00,2026-09-03T11:15:03.742310+00:00,43257.0,44499.0,43255.0,44018.0,43906.9375,561016
2022-07-26 00:00:00+00:00,2022-07-27T00:00:00+00:00,2026-09-03T11:15:03.742310+00:00,44500.0,44970.0,44196.0,44337.0,44225.12890625,544963
2022-07-27 00:00:00+00:00,2022-07-28T00:00:00+00:00,2026-09-03T11:15:03.742310+00:00,43721.0,44343.0,43200.0,44162.0,44050.56640625,878886
2022-07-28 00:00:00+00:00,2022-07-29T00:00:00+00:00,2026-09-03T11:15:03.742310+00:00,44999.0,45635.0,44235.0,44537.0,44424.625,869757
2022-07-29 00:00:00+00:00,2022-07-30T00:00:00+00:00,2026-09-03T11:15:03.742310+00:00,44600.0,45490.0,44201.0,45490.0,45375.21484375,755879
2022-08-01 00:00:00+00:00,2022-08-02T00:00:00+00:00,2026-09-03T11:15:03.742310+00:00,45501.0,45645.0,44343.0,44732.0,44619.13671875,638989
2022-08-02 00:00:00+00:00,2022-08-03T00:00:00+00:00,2026-09-03T11:15:03.742310+00:00,44000.0,44715.0,43811.0,44147.0,44035.609375,445345
2022-08-03 00:00:00+00:00,2022-08-04T00:00:00+00:00,2026-09-03T11:15:03.742310+00:00,44695.0,45270.0,44222.0,44636.0,44523.375,402586
2022-08-04 00:00:00+00:00,2022-08-05T00:00:00+00:00,2026-09-03T11:15:03.742310+00:00,44594.0,45022.0,44189.0,44500.0,44387.71484375,739764
2022-08-05 00:00:00+00:00,2022-08-06T00:00:00+00:00,2026-09-03T11:15:03.742310+00:00,44918.0,45966.0,44502.0,45843.0,45727.33203125,392954
2022-08-08 00:00:00+00:00,2022-08-09T00:00:00+00:00,2026-09-03T11:15:03.742310+00:00,45800.0,45756.0,44845.0,45107.0,44993.1875,318972
2022-08-10 00:00:00+00:00,2022-08-11T00:00:00+00:00,2026-09-03T11:15:03.742310+00:00,44148.0,44654.0,43712.0,44169.0,44057.55859375,1021232
2022-08-11 00:00:00+00:00,2022-08-12T00:00:00+00:00,2026-09-03T11:15:03.742310+00:00,44302.0,45181.0,43808.0,45181.0,45067.0,1070203
2022-08-12 00:00:00+00:00,2022-08-13T00:00:00+00:00,2026-09-03T11:15:03.742310+00:00,45420.0,45420.0,43863.0,44373.0,44261.0390625,863042
2022-08-15 00:00:00+00:00,2022-08-16T00:00:00+00:00,2026-09-03T11:15:03.742310+00:00,44665.0,44665.0,43815.0,44169.0,44057.55859375,857490
2022-08-16 00:00:00+00:00,2022-08-17T00:00:00+00:00,2026-09-03T11:15:03.742310+00:00,46050.0,47117.0,45676.0,46998.0,46879.4140625,1239615
2022-08-17 00:00:00+00:00,2022-08-18T00:00:00+00:00,2026-09-03T11:15:03.742310+00:00,46937.0,47499.0,46501.0,47190.0,47070.9296875,634592
2022-08-18 00:00:00+00:00,2022-08-19T00:00:00+00:00,2026-09-03T11:15:03.742310+00:00,47400.0,48198.0,47169.0,47790.0,47669.41015625,701059
2022-08-19 00:00:00+00:00,2022-08-20T00:00:00+00:00,2026-09-03T11:15:03.742310+00:00,48198.0,48353.0,47500.0,47828.0,47707.31640625,696546
2022-08-22 00:00:00+00:00,2022-08-23T00:00:00+00:00,2026-09-03T11:15:03.742310+00:00,48375.0,48563.0,47870.0,48220.0,48098.328125,594252
2022-08-23 00:00:00+00:00,2022-08-24T00:00:00+00:00,2026-09-03T11:15:03.742310+00:00,48655.0,49800.0,48397.0,49800.0,49674.34765625,447327
2022-08-24 00:00:00+00:00,2022-08-25T00:00:00+00:00,2026-09-03T11:15:03.742310+00:00,49738.0,49868.0,49059.0,49225.0,49100.796875,599032
2022-08-25 00:00:00+00:00,2022-08-26T00:00:00+00:00,2026-09-03T11:15:03.742310+00:00,49511.0,50000.0,49407.0,49579.0,49453.90625,341722
2022-08-26 00:00:00+00:00,2022-08-27T00:00:00+00:00,2026-09-03T11:15:03.742310+00:00,49585.0,50796.0,49585.0,50031.0,49904.76953125,1198036
2022-08-29 00:00:00+00:00,2022-08-30T00:00:00+00:00,2026-09-03T11:15:03.742310+00:00,49999.0,49700.0,48228.0,48803.0,48679.859375,370087
2022-08-30 00:00:00+00:00,2022-08-31T00:00:00+00:00,2026-09-03T11:15:03.742310+00:00,48506.0,48711.0,46944.0,47379.0,47259.44921875,722734
2022-08-31 00:00:00+00:00,2022-09-01T00:00:00+00:00,2026-09-03T11:15:03.742310+00:00,44622.0,44780.0,43556.0,43932.0,43848.6484375,958735
2022-09-01 00:00:00+00:00,2022-09-02T00:00:00+00:00,2026-09-03T11:15:03.742310+00:00,43954.0,43982.0,42530.0,42819.0,42737.7578125,732760
2022-09-02 00:00:00+00:00,2022-09-03T00:00:00+00:00,2026-09-03T11:15:03.742310+00:00,43000.0,44135.0,42723.0,44099.0,44015.33203125,491812
2022-09-05 00:00:00+00:00,2022-09-06T00:00:00+00:00,2026-09-03T11:15:03.742310+00:00,44731.0,44938.0,43915.0,43915.0,43831.67578125,691266
2022-09-06 00:00:00+00:00,2022-09-07T00:00:00+00:00,2026-09-03T11:15:03.742310+00:00,42785.0,44005.0,42960.0,43169.0,43087.09765625,1762652
2022-09-07 00:00:00+00:00,2022-09-08T00:00:00+00:00,2026-09-03T11:15:03.742310+00:00,43000.0,43061.0,41724.0,42140.0,42060.046875,1041638
2022-09-08 00:00:00+00:00,2022-09-09T00:00:00+00:00,2026-09-03T11:15:03.742310+00:00,42000.0,43640.0,42553.0,43542.0,43459.390625,607976
2022-09-09 00:00:00+00:00,2022-09-10T00:00:00+00:00,2026-09-03T11:15:03.742310+00:00,44100.0,46499.0,44000.0,45764.0,45677.16796875,1205857
2022-09-12 00:00:00+00:00,2022-09-13T00:00:00+00:00,2026-09-03T11:15:03.742310+00:00,46295.0,47000.0,46230.0,46684.0,46595.41796875,1160736
2022-09-13 00:00:00+00:00,2022-09-14T00:00:00+00:00,2026-09-03T11:15:03.742310+00:00,46682.0,47242.0,45844.0,46072.0,45984.58984375,455618
2022-09-14 00:00:00+00:00,2022-09-15T00:00:00+00:00,2026-09-03T11:15:03.742310+00:00,45711.0,46075.0,45371.0,45686.0,45599.3203125,306579
2022-09-15 00:00:00+00:00,2022-09-16T00:00:00+00:00,2026-09-03T11:15:03.742310+00:00,46700.0,46089.0,45162.0,45355.0,45268.9453125,1941696
2022-09-16 00:00:00+00:00,2022-09-17T00:00:00+00:00,2026-09-03T11:15:03.742310+00:00,44601.0,45306.0,44192.0,44876.0,44790.859375,2447527
2022-09-19 00:00:00+00:00,2022-09-20T00:00:00+00:00,2026-09-03T11:15:03.742310+00:00,44000.0,45499.0,43949.0,45200.0,45114.23828125,473334
2022-09-20 00:00:00+00:00,2022-09-21T00:00:00+00:00,2026-09-03T11:15:03.742310+00:00,46000.0,46393.0,45277.0,45487.0,45400.6953125,685356
2022-09-21 00:00:00+00:00,2022-09-22T00:00:00+00:00,2026-09-03T11:15:03.742310+00:00,45199.0,45670.0,44878.0,45121.0,45035.390625,374814
2022-09-22 00:00:00+00:00,2022-09-23T00:00:00+00:00,2026-09-03T11:15:03.742310+00:00,44000.0,46034.0,44000.0,45079.0,44993.46875,848512
2022-09-23 00:00:00+00:00,2022-09-24T00:00:00+00:00,2026-09-03T11:15:03.742310+00:00,46199.0,45272.0,43173.0,43350.0,43267.75390625,877550
2022-09-26 00:00:00+00:00,2022-09-27T00:00:00+00:00,2026-09-03T11:15:03.742310+00:00,42500.0,43627.0,41902.0,43267.0,43184.91015625,1136198
2022-09-27 00:00:00+00:00,2022-09-28T00:00:00+00:00,2026-09-03T11:15:03.742310+00:00,42960.0,44005.0,43022.0,43763.0,43679.9609375,1834161
2022-09-28 00:00:00+00:00,2022-09-29T00:00:00+00:00,2026-09-03T11:15:03.742310+00:00,43006.0,44269.0,42809.0,44147.0,44063.23828125,1460098
2022-09-29 00:00:00+00:00,2022-09-30T00:00:00+00:00,2026-09-03T11:15:03.742310+00:00,44147.0,45602.0,43625.0,45258.0,45172.12890625,1762732
2022-09-30 00:00:00+00:00,2022-10-01T00:00:00+00:00,2026-09-03T11:15:03.742310+00:00,45262.0,45948.0,44731.0,45685.0,45598.3203125,1621172
2022-10-03 00:00:00+00:00,2022-10-04T00:00:00+00:00,2026-09-03T11:15:03.742310+00:00,44001.0,46100.0,44653.0,46035.0,45947.65234375,919863
2022-10-04 00:00:00+00:00,2022-10-05T00:00:00+00:00,2026-09-03T11:15:03.742310+00:00,46500.0,47149.0,46240.0,46967.0,46877.88671875,1583295
2022-10-05 00:00:00+00:00,2022-10-06T00:00:00+00:00,2026-09-03T11:15:03.742310+00:00,46738.0,46762.0,46115.0,46460.0,46371.8515625,677643
2022-10-06 00:00:00+00:00,2022-10-07T00:00:00+00:00,2026-09-03T11:15:03.742310+00:00,46750.0,47188.0,46006.0,46245.0,46157.2578125,772724
2022-10-07 00:00:00+00:00,2022-10-08T00:00:00+00:00,2026-09-03T11:15:03.742310+00:00,46000.0,46700.0,45906.0,46696.0,46607.40234375,244530
2022-10-10 00:00:00+00:00,2022-10-11T00:00:00+00:00,2026-09-03T11:15:03.742310+00:00,45800.0,46773.0,46036.0,46390.0,46301.98046875,366134
2022-10-11 00:00:00+00:00,2022-10-12T00:00:00+00:00,2026-09-03T11:15:03.742310+00:00,45400.0,46297.0,44766.0,45460.0,45373.73828125,618949
2022-10-12 00:00:00+00:00,2022-10-13T00:00:00+00:00,2026-09-03T11:15:03.742310+00:00,45067.0,45743.0,44782.0,45050.0,44964.51953125,277441
2022-10-13 00:00:00+00:00,2022-10-14T00:00:00+00:00,2026-09-03T11:15:03.742310+00:00,46000.0,45519.0,44220.0,45138.0,45052.359375,406188
2022-10-14 00:00:00+00:00,2022-10-15T00:00:00+00:00,2026-09-03T11:15:03.742310+00:00,45600.0,46158.0,44320.0,44620.0,44535.33984375,361723
2022-10-17 00:00:00+00:00,2022-10-18T00:00:00+00:00,2026-09-03T11:15:03.742310+00:00,44500.0,45185.0,44451.0,45052.0,44966.51953125,289536
2022-10-18 00:00:00+00:00,2022-10-19T00:00:00+00:00,2026-09-03T11:15:03.742310+00:00,44362.0,45456.0,44362.0,44550.0,44465.47265625,400095
2022-10-19 00:00:00+00:00,2022-10-20T00:00:00+00:00,2026-09-03T11:15:03.742310+00:00,44500.0,44713.0,43944.0,44660.0,44575.26953125,424453
2022-10-20 00:00:00+00:00,2022-10-21T00:00:00+00:00,2026-09-03T11:15:03.742310+00:00,44094.0,44771.0,43231.0,44750.0,44665.08984375,668070
2022-10-21 00:00:00+00:00,2022-10-22T00:00:00+00:00,2026-09-03T11:15:03.742310+00:00,43818.0,45000.0,43375.0,44640.0,44555.3046875,440081
2022-10-24 00:00:00+00:00,2022-10-25T00:00:00+00:00,2026-09-03T11:15:03.742310+00:00,45001.0,45340.0,44400.0,45322.0,45236.01171875,530949
2022-10-25 00:00:00+00:00,2022-10-26T00:00:00+00:00,2026-09-03T11:15:03.742310+00:00,45600.0,45404.0,44513.0,45238.0,45152.171875,506025
2022-10-26 00:00:00+00:00,2022-10-27T00:00:00+00:00,2026-09-03T11:15:03.742310+00:00,45143.0,46825.0,44660.0,46394.0,46305.97265625,598933
2022-10-27 00:00:00+00:00,2022-10-28T00:00:00+00:00,2026-09-03T11:15:03.742310+00:00,45900.0,45900.0,44420.0,44510.0,44425.5546875,739823
2022-10-28 00:00:00+00:00,2022-10-29T00:00:00+00:00,2026-09-03T11:15:03.742310+00:00,44000.0,44000.0,42500.0,42785.0,42703.828125,894360
2022-10-31 00:00:00+00:00,2022-11-01T00:00:00+00:00,2026-09-03T11:15:03.742310+00:00,43431.0,44260.0,42702.0,43930.0,43846.6484375,930682
2022-11-01 00:00:00+00:00,2022-11-02T00:00:00+00:00,2026-09-03T11:15:03.742310+00:00,44160.0,45714.0,44578.0,45040.0,44954.55078125,861274
2022-11-02 00:00:00+00:00,2022-11-03T00:00:00+00:00,2026-09-03T11:15:03.742310+00:00,45050.0,45768.0,44189.0,44443.0,44358.6796875,1135951
2022-11-03 00:00:00+00:00,2022-11-04T00:00:00+00:00,2026-09-03T11:15:03.742310+00:00,44799.0,44799.0,43100.0,44360.0,44275.8359375,2078553
2022-11-04 00:00:00+00:00,2022-11-05T00:00:00+00:00,2026-09-03T11:15:03.742310+00:00,44436.0,48194.0,44668.0,47789.0,47698.33203125,1541356
2022-11-07 00:00:00+00:00,2022-11-08T00:00:00+00:00,2026-09-03T11:15:03.742310+00:00,46500.0,48142.0,46160.0,47020.0,46930.79296875,1017923
2022-11-08 00:00:00+00:00,2022-11-09T00:00:00+00:00,2026-09-03T11:15:03.742310+00:00,46939.0,47369.0,46168.0,46913.0,46823.98828125,986687
2022-11-09 00:00:00+00:00,2022-11-10T00:00:00+00:00,2026-09-03T11:15:03.742310+00:00,46950.0,48047.0,46951.0,47109.0,47019.62109375,735579
2022-11-10 00:00:00+00:00,2022-11-11T00:00:00+00:00,2026-09-03T11:15:03.742310+00:00,47040.0,47039.0,45692.0,46725.0,46636.3515625,940375
2022-11-11 00:00:00+00:00,2022-11-12T00:00:00+00:00,2026-09-03T11:15:03.742310+00:00,48050.0,50493.0,48050.0,50493.0,50397.1953125,2277244
2022-11-14 00:00:00+00:00,2022-11-15T00:00:00+00:00,2026-09-03T11:15:03.742310+00:00,50400.0,51049.0,50440.0,50700.0,50603.80859375,848830
2022-11-15 00:00:00+00:00,2022-11-16T00:00:00+00:00,2026-09-03T11:15:03.742310+00:00,50771.0,52065.0,50321.0,51446.0,51348.390625,1653037
2022-11-16 00:00:00+00:00,2022-11-17T00:00:00+00:00,2026-09-03T11:15:03.742310+00:00,51286.0,52420.0,51002.0,51013.0,50916.2109375,762388
2022-11-17 00:00:00+00:00,2022-11-18T00:00:00+00:00,2026-09-03T11:15:03.742310+00:00,50101.0,51373.0,49564.0,50025.0,49930.08203125,1400628
2022-11-18 00:00:00+00:00,2022-11-19T00:00:00+00:00,2026-09-03T11:15:03.742310+00:00,50899.0,51348.0,50464.0,50688.0,50591.83203125,991684
2022-11-21 00:00:00+00:00,2022-11-22T00:00:00+00:00,2026-09-03T11:15:03.742310+00:00,50289.0,50168.0,48532.0,48807.0,48714.40234375,410349
2022-11-22 00:00:00+00:00,2022-11-23T00:00:00+00:00,2026-09-03T11:15:03.742310+00:00,49510.0,50547.0,49088.0,50350.0,50254.46484375,332274
2022-11-23 00:00:00+00:00,2022-11-24T00:00:00+00:00,2026-09-03T11:15:03.742310+00:00,50001.0,50958.0,50001.0,50170.0,50074.8046875,261716
2022-11-24 00:00:00+00:00,2022-11-25T00:00:00+00:00,2026-09-03T11:15:03.742310+00:00,51000.0,51160.0,50206.0,50655.0,50558.88671875,252062
2022-11-25 00:00:00+00:00,2022-11-26T00:00:00+00:00,2026-09-03T11:15:03.742310+00:00,50651.0,51400.0,50400.0,51085.0,50988.078125,325963
2022-11-28 00:00:00+00:00,2022-11-29T00:00:00+00:00,2026-09-03T11:15:03.742310+00:00,50736.0,50757.0,50111.0,50627.0,50530.94140625,547509
2022-11-29 00:00:00+00:00,2022-11-30T00:00:00+00:00,2026-09-03T11:15:03.742310+00:00,51200.0,52167.0,51015.0,51500.0,51402.2890625,355409
2022-11-30 00:00:00+00:00,2022-12-01T00:00:00+00:00,2026-09-03T11:15:03.742310+00:00,51040.0,52500.0,51001.0,52316.0,52216.73828125,489918
2022-12-01 00:00:00+00:00,2022-12-02T00:00:00+00:00,2026-09-03T11:15:03.742310+00:00,53860.0,56032.0,53834.0,55785.0,55679.16015625,822727
2022-12-02 00:00:00+00:00,2022-12-03T00:00:00+00:00,2026-09-03T11:15:03.742310+00:00,54580.0,55191.0,53365.0,54520.0,54416.5625,557200
2022-12-05 00:00:00+00:00,2022-12-06T00:00:00+00:00,2026-09-03T11:15:03.742310+00:00,55100.0,55601.0,54393.0,54757.0,54653.10546875,411390
2022-12-06 00:00:00+00:00,2022-12-07T00:00:00+00:00,2026-09-03T11:15:03.742310+00:00,54500.0,54877.0,53802.0,54437.0,54333.71875,317119
2022-12-07 00:00:00+00:00,2022-12-08T00:00:00+00:00,2026-09-03T11:15:03.742310+00:00,53877.0,54269.0,53225.0,53778.0,53675.96484375,353683
2022-12-08 00:00:00+00:00,2022-12-09T00:00:00+00:00,2026-09-03T11:15:03.742310+00:00,53993.0,54690.0,53314.0,54690.0,54586.2421875,408783
2022-12-09 00:00:00+00:00,2022-12-10T00:00:00+00:00,2026-09-03T11:15:03.742310+00:00,55101.0,56354.0,54395.0,56046.0,55939.6640625,843609
2022-12-12 00:00:00+00:00,2022-12-13T00:00:00+00:00,2026-09-03T11:15:03.742310+00:00,55649.0,55790.0,54547.0,55227.0,55122.22265625,985699
2022-12-13 00:00:00+00:00,2022-12-14T00:00:00+00:00,2026-09-03T11:15:03.742310+00:00,55189.0,56142.0,54601.0,55700.0,55594.3203125,485599
2022-12-14 00:00:00+00:00,2022-12-15T00:00:00+00:00,2026-09-03T11:15:03.742310+00:00,55047.0,55150.0,53098.0,53098.0,52997.2578125,740849
2022-12-15 00:00:00+00:00,2022-12-16T00:00:00+00:00,2026-09-03T11:15:03.742310+00:00,53225.0,54206.0,53220.0,53980.0,53877.578125,2744517
2022-12-19 00:00:00+00:00,2022-12-20T00:00:00+00:00,2026-09-03T11:15:03.742310+00:00,53251.0,54541.0,53178.0,53401.0,53299.6796875,270086
2022-12-20 00:00:00+00:00,2022-12-21T00:00:00+00:00,2026-09-03T11:15:03.742310+00:00,53091.0,53460.0,51842.0,53460.0,53358.56640625,276610
2022-12-21 00:00:00+00:00,2022-12-22T00:00:00+00:00,2026-09-03T11:15:03.742310+00:00,53598.0,54200.0,53032.0,54000.0,53897.54296875,206973
2022-12-22 00:00:00+00:00,2022-12-23T00:00:00+00:00,2026-09-03T11:15:03.742310+00:00,53999.0,53999.0,52590.0,52850.0,52749.73046875,165519
2022-12-23 00:00:00+00:00,2022-12-24T00:00:00+00:00,2026-09-03T11:15:03.742310+00:00,53589.0,53264.0,52202.0,53170.0,53069.12109375,74536
2022-12-28 00:00:00+00:00,2022-12-29T00:00:00+00:00,2026-09-03T11:15:03.742310+00:00,52366.0,54130.0,52365.0,53511.0,53409.47265625,996404
2022-12-29 00:00:00+00:00,2022-12-30T00:00:00+00:00,2026-09-03T11:15:03.742310+00:00,54084.0,53320.0,52370.0,52920.0,52819.59375,415089
2022-12-30 00:00:00+00:00,2022-12-31T00:00:00+00:00,2026-09-03T11:15:03.742310+00:00,53530.0,52817.0,52074.0,52674.0,52574.05859375,59977
2023-01-03 00:00:00+00:00,2023-01-04T00:00:00+00:00,2026-09-03T11:15:03.742310+00:00,52326.0,52759.0,52111.0,52461.0,52361.46875,152404
2023-01-04 00:00:00+00:00,2023-01-05T00:00:00+00:00,2026-09-03T11:15:03.742310+00:00,52030.0,53351.0,51937.0,52200.0,52100.96484375,450959
2023-01-05 00:00:00+00:00,2023-01-06T00:00:00+00:00,2026-09-03T11:15:03.742310+00:00,53255.0,54477.0,51905.0,54173.0,54070.21484375,862075
2023-01-06 00:00:00+00:00,2023-01-07T00:00:00+00:00,2026-09-03T11:15:03.742310+00:00,54520.0,56157.0,54527.0,55700.0,55594.3203125,923541
2023-01-09 00:00:00+00:00,2023-01-10T00:00:00+00:00,2026-09-03T11:15:03.742310+00:00,56550.0,56987.0,55898.5,56136.0,56029.4921875,673848
2023-01-10 00:00:00+00:00,2023-01-11T00:00:00+00:00,2026-09-03T11:15:03.742310+00:00,56872.0,56872.0,55555.0,56360.0,56253.06640625,861808
2023-01-11 00:00:00+00:00,2023-01-12T00:00:00+00:00,2026-09-03T11:15:03.742310+00:00,56380.0,57540.0,56377.0,56540.0,56432.7265625,449788
2023-01-12 00:00:00+00:00,2023-01-13T00:00:00+00:00,2026-09-03T11:15:03.742310+00:00,56066.0,57697.0,56445.0,56619.0,56511.5703125,682064
2023-01-13 00:00:00+00:00,2023-01-14T00:00:00+00:00,2026-09-03T11:15:03.742310+00:00,57540.0,58242.0,57360.0,57650.0,57540.6171875,755161
2023-01-16 00:00:00+00:00,2023-01-17T00:00:00+00:00,2026-09-03T11:15:03.742310+00:00,57650.0,58774.0,57134.0,57307.0,57198.26953125,661996
2023-01-17 00:00:00+00:00,2023-01-18T00:00:00+00:00,2026-09-03T11:15:03.742310+00:00,57750.0,58857.0,57101.0,58442.0,58331.1171875,823906
2023-01-18 00:00:00+00:00,2023-01-19T00:00:00+00:00,2026-09-03T11:15:03.742310+00:00,58370.0,58934.0,58166.0,58431.0,58320.14453125,654848
2023-01-19 00:00:00+00:00,2023-01-20T00:00:00+00:00,2026-09-03T11:15:03.742310+00:00,58231.0,59100.0,57831.0,58738.0,58626.55859375,1098841
2023-01-20 00:00:00+00:00,2023-01-21T00:00:00+00:00,2026-09-03T11:15:03.742310+00:00,58281.0,59800.0,57718.0,58688.0,58576.6484375,1005924
2023-01-23 00:00:00+00:00,2023-01-24T00:00:00+00:00,2026-09-03T11:15:03.742310+00:00,58721.0,59709.0,58790.0,59286.0,59173.515625,352852
2023-01-24 00:00:00+00:00,2023-01-25T00:00:00+00:00,2026-09-03T11:15:03.742310+00:00,59720.0,60315.0,58886.0,58886.0,58774.2734375,330623
2023-01-25 00:00:00+00:00,2023-01-26T00:00:00+00:00,2026-09-03T11:15:03.742310+00:00,59310.0,60380.0,59349.0,59907.0,59793.3359375,608878
2023-01-26 00:00:00+00:00,2023-01-27T00:00:00+00:00,2026-09-03T11:15:03.742310+00:00,60100.0,61375.0,59907.0,60809.0,60693.625,1213616
2023-01-27 00:00:00+00:00,2023-01-28T00:00:00+00:00,2026-09-03T11:15:03.742310+00:00,60809.0,61145.0,59768.0,60550.0,60435.11328125,1060340
2023-01-30 00:00:00+00:00,2023-01-31T00:00:00+00:00,2026-09-03T11:15:03.742310+00:00,59101.0,60600.0,59176.0,60590.0,60475.03515625,663802
2023-01-31 00:00:00+00:00,2023-02-01T00:00:00+00:00,2026-09-03T11:15:03.742310+00:00,60454.0,60819.0,59699.0,60405.0,60290.39453125,1045943
2023-02-01 00:00:00+00:00,2023-02-02T00:00:00+00:00,2026-09-03T11:15:03.742310+00:00,60500.0,61000.0,59564.3203125,59793.0,59679.55078125,1798866
2023-02-02 00:00:00+00:00,2023-02-03T00:00:00+00:00,2026-09-03T11:15:03.742310+00:00,59793.0,59793.0,57505.0,57570.0,57460.76953125,1412291
2023-02-03 00:00:00+00:00,2023-02-04T00:00:00+00:00,2026-09-03T11:15:03.742310+00:00,57500.0,58754.0,57270.0,58580.0,58468.85546875,578902
2023-02-06 00:00:00+00:00,2023-02-07T00:00:00+00:00,2026-09-03T11:15:03.742310+00:00,58144.0,58625.0,57761.0,58129.0,58018.7109375,2102952
2023-02-07 00:00:00+00:00,2023-02-08T00:00:00+00:00,2026-09-03T11:15:03.742310+00:00,58160.0,58990.0,57707.0,58189.0,58078.59375,502886
2023-02-08 00:00:00+00:00,2023-02-09T00:00:00+00:00,2026-09-03T11:15:03.742310+00:00,58100.0,59450.0,58100.0,59248.0,59135.5859375,1689828
2023-02-09 00:00:00+00:00,2023-02-10T00:00:00+00:00,2026-09-03T11:15:03.742310+00:00,59500.0,60222.0,59000.0,59372.0,59259.35546875,786935
2023-02-10 00:00:00+00:00,2023-02-11T00:00:00+00:00,2026-09-03T11:15:03.742310+00:00,58583.0,60029.0,58306.0,58780.0,58668.4765625,264033
2023-02-13 00:00:00+00:00,2023-02-14T00:00:00+00:00,2026-09-03T11:15:03.742310+00:00,58420.0,59497.0,58686.0,58956.0,58844.140625,235283
2023-02-14 00:00:00+00:00,2023-02-15T00:00:00+00:00,2026-09-03T11:15:03.742310+00:00,59140.0,59950.0,58903.0,59513.0,59400.0859375,431588
2023-02-15 00:00:00+00:00,2023-02-16T00:00:00+00:00,2026-09-03T11:15:03.742310+00:00,58901.0,59586.0,58569.0,58817.0,58705.40625,734929
2023-02-16 00:00:00+00:00,2023-02-17T00:00:00+00:00,2026-09-03T11:15:03.742310+00:00,59640.0,60699.0,59620.0,60465.0,60350.28125,459093
2023-02-17 00:00:00+00:00,2023-02-18T00:00:00+00:00,2026-09-03T11:15:03.742310+00:00,60090.0,60674.0,58901.0,59993.0,59879.17578125,360219
2023-02-20 00:00:00+00:00,2023-02-21T00:00:00+00:00,2026-09-03T11:15:03.742310+00:00,60700.0,62230.0,60102.0,62173.0,62055.0390625,355373
2023-02-21 00:00:00+00:00,2023-02-22T00:00:00+00:00,2026-09-03T11:15:03.742310+00:00,60900.0,61415.0,60157.0,60800.0,60684.640625,943670
2023-02-22 00:00:00+00:00,2023-02-23T00:00:00+00:00,2026-09-03T11:15:03.742310+00:00,60253.0,60499.0,57768.0,58300.0,58189.38671875,650143
2023-02-23 00:00:00+00:00,2023-02-24T00:00:00+00:00,2026-09-03T11:15:03.742310+00:00,57827.0,58584.0,57400.0,57733.0,57623.4609375,583525
2023-02-24 00:00:00+00:00,2023-02-25T00:00:00+00:00,2026-09-03T11:15:03.742310+00:00,57000.0,57390.0,55100.0,55167.0,55062.33203125,910063
2023-02-27 00:00:00+00:00,2023-02-28T00:00:00+00:00,2026-09-03T11:15:03.742310+00:00,56800.0,55944.0,54601.0,55558.0,55452.5859375,815807
2023-02-28 00:00:00+00:00,2023-03-01T00:00:00+00:00,2026-09-03T11:15:03.742310+00:00,55001.0,56568.0,55123.0,56293.0,56186.19140625,1336765
2023-03-01 00:00:00+00:00,2023-03-02T00:00:00+00:00,2026-09-03T11:15:03.742310+00:00,57000.0,58768.0,56919.0,57482.0,57372.9375,1374108
2023-03-02 00:00:00+00:00,2023-03-03T00:00:00+00:00,2026-09-03T11:15:03.742310+00:00,58160.0,58849.0,57467.0,57667.0,57557.5859375,862368
2023-03-03 00:00:00+00:00,2023-03-04T00:00:00+00:00,2026-09-03T11:15:03.742310+00:00,58056.0,59765.0,58699.0,59528.0,59415.0625,458109
2023-03-06 00:00:00+00:00,2023-03-07T00:00:00+00:00,2026-09-03T11:15:03.742310+00:00,59300.0,59447.0,58122.0,58299.0,58188.390625,837186
2023-03-07 00:00:00+00:00,2023-03-08T00:00:00+00:00,2026-09-03T11:15:03.742310+00:00,59000.0,58990.0,57940.0,58003.0,57892.94921875,1566345
2023-03-08 00:00:00+00:00,2023-03-09T00:00:00+00:00,2026-09-03T11:15:03.742310+00:00,56470.0,57380.0,56141.0,56859.0,56767.28125,360440
2023-03-09 00:00:00+00:00,2023-03-10T00:00:00+00:00,2026-09-03T11:15:03.742310+00:00,56860.0,57730.0,56160.0,57285.0,57192.58984375,466659
2023-03-10 00:00:00+00:00,2023-03-11T00:00:00+00:00,2026-09-03T11:15:03.742310+00:00,56050.0,55884.0,54803.0,55595.0,55505.31640625,1435739
2023-03-13 00:00:00+00:00,2023-03-14T00:00:00+00:00,2026-09-03T11:15:03.742310+00:00,56000.0,55935.0,53686.0,55500.0,55410.46484375,845272
2023-03-14 00:00:00+00:00,2023-03-15T00:00:00+00:00,2026-09-03T11:15:03.742310+00:00,54850.0,55146.0,53792.0,54779.0,54690.63671875,1419782
2023-03-15 00:00:00+00:00,2023-03-16T00:00:00+00:00,2026-09-03T11:15:03.742310+00:00,54120.0,55164.0,53216.0,53376.0,53289.8984375,1397185
2023-03-16 00:00:00+00:00,2023-03-17T00:00:00+00:00,2026-09-03T11:15:03.742310+00:00,53200.0,53980.0,51864.0,52527.0,52442.265625,2274295
2023-03-17 00:00:00+00:00,2023-03-18T00:00:00+00:00,2026-09-03T11:15:03.742310+00:00,53150.0,54026.0,52413.0,52507.0,52422.296875,1866012
2023-03-20 00:00:00+00:00,2023-03-21T00:00:00+00:00,2026-09-03T11:15:03.742310+00:00,52200.0,54338.0,52230.0,54218.0,54130.5390625,570764
2023-03-22 00:00:00+00:00,2023-03-23T00:00:00+00:00,2026-09-03T11:15:03.742310+00:00,54021.0,54651.0703125,53313.0,53641.0,53554.46875,1028853
2023-03-23 00:00:00+00:00,2023-03-24T00:00:00+00:00,2026-09-03T11:15:03.742310+00:00,53850.0,53338.0,52271.0,52943.0,52857.59375,736297
2023-03-24 00:00:00+00:00,2023-03-25T00:00:00+00:00,2026-09-03T11:15:03.742310+00:00,52701.0,52976.0,51926.0,52660.0,52575.05078125,763413
2023-03-27 00:00:00+00:00,2023-03-28T00:00:00+00:00,2026-09-03T11:15:03.742310+00:00,53112.0,53459.0,52687.0,53031.0,52945.44921875,419688
2023-03-28 00:00:00+00:00,2023-03-29T00:00:00+00:00,2026-09-03T11:15:03.742310+00:00,54080.0,54586.0,53800.0,54132.0,54044.6796875,441600
2023-03-29 00:00:00+00:00,2023-03-30T00:00:00+00:00,2026-09-03T11:15:03.742310+00:00,54800.0,55038.0,54487.0,54795.0,54706.609375,872012
2023-03-30 00:00:00+00:00,2023-03-31T00:00:00+00:00,2026-09-03T11:15:03.742310+00:00,55851.0,56883.0,55699.0,56205.0,56114.3359375,595578
2023-03-31 00:00:00+00:00,2023-04-01T00:00:00+00:00,2026-09-03T11:15:03.742310+00:00,55192.0,56701.0,55815.0,56253.0,56162.25390625,486770
2023-04-03 00:00:00+00:00,2023-04-04T00:00:00+00:00,2026-09-03T11:15:03.742310+00:00,56253.0,56576.0,55454.0,55773.0,55683.03125,846588
2023-04-04 00:00:00+00:00,2023-04-05T00:00:00+00:00,2026-09-03T11:15:03.742310+00:00,55812.0,56086.0,54564.0,54794.0,54705.609375,1104166
2023-04-05 00:00:00+00:00,2023-04-06T00:00:00+00:00,2026-09-03T11:15:03.742310+00:00,53900.0,54640.0,53747.0,53999.0,53911.89453125,1049981
2023-04-06 00:00:00+00:00,2023-04-07T00:00:00+00:00,2026-09-03T11:15:03.742310+00:00,54541.0,55455.0,54541.0,54800.0,54711.6015625,757217
2023-04-11 00:00:00+00:00,2023-04-12T00:00:00+00:00,2026-09-03T11:15:03.742310+00:00,56600.0,57679.0,56235.0,57495.0,57402.24609375,501051
2023-04-12 00:00:00+00:00,2023-04-13T00:00:00+00:00,2026-09-03T11:15:03.742310+00:00,57159.0,57703.0,57130.0,57223.0,57130.69140625,597764
2023-04-13 00:00:00+00:00,2023-04-14T00:00:00+00:00,2026-09-03T11:15:03.742310+00:00,57199.0,57199.0,56023.0,56275.0,56184.21875,392298
2023-04-14 00:00:00+00:00,2023-04-15T00:00:00+00:00,2026-09-03T11:15:03.742310+00:00,56010.0,56861.0,55598.0,55675.0,55585.18359375,401817
2023-04-17 00:00:00+00:00,2023-04-18T00:00:00+00:00,2026-09-03T11:15:03.742310+00:00,56377.0,56793.0,56131.0,56550.0,56458.7734375,727523
2023-04-18 00:00:00+00:00,2023-04-19T00:00:00+00:00,2026-09-03T11:15:03.742310+00:00,56977.0,57615.0,56913.0,57358.0,57265.47265625,521736
2023-04-19 00:00:00+00:00,2023-04-20T00:00:00+00:00,2026-09-03T11:15:03.742310+00:00,56783.0,57585.0,56568.0,56706.0,56614.5234375,439209
2023-04-20 00:00:00+00:00,2023-04-21T00:00:00+00:00,2026-09-03T11:15:03.742310+00:00,56706.0,56706.0,55165.0,55410.0,55320.61328125,319492
2023-04-21 00:00:00+00:00,2023-04-22T00:00:00+00:00,2026-09-03T11:15:03.742310+00:00,54520.0,54520.0,52685.0,52784.0,52698.85546875,1098257
2023-04-24 00:00:00+00:00,2023-04-25T00:00:00+00:00,2026-09-03T11:15:03.742310+00:00,52826.0,53697.0,52517.0,53334.0,53247.9609375,792994
2023-04-25 00:00:00+00:00,2023-04-26T00:00:00+00:00,2026-09-03T11:15:03.742310+00:00,52810.0,53241.0,52280.0,52517.0,52432.28125,597106
2023-04-26 00:00:00+00:00,2023-04-27T00:00:00+00:00,2026-09-03T11:15:03.742310+00:00,52401.0,54014.0,52765.0,53692.0,53605.3828125,1598881
2023-04-28 00:00:00+00:00,2023-04-29T00:00:00+00:00,2026-09-03T11:15:03.742310+00:00,53000.0,53912.0,52957.0,53520.0,53433.66015625,756547
2023-05-02 00:00:00+00:00,2023-05-03T00:00:00+00:00,2026-09-03T11:15:03.742310+00:00,53827.0,53942.0,52668.0,52862.0,52776.7265625,1175380
2023-05-03 00:00:00+00:00,2023-05-04T00:00:00+00:00,2026-09-03T11:15:03.742310+00:00,52500.0,53952.0,52837.0,53211.0,53125.1640625,915951
2023-05-04 00:00:00+00:00,2023-05-05T00:00:00+00:00,2026-09-03T11:15:03.742310+00:00,53487.0,53892.0,52873.0,52880.0,52794.6953125,687383
2023-05-05 00:00:00+00:00,2023-05-06T00:00:00+00:00,2026-09-03T11:15:03.742310+00:00,53651.0,55395.0,53800.0,55395.0,55305.640625,743911
2023-05-08 00:00:00+00:00,2023-05-09T00:00:00+00:00,2026-09-03T11:15:03.742310+00:00,55395.0,56154.0,53355.0,55350.0,55260.70703125,1013706
2023-05-09 00:00:00+00:00,2023-05-10T00:00:00+00:00,2026-09-03T11:15:03.742310+00:00,55150.0,56061.0,55010.0,56060.0,55969.5625,1076676
2023-05-10 00:00:00+00:00,2023-05-11T00:00:00+00:00,2026-09-03T11:15:03.742310+00:00,56500.0,57208.0,55100.0,55927.0,55836.77734375,836952
2023-05-11 00:00:00+00:00,2023-05-12T00:00:00+00:00,2026-09-03T11:15:03.742310+00:00,55700.0,55963.0,54881.0,55191.0,55101.96875,770477
2023-05-12 00:00:00+00:00,2023-05-13T00:00:00+00:00,2026-09-03T11:15:03.742310+00:00,55200.0,56620.0,55200.0,56225.0,56134.296875,505312
2023-05-15 00:00:00+00:00,2023-05-16T00:00:00+00:00,2026-09-03T11:15:03.742310+00:00,55600.0,56705.0,55600.0,56303.0,56212.17578125,476878
2023-05-16 00:00:00+00:00,2023-05-17T00:00:00+00:00,2026-09-03T11:15:03.742310+00:00,56199.0,56715.0,55653.0,55653.0,55563.22265625,295677
2023-05-17 00:00:00+00:00,2023-05-18T00:00:00+00:00,2026-09-03T11:15:03.742310+00:00,55605.0,57118.0,55620.0,56786.0,56694.390625,456832
2023-05-18 00:00:00+00:00,2023-05-19T00:00:00+00:00,2026-09-03T11:15:03.742310+00:00,56739.0,57325.0,55978.0,56600.0,56508.6953125,355357
2023-05-19 00:00:00+00:00,2023-05-20T00:00:00+00:00,2026-09-03T11:15:03.742310+00:00,56783.0,57306.0,56682.0,57006.0,56914.04296875,1206192
2023-05-22 00:00:00+00:00,2023-05-23T00:00:00+00:00,2026-09-03T11:15:03.742310+00:00,57000.0,56600.0,55999.0,56083.0,55992.53125,1414244
2023-05-23 00:00:00+00:00,2023-05-24T00:00:00+00:00,2026-09-03T11:15:03.742310+00:00,57400.0,57000.0,55351.0,55557.0,55467.37890625,1282648
2023-05-24 00:00:00+00:00,2023-05-25T00:00:00+00:00,2026-09-03T11:15:03.742310+00:00,54888.0,54608.0,53243.0,53347.0,53260.93359375,1997783
2023-05-25 00:00:00+00:00,2023-05-26T00:00:00+00:00,2026-09-03T11:15:03.742310+00:00,53531.0,54287.0,53201.0,53850.0,53763.1328125,2578987
2023-05-26 00:00:00+00:00,2023-05-27T00:00:00+00:00,2026-09-03T11:15:03.742310+00:00,55000.0,55752.0,54801.0,55382.0,55292.6640625,829422
2023-05-29 00:00:00+00:00,2023-05-30T00:00:00+00:00,2026-09-03T11:15:03.742310+00:00,56068.0,56898.0,55822.0,56304.0,56213.16796875,276386
2023-05-30 00:00:00+00:00,2023-05-31T00:00:00+00:00,2026-09-03T11:15:03.742310+00:00,56300.0,56713.0,54755.0,54905.0,54816.4296875,702185
2023-05-31 00:00:00+00:00,2023-06-01T00:00:00+00:00,2026-09-03T11:15:03.742310+00:00,54140.0,54768.0,53773.0,54092.0,54004.74609375,1050511
2023-06-01 00:00:00+00:00,2023-06-02T00:00:00+00:00,2026-09-03T11:15:03.742310+00:00,54825.0,55046.0,54327.0,55046.0,54957.203125,668313
2023-06-02 00:00:00+00:00,2023-06-03T00:00:00+00:00,2026-09-03T11:15:03.742310+00:00,56311.0,57320.0,56259.0,57150.0,57057.80859375,804663
2023-06-05 00:00:00+00:00,2023-06-06T00:00:00+00:00,2026-09-03T11:15:03.742310+00:00,56563.0,56728.0,55502.0,55975.0,55884.703125,445053
2023-06-06 00:00:00+00:00,2023-06-07T00:00:00+00:00,2026-09-03T11:15:03.742310+00:00,55975.0,56530.0,55269.0,56530.0,56438.80859375,2007490
2023-06-07 00:00:00+00:00,2023-06-08T00:00:00+00:00,2026-09-03T11:15:03.742310+00:00,55912.0,56551.0,55646.0,56200.0,56109.34375,542266
2023-06-08 00:00:00+00:00,2023-06-09T00:00:00+00:00,2026-09-03T11:15:03.742310+00:00,55902.0,56636.5,55902.0,56405.0,56314.01171875,757899
2023-06-09 00:00:00+00:00,2023-06-10T00:00:00+00:00,2026-09-03T11:15:03.742310+00:00,56292.0,56795.0,55907.0,56175.0,56084.3828125,718167
2023-06-12 00:00:00+00:00,2023-06-13T00:00:00+00:00,2026-09-03T11:15:03.742310+00:00,55400.0,55517.0,54665.0,55070.0,54981.16015625,803907
2023-06-13 00:00:00+00:00,2023-06-14T00:00:00+00:00,2026-09-03T11:15:03.742310+00:00,55703.0,57155.0,55512.0,56990.0,56898.06640625,726841
2023-06-14 00:00:00+00:00,2023-06-15T00:00:00+00:00,2026-09-03T11:15:03.742310+00:00,57167.0,58499.0,57167.0,58030.0,57936.390625,948743
2023-06-15 00:00:00+00:00,2023-06-16T00:00:00+00:00,2026-09-03T11:15:03.742310+00:00,57760.0,58448.0,57207.0,58148.0,58054.19921875,2134184
2023-06-19 00:00:00+00:00,2023-06-20T00:00:00+00:00,2026-09-03T11:15:03.742310+00:00,57540.0,57778.0,57059.0,57446.0,57353.328125,1118283
2023-06-20 00:00:00+00:00,2023-06-21T00:00:00+00:00,2026-09-03T11:15:03.742310+00:00,57200.0,57812.0,56933.0,56950.0,56858.1328125,861293
2023-06-21 00:00:00+00:00,2023-06-22T00:00:00+00:00,2026-09-03T11:15:03.742310+00:00,57499.0,57440.0,56074.0,56323.0,56232.13671875,583178
2023-06-22 00:00:00+00:00,2023-06-23T00:00:00+00:00,2026-09-03T11:15:03.742310+00:00,55870.0,56444.0,55491.0,56117.0,56026.46875,611436
2023-06-23 00:00:00+00:00,2023-06-24T00:00:00+00:00,2026-09-03T11:15:03.742310+00:00,55723.0,55967.0,54770.0,55220.0,55130.921875,728594
2023-06-26 00:00:00+00:00,2023-06-27T00:00:00+00:00,2026-09-03T11:15:03.742310+00:00,54401.0,55638.0,54600.0,55168.0,55079.0078125,370222
2023-06-27 00:00:00+00:00,2023-06-28T00:00:00+00:00,2026-09-03T11:15:03.742310+00:00,56003.0,56304.0,54859.0,55280.0,55190.8203125,334887
2023-06-28 00:00:00+00:00,2023-06-29T00:00:00+00:00,2026-09-03T11:15:03.742310+00:00,56100.0,55970.0,55206.0,55360.0,55270.69921875,363132
2023-06-29 00:00:00+00:00,2023-06-30T00:00:00+00:00,2026-09-03T11:15:03.742310+00:00,55690.0,55818.0,55041.0,55678.0,55588.18359375,327072
2023-06-30 00:00:00+00:00,2023-07-01T00:00:00+00:00,2026-09-03T11:15:03.742310+00:00,55769.0,56613.0,55707.0,56273.0,56182.22265625,425504
2023-07-03 00:00:00+00:00,2023-07-04T00:00:00+00:00,2026-09-03T11:15:03.742310+00:00,56492.0,56946.0,56126.0,56771.0,56679.41796875,391994
2023-07-04 00:00:00+00:00,2023-07-05T00:00:00+00:00,2026-09-03T11:15:03.742310+00:00,56500.0,56544.0,56112.0,56331.0,56240.125,601840
2023-07-05 00:00:00+00:00,2023-07-06T00:00:00+00:00,2026-09-03T11:15:03.742310+00:00,56091.0,56478.0,55986.0,56100.0,56009.5,267817
2023-07-06 00:00:00+00:00,2023-07-07T00:00:00+00:00,2026-09-03T11:15:03.742310+00:00,55000.0,55900.0,54571.0,54650.0,54561.84375,509613
2023-07-07 00:00:00+00:00,2023-07-08T00:00:00+00:00,2026-09-03T11:15:03.742310+00:00,55096.0,55193.0,54372.0,54759.0,54670.6640625,359030
2023-07-10 00:00:00+00:00,2023-07-11T00:00:00+00:00,2026-09-03T11:15:03.742310+00:00,53846.0,54272.0,53403.0,54139.0,54051.66015625,280323
2023-07-11 00:00:00+00:00,2023-07-12T00:00:00+00:00,2026-09-03T11:15:03.742310+00:00,54675.0,54493.0,53871.0,54045.0,53957.81640625,297820
2023-07-12 00:00:00+00:00,2023-07-13T00:00:00+00:00,2026-09-03T11:15:03.742310+00:00,55000.0,55506.0,54309.0,55506.0,55416.46484375,202797
2023-07-13 00:00:00+00:00,2023-07-14T00:00:00+00:00,2026-09-03T11:15:03.742310+00:00,55635.0,55946.0,55042.0,55872.0,55781.8671875,1077810
2023-07-14 00:00:00+00:00,2023-07-15T00:00:00+00:00,2026-09-03T11:15:03.742310+00:00,56050.0,56819.0,55848.0,56276.0,56185.21875,971004
2023-07-17 00:00:00+00:00,2023-07-18T00:00:00+00:00,2026-09-03T11:15:03.742310+00:00,56025.0,55377.0,54791.0,54928.0,54839.39453125,677388
2023-07-18 00:00:00+00:00,2023-07-19T00:00:00+00:00,2026-09-03T11:15:03.742310+00:00,54701.0,55343.0,30506.380859375,54673.0,54584.80078125,1091497
2023-07-19 00:00:00+00:00,2023-07-20T00:00:00+00:00,2026-09-03T11:15:03.742310+00:00,53900.0,54462.0,53701.0,54397.0,54309.25,794245
2023-07-20 00:00:00+00:00,2023-07-21T00:00:00+00:00,2026-09-03T11:15:03.742310+00:00,54824.0,55199.0,54602.0,54998.0,54909.28125,593671
2023-07-21 00:00:00+00:00,2023-07-22T00:00:00+00:00,2026-09-03T11:15:03.742310+00:00,54886.0,54879.0,54121.0,54265.0,54177.4609375,559057
2023-07-24 00:00:00+00:00,2023-07-25T00:00:00+00:00,2026-09-03T11:15:03.742310+00:00,54126.0,54428.0,53752.0,54249.0,54161.48046875,370351
2023-07-25 00:00:00+00:00,2023-07-26T00:00:00+00:00,2026-09-03T11:15:03.742310+00:00,55003.0,56749.0,55200.0,56517.0,56425.828125,705457
2023-07-26 00:00:00+00:00,2023-07-27T00:00:00+00:00,2026-09-03T11:15:03.742310+00:00,56016.0,56198.0,55474.0,55850.0,55759.91015625,601097
2023-07-27 00:00:00+00:00,2023-07-28T00:00:00+00:00,2026-09-03T11:15:03.742310+00:00,55755.0,56492.0,54876.0,55625.0,55535.26953125,1742191
2023-07-28 00:00:00+00:00,2023-07-29T00:00:00+00:00,2026-09-03T11:15:03.742310+00:00,54973.0,55429.0,54252.0,54375.0,54287.28125,642221
2023-07-31 00:00:00+00:00,2023-08-01T00:00:00+00:00,2026-09-03T11:15:03.742310+00:00,54541.0,55529.0,54315.0,55466.0,55376.5234375,471877
2023-08-01 00:00:00+00:00,2023-08-02T00:00:00+00:00,2026-09-03T11:15:03.742310+00:00,55600.0,56018.0,55099.0,55552.0,55462.38671875,540096
2023-08-02 00:00:00+00:00,2023-08-03T00:00:00+00:00,2026-09-03T11:15:03.742310+00:00,54500.0,55749.0,55133.0,54938.0,54849.375,825046
2023-08-03 00:00:00+00:00,2023-08-04T00:00:00+00:00,2026-09-03T11:15:03.742310+00:00,54938.0,55838.0,54267.0,55838.0,55747.91796875,508671
2023-08-04 00:00:00+00:00,2023-08-05T00:00:00+00:00,2026-09-03T11:15:03.742310+00:00,55550.0,56000.0,55184.0,55507.0,55417.46484375,556716
2023-08-07 00:00:00+00:00,2023-08-08T00:00:00+00:00,2026-09-03T11:15:03.742310+00:00,55432.0,55869.0,55297.0,55833.0,55742.9375,386741
2023-08-08 00:00:00+00:00,2023-08-09T00:00:00+00:00,2026-09-03T11:15:03.742310+00:00,55700.0,55787.0,55019.0,55787.0,55697.0078125,338345
2023-08-10 00:00:00+00:00,2023-08-11T00:00:00+00:00,2026-09-03T11:15:03.742310+00:00,56200.0,56661.0,55947.0,56128.0,56037.4609375,687198
2023-08-11 00:00:00+00:00,2023-08-12T00:00:00+00:00,2026-09-03T11:15:03.742310+00:00,56253.0,56253.0,55535.0,55583.0,55493.3359375,401163
2023-08-14 00:00:00+00:00,2023-08-15T00:00:00+00:00,2026-09-03T11:15:03.742310+00:00,55110.0,55478.0,54498.0,54817.0,54728.5703125,807604
2023-08-15 00:00:00+00:00,2023-08-16T00:00:00+00:00,2026-09-03T11:15:03.742310+00:00,55213.0,55306.0,54400.0,54525.0,54437.0390625,682166
2023-08-16 00:00:00+00:00,2023-08-17T00:00:00+00:00,2026-09-03T11:15:03.742310+00:00,53500.0,53825.0,53214.0,53480.0,53393.73046875,1830945
2023-08-17 00:00:00+00:00,2023-08-18T00:00:00+00:00,2026-09-03T11:15:03.742310+00:00,53480.0,54252.0,53443.0,54050.0,53962.80859375,823860
2023-08-18 00:00:00+00:00,2023-08-19T00:00:00+00:00,2026-09-03T11:15:03.742310+00:00,53570.0,53570.0,52605.0,52703.0,52617.98046875,488915
2023-08-21 00:00:00+00:00,2023-08-22T00:00:00+00:00,2026-09-03T11:15:03.742310+00:00,53100.0,53739.0,52700.0,53459.0,53372.7578125,561944
2023-08-22 00:00:00+00:00,2023-08-23T00:00:00+00:00,2026-09-03T11:15:03.742310+00:00,52700.0,53189.0,51628.0,52000.0,51916.12109375,1547923
2023-08-23 00:00:00+00:00,2023-08-24T00:00:00+00:00,2026-09-03T11:15:03.742310+00:00,52690.0,52996.0,52206.0,52473.0,52388.3515625,602794
2023-08-24 00:00:00+00:00,2023-08-25T00:00:00+00:00,2026-09-03T11:15:03.742310+00:00,51800.0,52691.0,51451.0,51811.0,51727.421875,1402852
2023-08-25 00:00:00+00:00,2023-08-26T00:00:00+00:00,2026-09-03T11:15:03.742310+00:00,51995.0,52299.0,51209.0,51209.0,51126.39453125,685524
2023-08-28 00:00:00+00:00,2023-08-29T00:00:00+00:00,2026-09-03T11:15:03.742310+00:00,51990.0,52672.0,51731.0,52475.0,52390.3515625,393329
2023-08-29 00:00:00+00:00,2023-08-30T00:00:00+00:00,2026-09-03T11:15:03.742310+00:00,52289.0,52666.0,51809.0,52520.0,52435.28125,629929
2023-08-30 00:00:00+00:00,2023-08-31T00:00:00+00:00,2026-09-03T11:15:03.742310+00:00,53184.0,53719.0,53147.0,53564.0,53477.5859375,906689
2023-08-31 00:00:00+00:00,2023-09-01T00:00:00+00:00,2026-09-03T11:15:03.742310+00:00,54000.0,54700.0,54000.0,54700.0,54611.7578125,509535
2023-09-01 00:00:00+00:00,2023-09-02T00:00:00+00:00,2026-09-03T11:15:03.742310+00:00,54333.0,55000.0,54217.0,54630.0,54541.875,538655
2023-09-04 00:00:00+00:00,2023-09-05T00:00:00+00:00,2026-09-03T11:15:03.742310+00:00,55619.0,56291.41015625,55502.0,56227.0,56136.29296875,867901
2023-09-05 00:00:00+00:00,2023-09-06T00:00:00+00:00,2026-09-03T11:15:03.742310+00:00,56154.0,56800.0,55991.0,56443.0,56351.9453125,677450
2023-09-06 00:00:00+00:00,2023-09-07T00:00:00+00:00,2026-09-03T11:15:03.742310+00:00,54949.0,55189.0,54370.0,54459.0,54385.546875,463716
2023-09-07 00:00:00+00:00,2023-09-08T00:00:00+00:00,2026-09-03T11:15:03.742310+00:00,54001.0,54001.0,52878.0,53129.0,53057.33984375,1432925
2023-09-08 00:00:00+00:00,2023-09-09T00:00:00+00:00,2026-09-03T11:15:03.742310+00:00,52813.0,52901.0,52127.0,52605.0,52534.046875,444842
2023-09-11 00:00:00+00:00,2023-09-12T00:00:00+00:00,2026-09-03T11:15:03.742310+00:00,53266.0,53799.0,53204.0,53527.0,53454.80078125,506020
2023-09-12 00:00:00+00:00,2023-09-13T00:00:00+00:00,2026-09-03T11:15:03.742310+00:00,52590.0,54159.0,53321.0,53739.0,53666.515625,825368
2023-09-13 00:00:00+00:00,2023-09-14T00:00:00+00:00,2026-09-03T11:15:03.742310+00:00,52601.0,53519.0,52601.0,53140.0,53068.3203125,415438
2023-09-14 00:00:00+00:00,2023-09-15T00:00:00+00:00,2026-09-03T11:15:03.742310+00:00,53140.0,55821.0,53490.0,55720.0,55644.84375,3714968
2023-09-15 00:00:00+00:00,2023-09-16T00:00:00+00:00,2026-09-03T11:15:03.742310+00:00,54600.0,56958.0,54950.0,56475.0,56398.82421875,1369449
2023-09-18 00:00:00+00:00,2023-09-19T00:00:00+00:00,2026-09-03T11:15:03.742310+00:00,56320.0,56263.0,55518.0,55729.0,55653.83203125,356501
2023-09-19 00:00:00+00:00,2023-09-20T00:00:00+00:00,2026-09-03T11:15:03.742310+00:00,55481.0,55619.0,54740.0,54930.0,54855.91015625,396527
2023-09-20 00:00:00+00:00,2023-09-21T00:00:00+00:00,2026-09-03T11:15:03.742310+00:00,54000.0,55208.0,54300.0,54867.0,54792.9921875,366339
2023-09-21 00:00:00+00:00,2023-09-22T00:00:00+00:00,2026-09-03T11:15:03.742310+00:00,53304.0,53587.0,52853.0,52853.0,52781.70703125,1219670
2023-09-22 00:00:00+00:00,2023-09-23T00:00:00+00:00,2026-09-03T11:15:03.742310+00:00,53500.0,54262.0,53478.0,53773.0,53700.47265625,384146
2023-09-26 00:00:00+00:00,2023-09-27T00:00:00+00:00,2026-09-03T11:15:03.742310+00:00,52395.0,52995.0,52174.0,52888.0,52816.6640625,287920
2023-09-27 00:00:00+00:00,2023-09-28T00:00:00+00:00,2026-09-03T11:15:03.742310+00:00,52800.0,53827.0,52800.0,53401.0,53328.97265625,873657
2023-09-28 00:00:00+00:00,2023-09-29T00:00:00+00:00,2026-09-03T11:15:03.742310+00:00,53950.0,54641.0,53471.0,54393.0,54319.63671875,521690
2023-09-29 00:00:00+00:00,2023-09-30T00:00:00+00:00,2026-09-03T11:15:03.742310+00:00,54586.0,54572.0,53900.0,54150.0,54076.96484375,425255
2023-10-02 00:00:00+00:00,2023-10-03T00:00:00+00:00,2026-09-03T11:15:03.742310+00:00,53650.0,54547.0,53237.0,53419.0,53346.94921875,530291
2023-10-03 00:00:00+00:00,2023-10-04T00:00:00+00:00,2026-09-03T11:15:03.742310+00:00,54400.0,54375.0,52893.0,53312.0,53240.09375,494368
2023-10-04 00:00:00+00:00,2023-10-05T00:00:00+00:00,2026-09-03T11:15:03.742310+00:00,54350.0,54190.0,52901.0,53074.0,53002.41015625,1420344
2023-10-05 00:00:00+00:00,2023-10-06T00:00:00+00:00,2026-09-03T11:15:03.742310+00:00,53506.0,54256.0,53194.0,54256.0,54182.81640625,622682
2023-10-06 00:00:00+00:00,2023-10-07T00:00:00+00:00,2026-09-03T11:15:03.742310+00:00,54500.0,54874.0,53859.0,54739.0,54665.1640625,422873
2023-10-09 00:00:00+00:00,2023-10-10T00:00:00+00:00,2026-09-03T11:15:03.742310+00:00,54740.0,54740.0,53897.0,54069.0,53996.07421875,391061
2023-10-10 00:00:00+00:00,2023-10-11T00:00:00+00:00,2026-09-03T11:15:03.742310+00:00,54140.0,55446.0,54061.0,54655.0,54581.28515625,517938
2023-10-11 00:00:00+00:00,2023-10-12T00:00:00+00:00,2026-09-03T11:15:03.742310+00:00,54700.0,54800.0,53817.0,53950.0,53877.23046875,335575
2023-10-12 00:00:00+00:00,2023-10-13T00:00:00+00:00,2026-09-03T11:15:03.742310+00:00,55450.0,56329.0,53829.0,53980.0,53907.19140625,409609
2023-10-13 00:00:00+00:00,2023-10-14T00:00:00+00:00,2026-09-03T11:15:03.742310+00:00,54488.0,54506.0,53661.0,53784.0,53711.44921875,249296
2023-10-16 00:00:00+00:00,2023-10-17T00:00:00+00:00,2026-09-03T11:15:03.742310+00:00,53450.0,54698.0,53312.0,54698.0,54624.22265625,483473
2023-10-17 00:00:00+00:00,2023-10-18T00:00:00+00:00,2026-09-03T11:15:03.742310+00:00,53632.0,54597.0,53571.0,54403.0,54329.62109375,485134
2023-10-18 00:00:00+00:00,2023-10-19T00:00:00+00:00,2026-09-03T11:15:03.742310+00:00,54403.0,54713.0,54002.0,54273.0,54199.796875,414092
2023-10-19 00:00:00+00:00,2023-10-20T00:00:00+00:00,2026-09-03T11:15:03.742310+00:00,54100.0,54195.0,53595.0,53600.0,53527.70703125,480941
2023-10-20 00:00:00+00:00,2023-10-21T00:00:00+00:00,2026-09-03T11:15:03.742310+00:00,53000.0,53071.0,51850.0,51990.0,51919.87109375,429275
2023-10-23 00:00:00+00:00,2023-10-24T00:00:00+00:00,2026-09-03T11:15:03.742310+00:00,52950.0,52951.0,51568.0,51930.0,51859.9609375,446701
2023-10-24 00:00:00+00:00,2023-10-25T00:00:00+00:00,2026-09-03T11:15:03.742310+00:00,52473.0,53378.0,52417.0,53378.0,53306.00390625,526334
2023-10-25 00:00:00+00:00,2023-10-26T00:00:00+00:00,2026-09-03T11:15:03.742310+00:00,54061.0,54714.0,53753.0,54401.0,54327.62109375,476896
2023-10-26 00:00:00+00:00,2023-10-27T00:00:00+00:00,2026-09-03T11:15:03.742310+00:00,52523.0,54325.0,53325.0,53750.0,53677.5,432321
2023-10-27 00:00:00+00:00,2023-10-28T00:00:00+00:00,2026-09-03T11:15:03.742310+00:00,54400.0,54434.0,53548.0,53846.0,53773.37109375,508624
2023-10-30 00:00:00+00:00,2023-10-31T00:00:00+00:00,2026-09-03T11:15:03.742310+00:00,52801.0,54589.0,52900.0,54116.0,54043.01171875,293578
2023-10-31 00:00:00+00:00,2023-11-01T00:00:00+00:00,2026-09-03T11:15:03.742310+00:00,52600.0,53672.0,52852.0,53085.0,53013.39453125,207965
2023-11-01 00:00:00+00:00,2023-11-02T00:00:00+00:00,2026-09-03T11:15:03.742310+00:00,54175.0,53783.0,52969.0,53416.0,53343.94921875,255568
2023-11-02 00:00:00+00:00,2023-11-03T00:00:00+00:00,2026-09-03T11:15:03.742310+00:00,53461.0,54565.0,53453.0,54412.0,54338.61328125,269931
2023-11-03 00:00:00+00:00,2023-11-04T00:00:00+00:00,2026-09-03T11:15:03.742310+00:00,54227.0,54358.0,53549.0,53990.0,53917.17578125,365316
2023-11-06 00:00:00+00:00,2023-11-07T00:00:00+00:00,2026-09-03T11:15:03.742310+00:00,53601.0,54407.0,53525.0,54222.0,54148.86328125,317834
2023-11-07 00:00:00+00:00,2023-11-08T00:00:00+00:00,2026-09-03T11:15:03.742310+00:00,54000.0,54000.0,52552.0,52784.0,52712.8046875,678073
2023-11-08 00:00:00+00:00,2023-11-09T00:00:00+00:00,2026-09-03T11:15:03.742310+00:00,52501.0,53250.0,52314.0,53209.0,53137.2265625,600942
2023-11-09 00:00:00+00:00,2023-11-10T00:00:00+00:00,2026-09-03T11:15:03.742310+00:00,53091.0,54092.0,52846.0,53994.0,53921.17578125,382640
2023-11-10 00:00:00+00:00,2023-11-11T00:00:00+00:00,2026-09-03T11:15:03.742310+00:00,53081.0,54049.0,53363.0,53997.0,53924.16796875,732422
2023-11-13 00:00:00+00:00,2023-11-14T00:00:00+00:00,2026-09-03T11:15:03.742310+00:00,54125.0,54925.0,54152.0,54868.0,54793.98828125,683052
2023-11-14 00:00:00+00:00,2023-11-15T00:00:00+00:00,2026-09-03T11:15:03.742310+00:00,54876.0,55970.0,54400.0,55710.0,55634.86328125,600406
2023-11-15 00:00:00+00:00,2023-11-16T00:00:00+00:00,2026-09-03T11:15:03.742310+00:00,55100.0,56728.0,54211.0,55365.0,55290.328125,843469
2023-11-16 00:00:00+00:00,2023-11-17T00:00:00+00:00,2026-09-03T11:15:03.742310+00:00,55640.0,55543.0,54944.0,55472.0,55397.1796875,674491
2023-11-17 00:00:00+00:00,2023-11-18T00:00:00+00:00,2026-09-03T11:15:03.742310+00:00,55470.0,56245.0,55384.0,55907.0,55831.59375,466838
2023-11-20 00:00:00+00:00,2023-11-21T00:00:00+00:00,2026-09-03T11:15:03.742310+00:00,55866.0,56670.0,55598.0,56546.0,56469.73046875,430974
2023-11-21 00:00:00+00:00,2023-11-22T00:00:00+00:00,2026-09-03T11:15:03.742310+00:00,56151.0,57522.0,56500.0,57522.0,57444.40625,513034
2023-11-22 00:00:00+00:00,2023-11-23T00:00:00+00:00,2026-09-03T11:15:03.742310+00:00,56956.0,58668.0,57522.0,58480.0,58401.12109375,1377440
2023-11-23 00:00:00+00:00,2023-11-24T00:00:00+00:00,2026-09-03T11:15:03.742310+00:00,58555.0,58591.0,57983.0,58591.0,58511.97265625,483225
2023-11-24 00:00:00+00:00,2023-11-25T00:00:00+00:00,2026-09-03T11:15:03.742310+00:00,57999.0,58746.0,57797.0,58600.0,58520.9609375,403911
2023-11-27 00:00:00+00:00,2023-11-28T00:00:00+00:00,2026-09-03T11:15:03.742310+00:00,56700.0,57944.0,57199.0,57800.0,57722.03515625,531767
2023-11-28 00:00:00+00:00,2023-11-29T00:00:00+00:00,2026-09-03T11:15:03.742310+00:00,56990.0,57812.0,56727.0,57299.0,57221.71875,577871
2023-11-29 00:00:00+00:00,2023-11-30T00:00:00+00:00,2026-09-03T11:15:03.742310+00:00,56722.0,57528.0,56607.0,56716.0,56639.5,571006
2023-11-30 00:00:00+00:00,2023-12-01T00:00:00+00:00,2026-09-03T11:15:03.742310+00:00,56401.0,57761.0,56979.0,57464.0,57386.48828125,653560
2023-12-01 00:00:00+00:00,2023-12-02T00:00:00+00:00,2026-09-03T11:15:03.742310+00:00,57391.0,58839.0,57337.0,58410.0,58331.21875,703134
2023-12-04 00:00:00+00:00,2023-12-05T00:00:00+00:00,2026-09-03T11:15:03.742310+00:00,58400.0,58550.0,57623.0,57989.0,57910.78125,398400
2023-12-05 00:00:00+00:00,2023-12-06T00:00:00+00:00,2026-09-03T11:15:03.742310+00:00,56601.0,57874.0,56983.0,57511.0,57433.4296875,556707
2023-12-06 00:00:00+00:00,2023-12-07T00:00:00+00:00,2026-09-03T11:15:03.742310+00:00,58072.0,59276.0,58200.0,58875.0,58795.58984375,419704
2023-12-07 00:00:00+00:00,2023-12-08T00:00:00+00:00,2026-09-03T11:15:03.742310+00:00,59375.0,59073.0,58400.0,58556.0,58477.01953125,376333
2023-12-08 00:00:00+00:00,2023-12-09T00:00:00+00:00,2026-09-03T11:15:03.742310+00:00,59500.0,59674.0,58646.0,59140.0,59060.23046875,724038
2023-12-11 00:00:00+00:00,2023-12-12T00:00:00+00:00,2026-09-03T11:15:03.742310+00:00,58703.0,59495.0,58654.0,58801.0,58721.69140625,574766
2023-12-12 00:00:00+00:00,2023-12-13T00:00:00+00:00,2026-09-03T11:15:03.742310+00:00,59010.0,59913.0,58805.0,58840.0,58760.63671875,989849
2023-12-13 00:00:00+00:00,2023-12-14T00:00:00+00:00,2026-09-03T11:15:03.742310+00:00,59200.0,59815.0,58931.0,59395.0,59314.88671875,1018198
2023-12-14 00:00:00+00:00,2023-12-15T00:00:00+00:00,2026-09-03T11:15:03.742310+00:00,60000.0,60928.0,59945.0,60204.0,60122.80078125,1825610
2023-12-18 00:00:00+00:00,2023-12-19T00:00:00+00:00,2026-09-03T11:15:03.742310+00:00,60250.0,61655.0,60110.0,61565.0,61481.9609375,651078
2023-12-19 00:00:00+00:00,2023-12-20T00:00:00+00:00,2026-09-03T11:15:03.742310+00:00,61565.0,61851.0,61214.0,61568.0,61484.9609375,460640
2023-12-20 00:00:00+00:00,2023-12-21T00:00:00+00:00,2026-09-03T11:15:03.742310+00:00,61020.0,61704.0,60898.0,61044.0,60961.6640625,537746
2023-12-21 00:00:00+00:00,2023-12-22T00:00:00+00:00,2026-09-03T11:15:03.742310+00:00,60990.0,61859.0,60787.0,61690.0,61606.7890625,1801289
2023-12-22 00:00:00+00:00,2023-12-23T00:00:00+00:00,2026-09-03T11:15:03.742310+00:00,61120.0,62707.0,61269.0,62225.0,62141.0703125,270911
2023-12-27 00:00:00+00:00,2023-12-28T00:00:00+00:00,2026-09-03T11:15:03.742310+00:00,62639.0,64042.0,62639.0,63181.0,63095.78125,1066414
2023-12-28 00:00:00+00:00,2023-12-29T00:00:00+00:00,2026-09-03T11:15:03.742310+00:00,62810.0,63934.0,63000.0,63930.0,63843.76953125,498083
2023-12-29 00:00:00+00:00,2023-12-30T00:00:00+00:00,2026-09-03T11:15:03.742310+00:00,63200.0,63884.0,63200.0,63343.0,63257.5625,108847
2024-01-02 00:00:00+00:00,2024-01-03T00:00:00+00:00,2026-09-03T11:15:03.742310+00:00,63061.0,63529.0,62559.0,63180.0,63094.78515625,247127
2024-01-03 00:00:00+00:00,2024-01-04T00:00:00+00:00,2026-09-03T11:15:03.742310+00:00,62649.0,62892.0,62170.0,62200.0,62116.109375,662173
2024-01-04 00:00:00+00:00,2024-01-05T00:00:00+00:00,2026-09-03T11:15:03.742310+00:00,62381.0,62796.0,61914.0,62040.0,61956.31640625,909653
2024-01-05 00:00:00+00:00,2024-01-06T00:00:00+00:00,2026-09-03T11:15:03.742310+00:00,61855.0,61893.0,61021.0,61504.0,61421.04296875,942527
2024-01-08 00:00:00+00:00,2024-01-09T00:00:00+00:00,2026-09-03T11:15:03.742310+00:00,61175.0,61535.0,60508.0,60614.0,60532.2421875,1032376
2024-01-09 00:00:00+00:00,2024-01-10T00:00:00+00:00,2026-09-03T11:15:03.742310+00:00,60800.0,60990.0,59839.0,60000.0,59919.0703125,957552
2024-01-10 00:00:00+00:00,2024-01-11T00:00:00+00:00,2026-09-03T11:15:03.742310+00:00,59967.0,59972.0,58855.0,59619.0,59538.5859375,903941
2024-01-11 00:00:00+00:00,2024-01-12T00:00:00+00:00,2026-09-03T11:15:03.742310+00:00,59560.0,60359.0,58991.0,58991.0,58911.43359375,293362
2024-01-12 00:00:00+00:00,2024-01-13T00:00:00+00:00,2026-09-03T11:15:03.742310+00:00,59051.0,59430.0,58639.0,59157.0,59077.2109375,467910
2024-01-15 00:00:00+00:00,2024-01-16T00:00:00+00:00,2026-09-03T11:15:03.742310+00:00,58180.0,58267.0,57986.0,58292.0,58213.375,581556
2024-01-16 00:00:00+00:00,2024-01-17T00:00:00+00:00,2026-09-03T11:15:03.742310+00:00,57988.0,58737.0,57333.0,58337.0,58258.31640625,610394
2024-01-17 00:00:00+00:00,2024-01-18T00:00:00+00:00,2026-09-03T11:15:03.742310+00:00,58319.0,58319.0,57223.0,57451.0,57373.51171875,550207
2024-01-18 00:00:00+00:00,2024-01-19T00:00:00+00:00,2026-09-03T11:15:03.742310+00:00,57650.0,57456.0,56536.0,56651.0,56574.58984375,1143907
2024-01-19 00:00:00+00:00,2024-01-20T00:00:00+00:00,2026-09-03T11:15:03.742310+00:00,56979.0,57450.0,56762.0,57198.0,57120.84765625,488789
2024-01-22 00:00:00+00:00,2024-01-23T00:00:00+00:00,2026-09-03T11:15:03.742310+00:00,57475.0,57651.0,57054.0,57350.0,57272.64453125,422107
2024-01-23 00:00:00+00:00,2024-01-24T00:00:00+00:00,2026-09-03T11:15:03.742310+00:00,58005.0,58798.0,57903.0,58798.0,58718.69140625,491080
2024-01-24 00:00:00+00:00,2024-01-25T00:00:00+00:00,2026-09-03T11:15:03.742310+00:00,58900.0,59374.0,58674.0,58688.0,58608.84375,405350
2024-01-25 00:00:00+00:00,2024-01-26T00:00:00+00:00,2026-09-03T11:15:03.742310+00:00,58688.0,59300.0,57818.0,58309.0,58230.35546875,454823
2024-01-26 00:00:00+00:00,2024-01-27T00:00:00+00:00,2026-09-03T11:15:03.742310+00:00,58200.0,58200.0,57009.0,58073.0,57994.67578125,360359
2024-01-29 00:00:00+00:00,2024-01-30T00:00:00+00:00,2026-09-03T11:15:03.742310+00:00,57998.0,58233.0,57569.0,57781.0,57703.0625,248636
2024-01-30 00:00:00+00:00,2024-01-31T00:00:00+00:00,2026-09-03T11:15:03.742310+00:00,57979.0,58448.0,57615.0,57725.0,57647.140625,304665
2024-01-31 00:00:00+00:00,2024-02-01T00:00:00+00:00,2026-09-03T11:15:03.742310+00:00,58000.0,58252.0,57523.0,58026.0,57947.734375,858561
2024-02-01 00:00:00+00:00,2024-02-02T00:00:00+00:00,2026-09-03T11:15:03.742310+00:00,57400.0,57888.0,57075.0,57275.0,57197.7421875,240525
2024-02-02 00:00:00+00:00,2024-02-03T00:00:00+00:00,2026-09-03T11:15:03.742310+00:00,57900.0,58339.0,57261.0,57430.0,57352.53515625,276450
2024-02-05 00:00:00+00:00,2024-02-06T00:00:00+00:00,2026-09-03T11:15:03.742310+00:00,56925.0,57500.0,56465.0,56650.0,56573.58984375,482632
2024-02-06 00:00:00+00:00,2024-02-07T00:00:00+00:00,2026-09-03T11:15:03.742310+00:00,57116.0,57159.0,56448.0,56812.0,56735.3671875,367903
2024-02-07 00:00:00+00:00,2024-02-08T00:00:00+00:00,2026-09-03T11:15:03.742310+00:00,56540.0,57248.0,56653.0,56875.0,56798.28515625,145716
2024-02-08 00:00:00+00:00,2024-02-09T00:00:00+00:00,2026-09-03T11:15:03.742310+00:00,56300.0,57900.0,56524.0,56775.0,56698.421875,441751
2024-02-09 00:00:00+00:00,2024-02-10T00:00:00+00:00,2026-09-03T11:15:03.742310+00:00,57375.0,57063.0,56212.0,56745.0,56668.46484375,331900
2024-02-12 00:00:00+00:00,2024-02-13T00:00:00+00:00,2026-09-03T11:15:03.742310+00:00,56659.0,57356.0,56600.0,57294.0,57216.71875,325230
2024-02-13 00:00:00+00:00,2024-02-14T00:00:00+00:00,2026-09-03T11:15:03.742310+00:00,56995.0,57455.0,56618.0,56704.0,56627.515625,818869
2024-02-14 00:00:00+00:00,2024-02-15T00:00:00+00:00,2026-09-03T11:15:03.742310+00:00,56101.0,57102.0,56181.0,56800.0,56723.38671875,674836
2024-02-15 00:00:00+00:00,2024-02-16T00:00:00+00:00,2026-09-03T11:15:03.742310+00:00,56121.0,56327.0,55457.0,56046.0,55970.40234375,585150
2024-02-16 00:00:00+00:00,2024-02-17T00:00:00+00:00,2026-09-03T11:15:03.742310+00:00,56900.0,57373.0,55890.0,56959.0,56882.171875,537030
2024-02-19 00:00:00+00:00,2024-02-20T00:00:00+00:00,2026-09-03T11:15:03.742310+00:00,56525.0,56979.0,56381.0,56614.0,56537.640625,414434
2024-02-20 00:00:00+00:00,2024-02-21T00:00:00+00:00,2026-09-03T11:15:03.742310+00:00,55700.0,56499.0,54785.0,55274.0,55199.44921875,732091
2024-02-21 00:00:00+00:00,2024-02-22T00:00:00+00:00,2026-09-03T11:15:03.742310+00:00,55250.0,55600.0,53988.0,54845.0,54771.03125,763278
2024-02-22 00:00:00+00:00,2024-02-23T00:00:00+00:00,2026-09-03T11:15:03.742310+00:00,54130.0,55957.0,54398.0,55835.0,55759.6953125,762332
2024-02-23 00:00:00+00:00,2024-02-24T00:00:00+00:00,2026-09-03T11:15:03.742310+00:00,55326.0,57000.0,55755.0,57000.0,56923.1171875,174893
2024-02-26 00:00:00+00:00,2024-02-27T00:00:00+00:00,2026-09-03T11:15:03.742310+00:00,56000.0,55796.0,55103.0,55183.0,55108.56640625,658106
2024-02-27 00:00:00+00:00,2024-02-28T00:00:00+00:00,2026-09-03T11:15:03.742310+00:00,56399.0,56399.0,55276.0,55400.0,55325.27734375,268380
2024-02-28 00:00:00+00:00,2024-02-29T00:00:00+00:00,2026-09-03T11:15:03.742310+00:00,54900.0,55358.0,54452.0,54799.0,54725.0859375,166506
2024-02-29 00:00:00+00:00,2024-03-01T00:00:00+00:00,2026-09-03T11:15:03.742310+00:00,54226.0,55477.0,54335.0,55442.0,55367.21875,618719
2024-03-01 00:00:00+00:00,2024-03-02T00:00:00+00:00,2026-09-03T11:15:03.742310+00:00,56367.0,56367.0,42558.55859375,55436.0,55361.2265625,576958
2024-03-04 00:00:00+00:00,2024-03-05T00:00:00+00:00,2026-09-03T11:15:03.742310+00:00,56300.0,56300.0,54794.0,55322.0,55247.3828125,493844
2024-03-05 00:00:00+00:00,2024-03-06T00:00:00+00:00,2026-09-03T11:15:03.742310+00:00,55275.0,55250.0,54250.0,54930.0,54855.91015625,574005
2024-03-06 00:00:00+00:00,2024-03-07T00:00:00+00:00,2026-09-03T11:15:03.742310+00:00,53920.0,54420.0,53161.0,54420.0,54360.33984375,563920
2024-03-07 00:00:00+00:00,2024-03-08T00:00:00+00:00,2026-09-03T11:15:03.742310+00:00,54428.0,54950.0,53501.0,54950.0,54889.7578125,445681
2024-03-08 00:00:00+00:00,2024-03-09T00:00:00+00:00,2026-09-03T11:15:03.742310+00:00,53951.0,54723.0,53734.0,54121.0,54061.671875,381336
2024-03-11 00:00:00+00:00,2024-03-12T00:00:00+00:00,2026-09-03T11:15:03.742310+00:00,53649.0,53500.0,51962.0,52227.0,52169.7421875,1729780
2024-03-12 00:00:00+00:00,2024-03-13T00:00:00+00:00,2026-09-03T11:15:03.742310+00:00,52873.0,53298.0,52260.0,52828.0,52770.08203125,1682839
2024-03-13 00:00:00+00:00,2024-03-14T00:00:00+00:00,2026-09-03T11:15:03.742310+00:00,52277.0,52490.0,51823.0,52490.0,52432.45703125,647513
2024-03-14 00:00:00+00:00,2024-03-15T00:00:00+00:00,2026-09-03T11:15:03.742310+00:00,52530.0,53335.0,52350.0,52350.0,52292.60546875,1536934
2024-03-15 00:00:00+00:00,2024-03-16T00:00:00+00:00,2026-09-03T11:15:03.742310+00:00,52299.0,52310.0,51404.0,51404.0,51347.64453125,3814163
2024-03-18 00:00:00+00:00,2024-03-19T00:00:00+00:00,2026-09-03T11:15:03.742310+00:00,51575.0,53451.0,51630.0,53266.0,53207.6015625,1193510
2024-03-19 00:00:00+00:00,2024-03-20T00:00:00+00:00,2026-09-03T11:15:03.742310+00:00,53595.0,53986.0,53223.0,53511.0,53452.328125,588413
2024-03-20 00:00:00+00:00,2024-03-21T00:00:00+00:00,2026-09-03T11:15:03.742310+00:00,53626.0,53977.0,53257.0,53343.0,53284.51953125,1687672
2024-03-22 00:00:00+00:00,2024-03-23T00:00:00+00:00,2026-09-03T11:15:03.742310+00:00,54000.0,54802.0,53933.0,54510.0,54450.23828125,391122
2024-03-25 00:00:00+00:00,2024-03-26T00:00:00+00:00,2026-09-03T11:15:03.742310+00:00,53775.0,54533.0,53776.0,54186.0,54126.59375,274265
2024-03-26 00:00:00+00:00,2024-03-27T00:00:00+00:00,2026-09-03T11:15:03.742310+00:00,53551.0,53900.0,53383.0,53597.0,53538.2421875,317583
2024-03-27 00:00:00+00:00,2024-03-28T00:00:00+00:00,2026-09-03T11:15:03.742310+00:00,52726.0,54011.0,52759.0,53855.0,53795.95703125,1185116
2024-03-28 00:00:00+00:00,2024-03-29T00:00:00+00:00,2026-09-03T11:15:03.742310+00:00,53140.0,54961.0,53250.0,54552.0,54492.19140625,347544
2024-04-02 00:00:00+00:00,2024-04-03T00:00:00+00:00,2026-09-03T11:15:03.742310+00:00,55000.0,55549.0,54999.0,55243.0,55182.43359375,518885
2024-04-03 00:00:00+00:00,2024-04-04T00:00:00+00:00,2026-09-03T11:15:03.742310+00:00,55000.0,55172.0,54608.0,54833.0,54772.88671875,622240
2024-04-04 00:00:00+00:00,2024-04-05T00:00:00+00:00,2026-09-03T11:15:03.742310+00:00,54552.0,55396.0,54552.0,54957.0,54896.75,227435
2024-04-05 00:00:00+00:00,2024-04-06T00:00:00+00:00,2026-09-03T11:15:03.742310+00:00,54301.0,54704.0,53560.0,53888.0,53828.92578125,948497
2024-04-08 00:00:00+00:00,2024-04-09T00:00:00+00:00,2026-09-03T11:15:03.742310+00:00,54000.0,55314.0,54249.0,55115.0,55054.578125,1989962
2024-04-09 00:00:00+00:00,2024-04-10T00:00:00+00:00,2026-09-03T11:15:03.742310+00:00,55050.0,55979.0,55121.0,55505.0,55444.15234375,2142120
2024-04-10 00:00:00+00:00,2024-04-11T00:00:00+00:00,2026-09-03T11:15:03.742310+00:00,55712.0,56599.0,55551.0,56100.0,56038.5,1159888
2024-04-11 00:00:00+00:00,2024-04-12T00:00:00+00:00,2026-09-03T11:15:03.742310+00:00,56600.0,56590.0,55188.0,55220.0,55159.46484375,1337539
2024-04-12 00:00:00+00:00,2024-04-13T00:00:00+00:00,2026-09-03T11:15:03.742310+00:00,56107.0,56617.0,55533.0,56450.0,56388.1171875,1102195
2024-04-15 00:00:00+00:00,2024-04-16T00:00:00+00:00,2026-09-03T11:15:03.742310+00:00,56450.0,56981.0,55957.0,56675.0,56612.8671875,675323
2024-04-16 00:00:00+00:00,2024-04-17T00:00:00+00:00,2026-09-03T11:15:03.742310+00:00,55700.0,55189.0,53835.0,53978.0,53918.82421875,581618
2024-04-17 00:00:00+00:00,2024-04-18T00:00:00+00:00,2026-09-03T11:15:03.742310+00:00,54650.0,56444.0,54649.0,56064.0,56002.5390625,1854135
2024-04-18 00:00:00+00:00,2024-04-19T00:00:00+00:00,2026-09-03T11:15:03.742310+00:00,55100.0,56157.0,55479.0,55753.0,55691.87890625,1578170
2024-04-19 00:00:00+00:00,2024-04-20T00:00:00+00:00,2026-09-03T11:15:03.742310+00:00,54200.0,55815.0,54400.0,55809.0,55747.8125,306040
2024-04-22 00:00:00+00:00,2024-04-23T00:00:00+00:00,2026-09-03T11:15:03.742310+00:00,55600.0,56749.0,55303.0,55596.0,55535.05078125,415634
2024-04-23 00:00:00+00:00,2024-04-24T00:00:00+00:00,2026-09-03T11:15:03.742310+00:00,56500.0,56500.0,55001.0,55495.0,55434.16015625,363438
2024-04-24 00:00:00+00:00,2024-04-25T00:00:00+00:00,2026-09-03T11:15:03.742310+00:00,55537.0,57097.0,55537.0,56551.0,56489.0,782363
2024-04-25 00:00:00+00:00,2024-04-26T00:00:00+00:00,2026-09-03T11:15:03.742310+00:00,54900.0,55349.0,54143.0,55000.0,54939.703125,1523593
2024-04-26 00:00:00+00:00,2024-04-27T00:00:00+00:00,2026-09-03T11:15:03.742310+00:00,54375.0,54677.0,52385.0,52651.0,52593.2734375,2100708
2024-04-29 00:00:00+00:00,2024-04-30T00:00:00+00:00,2026-09-03T11:15:03.742310+00:00,52700.0,53348.0,51917.0,52763.0,52705.15234375,899998
2024-04-30 00:00:00+00:00,2024-05-01T00:00:00+00:00,2026-09-03T11:15:03.742310+00:00,52650.0,53250.0,52461.0,52680.0,52622.25,657369
2024-05-02 00:00:00+00:00,2024-05-03T00:00:00+00:00,2026-09-03T11:15:03.742310+00:00,51602.0,52053.0,51290.0,51985.0,51928.0078125,1648701
2024-05-03 00:00:00+00:00,2024-05-04T00:00:00+00:00,2026-09-03T11:15:03.742310+00:00,51966.0,52447.0,51426.0,52130.0,52072.84765625,1764765
2024-05-06 00:00:00+00:00,2024-05-07T00:00:00+00:00,2026-09-03T11:15:03.742310+00:00,52600.0,52594.0,51959.0,52260.0,52202.7109375,1058627
2024-05-07 00:00:00+00:00,2024-05-08T00:00:00+00:00,2026-09-03T11:15:03.742310+00:00,52848.0,53459.0,52666.0,53299.0,53240.5703125,711478
2024-05-08 00:00:00+00:00,2024-05-09T00:00:00+00:00,2026-09-03T11:15:03.742310+00:00,53000.0,53152.0,52587.0,52809.0,52751.10546875,814124
2024-05-09 00:00:00+00:00,2024-05-10T00:00:00+00:00,2026-09-03T11:15:03.742310+00:00,52502.0,52730.0,52160.0,52708.0,52650.21484375,349878
2024-05-10 00:00:00+00:00,2024-05-11T00:00:00+00:00,2026-09-03T11:15:03.742310+00:00,52682.0,53233.0,52544.0,53170.0,53111.703125,387175
2024-05-13 00:00:00+00:00,2024-05-14T00:00:00+00:00,2026-09-03T11:15:03.742310+00:00,53500.0,53170.0,52427.0,52801.0,52743.109375,499838
2024-05-14 00:00:00+00:00,2024-05-15T00:00:00+00:00,2026-09-03T11:15:03.742310+00:00,52700.0,55017.0,52505.0,54299.0,54239.47265625,3588521
2024-05-15 00:00:00+00:00,2024-05-16T00:00:00+00:00,2026-09-03T11:15:03.742310+00:00,54252.0,55052.0,53552.0,54200.0,54140.578125,2369571
2024-05-16 00:00:00+00:00,2024-05-17T00:00:00+00:00,2026-09-03T11:15:03.742310+00:00,53600.0,54623.0,53600.0,54560.0,54500.1875,928224
2024-05-17 00:00:00+00:00,2024-05-18T00:00:00+00:00,2026-09-03T11:15:03.742310+00:00,54559.0,55500.0,54411.0,55343.0,55282.328125,729245
2024-05-20 00:00:00+00:00,2024-05-21T00:00:00+00:00,2026-09-03T11:15:03.742310+00:00,55343.0,56426.0,55342.0,56181.0,56119.40234375,1295631
2024-05-21 00:00:00+00:00,2024-05-22T00:00:00+00:00,2026-09-03T11:15:03.742310+00:00,55840.0,56339.0,55742.0,55841.0,55779.77734375,860635
2024-05-22 00:00:00+00:00,2024-05-23T00:00:00+00:00,2026-09-03T11:15:03.742310+00:00,55300.0,56040.0,54057.0,54439.0,54379.3203125,1359740
2024-05-23 00:00:00+00:00,2024-05-24T00:00:00+00:00,2026-09-03T11:15:03.742310+00:00,54700.0,54831.0,53953.0,54025.0,53965.77734375,1137072
2024-05-24 00:00:00+00:00,2024-05-25T00:00:00+00:00,2026-09-03T11:15:03.742310+00:00,54180.0,54827.0,53739.0,54665.0,54605.0703125,726266
2024-05-27 00:00:00+00:00,2024-05-28T00:00:00+00:00,2026-09-03T11:15:03.742310+00:00,54666.0,55468.0,54767.0,55259.0,55198.421875,210373
2024-05-28 00:00:00+00:00,2024-05-29T00:00:00+00:00,2026-09-03T11:15:03.742310+00:00,54942.0,55040.0,54455.0,54628.0,54568.109375,406746
2024-05-30 00:00:00+00:00,2024-05-31T00:00:00+00:00,2026-09-03T11:15:03.742310+00:00,54567.0,55705.0,54364.0,54950.0,54889.7578125,3158763
2024-05-31 00:00:00+00:00,2024-06-01T00:00:00+00:00,2026-09-03T11:15:03.742310+00:00,55010.0,56213.0,55079.0,55363.0,55302.3046875,1017146
2024-06-03 00:00:00+00:00,2024-06-04T00:00:00+00:00,2026-09-03T11:15:03.742310+00:00,55901.0,56202.0,54556.8984375,54703.0,54643.0234375,1176657
2024-06-04 00:00:00+00:00,2024-06-05T00:00:00+00:00,2026-09-03T11:15:03.742310+00:00,54960.0,55029.0,53493.0,53625.0,53566.2109375,1100921
2024-06-05 00:00:00+00:00,2024-06-06T00:00:00+00:00,2026-09-03T11:15:03.742310+00:00,54100.0,55375.0,54100.0,55287.0,55226.390625,925372
2024-06-06 00:00:00+00:00,2024-06-07T00:00:00+00:00,2026-09-03T11:15:03.742310+00:00,55500.0,56111.0,55402.0,55838.0,55776.78125,597686
2024-06-07 00:00:00+00:00,2024-06-08T00:00:00+00:00,2026-09-03T11:15:03.742310+00:00,56250.0,56246.0,55214.0,55417.0,55356.24609375,760321
2024-06-10 00:00:00+00:00,2024-06-11T00:00:00+00:00,2026-09-03T11:15:03.742310+00:00,54962.0,55247.0,54407.0,54679.0,54619.05859375,250239
2024-06-11 00:00:00+00:00,2024-06-12T00:00:00+00:00,2026-09-03T11:15:03.742310+00:00,53949.0,53949.0,52366.0,52729.0,52671.19140625,1264209
2024-06-12 00:00:00+00:00,2024-06-13T00:00:00+00:00,2026-09-03T11:15:03.742310+00:00,53272.0,53871.0,52729.0,53119.0,53060.765625,556198
2024-06-13 00:00:00+00:00,2024-06-14T00:00:00+00:00,2026-09-03T11:15:03.742310+00:00,53000.0,53042.0,52015.0,52250.0,52192.71484375,1257352
2024-06-14 00:00:00+00:00,2024-06-15T00:00:00+00:00,2026-09-03T11:15:03.742310+00:00,52001.0,52509.0,51424.0,52034.0,51976.94921875,1261475
2024-06-18 00:00:00+00:00,2024-06-19T00:00:00+00:00,2026-09-03T11:15:03.742310+00:00,51600.0,51601.0,50333.0,50889.0,50833.21484375,2898745
2024-06-19 00:00:00+00:00,2024-06-20T00:00:00+00:00,2026-09-03T11:15:03.742310+00:00,50500.0,51295.0,50781.0,50925.0,50869.171875,2014845
2024-06-20 00:00:00+00:00,2024-06-21T00:00:00+00:00,2026-09-03T11:15:03.742310+00:00,51000.0,51900.0,51124.0,51650.0,51593.375,2014259
2024-06-21 00:00:00+00:00,2024-06-22T00:00:00+00:00,2026-09-03T11:15:03.742310+00:00,51650.0,51650.0,50400.0,50720.0,50664.39453125,1361405
2024-06-24 00:00:00+00:00,2024-06-25T00:00:00+00:00,2026-09-03T11:15:03.742310+00:00,50730.0,51996.0,50650.0,51664.0,51607.359375,910003
2024-06-25 00:00:00+00:00,2024-06-26T00:00:00+00:00,2026-09-03T11:15:03.742310+00:00,51950.0,52224.0,51470.0,51638.0,51581.38671875,655944
2024-06-26 00:00:00+00:00,2024-06-27T00:00:00+00:00,2026-09-03T11:15:03.742310+00:00,52870.0,53142.0,52079.0,52294.0,52236.66796875,1591676
2024-06-27 00:00:00+00:00,2024-06-28T00:00:00+00:00,2026-09-03T11:15:03.742310+00:00,52196.0,52479.0,51827.0,52252.0,52194.71484375,547117
2024-06-28 00:00:00+00:00,2024-06-29T00:00:00+00:00,2026-09-03T11:15:03.742310+00:00,52462.0,52462.0,51592.0,52130.0,52072.84765625,1554277
2024-07-01 00:00:00+00:00,2024-07-02T00:00:00+00:00,2026-09-03T11:15:03.742310+00:00,52200.0,53108.0,51918.0,52500.0,52442.44140625,709896
2024-07-02 00:00:00+00:00,2024-07-03T00:00:00+00:00,2026-09-03T11:15:03.742310+00:00,52395.0,53441.0,52436.0,53164.0,53105.72265625,884822
2024-07-03 00:00:00+00:00,2024-07-04T00:00:00+00:00,2026-09-03T11:15:03.742310+00:00,53600.0,54934.0,53600.0,54756.0,54695.96875,1632834
2024-07-04 00:00:00+00:00,2024-07-05T00:00:00+00:00,2026-09-03T11:15:03.742310+00:00,55020.0,55416.0,54326.0,54600.0,54540.14453125,533164
2024-07-05 00:00:00+00:00,2024-07-06T00:00:00+00:00,2026-09-03T11:15:03.742310+00:00,54450.0,54361.0,53749.0,53826.0,53766.98828125,552899
2024-07-08 00:00:00+00:00,2024-07-09T00:00:00+00:00,2026-09-03T11:15:03.742310+00:00,53530.0,53530.0,52700.0,52700.0,52642.2265625,602558
2024-07-09 00:00:00+00:00,2024-07-10T00:00:00+00:00,2026-09-03T11:15:03.742310+00:00,52959.0,53287.0,52821.0,52850.0,52792.0625,938406
2024-07-10 00:00:00+00:00,2024-07-11T00:00:00+00:00,2026-09-03T11:15:03.742310+00:00,52400.0,52710.0,52052.0,52650.0,52592.27734375,1025701
2024-07-11 00:00:00+00:00,2024-07-12T00:00:00+00:00,2026-09-03T11:15:03.742310+00:00,53033.0,53367.0,52300.0,52300.0,52242.66796875,1256395
2024-07-12 00:00:00+00:00,2024-07-13T00:00:00+00:00,2026-09-03T11:15:03.742310+00:00,52499.0,53600.0,52451.0,53500.0,53441.34765625,1432174
2024-07-15 00:00:00+00:00,2024-07-16T00:00:00+00:00,2026-09-03T11:15:03.742310+00:00,53482.0,55368.0,52953.0,53495.0,53436.3515625,1124076
2024-07-16 00:00:00+00:00,2024-07-17T00:00:00+00:00,2026-09-03T11:15:03.742310+00:00,53000.0,52850.0,51188.0,51350.0,51293.703125,930177
2024-07-17 00:00:00+00:00,2024-07-18T00:00:00+00:00,2026-09-03T11:15:03.742310+00:00,51470.0,59226.0,51407.0,51977.0,51920.01171875,735844
2024-07-18 00:00:00+00:00,2024-07-19T00:00:00+00:00,2026-09-03T11:15:03.742310+00:00,52000.0,59226.0,51215.0,51215.0,51158.8515625,1623509
2024-07-19 00:00:00+00:00,2024-07-20T00:00:00+00:00,2026-09-03T11:15:03.742310+00:00,51215.0,51216.0,50311.0,50646.0,50590.48046875,945671
2024-07-22 00:00:00+00:00,2024-07-23T00:00:00+00:00,2026-09-03T11:15:03.742310+00:00,51200.0,50859.0,50472.0,50787.0,50731.31640625,1121739
2024-07-23 00:00:00+00:00,2024-07-24T00:00:00+00:00,2026-09-03T11:15:03.742310+00:00,50487.0,50656.0,49915.0,50308.0,50252.84765625,1329589
2024-07-24 00:00:00+00:00,2024-07-25T00:00:00+00:00,2026-09-03T11:15:03.742310+00:00,50410.0,50620.0,49954.0,50055.0,50000.12109375,465445
2024-07-25 00:00:00+00:00,2024-07-26T00:00:00+00:00,2026-09-03T11:15:03.742310+00:00,49980.0,50196.0,49527.0,50068.0,50013.11328125,470811
2024-07-26 00:00:00+00:00,2024-07-27T00:00:00+00:00,2026-09-03T11:15:03.742310+00:00,50619.0,50674.0,50130.0,50130.0,50075.04296875,1341198
2024-07-29 00:00:00+00:00,2024-07-30T00:00:00+00:00,2026-09-03T11:15:03.742310+00:00,50200.0,50692.0,50068.0,50496.0,50440.6484375,357144
2024-07-30 00:00:00+00:00,2024-07-31T00:00:00+00:00,2026-09-03T11:15:03.742310+00:00,50300.0,50068.0,48730.0,49359.0,49304.890625,733934
2024-07-31 00:00:00+00:00,2024-08-01T00:00:00+00:00,2026-09-03T11:15:03.742310+00:00,49775.0,50341.0,49775.0,50125.0,50070.046875,428312
2024-08-01 00:00:00+00:00,2024-08-02T00:00:00+00:00,2026-09-03T11:15:03.742310+00:00,50500.0,50671.0,49495.0,49561.0,49506.6640625,529755
2024-08-02 00:00:00+00:00,2024-08-03T00:00:00+00:00,2026-09-03T11:15:03.742310+00:00,49542.0,49769.0,48825.0,48825.0,48771.4765625,825699
2024-08-05 00:00:00+00:00,2024-08-06T00:00:00+00:00,2026-09-03T11:15:03.742310+00:00,48800.0,48800.0,47785.0,48538.0,48484.7890625,1825248
2024-08-06 00:00:00+00:00,2024-08-07T00:00:00+00:00,2026-09-03T11:15:03.742310+00:00,48759.0,49290.0,48396.0,49100.0,49046.171875,1679195
2024-08-07 00:00:00+00:00,2024-08-08T00:00:00+00:00,2026-09-03T11:15:03.742310+00:00,48958.0,49099.0,48546.0,48960.0,48906.328125,1028130
2024-08-08 00:00:00+00:00,2024-08-09T00:00:00+00:00,2026-09-03T11:15:03.742310+00:00,48697.0,48882.0,47906.0,48880.0,48826.4140625,782229
2024-08-12 00:00:00+00:00,2024-08-13T00:00:00+00:00,2026-09-03T11:15:03.742310+00:00,48880.0,49082.0,48406.0,48647.0,48593.671875,1045672
2024-08-13 00:00:00+00:00,2024-08-14T00:00:00+00:00,2026-09-03T11:15:03.742310+00:00,49064.0,49064.0,48174.0,48376.0,48322.96484375,747515
2024-08-14 00:00:00+00:00,2024-08-15T00:00:00+00:00,2026-09-03T11:15:03.742310+00:00,48015.0,48015.0,46912.0,47203.0,47151.25,1597266
2024-08-15 00:00:00+00:00,2024-08-16T00:00:00+00:00,2026-09-03T11:15:03.742310+00:00,47203.0,47652.0,46903.0,47463.0,47410.96875,733801
2024-08-16 00:00:00+00:00,2024-08-17T00:00:00+00:00,2026-09-03T11:15:03.742310+00:00,47649.0,47627.0,46971.0,47106.0,47054.35546875,1270421
2024-08-19 00:00:00+00:00,2024-08-20T00:00:00+00:00,2026-09-03T11:15:03.742310+00:00,47429.0,48115.0,47400.0,47990.0,47937.390625,1012581
2024-08-20 00:00:00+00:00,2024-08-21T00:00:00+00:00,2026-09-03T11:15:03.742310+00:00,48001.0,48225.0,47739.0,47951.0,47898.4296875,421124
2024-08-21 00:00:00+00:00,2024-08-22T00:00:00+00:00,2026-09-03T11:15:03.742310+00:00,48980.0,49439.0,48900.0,49108.0,49054.16015625,809432
2024-08-22 00:00:00+00:00,2024-08-23T00:00:00+00:00,2026-09-03T11:15:03.742310+00:00,49100.0,49505.0,48843.0,48908.0,48854.38671875,623113
2024-08-23 00:00:00+00:00,2024-08-24T00:00:00+00:00,2026-09-03T11:15:03.742310+00:00,48730.0,49294.0,48657.0,48846.0,48792.44921875,361951
2024-08-26 00:00:00+00:00,2024-08-27T00:00:00+00:00,2026-09-03T11:15:03.742310+00:00,48990.0,49420.0,48989.0,49169.0,49115.1015625,557038
2024-08-27 00:00:00+00:00,2024-08-28T00:00:00+00:00,2026-09-03T11:15:03.742310+00:00,49692.0,49692.0,49063.0,49496.0,49441.73828125,624223
2024-08-28 00:00:00+00:00,2024-08-29T00:00:00+00:00,2026-09-03T11:15:03.742310+00:00,48847.0,48882.0,48080.0,48615.0,48561.703125,1238891
2024-08-29 00:00:00+00:00,2024-08-30T00:00:00+00:00,2026-09-03T11:15:03.742310+00:00,48600.0,49004.0,48376.0,48694.0,48640.61328125,529997
2024-08-30 00:00:00+00:00,2024-08-31T00:00:00+00:00,2026-09-03T11:15:03.742310+00:00,48945.0,49007.0,48471.0,48690.0,48636.62109375,409690
2024-09-02 00:00:00+00:00,2024-09-03T00:00:00+00:00,2026-09-03T11:15:03.742310+00:00,48146.0,48517.0,47812.0,48324.0,48271.0234375,324679
2024-09-03 00:00:00+00:00,2024-09-04T00:00:00+00:00,2026-09-03T11:15:03.742310+00:00,48024.0,48000.0,46664.0,46710.0,46658.7890625,1778701
2024-09-04 00:00:00+00:00,2024-09-05T00:00:00+00:00,2026-09-03T11:15:03.742310+00:00,48900.0,48900.0,46256.0,46785.0,46733.7109375,1385066
2024-09-05 00:00:00+00:00,2024-09-06T00:00:00+00:00,2026-09-03T11:15:03.742310+00:00,46538.0,46778.0,46288.0,46645.0,46593.86328125,948460
2024-09-06 00:00:00+00:00,2024-09-07T00:00:00+00:00,2026-09-03T11:15:03.742310+00:00,45999.0,46001.0,45401.0,45589.0,45539.015625,1107284
2024-09-09 00:00:00+00:00,2024-09-10T00:00:00+00:00,2026-09-03T11:15:03.742310+00:00,46341.0,46489.0,45600.0,46126.0,46075.43359375,371787
2024-09-10 00:00:00+00:00,2024-09-11T00:00:00+00:00,2026-09-03T11:15:03.742310+00:00,46378.0,46149.0,45611.0,45762.0,45711.828125,612488
2024-09-11 00:00:00+00:00,2024-09-12T00:00:00+00:00,2026-09-03T11:15:03.742310+00:00,45290.0,45480.0,44600.0,44970.0,44933.5234375,933697
2024-09-12 00:00:00+00:00,2024-09-13T00:00:00+00:00,2026-09-03T11:15:03.742310+00:00,46000.0,46722.0,45794.0,46207.0,46169.51953125,1279931
2024-09-13 00:00:00+00:00,2024-09-14T00:00:00+00:00,2026-09-03T11:15:03.742310+00:00,46864.0,47154.0,46510.0,46959.0,46920.90625,379070
2024-09-16 00:00:00+00:00,2024-09-17T00:00:00+00:00,2026-09-03T11:15:03.742310+00:00,46427.0,47289.0,46530.0,47095.0,47056.796875,442478
2024-09-17 00:00:00+00:00,2024-09-18T00:00:00+00:00,2026-09-03T11:15:03.742310+00:00,47095.0,47446.0,47031.0,47331.0,47292.60546875,370447
2024-09-18 00:00:00+00:00,2024-09-19T00:00:00+00:00,2026-09-03T11:15:03.742310+00:00,46636.0,47006.0,46506.0,46779.0,46741.05078125,351785
2024-09-19 00:00:00+00:00,2024-09-20T00:00:00+00:00,2026-09-03T11:15:03.742310+00:00,47851.0,48505.0,47804.0,48221.0,48181.8828125,1756917
2024-09-20 00:00:00+00:00,2024-09-21T00:00:00+00:00,2026-09-03T11:15:03.742310+00:00,48200.0,48426.0,47126.0,47370.0,47331.57421875,875157
2024-09-23 00:00:00+00:00,2024-09-24T00:00:00+00:00,2026-09-03T11:15:03.742310+00:00,47100.0,47280.0,46588.0,47280.0,47241.64453125,244625
2024-09-25 00:00:00+00:00,2024-09-26T00:00:00+00:00,2026-09-03T11:15:03.742310+00:00,50097.0,50212.0,49011.48046875,49700.0,49659.6796875,965134
2024-09-26 00:00:00+00:00,2024-09-27T00:00:00+00:00,2026-09-03T11:15:03.742310+00:00,50958.0,52297.0,50989.0,51625.0,51583.12109375,930554
2024-09-27 00:00:00+00:00,2024-09-28T00:00:00+00:00,2026-09-03T11:15:03.742310+00:00,52890.0,53357.0,52300.0,52900.0,52857.0859375,832467
2024-09-30 00:00:00+00:00,2024-10-01T00:00:00+00:00,2026-09-03T11:15:03.742310+00:00,53806.0,54200.0,53457.0,53510.0,53466.59375,837114
2024-10-01 00:00:00+00:00,2024-10-02T00:00:00+00:00,2026-09-03T11:15:03.742310+00:00,52902.0,53858.0,52763.0,53542.0,53498.56640625,540289
2024-10-02 00:00:00+00:00,2024-10-03T00:00:00+00:00,2026-09-03T11:15:03.742310+00:00,54003.0,54940.0,54023.0,54500.0,54455.7890625,912732
2024-10-03 00:00:00+00:00,2024-10-04T00:00:00+00:00,2026-09-03T11:15:03.742310+00:00,53925.0,53802.0,52865.0,53430.0,53386.65625,651354
2024-10-04 00:00:00+00:00,2024-10-05T00:00:00+00:00,2026-09-03T11:15:03.742310+00:00,54500.0,53500.0,52771.0,53048.0,53004.96484375,390877
2024-10-07 00:00:00+00:00,2024-10-08T00:00:00+00:00,2026-09-03T11:15:03.742310+00:00,52700.0,53100.0,52700.0,52905.0,52862.08203125,325062
2024-10-08 00:00:00+00:00,2024-10-09T00:00:00+00:00,2026-09-03T11:15:03.742310+00:00,51300.0,51503.0,50132.0,51254.0,51212.421875,1140890
2024-10-09 00:00:00+00:00,2024-10-10T00:00:00+00:00,2026-09-03T11:15:03.742310+00:00,51162.0,51386.0,51014.0,51260.0,51218.41796875,734252
2024-10-10 00:00:00+00:00,2024-10-11T00:00:00+00:00,2026-09-03T11:15:03.742310+00:00,51500.0,51479.0,50899.0,51180.0,51138.48046875,419581
2024-10-11 00:00:00+00:00,2024-10-12T00:00:00+00:00,2026-09-03T11:15:03.742310+00:00,50500.0,51648.0,50500.0,51521.0,51479.203125,199755
2024-10-14 00:00:00+00:00,2024-10-15T00:00:00+00:00,2026-09-03T11:15:03.742310+00:00,51392.0,52157.0,51214.0,51825.0,51782.9609375,1044705
2024-10-15 00:00:00+00:00,2024-10-16T00:00:00+00:00,2026-09-03T11:15:03.742310+00:00,51825.0,51825.0,50993.0,51158.0,51116.49609375,564163
2024-10-16 00:00:00+00:00,2024-10-17T00:00:00+00:00,2026-09-03T11:15:03.742310+00:00,51169.0,51783.0,50923.0,51545.0,51503.1875,301993
2024-10-17 00:00:00+00:00,2024-10-18T00:00:00+00:00,2026-09-03T11:15:03.742310+00:00,50199.0,50469.0,49873.0,50200.0,50159.27734375,1030948
2024-10-18 00:00:00+00:00,2024-10-19T00:00:00+00:00,2026-09-03T11:15:03.742310+00:00,50058.0,50667.0,50081.0,50120.0,50079.34375,1859815
2024-10-21 00:00:00+00:00,2024-10-22T00:00:00+00:00,2026-09-03T11:15:03.742310+00:00,50316.0,50546.0,49653.0,49737.0,49696.6484375,1494073
2024-10-22 00:00:00+00:00,2024-10-23T00:00:00+00:00,2026-09-03T11:15:03.742310+00:00,49500.0,49647.0,49131.0,49600.0,49559.76171875,534614
2024-10-23 00:00:00+00:00,2024-10-24T00:00:00+00:00,2026-09-03T11:15:03.742310+00:00,49550.0,49725.0,48936.0,49725.0,49684.66015625,1086702
2024-10-24 00:00:00+00:00,2024-10-25T00:00:00+00:00,2026-09-03T11:15:03.742310+00:00,49582.0,50183.0,49169.0,49275.0,49235.0234375,465764
2024-10-25 00:00:00+00:00,2024-10-26T00:00:00+00:00,2026-09-03T11:15:03.742310+00:00,49328.0,50195.0,49236.0,50100.0,50059.359375,265581
2024-10-28 00:00:00+00:00,2024-10-29T00:00:00+00:00,2026-09-03T11:15:03.742310+00:00,50340.0,50504.0,49856.0,50496.0,50455.0390625,434069
2024-10-29 00:00:00+00:00,2024-10-30T00:00:00+00:00,2026-09-03T11:15:03.742310+00:00,50546.0,51000.0,50156.0,50850.0,50808.75,777539
2024-10-30 00:00:00+00:00,2024-10-31T00:00:00+00:00,2026-09-03T11:15:03.742310+00:00,50100.0,50378.0,49599.0,50275.0,50234.21484375,872487
2024-10-31 00:00:00+00:00,2024-11-01T00:00:00+00:00,2026-09-03T11:15:03.742310+00:00,49501.0,49866.0,48724.0,48792.0,48752.421875,743968
2024-11-01 00:00:00+00:00,2024-11-02T00:00:00+00:00,2026-09-03T11:15:03.742310+00:00,49152.0,49469.0,48810.0,49290.0,49250.015625,480221
2024-11-04 00:00:00+00:00,2024-11-05T00:00:00+00:00,2026-09-03T11:15:03.742310+00:00,49650.0,50147.0,49022.0,49352.0,49311.9609375,561224
2024-11-05 00:00:00+00:00,2024-11-06T00:00:00+00:00,2026-09-03T11:15:03.742310+00:00,49386.0,49464.0,49129.0,49358.0,49317.9609375,233264
2024-11-06 00:00:00+00:00,2024-11-07T00:00:00+00:00,2026-09-03T11:15:03.742310+00:00,49685.0,49858.0,48501.0,48768.0,48728.44140625,326336
2024-11-07 00:00:00+00:00,2024-11-08T00:00:00+00:00,2026-09-03T11:15:03.742310+00:00,49560.0,50489.0,49439.0,50250.0,50209.23828125,1096528
2024-11-08 00:00:00+00:00,2024-11-09T00:00:00+00:00,2026-09-03T11:15:03.742310+00:00,50400.0,50233.0,48529.0,48600.0,48560.57421875,402259
2024-11-11 00:00:00+00:00,2024-11-12T00:00:00+00:00,2026-09-03T11:15:03.742310+00:00,48500.0,48450.0,47570.0,48264.0,48224.84375,396807
2024-11-12 00:00:00+00:00,2024-11-13T00:00:00+00:00,2026-09-03T11:15:03.742310+00:00,48000.0,48217.0,47441.0,47462.0,47423.49609375,928527
2024-11-13 00:00:00+00:00,2024-11-14T00:00:00+00:00,2026-09-03T11:15:03.742310+00:00,48127.0,48184.0,47113.0,47260.0,47221.66015625,591936
2024-11-14 00:00:00+00:00,2024-11-15T00:00:00+00:00,2026-09-03T11:15:03.742310+00:00,47233.0,47761.0,46776.0,47572.0,47533.40625,374139
2024-11-15 00:00:00+00:00,2024-11-16T00:00:00+00:00,2026-09-03T11:15:03.742310+00:00,47000.0,47725.0,46949.0,47456.0,47417.50390625,627035
2024-11-18 00:00:00+00:00,2024-11-19T00:00:00+00:00,2026-09-03T11:15:03.742310+00:00,47023.0,47737.0,46889.0,47172.0,47133.734375,144046
2024-11-19 00:00:00+00:00,2024-11-20T00:00:00+00:00,2026-09-03T11:15:03.742310+00:00,47333.0,47610.0,46916.0,46986.0,46947.88671875,515501
2024-11-20 00:00:00+00:00,2024-11-21T00:00:00+00:00,2026-09-03T11:15:03.742310+00:00,46993.0,47781.0,46993.0,47587.0,47548.3984375,320396
2024-11-21 00:00:00+00:00,2024-11-22T00:00:00+00:00,2026-09-03T11:15:03.742310+00:00,47539.0,47539.0,46324.0,46558.0,46520.234375,457995
2024-11-22 00:00:00+00:00,2024-11-23T00:00:00+00:00,2026-09-03T11:15:03.742310+00:00,46974.0,47100.0,46420.0,47000.0,46961.875,1101118
2024-11-25 00:00:00+00:00,2024-11-26T00:00:00+00:00,2026-09-03T11:15:03.742310+00:00,47100.0,48500.0,46941.0,47300.0,47261.62890625,409337
2024-11-26 00:00:00+00:00,2024-11-27T00:00:00+00:00,2026-09-03T11:15:03.742310+00:00,47000.0,47282.0,46484.0,46699.0,46661.1171875,425031
2024-11-27 00:00:00+00:00,2024-11-28T00:00:00+00:00,2026-09-03T11:15:03.742310+00:00,47189.0,47159.0,46404.0,47012.0,46973.859375,383489
2024-11-28 00:00:00+00:00,2024-11-29T00:00:00+00:00,2026-09-03T11:15:03.742310+00:00,47111.0,47393.0,46842.0,46909.0,46870.94921875,583244
2024-11-29 00:00:00+00:00,2024-11-30T00:00:00+00:00,2026-09-03T11:15:03.742310+00:00,47518.0,48116.0,47001.0,47081.0,47042.80859375,750039
2024-12-02 00:00:00+00:00,2024-12-03T00:00:00+00:00,2026-09-03T11:15:03.742310+00:00,47448.0,48188.0,47326.0,47760.0,47721.25390625,1105338
2024-12-03 00:00:00+00:00,2024-12-04T00:00:00+00:00,2026-09-03T11:15:03.742310+00:00,47798.0,48266.0,47441.0,48050.0,48011.01953125,431390
2024-12-04 00:00:00+00:00,2024-12-05T00:00:00+00:00,2026-09-03T11:15:03.742310+00:00,47996.0,48244.0,47674.0,47980.0,47941.078125,254122
2024-12-05 00:00:00+00:00,2024-12-06T00:00:00+00:00,2026-09-03T11:15:03.742310+00:00,47650.0,47831.0,47260.0,47432.0,47393.5234375,303989
2024-12-06 00:00:00+00:00,2024-12-07T00:00:00+00:00,2026-09-03T11:15:03.742310+00:00,47235.0,47431.0,46695.0,46790.0,46752.04296875,298811
2024-12-09 00:00:00+00:00,2024-12-10T00:00:00+00:00,2026-09-03T11:15:03.742310+00:00,46750.0,48500.0,46606.0,48465.0,48425.6875,390995
2024-12-10 00:00:00+00:00,2024-12-11T00:00:00+00:00,2026-09-03T11:15:03.742310+00:00,47900.0,47935.0,47205.0,47620.0,47581.37109375,225206
2024-12-11 00:00:00+00:00,2024-12-12T00:00:00+00:00,2026-09-03T11:15:03.742310+00:00,47200.0,47623.58984375,47139.0,47426.0,47387.52734375,518026
2024-12-12 00:00:00+00:00,2024-12-13T00:00:00+00:00,2026-09-03T11:15:03.742310+00:00,47380.0,47585.0,46650.0,46860.0,46821.984375,2276021
2024-12-13 00:00:00+00:00,2024-12-14T00:00:00+00:00,2026-09-03T11:15:03.742310+00:00,46600.0,46828.0,46229.0,46240.0,46202.4921875,345504
2024-12-17 00:00:00+00:00,2024-12-18T00:00:00+00:00,2026-09-03T11:15:03.742310+00:00,45999.0,46240.0,45552.0,46234.0,46196.49609375,466873
2024-12-18 00:00:00+00:00,2024-12-19T00:00:00+00:00,2026-09-03T11:15:03.742310+00:00,45801.0,46402.0,45767.0,45893.0,45855.7734375,1075630
2024-12-19 00:00:00+00:00,2024-12-20T00:00:00+00:00,2026-09-03T11:15:03.742310+00:00,45264.0,45317.0,44708.0,45100.0,45063.4140625,1597795
2024-12-20 00:00:00+00:00,2024-12-21T00:00:00+00:00,2026-09-03T11:15:03.742310+00:00,45675.0,45276.0,44284.0,45276.0,45239.26953125,1283849
2024-12-23 00:00:00+00:00,2024-12-24T00:00:00+00:00,2026-09-03T11:15:03.742310+00:00,45300.0,45748.0,45308.0,45521.0,45484.07421875,248076
2024-12-24 00:00:00+00:00,2024-12-25T00:00:00+00:00,2026-09-03T11:15:03.742310+00:00,45680.0,45900.0,45590.0,45700.0,45662.93359375,84935
2024-12-27 00:00:00+00:00,2024-12-28T00:00:00+00:00,2026-09-03T11:15:03.742310+00:00,46002.0,46111.0,45532.0,46000.0,45962.6875,299708
2024-12-30 00:00:00+00:00,2024-12-31T00:00:00+00:00,2026-09-03T11:15:03.742310+00:00,46259.0,46414.0,45795.0,45832.0,45794.8203125,158968
2024-12-31 00:00:00+00:00,2025-01-01T00:00:00+00:00,2026-09-03T11:15:03.742310+00:00,45999.0,46103.0,45602.0,46038.0,46000.65625,73304
2025-01-02 00:00:00+00:00,2025-01-03T00:00:00+00:00,2026-09-03T11:15:03.742310+00:00,46230.0,46697.0,45862.0,46087.0,46049.61328125,370270
2025-01-03 00:00:00+00:00,2025-01-04T00:00:00+00:00,2026-09-03T11:15:03.742310+00:00,46006.0,46290.0,45209.0,45750.0,45712.88671875,265090
2025-01-06 00:00:00+00:00,2025-01-07T00:00:00+00:00,2026-09-03T11:15:03.742310+00:00,45140.0,45948.0,44863.0,45649.0,45611.96484375,832792
2025-01-07 00:00:00+00:00,2025-01-08T00:00:00+00:00,2026-09-03T11:15:03.742310+00:00,45499.0,45649.0,44950.0,45232.0,45195.30859375,322107
2025-01-08 00:00:00+00:00,2025-01-09T00:00:00+00:00,2026-09-03T11:15:03.742310+00:00,46079.0,45862.0,45170.0,45589.0,45552.01953125,868499
2025-01-09 00:00:00+00:00,2025-01-10T00:00:00+00:00,2026-09-03T11:15:03.742310+00:00,46027.0,46600.0,45617.0,46184.0,46146.53515625,605571
2025-01-10 00:00:00+00:00,2025-01-11T00:00:00+00:00,2026-09-03T11:15:03.742310+00:00,46047.0,46842.0,46046.0,46349.0,46311.40234375,479524
2025-01-13 00:00:00+00:00,2025-01-14T00:00:00+00:00,2026-09-03T11:15:03.742310+00:00,46966.0,46886.0,46096.0,46644.0,46606.16015625,437953
2025-01-14 00:00:00+00:00,2025-01-15T00:00:00+00:00,2026-09-03T11:15:03.742310+00:00,47000.0,47482.0,46699.0,46798.0,46760.03515625,522241
2025-01-15 00:00:00+00:00,2025-01-16T00:00:00+00:00,2026-09-03T11:15:03.742310+00:00,47011.0,47052.0,46412.0,46626.0,46588.171875,488819
2025-01-16 00:00:00+00:00,2025-01-17T00:00:00+00:00,2026-09-03T11:15:03.742310+00:00,46620.0,47348.0,46429.0,46598.0,46560.203125,296080
2025-01-17 00:00:00+00:00,2025-01-18T00:00:00+00:00,2026-09-03T11:15:03.742310+00:00,46500.0,47257.0,46590.0,46986.0,46947.88671875,218590
2025-01-20 00:00:00+00:00,2025-01-21T00:00:00+00:00,2026-09-03T11:15:03.742310+00:00,46952.0,47589.0,46597.0,47528.0,47489.44140625,213938
2025-01-21 00:00:00+00:00,2025-01-22T00:00:00+00:00,2026-09-03T11:15:03.742310+00:00,47530.0,47614.0,46161.0,46161.0,46123.5546875,364599
2025-01-22 00:00:00+00:00,2025-01-23T00:00:00+00:00,2026-09-03T11:15:03.742310+00:00,46161.0,46300.0,45581.0,45655.0,45617.96484375,193464
2025-01-23 00:00:00+00:00,2025-01-24T00:00:00+00:00,2026-09-03T11:15:03.742310+00:00,45400.0,45569.0,45150.0,45412.0,45375.1640625,303669
2025-01-24 00:00:00+00:00,2025-01-25T00:00:00+00:00,2026-09-03T11:15:03.742310+00:00,45600.0,46489.0,45451.0,45849.0,45811.80859375,342214
2025-01-27 00:00:00+00:00,2025-01-28T00:00:00+00:00,2026-09-03T11:15:03.742310+00:00,45800.0,46707.0,45329.0,46584.0,46546.2109375,620908
2025-01-28 00:00:00+00:00,2025-01-29T00:00:00+00:00,2026-09-03T11:15:03.742310+00:00,46782.0,46699.0,45644.0,45660.0,45622.9609375,477473
2025-01-29 00:00:00+00:00,2025-01-30T00:00:00+00:00,2026-09-03T11:15:03.742310+00:00,45661.0,46000.0,45450.0,46000.0,45962.6875,180321
2025-01-30 00:00:00+00:00,2025-01-31T00:00:00+00:00,2026-09-03T11:15:03.742310+00:00,46200.0,46032.0,45352.0,45978.0,45940.703125,351729
2025-01-31 00:00:00+00:00,2025-02-01T00:00:00+00:00,2026-09-03T11:15:03.742310+00:00,45955.0,46556.0,45828.0,46215.0,46177.51171875,696673
2025-02-03 00:00:00+00:00,2025-02-04T00:00:00+00:00,2026-09-03T11:15:03.742310+00:00,45512.0,46030.0,45229.0,45686.0,45648.93359375,259708
2025-02-04 00:00:00+00:00,2025-02-05T00:00:00+00:00,2026-09-03T11:15:03.742310+00:00,45792.0,46388.0,45532.0,46388.0,46350.3671875,334800
2025-02-05 00:00:00+00:00,2025-02-06T00:00:00+00:00,2026-09-03T11:15:03.742310+00:00,46511.0,46781.0,46362.0,46688.0,46650.12890625,197669
2025-02-06 00:00:00+00:00,2025-02-07T00:00:00+00:00,2026-09-03T11:15:03.742310+00:00,46771.0,47645.0,46808.0,47350.0,47311.58984375,870218
2025-02-07 00:00:00+00:00,2025-02-08T00:00:00+00:00,2026-09-03T11:15:03.742310+00:00,47250.0,47404.0,46773.0,46865.0,46826.98046875,520554
2025-02-10 00:00:00+00:00,2025-02-11T00:00:00+00:00,2026-09-03T11:15:03.742310+00:00,46248.0,46867.0,46426.0,46650.0,46612.15625,501726
2025-02-11 00:00:00+00:00,2025-02-12T00:00:00+00:00,2026-09-03T11:15:03.742310+00:00,46230.0,46546.0,45849.0,45992.0,45954.6875,326280
2025-02-12 00:00:00+00:00,2025-02-13T00:00:00+00:00,2026-09-03T11:15:03.742310+00:00,46368.0,47000.0,46184.0,46853.0,46814.99609375,597301
2025-02-13 00:00:00+00:00,2025-02-14T00:00:00+00:00,2026-09-03T11:15:03.742310+00:00,47381.0,47965.0,47216.0,47422.0,47383.52734375,387007
2025-02-14 00:00:00+00:00,2025-02-15T00:00:00+00:00,2026-09-03T11:15:03.742310+00:00,47501.0,48538.0,47400.0,47944.0,47905.10546875,875996
2025-02-17 00:00:00+00:00,2025-02-18T00:00:00+00:00,2026-09-03T11:15:03.742310+00:00,47803.0,48547.0,47779.0,48408.0,48368.73046875,519601
2025-02-18 00:00:00+00:00,2025-02-19T00:00:00+00:00,2026-09-03T11:15:03.742310+00:00,48399.0,48443.0,47668.0,47718.0,47679.296875,613599
2025-02-19 00:00:00+00:00,2025-02-20T00:00:00+00:00,2026-09-03T11:15:03.742310+00:00,47800.0,48000.0,47019.0,47019.0,46980.85546875,1193696
2025-02-20 00:00:00+00:00,2025-02-21T00:00:00+00:00,2026-09-03T11:15:03.742310+00:00,47047.0,48257.0,47192.0,48014.0,47975.05078125,1567197
2025-02-21 00:00:00+00:00,2025-02-22T00:00:00+00:00,2026-09-03T11:15:03.742310+00:00,48048.0,48604.0,47677.0,47677.0,47638.32421875,716645
2025-02-24 00:00:00+00:00,2025-02-25T00:00:00+00:00,2026-09-03T11:15:03.742310+00:00,47671.0,47965.0,46855.0,46855.0,46816.9921875,438721
2025-02-25 00:00:00+00:00,2025-02-26T00:00:00+00:00,2026-09-03T11:15:03.742310+00:00,46831.0,47185.0,46224.0,46529.0,46491.25390625,502751
2025-02-26 00:00:00+00:00,2025-02-27T00:00:00+00:00,2026-09-03T11:15:03.742310+00:00,46506.0,46783.0,46138.0,46138.0,46100.5703125,290237
2025-02-27 00:00:00+00:00,2025-02-28T00:00:00+00:00,2026-09-03T11:15:03.742310+00:00,46230.0,46676.0,45893.0,45893.0,45855.7734375,368298
2025-02-28 00:00:00+00:00,2025-03-01T00:00:00+00:00,2026-09-03T11:15:03.742310+00:00,45270.0,45326.0,44522.0,44931.0,44894.55078125,895324
2025-03-03 00:00:00+00:00,2025-03-04T00:00:00+00:00,2026-09-03T11:15:03.742310+00:00,45188.0,46635.0,45041.0,46394.0,46356.36328125,451630
2025-03-04 00:00:00+00:00,2025-03-05T00:00:00+00:00,2026-09-03T11:15:03.742310+00:00,45516.0,45806.0,45075.0,45075.0,45038.43359375,439406
2025-03-05 00:00:00+00:00,2025-03-06T00:00:00+00:00,2026-09-03T11:15:03.742310+00:00,45500.0,45729.0,44884.0,45284.0,45256.484375,1049845
2025-03-06 00:00:00+00:00,2025-03-07T00:00:00+00:00,2026-09-03T11:15:03.742310+00:00,45240.0,46287.0,44878.0,45137.0,45109.57421875,787431
2025-03-07 00:00:00+00:00,2025-03-08T00:00:00+00:00,2026-09-03T11:15:03.742310+00:00,44954.0,44955.0,44223.0,44693.0,44665.83984375,1347455
2025-03-10 00:00:00+00:00,2025-03-11T00:00:00+00:00,2026-09-03T11:15:03.742310+00:00,44924.0,45574.0,44616.0,45335.0,45307.453125,1297931
2025-03-11 00:00:00+00:00,2025-03-12T00:00:00+00:00,2026-09-03T11:15:03.742310+00:00,45226.0,46291.0,45226.0,45584.0,45556.30078125,2113093
2025-03-12 00:00:00+00:00,2025-03-13T00:00:00+00:00,2026-09-03T11:15:03.742310+00:00,45344.0,45430.0,44396.0,44493.0,44465.96484375,572141
2025-03-13 00:00:00+00:00,2025-03-14T00:00:00+00:00,2026-09-03T11:15:03.742310+00:00,44307.0,44909.0,43946.0,44852.0,44824.74609375,585153
2025-03-14 00:00:00+00:00,2025-03-15T00:00:00+00:00,2026-09-03T11:15:03.742310+00:00,44396.0,45050.0,44546.0,44845.0,44817.74609375,861935
2025-03-17 00:00:00+00:00,2025-03-18T00:00:00+00:00,2026-09-03T11:15:03.742310+00:00,45380.0,45775.0,45105.0,45500.0,45472.3515625,1198002
2025-03-18 00:00:00+00:00,2025-03-19T00:00:00+00:00,2026-09-03T11:15:03.742310+00:00,45501.0,45946.0,45262.0,45439.0,45411.390625,1119297
2025-03-19 00:00:00+00:00,2025-03-20T00:00:00+00:00,2026-09-03T11:15:03.742310+00:00,45221.0,45746.0,45158.0,45367.0,45339.4296875,1071462
2025-03-20 00:00:00+00:00,2025-03-21T00:00:00+00:00,2026-09-03T11:15:03.742310+00:00,44731.0,45209.0,44345.0,44821.0,44793.76171875,2950599
2025-03-24 00:00:00+00:00,2025-03-25T00:00:00+00:00,2026-09-03T11:15:03.742310+00:00,44555.0,45438.0,44586.0,44873.0,44845.73046875,524426
2025-03-25 00:00:00+00:00,2025-03-26T00:00:00+00:00,2026-09-03T11:15:03.742310+00:00,44540.0,45360.0,44572.0,45281.0,45253.484375,449026
2025-03-26 00:00:00+00:00,2025-03-27T00:00:00+00:00,2026-09-03T11:15:03.742310+00:00,45500.0,45909.0,45322.0,45544.0,45516.32421875,299841
2025-03-27 00:00:00+00:00,2025-03-28T00:00:00+00:00,2026-09-03T11:15:03.742310+00:00,45544.0,45543.0,45028.0,45370.0,45342.4296875,462760
2025-03-28 00:00:00+00:00,2025-03-29T00:00:00+00:00,2026-09-03T11:15:03.742310+00:00,45500.0,45415.0,44647.0,45010.0,44982.65234375,891951
2025-03-31 00:00:00+00:00,2025-04-01T00:00:00+00:00,2026-09-03T11:15:03.742310+00:00,44390.0,44300.0,43370.0,43880.0,43853.3359375,613740
2025-04-01 00:00:00+00:00,2025-04-02T00:00:00+00:00,2026-09-03T11:15:03.742310+00:00,44629.0,44989.0,44283.0,44668.0,44640.859375,757824
2025-04-02 00:00:00+00:00,2025-04-03T00:00:00+00:00,2026-09-03T11:15:03.742310+00:00,44915.0,45288.0,44333.0,44747.0,44719.80859375,529493
2025-04-03 00:00:00+00:00,2025-04-04T00:00:00+00:00,2026-09-03T11:15:03.742310+00:00,44178.0,44699.0,43473.0,43744.0,43717.41796875,1144549
2025-04-04 00:00:00+00:00,2025-04-05T00:00:00+00:00,2026-09-03T11:15:03.742310+00:00,43200.0,43806.0,40042.0,40663.0,40638.2890625,1518977
2025-04-07 00:00:00+00:00,2025-04-08T00:00:00+00:00,2026-09-03T11:15:03.742310+00:00,39245.0,42643.0,38912.0,42140.0,42114.390625,1379871
2025-04-08 00:00:00+00:00,2025-04-09T00:00:00+00:00,2026-09-03T11:15:03.742310+00:00,41900.0,42147.0,40921.0,40921.0,40896.13671875,1307108
2025-04-09 00:00:00+00:00,2025-04-10T00:00:00+00:00,2026-09-03T11:15:03.742310+00:00,40036.0,41233.0,39923.0,40527.0,40502.37109375,757826
2025-04-10 00:00:00+00:00,2025-04-11T00:00:00+00:00,2026-09-03T11:15:03.742310+00:00,42777.0,43428.0,42030.83203125,42549.0,42523.140625,2409650
2025-04-11 00:00:00+00:00,2025-04-12T00:00:00+00:00,2026-09-03T11:15:03.742310+00:00,42700.0,43357.0,41732.0,42782.0,42756.0,642681
2025-04-14 00:00:00+00:00,2025-04-15T00:00:00+00:00,2026-09-03T11:15:03.742310+00:00,43259.0,43677.0,43174.0,43525.0,43498.55078125,846104
2025-04-15 00:00:00+00:00,2025-04-16T00:00:00+00:00,2026-09-03T11:15:03.742310+00:00,43607.0,44241.0,43475.0,44215.0,44188.1328125,1089107
2025-04-16 00:00:00+00:00,2025-04-17T00:00:00+00:00,2026-09-03T11:15:03.742310+00:00,43618.0,43951.0,43087.0,43090.0,43063.8125,1020860
2025-04-17 00:00:00+00:00,2025-04-18T00:00:00+00:00,2026-09-03T11:15:03.742310+00:00,43583.0,44050.0,43349.0,43600.0,43573.50390625,515565
2025-04-22 00:00:00+00:00,2025-04-23T00:00:00+00:00,2026-09-03T11:15:03.742310+00:00,43917.0,44369.0,43853.0,44245.0,44218.11328125,413386
2025-04-23 00:00:00+00:00,2025-04-24T00:00:00+00:00,2026-09-03T11:15:03.742310+00:00,45088.0,46137.0,45070.0,45623.0,45595.27734375,402881
2025-04-24 00:00:00+00:00,2025-04-25T00:00:00+00:00,2026-09-03T11:15:03.742310+00:00,45373.0,45856.0,44949.0,45755.0,45727.19921875,244533
2025-04-25 00:00:00+00:00,2025-04-26T00:00:00+00:00,2026-09-03T11:15:03.742310+00:00,45550.0,46110.0,45000.0,45134.0,45106.57421875,411781
2025-04-29 00:00:00+00:00,2025-04-30T00:00:00+00:00,2026-09-03T11:15:03.742310+00:00,45372.0,45919.0,45105.0,45287.0,45259.484375,416555
2025-04-30 00:00:00+00:00,2025-05-01T00:00:00+00:00,2026-09-03T11:15:03.742310+00:00,45340.0,45202.0,43494.0,43866.0,43839.34375,1462245
2025-05-02 00:00:00+00:00,2025-05-03T00:00:00+00:00,2026-09-03T11:15:03.742310+00:00,44997.0,45339.0,44485.0,44800.0,44772.77734375,420461
2025-05-05 00:00:00+00:00,2025-05-06T00:00:00+00:00,2026-09-03T11:15:03.742310+00:00,44800.0,44968.0,44200.0,44650.0,44622.8671875,367815
2025-05-06 00:00:00+00:00,2025-05-07T00:00:00+00:00,2026-09-03T11:15:03.742310+00:00,44520.0,44522.0,43690.0,44339.0,44312.05859375,571206
2025-05-07 00:00:00+00:00,2025-05-08T00:00:00+00:00,2026-09-03T11:15:03.742310+00:00,44501.0,44959.0,44123.0,44185.0,44158.15234375,472341
2025-05-08 00:00:00+00:00,2025-05-09T00:00:00+00:00,2026-09-03T11:15:03.742310+00:00,44110.0,44415.0,43456.0,43618.0,43591.4921875,342976
2025-05-09 00:00:00+00:00,2025-05-10T00:00:00+00:00,2026-09-03T11:15:03.742310+00:00,43800.0,44499.0,43780.0,44310.0,44283.07421875,274500
2025-05-12 00:00:00+00:00,2025-05-13T00:00:00+00:00,2026-09-03T11:15:03.742310+00:00,45200.0,46691.0,45200.0,45915.0,45887.1015625,633943
2025-05-13 00:00:00+00:00,2025-05-14T00:00:00+00:00,2026-09-03T11:15:03.742310+00:00,45911.0,46521.0,45900.0,46495.0,46466.74609375,1159820
2025-05-14 00:00:00+00:00,2025-05-15T00:00:00+00:00,2026-09-03T11:15:03.742310+00:00,46709.0,46904.0,45864.0,46009.0,45981.0390625,566446
2025-05-15 00:00:00+00:00,2025-05-16T00:00:00+00:00,2026-09-03T11:15:03.742310+00:00,45873.0,46000.0,45167.0,45395.0,45367.41796875,324810
2025-05-16 00:00:00+00:00,2025-05-17T00:00:00+00:00,2026-09-03T11:15:03.742310+00:00,45650.0,46005.0,45179.0,45361.0,45333.43359375,390466
2025-05-19 00:00:00+00:00,2025-05-20T00:00:00+00:00,2026-09-03T11:15:03.742310+00:00,45014.0,45313.0,44762.0,45179.0,45151.546875,402691
2025-05-20 00:00:00+00:00,2025-05-21T00:00:00+00:00,2026-09-03T11:15:03.742310+00:00,45130.0,45130.0,44517.0,44905.0,44877.71484375,1624611
2025-05-21 00:00:00+00:00,2025-05-22T00:00:00+00:00,2026-09-03T11:15:03.742310+00:00,45000.0,45213.0,44351.0,44460.0,44432.98046875,1237157
2025-05-22 00:00:00+00:00,2025-05-23T00:00:00+00:00,2026-09-03T11:15:03.742310+00:00,44587.0,44833.0,44305.0,44378.0,44351.03125,556215
2025-05-23 00:00:00+00:00,2025-05-24T00:00:00+00:00,2026-09-03T11:15:03.742310+00:00,44350.0,44718.0,44000.0,44388.0,44361.02734375,332447
2025-05-26 00:00:00+00:00,2025-05-27T00:00:00+00:00,2026-09-03T11:15:03.742310+00:00,44373.0,44858.0,44294.0,44322.0,44295.06640625,577860
2025-05-27 00:00:00+00:00,2025-05-28T00:00:00+00:00,2026-09-03T11:15:03.742310+00:00,44179.0,44601.0,44045.0,44381.0,44354.03125,338928
2025-05-28 00:00:00+00:00,2025-05-29T00:00:00+00:00,2026-09-03T11:15:03.742310+00:00,44313.0,44584.0,43992.0,44082.0,44055.2109375,292071
2025-05-29 00:00:00+00:00,2025-05-30T00:00:00+00:00,2026-09-03T11:15:03.742310+00:00,44531.0,44531.0,43701.0,43850.0,43823.35546875,244627
2025-05-30 00:00:00+00:00,2025-05-31T00:00:00+00:00,2026-09-03T11:15:03.742310+00:00,44444.0,44063.0,43500.0,44025.0,43998.24609375,545430
2025-06-02 00:00:00+00:00,2025-06-03T00:00:00+00:00,2026-09-03T11:15:03.742310+00:00,43808.0,44137.0,43534.0,44001.0,43974.265625,310234
2025-06-03 00:00:00+00:00,2025-06-04T00:00:00+00:00,2026-09-03T11:15:03.742310+00:00,43436.0,43536.0,42755.0,43435.0,43408.60546875,231244
2025-06-04 00:00:00+00:00,2025-06-05T00:00:00+00:00,2026-09-03T11:15:03.742310+00:00,44000.0,44068.0,43446.0,43849.0,43822.35546875,338208
2025-06-05 00:00:00+00:00,2025-06-06T00:00:00+00:00,2026-09-03T11:15:03.742310+00:00,44064.0,44766.0,43849.0,44665.0,44637.859375,1075373
2025-06-06 00:00:00+00:00,2025-06-07T00:00:00+00:00,2026-09-03T11:15:03.742310+00:00,44272.0,44364.0,43967.0,44075.0,44048.21875,186774
2025-06-09 00:00:00+00:00,2025-06-10T00:00:00+00:00,2026-09-03T11:15:03.742310+00:00,44062.0,44304.0,44002.0,44230.0,44203.12109375,439035
2025-06-10 00:00:00+00:00,2025-06-11T00:00:00+00:00,2026-09-03T11:15:03.742310+00:00,44000.0,44807.0,44200.0,44701.0,44673.8359375,299383
2025-06-11 00:00:00+00:00,2025-06-12T00:00:00+00:00,2026-09-03T11:15:03.742310+00:00,45000.0,45376.0,44925.0,45160.0,45132.5625,396452
2025-06-12 00:00:00+00:00,2025-06-13T00:00:00+00:00,2026-09-03T11:15:03.742310+00:00,44481.0,44532.0,44082.0,44223.0,44196.125,228968
2025-06-13 00:00:00+00:00,2025-06-14T00:00:00+00:00,2026-09-03T11:15:03.742310+00:00,43870.0,43990.0,43380.0,43402.0,43375.62890625,609045
2025-06-17 00:00:00+00:00,2025-06-18T00:00:00+00:00,2026-09-03T11:15:03.742310+00:00,43250.0,43623.0,43068.0,43195.0,43168.75,445109
2025-06-18 00:00:00+00:00,2025-06-19T00:00:00+00:00,2026-09-03T11:15:03.742310+00:00,43188.0,43309.0,42903.0,43143.0,43116.78515625,491103
2025-06-19 00:00:00+00:00,2025-06-20T00:00:00+00:00,2026-09-03T11:15:03.742310+00:00,42536.0,42508.0,42106.0,42266.0,42240.31640625,794342
2025-06-20 00:00:00+00:00,2025-06-21T00:00:00+00:00,2026-09-03T11:15:03.742310+00:00,42100.0,42509.0,41611.0,41849.0,41823.5703125,1139793
2025-06-23 00:00:00+00:00,2025-06-24T00:00:00+00:00,2026-09-03T11:15:03.742310+00:00,41343.0,41666.0,41235.0,41666.0,41640.6796875,345551
2025-06-24 00:00:00+00:00,2025-06-25T00:00:00+00:00,2026-09-03T11:15:03.742310+00:00,42369.0,42533.0,41730.0,42029.0,42003.45703125,372312
2025-06-25 00:00:00+00:00,2025-06-26T00:00:00+00:00,2026-09-03T11:15:03.742310+00:00,41636.0,41990.0,41463.0,41463.0,41437.8046875,409449
2025-06-26 00:00:00+00:00,2025-06-27T00:00:00+00:00,2026-09-03T11:15:03.742310+00:00,41802.0,42744.0,41611.0,42744.0,42718.0234375,277956
2025-06-27 00:00:00+00:00,2025-06-28T00:00:00+00:00,2026-09-03T11:15:03.742310+00:00,43597.0,43780.0,42951.0,43346.0,43319.66015625,347619
2025-06-30 00:00:00+00:00,2025-07-01T00:00:00+00:00,2026-09-03T11:15:03.742310+00:00,43122.0,43115.0,42385.0,42694.0,42668.05859375,185517
2025-07-01 00:00:00+00:00,2025-07-02T00:00:00+00:00,2026-09-03T11:15:03.742310+00:00,42496.0,42648.0,42230.0,42585.0,42559.12109375,531131
2025-07-02 00:00:00+00:00,2025-07-03T00:00:00+00:00,2026-09-03T11:15:03.742310+00:00,43075.0,44269.0,43075.0,44133.0,44106.18359375,418242
2025-07-03 00:00:00+00:00,2025-07-04T00:00:00+00:00,2026-09-03T11:15:03.742310+00:00,45027.0,45106.0,44026.0,44164.0,44137.1640625,1450330
2025-07-04 00:00:00+00:00,2025-07-05T00:00:00+00:00,2026-09-03T11:15:03.742310+00:00,44084.0,44179.0,43852.0,44100.0,44073.19921875,162868
2025-07-07 00:00:00+00:00,2025-07-08T00:00:00+00:00,2026-09-03T11:15:03.742310+00:00,43910.0,44553.0,44125.0,44250.0,44223.109375,327612
2025-07-08 00:00:00+00:00,2025-07-09T00:00:00+00:00,2026-09-03T11:15:03.742310+00:00,44485.0,44619.0,44199.0,44534.0,44506.9375,362670
2025-07-09 00:00:00+00:00,2025-07-10T00:00:00+00:00,2026-09-03T11:15:03.742310+00:00,44012.0,44622.0,43900.0,43928.0,43901.30859375,310920
2025-07-10 00:00:00+00:00,2025-07-11T00:00:00+00:00,2026-09-03T11:15:03.742310+00:00,44990.0,46091.0,44990.0,46091.0,46062.9921875,604983
2025-07-11 00:00:00+00:00,2025-07-12T00:00:00+00:00,2026-09-03T11:15:03.742310+00:00,46100.0,46318.0,45558.0,46240.0,46211.90234375,406286
2025-07-14 00:00:00+00:00,2025-07-15T00:00:00+00:00,2026-09-03T11:15:03.742310+00:00,46542.0,46830.0,46022.0,46120.0,46091.97265625,435974
2025-07-15 00:00:00+00:00,2025-07-16T00:00:00+00:00,2026-09-03T11:15:03.742310+00:00,46120.0,46120.0,44805.0,44900.0,44872.71875,468683
2025-07-16 00:00:00+00:00,2025-07-17T00:00:00+00:00,2026-09-03T11:15:03.742310+00:00,45514.0,45713.0,45179.0,45304.0,45276.47265625,233466
2025-07-17 00:00:00+00:00,2025-07-18T00:00:00+00:00,2026-09-03T11:15:03.742310+00:00,44850.0,46072.0,44927.0,45955.0,45927.07421875,366635
2025-07-18 00:00:00+00:00,2025-07-19T00:00:00+00:00,2026-09-03T11:15:03.742310+00:00,46600.0,46509.0,45534.0,45807.0,45779.16796875,285144
2025-07-21 00:00:00+00:00,2025-07-22T00:00:00+00:00,2026-09-03T11:15:03.742310+00:00,46488.0,47532.0,45980.0,47480.0,47451.1484375,619624
2025-07-22 00:00:00+00:00,2025-07-23T00:00:00+00:00,2026-09-03T11:15:03.742310+00:00,48000.0,47867.0,47395.0,47790.0,47760.9609375,487743
2025-07-23 00:00:00+00:00,2025-07-24T00:00:00+00:00,2026-09-03T11:15:03.742310+00:00,48000.0,48557.0,47856.0,48135.0,48105.75,664683
2025-07-24 00:00:00+00:00,2025-07-25T00:00:00+00:00,2026-09-03T11:15:03.742310+00:00,48187.0,48236.0,47590.0,47910.0,47880.88671875,579562
2025-07-25 00:00:00+00:00,2025-07-26T00:00:00+00:00,2026-09-03T11:15:03.742310+00:00,46802.0,47453.0,46802.0,46956.0,46927.46484375,531955
2025-07-28 00:00:00+00:00,2025-07-29T00:00:00+00:00,2026-09-03T11:15:03.742310+00:00,47100.0,47100.0,46253.0,46415.0,46386.79296875,253561
2025-07-29 00:00:00+00:00,2025-07-30T00:00:00+00:00,2026-09-03T11:15:03.742310+00:00,47699.0,47499.0,46729.0,46855.0,46826.53125,683228
2025-07-30 00:00:00+00:00,2025-07-31T00:00:00+00:00,2026-09-03T11:15:03.742310+00:00,46725.0,46749.0,45985.0,46391.0,46362.80859375,255377
2025-07-31 00:00:00+00:00,2025-08-01T00:00:00+00:00,2026-09-03T11:15:03.742310+00:00,45400.0,45670.0,44765.0,45207.0,45179.52734375,1253338
2025-08-01 00:00:00+00:00,2025-08-02T00:00:00+00:00,2026-09-03T11:15:03.742310+00:00,45843.0,46050.0,45499.0,45499.0,45471.3515625,987377
2025-08-04 00:00:00+00:00,2025-08-05T00:00:00+00:00,2026-09-03T11:15:03.742310+00:00,45981.0,46178.0,45773.0,45940.0,45912.08203125,498655
2025-08-05 00:00:00+00:00,2025-08-06T00:00:00+00:00,2026-09-03T11:15:03.742310+00:00,45968.0,46530.0,45984.0,46060.0,46032.01171875,296142
2025-08-06 00:00:00+00:00,2025-08-07T00:00:00+00:00,2026-09-03T11:15:03.742310+00:00,46060.0,46325.0,45757.0,45757.0,45729.1953125,366737
2025-08-07 00:00:00+00:00,2025-08-08T00:00:00+00:00,2026-09-03T11:15:03.742310+00:00,45925.0,46552.0,45830.0,45937.0,45909.08203125,646462
2025-08-08 00:00:00+00:00,2025-08-09T00:00:00+00:00,2026-09-03T11:15:03.742310+00:00,46400.0,46685.0,46267.0,46680.0,46651.6328125,366129
2025-08-11 00:00:00+00:00,2025-08-12T00:00:00+00:00,2026-09-03T11:15:03.742310+00:00,47014.0,47268.0,46667.0,46700.0,46671.62109375,692359
2025-08-12 00:00:00+00:00,2025-08-13T00:00:00+00:00,2026-09-03T11:15:03.742310+00:00,47455.0,47761.0,47311.0,47350.0,47321.2265625,409035
2025-08-13 00:00:00+00:00,2025-08-14T00:00:00+00:00,2026-09-03T11:15:03.742310+00:00,47700.0,47950.0,47388.0,47615.0,47586.0625,799834
2025-08-14 00:00:00+00:00,2025-08-15T00:00:00+00:00,2026-09-03T11:15:03.742310+00:00,47002.0,47563.0,47190.0,47205.0,47176.3125,778254
2025-08-15 00:00:00+00:00,2025-08-16T00:00:00+00:00,2026-09-03T11:15:03.742310+00:00,47719.0,48177.0,47655.0,47750.0,47720.984375,749198
2025-08-18 00:00:00+00:00,2025-08-19T00:00:00+00:00,2026-09-03T11:15:03.742310+00:00,47500.0,47640.0,47162.0,47200.0,47171.31640625,728871
2025-08-19 00:00:00+00:00,2025-08-20T00:00:00+00:00,2026-09-03T11:15:03.742310+00:00,47925.0,48391.0,47210.0,47210.0,47181.3125,1218978
2025-08-20 00:00:00+00:00,2025-08-21T00:00:00+00:00,2026-09-03T11:15:03.742310+00:00,47255.0,47462.0,46719.0,47210.0,47181.3125,570756
2025-08-21 00:00:00+00:00,2025-08-22T00:00:00+00:00,2026-09-03T11:15:03.742310+00:00,47560.0,47827.0,47421.0,47610.0,47581.0703125,466487
2025-08-22 00:00:00+00:00,2025-08-23T00:00:00+00:00,2026-09-03T11:15:03.742310+00:00,47832.0,48776.0,47645.0,48626.0,48596.44921875,561564
2025-08-25 00:00:00+00:00,2025-08-26T00:00:00+00:00,2026-09-03T11:15:03.742310+00:00,48700.0,49200.0,48799.0,48995.0,48965.2265625,679568
2025-08-26 00:00:00+00:00,2025-08-27T00:00:00+00:00,2026-09-03T11:15:03.742310+00:00,49136.0,49218.0,48051.0,48650.0,48620.4375,1291613
2025-08-27 00:00:00+00:00,2025-08-28T00:00:00+00:00,2026-09-03T11:15:03.742310+00:00,49156.0,49414.0,49118.0,49245.0,49215.07421875,476742
2025-08-28 00:00:00+00:00,2025-08-29T00:00:00+00:00,2026-09-03T11:15:03.742310+00:00,49500.0,49633.0,49271.0,49385.0,49354.98828125,771283
2025-08-29 00:00:00+00:00,2025-08-30T00:00:00+00:00,2026-09-03T11:15:03.742310+00:00,49658.0,49855.0,49180.0,49380.0,49349.99609375,986266
2025-09-01 00:00:00+00:00,2025-09-02T00:00:00+00:00,2026-09-03T11:15:03.742310+00:00,48351.0,49150.0,48710.0,48805.0,48775.33984375,494757
2025-09-02 00:00:00+00:00,2025-09-03T00:00:00+00:00,2026-09-03T11:15:03.742310+00:00,49283.0,49191.0,48506.0,48841.0,48811.31640625,1246172
2025-09-03 00:00:00+00:00,2025-09-04T00:00:00+00:00,2026-09-03T11:15:03.742310+00:00,48036.0,48386.0,47695.0,48056.0,48037.19921875,494000
2025-09-04 00:00:00+00:00,2025-09-05T00:00:00+00:00,2026-09-03T11:15:03.742310+00:00,48352.0,48695.0,47881.0,47881.0,47862.265625,814926
2025-09-05 00:00:00+00:00,2025-09-06T00:00:00+00:00,2026-09-03T11:15:03.742310+00:00,48027.0,48417.0,47556.46875,47580.0,47561.3828125,737230
2025-09-08 00:00:00+00:00,2025-09-09T00:00:00+00:00,2026-09-03T11:15:03.742310+00:00,47500.0,47752.0,47200.0,47315.0,47296.4921875,393733
2025-09-09 00:00:00+00:00,2025-09-10T00:00:00+00:00,2026-09-03T11:15:03.742310+00:00,47362.0,47591.0,46460.0,46994.0,46975.6171875,1729744
2025-09-10 00:00:00+00:00,2025-09-11T00:00:00+00:00,2026-09-03T11:15:03.742310+00:00,46795.0,46938.0,46199.0,46199.0,46180.92578125,738415
2025-09-11 00:00:00+00:00,2025-09-12T00:00:00+00:00,2026-09-03T11:15:03.742310+00:00,46200.0,46780.0,46136.0,46667.0,46648.7421875,288753
2025-09-12 00:00:00+00:00,2025-09-13T00:00:00+00:00,2026-09-03T11:15:03.742310+00:00,47147.0,47562.0,46909.0,46909.0,46890.6484375,360409
2025-09-15 00:00:00+00:00,2025-09-16T00:00:00+00:00,2026-09-03T11:15:03.742310+00:00,46595.0,47097.0,46452.0,46810.0,46791.6875,371084
2025-09-16 00:00:00+00:00,2025-09-17T00:00:00+00:00,2026-09-03T11:15:03.742310+00:00,47144.0,47597.0,46721.0,46834.0,46815.67578125,886348
2025-09-17 00:00:00+00:00,2025-09-18T00:00:00+00:00,2026-09-03T11:15:03.742310+00:00,46455.0,46565.0,46106.0,46302.0,46283.88671875,996715
2025-09-18 00:00:00+00:00,2025-09-19T00:00:00+00:00,2026-09-03T11:15:03.742310+00:00,46197.0,46362.0,45373.0,45373.0,45355.25,1944399
2025-09-19 00:00:00+00:00,2025-09-20T00:00:00+00:00,2026-09-03T11:15:03.742310+00:00,45040.0,45293.0,44916.0,45050.0,45032.375,1720970
2025-09-22 00:00:00+00:00,2025-09-23T00:00:00+00:00,2026-09-03T11:15:03.742310+00:00,45446.0,45995.0,45360.0,45869.0,45851.0546875,748554
2025-09-23 00:00:00+00:00,2025-09-24T00:00:00+00:00,2026-09-03T11:15:03.742310+00:00,45520.0,46208.0,45628.0,46013.0,45994.99609375,798205
2025-09-25 00:00:00+00:00,2025-09-26T00:00:00+00:00,2026-09-03T11:15:03.742310+00:00,47381.0,48519.0,47365.0,48227.0,48208.1328125,2361555
2025-09-26 00:00:00+00:00,2025-09-27T00:00:00+00:00,2026-09-03T11:15:03.742310+00:00,48054.0,48005.0,47449.0,47518.0,47499.41015625,309699
2025-09-29 00:00:00+00:00,2025-09-30T00:00:00+00:00,2026-09-03T11:15:03.742310+00:00,47426.0,48795.0,47317.0,48795.0,48775.91015625,506143
2025-09-30 00:00:00+00:00,2025-10-01T00:00:00+00:00,2026-09-03T11:15:03.742310+00:00,48593.0,48652.0,46291.0,47663.0,47644.35546875,1195099
2025-10-01 00:00:00+00:00,2025-10-02T00:00:00+00:00,2026-09-03T11:15:03.742310+00:00,47270.0,48506.0,46980.0,48100.0,48081.18359375,653914
2025-10-02 00:00:00+00:00,2025-10-03T00:00:00+00:00,2026-09-03T11:15:03.742310+00:00,48499.0,48307.0,47074.0,47074.0,47055.5859375,552374
2025-10-03 00:00:00+00:00,2025-10-04T00:00:00+00:00,2026-09-03T11:15:03.742310+00:00,47447.0,48376.0,47447.0,48376.0,48357.07421875,375544
2025-10-06 00:00:00+00:00,2025-10-07T00:00:00+00:00,2026-09-03T11:15:03.742310+00:00,47800.0,48380.0,47663.0,48354.0,48335.08203125,420901
2025-10-07 00:00:00+00:00,2025-10-08T00:00:00+00:00,2026-09-03T11:15:03.742310+00:00,47800.0,48117.0,47424.0,47990.0,47971.22265625,439891
2025-10-08 00:00:00+00:00,2025-10-09T00:00:00+00:00,2026-09-03T11:15:03.742310+00:00,47673.0,48400.0,47554.0,48216.0,48197.13671875,462850
2025-10-09 00:00:00+00:00,2025-10-10T00:00:00+00:00,2026-09-03T11:15:03.742310+00:00,48583.0,49597.0,48365.0,48437.0,48418.0546875,637845
2025-10-10 00:00:00+00:00,2025-10-11T00:00:00+00:00,2026-09-03T11:15:03.742310+00:00,47900.0,48321.0,47642.0,48044.0,48025.20703125,650572
2025-10-13 00:00:00+00:00,2025-10-14T00:00:00+00:00,2026-09-03T11:15:03.742310+00:00,47700.0,48596.0,47649.9375,48380.0,48361.07421875,668777
2025-10-14 00:00:00+00:00,2025-10-15T00:00:00+00:00,2026-09-03T11:15:03.742310+00:00,47881.0,49082.0,47738.0,48884.0,48864.87890625,1115344
2025-10-15 00:00:00+00:00,2025-10-16T00:00:00+00:00,2026-09-03T11:15:03.742310+00:00,49046.0,49624.0,49044.0,49186.0,49166.7578125,711333
2025-10-16 00:00:00+00:00,2025-10-17T00:00:00+00:00,2026-09-03T11:15:03.742310+00:00,49150.0,49760.0,48732.0,49030.0,49010.8203125,1285092
2025-10-17 00:00:00+00:00,2025-10-18T00:00:00+00:00,2026-09-03T11:15:03.742310+00:00,48701.0,49081.0,48401.0,48403.0,48384.0625,785637
2025-10-20 00:00:00+00:00,2025-10-21T00:00:00+00:00,2026-09-03T11:15:03.742310+00:00,48539.0,49183.44140625,48315.0,48985.0,48965.8359375,813316
2025-10-21 00:00:00+00:00,2025-10-22T00:00:00+00:00,2026-09-03T11:15:03.742310+00:00,49315.0,49500.0,48584.0,48915.0,48895.86328125,687825
2025-10-22 00:00:00+00:00,2025-10-23T00:00:00+00:00,2026-09-03T11:15:03.742310+00:00,48900.0,49616.0,48246.0,48358.0,48339.08203125,766330
2025-10-23 00:00:00+00:00,2025-10-24T00:00:00+00:00,2026-09-03T11:15:03.742310+00:00,48422.0,48880.0,48444.0,48513.0,48494.01953125,260544
2025-10-24 00:00:00+00:00,2025-10-25T00:00:00+00:00,2026-09-03T11:15:03.742310+00:00,48412.0,48525.0,47845.0,47845.0,47826.28125,242294
2025-10-27 00:00:00+00:00,2025-10-28T00:00:00+00:00,2026-09-03T11:15:03.742310+00:00,49031.0,49324.0,48460.0,48620.0,48600.98046875,1085895
2025-10-28 00:00:00+00:00,2025-10-29T00:00:00+00:00,2026-09-03T11:15:03.742310+00:00,48620.0,49017.0,48416.0,49017.0,48997.82421875,618121
2025-10-29 00:00:00+00:00,2025-10-30T00:00:00+00:00,2026-09-03T11:15:03.742310+00:00,49016.0,50500.0,49016.0,50044.0,50024.421875,470725
2025-10-30 00:00:00+00:00,2025-10-31T00:00:00+00:00,2026-09-03T11:15:03.742310+00:00,50500.0,50500.0,48859.0,49188.0,49168.7578125,328138
2025-10-31 00:00:00+00:00,2025-11-01T00:00:00+00:00,2026-09-03T11:15:03.742310+00:00,49188.0,49959.0,48619.0,49335.0,49315.69921875,326465
2025-11-03 00:00:00+00:00,2025-11-04T00:00:00+00:00,2026-09-03T11:15:03.742310+00:00,49302.0,49394.0,48319.0,48465.0,48446.0390625,385808
2025-11-04 00:00:00+00:00,2025-11-05T00:00:00+00:00,2026-09-03T11:15:03.742310+00:00,48599.0,48599.0,47279.0,47755.0,47736.31640625,752293
2025-11-05 00:00:00+00:00,2025-11-06T00:00:00+00:00,2026-09-03T11:15:03.742310+00:00,48680.0,48263.0,47390.0,48143.0,48124.1640625,410113
2025-11-06 00:00:00+00:00,2025-11-07T00:00:00+00:00,2026-09-03T11:15:03.742310+00:00,48261.0,48819.0,48026.0,48272.0,48253.11328125,614036
2025-11-07 00:00:00+00:00,2025-11-08T00:00:00+00:00,2026-09-03T11:15:03.742310+00:00,48690.0,48217.0,46613.0,47206.0,47187.53125,1682601
2025-11-10 00:00:00+00:00,2025-11-11T00:00:00+00:00,2026-09-03T11:15:03.742310+00:00,47622.0,48091.0,47435.0,47435.0,47416.44140625,1469294
2025-11-11 00:00:00+00:00,2025-11-12T00:00:00+00:00,2026-09-03T11:15:03.742310+00:00,46600.0,47878.0,47366.0,47740.0,47721.32421875,1021604
2025-11-12 00:00:00+00:00,2025-11-13T00:00:00+00:00,2026-09-03T11:15:03.742310+00:00,47250.0,48257.0,47715.0,48116.0,48097.1796875,477390
2025-11-13 00:00:00+00:00,2025-11-14T00:00:00+00:00,2026-09-03T11:15:03.742310+00:00,48240.0,48434.0,47974.0,48190.0,48171.1484375,593205
2025-11-14 00:00:00+00:00,2025-11-15T00:00:00+00:00,2026-09-03T11:15:03.742310+00:00,47919.0,47919.0,46246.0,46950.0,46931.6328125,847611
2025-11-17 00:00:00+00:00,2025-11-18T00:00:00+00:00,2026-09-03T11:15:03.742310+00:00,46950.0,47322.0,46803.0,47040.0,47021.59765625,722976
2025-11-18 00:00:00+00:00,2025-11-19T00:00:00+00:00,2026-09-03T11:15:03.742310+00:00,46190.0,46233.0,45002.0,46065.0,46046.98046875,1442780
2025-11-19 00:00:00+00:00,2025-11-20T00:00:00+00:00,2026-09-03T11:15:03.742310+00:00,46167.0,46254.0,45501.0,46075.0,46056.9765625,398339
2025-11-20 00:00:00+00:00,2025-11-21T00:00:00+00:00,2026-09-03T11:15:03.742310+00:00,46200.0,46990.0,45698.0,46030.0,46011.9921875,1821046
2025-11-21 00:00:00+00:00,2025-11-22T00:00:00+00:00,2026-09-03T11:15:03.742310+00:00,45270.0,45705.0,44595.0,45705.0,45687.12109375,756455
2025-11-24 00:00:00+00:00,2025-11-25T00:00:00+00:00,2026-09-03T11:15:03.742310+00:00,45870.0,45961.0,45011.0,45640.0,45622.14453125,781316
2025-11-25 00:00:00+00:00,2025-11-26T00:00:00+00:00,2026-09-03T11:15:03.742310+00:00,45598.0,46240.0,45504.0,46160.0,46141.94140625,441336
2025-11-26 00:00:00+00:00,2025-11-27T00:00:00+00:00,2026-09-03T11:15:03.742310+00:00,46500.0,46823.0,46137.0,46678.0,46659.7421875,610174
2025-11-27 00:00:00+00:00,2025-11-28T00:00:00+00:00,2026-09-03T11:15:03.742310+00:00,46990.0,46944.0,46054.0,46100.0,46081.96484375,1327391
2025-11-28 00:00:00+00:00,2025-11-29T00:00:00+00:00,2026-09-03T11:15:03.742310+00:00,47000.0,46722.0,46251.0,46467.0,46448.8203125,1892423
2025-12-01 00:00:00+00:00,2025-12-02T00:00:00+00:00,2026-09-03T11:15:03.742310+00:00,46677.0,47441.0,46344.0,47441.0,47422.44140625,1133985
2025-12-02 00:00:00+00:00,2025-12-03T00:00:00+00:00,2026-09-03T11:15:03.742310+00:00,47460.0,47942.0,47130.0,47624.0,47605.3671875,669104
2025-12-03 00:00:00+00:00,2025-12-04T00:00:00+00:00,2026-09-03T11:15:03.742310+00:00,48010.0,49067.0,48000.0,48952.0,48932.8515625,495018
2025-12-04 00:00:00+00:00,2025-12-05T00:00:00+00:00,2026-09-03T11:15:03.742310+00:00,49870.0,50245.0,48965.0,49150.0,49130.76953125,569232
2025-12-05 00:00:00+00:00,2025-12-06T00:00:00+00:00,2026-09-03T11:15:03.742310+00:00,49700.0,50620.0,50013.0,50350.0,50330.30078125,275955
2025-12-08 00:00:00+00:00,2025-12-09T00:00:00+00:00,2026-09-03T11:15:03.742310+00:00,50470.0,50353.0,49679.0,49745.0,49725.5390625,395576
2025-12-09 00:00:00+00:00,2025-12-10T00:00:00+00:00,2026-09-03T11:15:03.742310+00:00,49660.0,50041.0,49413.0,49740.0,49720.54296875,403736
2025-12-10 00:00:00+00:00,2025-12-11T00:00:00+00:00,2026-09-03T11:15:03.742310+00:00,49855.0,51500.0,49997.0,51308.0,51287.9296875,395776
2025-12-11 00:00:00+00:00,2025-12-12T00:00:00+00:00,2026-09-03T11:15:03.742310+00:00,50610.0,51439.0,50454.0,51341.0,51320.9140625,394417
2025-12-12 00:00:00+00:00,2025-12-13T00:00:00+00:00,2026-09-03T11:15:03.742310+00:00,51050.0,51661.0,50787.0,51198.0,51177.97265625,359685
2025-12-15 00:00:00+00:00,2025-12-16T00:00:00+00:00,2026-09-03T11:15:03.742310+00:00,50379.0,50267.0,49376.0,49476.0,49456.64453125,387628
2025-12-17 00:00:00+00:00,2025-12-18T00:00:00+00:00,2026-09-03T11:15:03.742310+00:00,49060.0,49684.0,49047.0,49552.0,49532.6171875,475928
2025-12-18 00:00:00+00:00,2025-12-19T00:00:00+00:00,2026-09-03T11:15:03.742310+00:00,49491.0,50066.0,49452.0,49805.0,49785.515625,1611290
2025-12-19 00:00:00+00:00,2025-12-20T00:00:00+00:00,2026-09-03T11:15:03.742310+00:00,49516.0,49732.0,49316.0,49581.0,49561.6015625,1797027
2025-12-22 00:00:00+00:00,2025-12-23T00:00:00+00:00,2026-09-03T11:15:03.742310+00:00,49497.0,50773.0,49497.0,50773.0,50753.13671875,751151
2025-12-23 00:00:00+00:00,2025-12-24T00:00:00+00:00,2026-09-03T11:15:03.742310+00:00,50390.0,51301.0,50550.0,51049.0,51029.03125,401150
2025-12-24 00:00:00+00:00,2025-12-25T00:00:00+00:00,2026-09-03T11:15:03.742310+00:00,51049.0,51432.0,50997.0,50997.0,50977.046875,58424
2025-12-29 00:00:00+00:00,2025-12-30T00:00:00+00:00,2026-09-03T11:15:03.742310+00:00,50810.0,51661.0,50658.0,50714.0,50694.16015625,425471
2025-12-30 00:00:00+00:00,2025-12-31T00:00:00+00:00,2026-09-03T11:15:03.742310+00:00,50874.0,51414.0,50702.0,51015.0,50995.0390625,219083
2025-12-31 00:00:00+00:00,2026-01-01T00:00:00+00:00,2026-09-03T11:15:03.742310+00:00,50020.0,51499.0,50478.0,50712.0,50692.1640625,52815
2026-01-02 00:00:00+00:00,2026-01-03T00:00:00+00:00,2026-09-03T11:15:03.742310+00:00,51275.0,50980.0,50507.0,50962.0,50942.0625,100180
2026-01-05 00:00:00+00:00,2026-01-06T00:00:00+00:00,2026-09-03T11:15:03.742310+00:00,50711.0,51626.0,50709.0,51626.0,51605.8046875,182438
2026-01-06 00:00:00+00:00,2026-01-07T00:00:00+00:00,2026-09-03T11:15:03.742310+00:00,51619.0,52784.0,51610.0,52668.0,52647.39453125,520660
2026-01-07 00:00:00+00:00,2026-01-08T00:00:00+00:00,2026-09-03T11:15:03.742310+00:00,52500.0,53199.0,52075.0,52300.0,52279.54296875,914866
2026-01-08 00:00:00+00:00,2026-01-09T00:00:00+00:00,2026-09-03T11:15:03.742310+00:00,52327.0,52657.0,51640.0,51640.0,51619.796875,816354
2026-01-09 00:00:00+00:00,2026-01-10T00:00:00+00:00,2026-09-03T11:15:03.742310+00:00,52501.0,53200.0,50753.0,51159.0,51138.98828125,839654
2026-01-12 00:00:00+00:00,2026-01-13T00:00:00+00:00,2026-09-03T11:15:03.742310+00:00,52009.0,51652.0,50852.0,51581.0,51560.8203125,384320
2026-01-13 00:00:00+00:00,2026-01-14T00:00:00+00:00,2026-09-03T11:15:03.742310+00:00,52770.0,52940.0,51902.0,52500.0,52479.4609375,340261
2026-01-14 00:00:00+00:00,2026-01-15T00:00:00+00:00,2026-09-03T11:15:03.742310+00:00,52447.0,53378.0,52394.0,53265.0,53244.1640625,1319637
2026-01-15 00:00:00+00:00,2026-01-16T00:00:00+00:00,2026-09-03T11:15:03.742310+00:00,53510.0,54386.0,53466.0,53875.0,53853.921875,538021
2026-01-16 00:00:00+00:00,2026-01-17T00:00:00+00:00,2026-09-03T11:15:03.742310+00:00,53694.0,53694.0,52698.0,53149.0,53128.20703125,550754
2026-01-19 00:00:00+00:00,2026-01-20T00:00:00+00:00,2026-09-03T11:15:03.742310+00:00,53500.0,53550.0,52948.0,53328.0,53307.140625,321814
2026-01-20 00:00:00+00:00,2026-01-21T00:00:00+00:00,2026-09-03T11:15:03.742310+00:00,53155.0,53155.0,52053.0,52224.0,52203.5703125,511255
2026-01-21 00:00:00+00:00,2026-01-22T00:00:00+00:00,2026-09-03T11:15:03.742310+00:00,53171.0,54326.0,53146.0,53880.0,53858.921875,333558
2026-01-22 00:00:00+00:00,2026-01-23T00:00:00+00:00,2026-09-03T11:15:03.742310+00:00,53780.0,53690.0,52228.0,52530.0,52509.44921875,883687
2026-01-23 00:00:00+00:00,2026-01-24T00:00:00+00:00,2026-09-03T11:15:03.742310+00:00,53071.0,54245.0,53010.0,54060.0,54038.8515625,532247
2026-01-26 00:00:00+00:00,2026-01-27T00:00:00+00:00,2026-09-03T11:15:03.742310+00:00,54500.0,55189.0,54000.0,55020.0,54998.4765625,721605
2026-01-27 00:00:00+00:00,2026-01-28T00:00:00+00:00,2026-09-03T11:15:03.742310+00:00,54999.0,55564.0,54431.0,54951.0,54929.50390625,823046
2026-01-28 00:00:00+00:00,2026-01-29T00:00:00+00:00,2026-09-03T11:15:03.742310+00:00,55241.0,56234.0,55311.0,56016.0,55994.0859375,648476
2026-01-29 00:00:00+00:00,2026-01-30T00:00:00+00:00,2026-09-03T11:15:03.742310+00:00,57319.0,58501.0,56960.0,57739.0,57716.41015625,2807176
2026-01-30 00:00:00+00:00,2026-01-31T00:00:00+00:00,2026-09-03T11:15:03.742310+00:00,55868.0,56476.0,55129.0,56098.0,56076.0546875,723707
2026-02-02 00:00:00+00:00,2026-02-03T00:00:00+00:00,2026-09-03T11:15:03.742310+00:00,54540.0,56110.0,54300.0,55360.0,55338.34375,926339
2026-02-03 00:00:00+00:00,2026-02-04T00:00:00+00:00,2026-09-03T11:15:03.742310+00:00,56870.0,57799.0,55592.0,57395.0,57372.546875,1549628
2026-02-04 00:00:00+00:00,2026-02-05T00:00:00+00:00,2026-09-03T11:15:03.742310+00:00,58070.0,59870.0,58041.6484375,58250.0,58227.2109375,1210207
2026-02-05 00:00:00+00:00,2026-02-06T00:00:00+00:00,2026-09-03T11:15:03.742310+00:00,56811.0,57164.0,55969.0,56506.0,56483.89453125,763093
2026-02-06 00:00:00+00:00,2026-02-07T00:00:00+00:00,2026-09-03T11:15:03.742310+00:00,55499.0,55845.0,54962.0,55446.0,55424.30859375,453269
2026-02-09 00:00:00+00:00,2026-02-10T00:00:00+00:00,2026-09-03T11:15:03.742310+00:00,55999.0,56681.0,55335.0,56514.0,56491.890625,340707
2026-02-10 00:00:00+00:00,2026-02-11T00:00:00+00:00,2026-09-03T11:15:03.742310+00:00,56895.0,57593.0,56103.0,57282.0,57259.59375,411354
2026-02-11 00:00:00+00:00,2026-02-12T00:00:00+00:00,2026-09-03T11:15:03.742310+00:00,57180.0,59324.0,57399.0,58858.0,58834.97265625,599481
2026-02-12 00:00:00+00:00,2026-02-13T00:00:00+00:00,2026-09-03T11:15:03.742310+00:00,58724.0,59865.0,58724.0,58864.0,58840.97265625,339683
2026-02-13 00:00:00+00:00,2026-02-14T00:00:00+00:00,2026-09-03T11:15:03.742310+00:00,58007.0,58293.0,56430.0,57525.0,57502.49609375,553107
2026-02-16 00:00:00+00:00,2026-02-17T00:00:00+00:00,2026-09-03T11:15:03.742310+00:00,57172.0,57823.0,56742.0,57554.0,57531.484375,505750
2026-02-17 00:00:00+00:00,2026-02-18T00:00:00+00:00,2026-09-03T11:15:03.742310+00:00,59168.0,60827.0,57744.0,57744.0,57721.41015625,702176
2026-02-18 00:00:00+00:00,2026-02-19T00:00:00+00:00,2026-09-03T11:15:03.742310+00:00,58410.0,59971.0,58649.0,59704.0,59680.64453125,1105452
2026-02-19 00:00:00+00:00,2026-02-20T00:00:00+00:00,2026-09-03T11:15:03.742310+00:00,59800.0,60794.0,58755.0,59000.0,58976.91796875,1503892
2026-02-20 00:00:00+00:00,2026-02-21T00:00:00+00:00,2026-09-03T11:15:03.742310+00:00,60250.0,60880.0,59862.0,60400.0,60376.37109375,719598
2026-02-23 00:00:00+00:00,2026-02-24T00:00:00+00:00,2026-09-03T11:15:03.742310+00:00,60684.0,62303.0,60536.1484375,61920.0,61895.7734375,963606
2026-02-24 00:00:00+00:00,2026-02-25T00:00:00+00:00,2026-09-03T11:15:03.742310+00:00,61684.0,63171.0,61524.0,62984.0,62959.359375,464280
2026-02-25 00:00:00+00:00,2026-02-26T00:00:00+00:00,2026-09-03T11:15:03.742310+00:00,63229.0,65243.0,63233.0,64507.0,64481.765625,559436
2026-02-26 00:00:00+00:00,2026-02-27T00:00:00+00:00,2026-09-03T11:15:03.742310+00:00,65001.0,65100.0,63800.0,63800.0,63775.04296875,494540
2026-02-27 00:00:00+00:00,2026-02-28T00:00:00+00:00,2026-09-03T11:15:03.742310+00:00,64788.0,65950.0,64807.0,65224.0,65198.484375,587280
2026-03-02 00:00:00+00:00,2026-03-03T00:00:00+00:00,2026-09-03T11:15:03.742310+00:00,66274.0,67786.0,65233.0,65600.0,65574.3359375,801951
2026-03-03 00:00:00+00:00,2026-03-04T00:00:00+00:00,2026-09-03T11:15:03.742310+00:00,65247.0,65426.0,63416.0,63890.0,63865.0078125,1003617
2026-03-04 00:00:00+00:00,2026-03-05T00:00:00+00:00,2026-09-03T11:15:03.742310+00:00,62647.0,64417.0,62688.0,62712.0,62698.875,469844
2026-03-05 00:00:00+00:00,2026-03-06T00:00:00+00:00,2026-09-03T11:15:03.742310+00:00,63340.0,64031.0,61289.0,61934.0,61921.0390625,322711
2026-03-06 00:00:00+00:00,2026-03-07T00:00:00+00:00,2026-09-03T11:15:03.742310+00:00,61842.0,61892.0,59913.0,60131.0,60118.41796875,656374
2026-03-09 00:00:00+00:00,2026-03-10T00:00:00+00:00,2026-09-03T11:15:03.742310+00:00,59100.0,59281.0,57602.0,58226.0,58213.81640625,420947
2026-03-10 00:00:00+00:00,2026-03-11T00:00:00+00:00,2026-09-03T11:15:03.742310+00:00,58990.0,60461.0,58751.0,60336.0,60323.375,453937
2026-03-11 00:00:00+00:00,2026-03-12T00:00:00+00:00,2026-09-03T11:15:03.742310+00:00,60336.0,60393.0,59600.0,60012.0,59999.44140625,472977
2026-03-12 00:00:00+00:00,2026-03-13T00:00:00+00:00,2026-09-03T11:15:03.742310+00:00,60499.0,60872.0,59150.0,59150.0,59137.62109375,555628
2026-03-13 00:00:00+00:00,2026-03-14T00:00:00+00:00,2026-09-03T11:15:03.742310+00:00,59000.0,59291.0,58122.0,58122.0,58109.8359375,523530
2026-03-16 00:00:00+00:00,2026-03-17T00:00:00+00:00,2026-09-03T11:15:03.742310+00:00,58000.0,59084.0,57663.0,58338.0,58325.79296875,694001
2026-03-17 00:00:00+00:00,2026-03-18T00:00:00+00:00,2026-09-03T11:15:03.742310+00:00,58350.0,59235.0,58194.0,58966.0,58953.66015625,693499
2026-03-18 00:00:00+00:00,2026-03-19T00:00:00+00:00,2026-09-03T11:15:03.742310+00:00,58860.0,59492.0,57973.0,58304.0,58291.796875,714854
2026-03-19 00:00:00+00:00,2026-03-20T00:00:00+00:00,2026-09-03T11:15:03.742310+00:00,57700.0,57700.0,55226.0,56048.0,56036.26953125,1920209
2026-03-20 00:00:00+00:00,2026-03-21T00:00:00+00:00,2026-09-03T11:15:03.742310+00:00,56000.0,57097.0,55236.0,55236.0,55224.44140625,2088141
2026-03-23 00:00:00+00:00,2026-03-24T00:00:00+00:00,2026-09-03T11:15:03.742310+00:00,55008.0,57451.0,54425.0,57194.0,57182.03125,1120954
2026-03-24 00:00:00+00:00,2026-03-25T00:00:00+00:00,2026-09-03T11:15:03.742310+00:00,56737.0,58389.0,56783.0,58182.0,58169.82421875,666101
2026-03-25 00:00:00+00:00,2026-03-26T00:00:00+00:00,2026-09-03T11:15:03.742310+00:00,58608.0,59939.0,58800.0,59582.0,59569.53125,869551
2026-03-26 00:00:00+00:00,2026-03-27T00:00:00+00:00,2026-09-03T11:15:03.742310+00:00,59300.0,59481.0,58307.0,58428.0,58415.7734375,335788
2026-03-27 00:00:00+00:00,2026-03-28T00:00:00+00:00,2026-09-03T11:15:03.742310+00:00,59337.0,59589.0,58448.0,59562.0,59549.53515625,448349
2026-03-30 00:00:00+00:00,2026-03-31T00:00:00+00:00,2026-09-03T11:15:03.742310+00:00,60000.0,60800.0,59473.0,60300.0,60287.3828125,379421
2026-03-31 00:00:00+00:00,2026-04-01T00:00:00+00:00,2026-09-03T11:15:03.742310+00:00,59500.0,61000.0,59519.0,60600.0,60587.31640625,633495
2026-04-01 00:00:00+00:00,2026-04-02T00:00:00+00:00,2026-09-03T11:15:03.742310+00:00,61828.0,62209.0,61533.0,61938.0,61925.0390625,479251
2026-04-02 00:00:00+00:00,2026-04-03T00:00:00+00:00,2026-09-03T11:15:03.742310+00:00,60300.0,62068.0,59792.0,61488.0,61475.1328125,348949
2026-04-07 00:00:00+00:00,2026-04-08T00:00:00+00:00,2026-09-03T11:15:03.742310+00:00,61361.0,62047.0,61196.0,61600.0,61587.109375,388759
2026-04-08 00:00:00+00:00,2026-04-09T00:00:00+00:00,2026-09-03T11:15:03.742310+00:00,62980.0,64290.0,62837.0,63040.0,63026.80859375,493934
2026-04-09 00:00:00+00:00,2026-04-10T00:00:00+00:00,2026-09-03T11:15:03.742310+00:00,63072.0,63763.0,62659.0,62970.0,62956.8203125,179228
2026-04-10 00:00:00+00:00,2026-04-11T00:00:00+00:00,2026-09-03T11:15:03.742310+00:00,63000.0,64166.0,62355.0,63624.0,63610.68359375,240822
2026-04-13 00:00:00+00:00,2026-04-14T00:00:00+00:00,2026-09-03T11:15:03.742310+00:00,63194.0,64223.0,63044.0,64021.0,64007.6015625,136592
2026-04-14 00:00:00+00:00,2026-04-15T00:00:00+00:00,2026-09-03T11:15:03.742310+00:00,64813.0,65082.0,64403.0,64503.0,64489.5,310527
2026-04-15 00:00:00+00:00,2026-04-16T00:00:00+00:00,2026-09-03T11:15:03.742310+00:00,65500.0,65592.0,64671.0,64779.0,64765.4453125,217785
2026-04-16 00:00:00+00:00,2026-04-17T00:00:00+00:00,2026-09-03T11:15:03.742310+00:00,65537.0,65826.0,65124.0,65124.0,65110.37109375,133784
2026-04-17 00:00:00+00:00,2026-04-18T00:00:00+00:00,2026-09-03T11:15:03.742310+00:00,65500.0,65794.0,64660.0,65237.0,65223.34765625,454034
2026-04-20 00:00:00+00:00,2026-04-21T00:00:00+00:00,2026-09-03T11:15:03.742310+00:00,65237.0,65479.0,64655.0,64784.0,64770.44140625,144962
2026-04-21 00:00:00+00:00,2026-04-22T00:00:00+00:00,2026-09-03T11:15:03.742310+00:00,65371.0,65371.0,64463.0,64463.0,64449.5078125,210459
2026-04-22 00:00:00+00:00,2026-04-23T00:00:00+00:00,2026-09-03T11:15:03.742310+00:00,65998.0,66104.0,65455.0,65649.0,65635.2578125,808383
2026-04-23 00:00:00+00:00,2026-04-24T00:00:00+00:00,2026-09-03T11:15:03.742310+00:00,66100.0,66628.0,65049.0,66238.0,66224.140625,279855
2026-04-24 00:00:00+00:00,2026-04-25T00:00:00+00:00,2026-09-03T11:15:03.742310+00:00,66377.0,66619.0,65910.0,66129.0,66115.1640625,178993
2026-04-28 00:00:00+00:00,2026-04-29T00:00:00+00:00,2026-09-03T11:15:03.742310+00:00,66129.0,66542.0,64423.0,64641.0,64627.47265625,340292
2026-04-29 00:00:00+00:00,2026-04-30T00:00:00+00:00,2026-09-03T11:15:03.742310+00:00,64525.0,65593.0,64618.0,65039.0,65025.390625,359833
2026-04-30 00:00:00+00:00,2026-05-01T00:00:00+00:00,2026-09-03T11:15:03.742310+00:00,65650.0,66112.0,64520.0,65737.0,65723.2421875,293196
2026-05-04 00:00:00+00:00,2026-05-05T00:00:00+00:00,2026-09-03T11:15:03.742310+00:00,64260.0,66323.0,65343.0,65321.0,65307.33203125,210533
2026-05-05 00:00:00+00:00,2026-05-06T00:00:00+00:00,2026-09-03T11:15:03.742310+00:00,65933.0,66177.0,65262.0,65686.0,65672.25,177233
2026-05-06 00:00:00+00:00,2026-05-07T00:00:00+00:00,2026-09-03T11:15:03.742310+00:00,66590.0,68672.0,66590.0,68436.0,68421.6796875,342897
2026-05-07 00:00:00+00:00,2026-05-08T00:00:00+00:00,2026-09-03T11:15:03.742310+00:00,68801.0,69525.0,68801.0,69069.0,69054.546875,218553
2026-05-08 00:00:00+00:00,2026-05-09T00:00:00+00:00,2026-09-03T11:15:03.742310+00:00,68934.0,69361.0,68401.0,69174.0,69159.5234375,342276
2026-05-11 00:00:00+00:00,2026-05-12T00:00:00+00:00,2026-09-03T11:15:03.742310+00:00,68873.0,71799.0,69132.0,71400.0,71385.0546875,575103
2026-05-12 00:00:00+00:00,2026-05-13T00:00:00+00:00,2026-09-03T11:15:03.742310+00:00,70914.0,72172.0,70873.0,71566.0,71551.0234375,468461
2026-05-13 00:00:00+00:00,2026-05-14T00:00:00+00:00,2026-09-03T11:15:03.742310+00:00,73053.0,74716.0,72705.0,74492.0,74476.4140625,627052
2026-05-14 00:00:00+00:00,2026-05-15T00:00:00+00:00,2026-09-03T11:15:03.742310+00:00,73408.0,74686.0,73070.0,73070.0,73054.7109375,198114
2026-05-15 00:00:00+00:00,2026-05-16T00:00:00+00:00,2026-09-03T11:15:03.742310+00:00,72400.0,72205.0,70175.0,70413.0,70398.265625,698656
2026-05-18 00:00:00+00:00,2026-05-19T00:00:00+00:00,2026-09-03T11:15:03.742310+00:00,70000.0,70790.0,69630.0,70145.0,70130.3203125,371863
2026-05-19 00:00:00+00:00,2026-05-20T00:00:00+00:00,2026-09-03T11:15:03.742310+00:00,69200.0,69400.0,67821.0,68066.0,68051.7578125,302485
2026-05-20 00:00:00+00:00,2026-05-21T00:00:00+00:00,2026-09-03T11:15:03.742310+00:00,68290.0,68649.0,68000.0,68136.0,68121.7421875,245404
2026-05-21 00:00:00+00:00,2026-05-22T00:00:00+00:00,2026-09-03T11:15:03.742310+00:00,69062.0,69682.0,68581.0,69174.0,69159.5234375,469318
2026-05-22 00:00:00+00:00,2026-05-23T00:00:00+00:00,2026-09-03T11:15:03.742310+00:00,69995.0,70261.0,68649.0,69132.0,69117.53125,391135
2026-05-25 00:00:00+00:00,2026-05-26T00:00:00+00:00,2026-09-03T11:15:03.742310+00:00,69699.0,71000.0,69651.0,70670.0,70655.2109375,442813
2026-05-26 00:00:00+00:00,2026-05-27T00:00:00+00:00,2026-09-03T11:15:03.742310+00:00,70774.0,70951.0,70150.0,70623.0,70608.21875,230076
2026-05-27 00:00:00+00:00,2026-05-28T00:00:00+00:00,2026-09-03T11:15:03.742310+00:00,71326.0,71501.0,70070.0,70774.0,70759.1875,147984
2026-05-28 00:00:00+00:00,2026-05-29T00:00:00+00:00,2026-09-03T11:15:03.742310+00:00,70670.0,71395.0,70495.0,71313.0,71298.078125,646667
2026-05-29 00:00:00+00:00,2026-05-30T00:00:00+00:00,2026-09-03T11:15:03.742310+00:00,71925.0,72406.0,71507.0,71969.0,71953.9375,147454
2026-06-01 00:00:00+00:00,2026-06-02T00:00:00+00:00,2026-09-03T11:15:03.742310+00:00,72400.0,73350.0,72142.0,72627.0,72611.8046875,225907
2026-06-02 00:00:00+00:00,2026-06-03T00:00:00+00:00,2026-09-03T11:15:03.742310+00:00,73670.0,75940.0,73840.0,75776.0,75760.140625,627998
2026-06-03 00:00:00+00:00,2026-06-04T00:00:00+00:00,2026-09-03T11:15:03.742310+00:00,75271.0,75626.0,74041.0,74389.0,74373.4296875,375189
2026-06-04 00:00:00+00:00,2026-06-05T00:00:00+00:00,2026-09-03T11:15:03.742310+00:00,72849.0,72965.0,71777.0,72240.0,72224.8828125,416117
2026-06-05 00:00:00+00:00,2026-06-06T00:00:00+00:00,2026-09-03T11:15:03.742310+00:00,71460.0,71601.0,69161.0,69531.0,69516.4453125,506077
2026-06-08 00:00:00+00:00,2026-06-09T00:00:00+00:00,2026-09-03T11:15:03.742310+00:00,68816.0,69813.0,68639.0,69636.0,69621.4296875,566165
2026-06-09 00:00:00+00:00,2026-06-10T00:00:00+00:00,2026-09-03T11:15:03.742310+00:00,69450.0,70170.0,68887.0,69146.0,69131.53125,252630
2026-06-10 00:00:00+00:00,2026-06-11T00:00:00+00:00,2026-09-03T11:15:03.742310+00:00,69581.0,70477.0,68690.0,69657.0,69642.421875,719760
2026-06-11 00:00:00+00:00,2026-06-12T00:00:00+00:00,2026-09-03T11:15:03.742310+00:00,70415.0,71089.0,70015.0,70431.0,70416.2578125,447007
2026-06-12 00:00:00+00:00,2026-06-13T00:00:00+00:00,2026-09-03T11:15:03.742310+00:00,71656.0,73184.0,71571.0,72912.0,72896.7421875,1188512
2026-06-15 00:00:00+00:00,2026-06-16T00:00:00+00:00,2026-09-03T11:15:03.742310+00:00,74324.0,75113.0,74152.0,74350.0,74334.4375,438808
2026-06-17 00:00:00+00:00,2026-06-18T00:00:00+00:00,2026-09-03T11:15:03.742310+00:00,74365.0,75566.0,74110.0,74959.0,74943.3125,289617
2026-06-18 00:00:00+00:00,2026-06-19T00:00:00+00:00,2026-09-03T11:15:03.742310+00:00,75600.0,75056.0,71508.0,72480.0,72464.828125,1209331
2026-06-19 00:00:00+00:00,2026-06-20T00:00:00+00:00,2026-09-03T11:15:03.742310+00:00,70800.0,71037.0,68662.0,68900.0,68885.578125,2009540
2026-06-22 00:00:00+00:00,2026-06-23T00:00:00+00:00,2026-09-03T11:15:03.742310+00:00,69285.0,70741.0,69311.0,70399.0,70384.265625,279446
2026-06-23 00:00:00+00:00,2026-06-24T00:00:00+00:00,2026-09-03T11:15:03.742310+00:00,68392.0,68682.0,67216.0,67865.0,67850.796875,256150
2026-06-24 00:00:00+00:00,2026-06-25T00:00:00+00:00,2026-09-03T11:15:03.742310+00:00,68381.0,68381.0,66225.0,66654.0,66640.0546875,523474
2026-06-25 00:00:00+00:00,2026-06-26T00:00:00+00:00,2026-09-03T11:15:03.742310+00:00,66552.0,67629.0,66491.0,67005.0,66990.9765625,295655
2026-06-26 00:00:00+00:00,2026-06-27T00:00:00+00:00,2026-09-03T11:15:03.742310+00:00,66900.0,66900.0,65885.0,66213.0,66199.140625,333191
2026-06-29 00:00:00+00:00,2026-06-30T00:00:00+00:00,2026-09-03T11:15:03.742310+00:00,67116.0,67501.0,66110.0,66213.0,66199.140625,192739
2026-06-30 00:00:00+00:00,2026-07-01T00:00:00+00:00,2026-09-03T11:15:03.742310+00:00,67368.0,67830.0,67224.0,67741.0,67726.8203125,225285
2026-07-01 00:00:00+00:00,2026-07-02T00:00:00+00:00,2026-09-03T11:15:03.742310+00:00,67935.0,67998.0,66196.0,67143.0,67128.9453125,602105
2026-07-02 00:00:00+00:00,2026-07-03T00:00:00+00:00,2026-09-03T11:15:03.742310+00:00,67235.0,68520.0,66724.0,67571.0,67556.859375,717835
2026-07-03 00:00:00+00:00,2026-07-04T00:00:00+00:00,2026-09-03T11:15:03.742310+00:00,68255.0,68645.0,67825.0,68093.0,68078.75,182084
2026-07-06 00:00:00+00:00,2026-07-07T00:00:00+00:00,2026-09-03T11:15:03.742310+00:00,67242.0,67791.0,67060.0,67777.0,67762.8125,163519
2026-07-07 00:00:00+00:00,2026-07-08T00:00:00+00:00,2026-09-03T11:15:03.742310+00:00,66407.0,66802.0,65148.0,65680.0,65666.2578125,212993
2026-07-08 00:00:00+00:00,2026-07-09T00:00:00+00:00,2026-09-03T11:15:03.742310+00:00,65482.0,65313.0,63434.0,63658.0,63644.6796875,384977
2026-07-09 00:00:00+00:00,2026-07-10T00:00:00+00:00,2026-09-03T11:15:03.742310+00:00,64379.0,65521.0,64426.0,65521.0,65507.2890625,309135
2026-07-10 00:00:00+00:00,2026-07-11T00:00:00+00:00,2026-09-03T11:15:03.742310+00:00,65614.0,66977.0,65502.0,66889.0,66875.0,171310
2026-07-13 00:00:00+00:00,2026-07-14T00:00:00+00:00,2026-09-03T11:15:03.742310+00:00,66653.0,67326.0,66593.0,67109.0,67094.953125,112395
2026-07-14 00:00:00+00:00,2026-07-15T00:00:00+00:00,2026-09-03T11:15:03.742310+00:00,67500.0,69794.0,67500.0,69374.0,69359.484375,268808
2026-07-15 00:00:00+00:00,2026-07-16T00:00:00+00:00,2026-09-03T11:15:03.742310+00:00,69029.0,70490.0,68828.0,69741.0,69726.40625,209852
2026-07-16 00:00:00+00:00,2026-07-17T00:00:00+00:00,2026-09-03T11:15:03.742310+00:00,68110.0,68237.0,66903.0,66903.0,66889.0,229718
2026-07-17 00:00:00+00:00,2026-07-18T00:00:00+00:00,2026-09-03T11:15:03.742310+00:00,66277.0,66398.0,65453.0,66222.0,66208.140625,137686
2026-07-20 00:00:00+00:00,2026-07-21T00:00:00+00:00,2026-09-03T11:15:03.742310+00:00,64801.0,66984.0,66258.0,66717.0,66703.0390625,194822
2026-07-21 00:00:00+00:00,2026-07-22T00:00:00+00:00,2026-09-03T11:15:03.742310+00:00,67000.0,68182.0,67000.0,67800.0,67785.8125,534329
2026-07-22 00:00:00+00:00,2026-07-23T00:00:00+00:00,2026-09-03T11:15:03.742310+00:00,68000.0,69903.0,68000.0,69447.0,69432.46875,565938
2026-07-23 00:00:00+00:00,2026-07-24T00:00:00+00:00,2026-09-03T11:15:03.742310+00:00,69535.0,70580.0,68575.0,70419.0,70404.265625,216119
2026-07-24 00:00:00+00:00,2026-07-25T00:00:00+00:00,2026-09-03T11:15:03.742310+00:00,69855.0,70579.0,69464.0,69862.0,69847.3828125,384102
2026-07-27 00:00:00+00:00,2026-07-28T00:00:00+00:00,2026-09-03T11:15:03.742310+00:00,70318.0,70748.0,69131.0,69700.0,69685.4140625,335197
2026-07-28 00:00:00+00:00,2026-07-29T00:00:00+00:00,2026-09-03T11:15:03.742310+00:00,69456.0,69666.0,68156.0,69062.0,69047.546875,440924
2026-07-29 00:00:00+00:00,2026-07-30T00:00:00+00:00,2026-09-03T11:15:03.742310+00:00,70490.0,70849.0,69029.0,69195.0,69180.515625,192680
2026-07-30 00:00:00+00:00,2026-07-31T00:00:00+00:00,2026-09-03T11:15:03.742310+00:00,69088.0,71029.0,68414.0,70721.0,70706.203125,315257
2026-07-31 00:00:00+00:00,2026-08-01T00:00:00+00:00,2026-09-03T11:15:03.742310+00:00,71200.0,71735.0,69370.0,70508.0,70493.2421875,323471
2026-08-03 00:00:00+00:00,2026-08-04T00:00:00+00:00,2026-09-03T11:15:03.742310+00:00,69950.0,70332.0,68196.0,69262.0,69247.5078125,452338
2026-08-04 00:00:00+00:00,2026-08-05T00:00:00+00:00,2026-09-03T11:15:03.742310+00:00,69803.0,72155.0,69942.0,71295.0,71280.078125,823361
2026-08-05 00:00:00+00:00,2026-08-06T00:00:00+00:00,2026-09-03T11:15:03.742310+00:00,71942.0,72975.0,71269.0,72975.0,72959.7265625,720702
2026-08-06 00:00:00+00:00,2026-08-07T00:00:00+00:00,2026-09-03T11:15:03.742310+00:00,72267.0,73424.0,71841.0,72951.0,72935.734375,735755
2026-08-07 00:00:00+00:00,2026-08-08T00:00:00+00:00,2026-09-03T11:15:03.742310+00:00,72574.0,73072.0,71724.0,72870.0,72854.75,743334
2026-08-11 00:00:00+00:00,2026-08-12T00:00:00+00:00,2026-09-03T11:15:03.742310+00:00,73500.0,73799.0,72993.0,73185.0,73169.6875,302681
2026-08-12 00:00:00+00:00,2026-08-13T00:00:00+00:00,2026-09-03T11:15:03.742310+00:00,72916.0,73733.0,72891.0,73373.0,73357.6484375,307377
2026-08-13 00:00:00+00:00,2026-08-14T00:00:00+00:00,2026-09-03T11:15:03.742310+00:00,71724.0,85674.78125,71066.0,71784.0,71768.9765625,410401
2026-08-14 00:00:00+00:00,2026-08-15T00:00:00+00:00,2026-09-03T11:15:03.742310+00:00,70111.0,71058.0,69799.0,70971.0,70956.1484375,199469
2026-08-17 00:00:00+00:00,2026-08-18T00:00:00+00:00,2026-09-03T11:15:03.742310+00:00,71427.0,71994.0,70882.0,71351.0,71336.0703125,186115
2026-08-18 00:00:00+00:00,2026-08-19T00:00:00+00:00,2026-09-03T11:15:03.742310+00:00,73000.0,73248.0,71319.0,71957.0,71941.9453125,403819
2026-08-19 00:00:00+00:00,2026-08-20T00:00:00+00:00,2026-09-03T11:15:03.742310+00:00,73212.0,75420.0,72650.0,75033.0,75017.296875,687230
2026-08-20 00:00:00+00:00,2026-08-21T00:00:00+00:00,2026-09-03T11:15:03.742310+00:00,75499.0,75497.0,73220.0,74823.0,74807.34375,569918
2026-08-21 00:00:00+00:00,2026-08-22T00:00:00+00:00,2026-09-03T11:15:03.742310+00:00,75511.0,77356.0,74682.0,76523.0,76506.984375,1104251
2026-08-24 00:00:00+00:00,2026-08-25T00:00:00+00:00,2026-09-03T11:15:03.742310+00:00,76838.0,78213.0,77240.0,77832.0,77815.7109375,662930
2026-08-25 00:00:00+00:00,2026-08-26T00:00:00+00:00,2026-09-03T11:15:03.742310+00:00,77225.0,77654.9375,76400.0,77200.0,77183.84375,979567
2026-08-26 00:00:00+00:00,2026-08-27T00:00:00+00:00,2026-09-03T11:15:03.742310+00:00,77373.0,77672.0,76776.0,76776.0,76759.9296875,523868
2026-08-27 00:00:00+00:00,2026-08-28T00:00:00+00:00,2026-09-03T11:15:03.742310+00:00,76609.0,76694.0,75690.0,76523.0,76506.984375,296889
2026-08-28 00:00:00+00:00,2026-08-29T00:00:00+00:00,2026-09-03T11:15:03.742310+00:00,77152.0,77929.0,76617.0,77500.0,77483.78125,338933
2026-08-31 00:00:00+00:00,2026-09-01T00:00:00+00:00,2026-09-03T11:15:03.742310+00:00,78165.0,78573.0,75827.0,76500.0,76483.9921875,610477
2026-09-01 00:00:00+00:00,2026-09-02T00:00:00+00:00,2026-09-03T11:15:03.742310+00:00,75101.0,77316.0,74901.0,75523.0,75507.1953125,862787
2026-09-02 00:00:00+00:00,2026-09-03T00:00:00+00:00,2026-09-03T11:15:03.742310+00:00,72756.0,74053.0,72187.0,73780.0,73780.0,294439
2026-09-03 00:00:00+00:00,2026-09-04T00:00:00+00:00,2026-09-03T11:15:03.742310+00:00,73764.0,73764.0,72999.0,73125.0,73125.0,147254
