event_time,available_time,retrieval_time,open,high,low,close,adj_close,volume
2016-01-01 00:00:00+00:00,2016-01-02T00:00:00+00:00,2026-09-03T11:15:03.742310+00:00,2504.0,2504.0,2504.0,2504.0,2496.668212890625,0
2016-01-04 00:00:00+00:00,2016-01-05T00:00:00+00:00,2026-09-03T11:15:03.742310+00:00,2466.0,2600.0,2425.0,2567.0,2559.4833984375,2592593
2016-01-05 00:00:00+00:00,2016-01-06T00:00:00+00:00,2026-09-03T11:15:03.742310+00:00,2574.0,2836.0,2510.0,2790.0,2781.830810546875,2251450
2016-01-06 00:00:00+00:00,2016-01-07T00:00:00+00:00,2026-09-03T11:15:03.742310+00:00,2758.0,2769.0,2603.0,2635.0,2627.284423828125,3344377
2016-01-07 00:00:00+00:00,2016-01-08T00:00:00+00:00,2026-09-03T11:15:03.742310+00:00,2551.0,2614.0,2450.0,2589.0,2581.418701171875,4637701
2016-01-08 00:00:00+00:00,2016-01-09T00:00:00+00:00,2026-09-03T11:15:03.742310+00:00,2633.0,2635.0,2525.0,2593.0,2585.406982421875,2043502
2016-01-11 00:00:00+00:00,2016-01-12T00:00:00+00:00,2026-09-03T11:15:03.742310+00:00,2593.0,2865.0,2475.0,2836.0,2827.695556640625,5018826
2016-01-12 00:00:00+00:00,2016-01-13T00:00:00+00:00,2026-09-03T11:15:03.742310+00:00,2770.0,2836.0,2690.0,2805.0,2796.78662109375,4158422
2016-01-13 00:00:00+00:00,2016-01-14T00:00:00+00:00,2026-09-03T11:15:03.742310+00:00,2809.0,2836.0,2624.0,2750.0,2741.94775390625,5272461
2016-01-14 00:00:00+00:00,2016-01-15T00:00:00+00:00,2026-09-03T11:15:03.742310+00:00,2703.0,2732.0,2620.0,2669.0,2661.184814453125,6877222
2016-01-15 00:00:00+00:00,2016-01-16T00:00:00+00:00,2026-09-03T11:15:03.742310+00:00,2673.0,2720.0,2421.0,2500.0,2492.679443359375,5598705
2016-01-18 00:00:00+00:00,2016-01-19T00:00:00+00:00,2026-09-03T11:15:03.742310+00:00,2500.0,2565.0,2431.0,2562.0,2554.498046875,5016126
2016-01-19 00:00:00+00:00,2016-01-20T00:00:00+00:00,2026-09-03T11:15:03.742310+00:00,2608.0,2729.0,2566.0,2598.0,2590.392822265625,3774458
2016-01-20 00:00:00+00:00,2016-01-21T00:00:00+00:00,2026-09-03T11:15:03.742310+00:00,2496.0,2496.0,2325.0,2350.0,2343.11865234375,5287922
2016-01-21 00:00:00+00:00,2016-01-22T00:00:00+00:00,2026-09-03T11:15:03.742310+00:00,2315.0,2491.0,2227.0,2442.0,2434.849609375,5465463
2016-01-22 00:00:00+00:00,2016-01-23T00:00:00+00:00,2026-09-03T11:15:03.742310+00:00,2525.0,2632.0,2473.0,2610.0,2602.35791015625,3239859
2016-01-25 00:00:00+00:00,2016-01-26T00:00:00+00:00,2026-09-03T11:15:03.742310+00:00,2590.0,2649.0,2461.0,2500.0,2492.679443359375,2675875
2016-01-26 00:00:00+00:00,2016-01-27T00:00:00+00:00,2026-09-03T11:15:03.742310+00:00,2429.0,2741.0,2429.0,2656.0,2648.22314453125,5423305
2016-01-27 00:00:00+00:00,2016-01-28T00:00:00+00:00,2026-09-03T11:15:03.742310+00:00,2722.0,2820.0,2720.0,2722.0,2714.02978515625,5082172
2016-01-28 00:00:00+00:00,2016-01-29T00:00:00+00:00,2026-09-03T11:15:03.742310+00:00,2722.0,3130.0,2722.0,2988.0,2979.2509765625,8540216
2016-01-29 00:00:00+00:00,2016-01-30T00:00:00+00:00,2026-09-03T11:15:03.742310+00:00,3012.0,3288.0,2973.0,3288.0,3278.37255859375,8440090
2016-02-01 00:00:00+00:00,2016-02-02T00:00:00+00:00,2026-09-03T11:15:03.742310+00:00,3295.0,3372.0,3196.0,3372.0,3362.12646484375,4916880
2016-02-02 00:00:00+00:00,2016-02-03T00:00:00+00:00,2026-09-03T11:15:03.742310+00:00,3344.0,3344.0,3211.0,3250.0,3240.4833984375,2448218
2016-02-03 00:00:00+00:00,2016-02-04T00:00:00+00:00,2026-09-03T11:15:03.742310+00:00,3210.0,3255.0,3156.0,3200.0,3190.6298828125,3541102
2016-02-04 00:00:00+00:00,2016-02-05T00:00:00+00:00,2026-09-03T11:15:03.742310+00:00,3346.0,3870.0,3276.0,3800.0,3788.873046875,11908828
2016-02-05 00:00:00+00:00,2016-02-06T00:00:00+00:00,2026-09-03T11:15:03.742310+00:00,3838.0,3904.0,3600.0,3735.0,3724.063720703125,5674785
2016-02-08 00:00:00+00:00,2016-02-09T00:00:00+00:00,2026-09-03T11:15:03.742310+00:00,3840.0,4160.0,3840.0,3936.0,3924.47509765625,8952281
2016-02-09 00:00:00+00:00,2016-02-10T00:00:00+00:00,2026-09-03T11:15:03.742310+00:00,4010.0,4100.0,3453.0,3529.0,3518.66650390625,9521932
2016-02-10 00:00:00+00:00,2016-02-11T00:00:00+00:00,2026-09-03T11:15:03.742310+00:00,3601.0,3670.0,3163.0,3166.0,3156.729248046875,5306730
2016-02-11 00:00:00+00:00,2016-02-12T00:00:00+00:00,2026-09-03T11:15:03.742310+00:00,3250.0,3370.0,3151.0,3300.0,3290.336669921875,6834044
2016-02-12 00:00:00+00:00,2016-02-13T00:00:00+00:00,2026-09-03T11:15:03.742310+00:00,3400.0,3646.0,3360.0,3526.0,3515.67529296875,5923391
2016-02-15 00:00:00+00:00,2016-02-16T00:00:00+00:00,2026-09-03T11:15:03.742310+00:00,3551.0,3600.0,3366.0,3550.0,3539.605224609375,3920712
2016-02-16 00:00:00+00:00,2016-02-17T00:00:00+00:00,2026-09-03T11:15:03.742310+00:00,3518.0,3740.0,3279.0,3350.0,3340.191162109375,4143175
2016-02-17 00:00:00+00:00,2016-02-18T00:00:00+00:00,2026-09-03T11:15:03.742310+00:00,3349.0,3599.0,3336.0,3462.0,3451.863037109375,4888204
2016-02-18 00:00:00+00:00,2016-02-19T00:00:00+00:00,2026-09-03T11:15:03.742310+00:00,3497.0,3599.0,3322.0,3420.0,3409.98583984375,3410288
2016-02-19 00:00:00+00:00,2016-02-20T00:00:00+00:00,2026-09-03T11:15:03.742310+00:00,3440.0,3480.0,3384.0,3428.0,3417.9619140625,4265433
2016-02-22 00:00:00+00:00,2016-02-23T00:00:00+00:00,2026-09-03T11:15:03.742310+00:00,3410.0,3480.0,3332.0,3400.0,3390.04443359375,2228226
2016-02-23 00:00:00+00:00,2016-02-24T00:00:00+00:00,2026-09-03T11:15:03.742310+00:00,3417.0,3436.0,3369.0,3400.0,3390.04443359375,2327426
2016-02-24 00:00:00+00:00,2016-02-25T00:00:00+00:00,2026-09-03T11:15:03.742310+00:00,3399.0,3450.0,3274.0,3322.0,3312.27294921875,4019433
2016-02-25 00:00:00+00:00,2016-02-26T00:00:00+00:00,2026-09-03T11:15:03.742310+00:00,3380.0,3494.0,3296.0,3350.0,3340.191162109375,4617912
2016-02-26 00:00:00+00:00,2016-02-27T00:00:00+00:00,2026-09-03T11:15:03.742310+00:00,3360.0,3402.0,3033.0,3100.0,3090.923095703125,8153304
2016-02-29 00:00:00+00:00,2016-03-01T00:00:00+00:00,2026-09-03T11:15:03.742310+00:00,3099.0,3412.0,3075.0,3346.0,3336.2021484375,11185837
2016-03-01 00:00:00+00:00,2016-03-02T00:00:00+00:00,2026-09-03T11:15:03.742310+00:00,3376.0,3779.0,3376.0,3661.0,3650.2802734375,6879978
2016-03-02 00:00:00+00:00,2016-03-03T00:00:00+00:00,2026-09-03T11:15:03.742310+00:00,3800.0,3893.0,3721.0,3825.0,3813.799560546875,23478308
2016-03-03 00:00:00+00:00,2016-03-04T00:00:00+00:00,2026-09-03T11:15:03.742310+00:00,3853.0,4565.0,3750.0,4400.0,4387.1162109375,9071227
2016-03-04 00:00:00+00:00,2016-03-05T00:00:00+00:00,2026-09-03T11:15:03.742310+00:00,4600.0,4810.0,4423.0,4514.0,4500.78271484375,8074367
2016-03-07 00:00:00+00:00,2016-03-08T00:00:00+00:00,2026-09-03T11:15:03.742310+00:00,4616.0,5003.0,4517.0,4964.0,4949.46435546875,8556738
2016-03-08 00:00:00+00:00,2016-03-09T00:00:00+00:00,2026-09-03T11:15:03.742310+00:00,4963.0,5050.0,4801.0,4870.0,4855.73974609375,5275351
2016-03-09 00:00:00+00:00,2016-03-10T00:00:00+00:00,2026-09-03T11:15:03.742310+00:00,4687.0,4797.0,4500.0,4573.0,4559.609375,4411388
2016-03-10 00:00:00+00:00,2016-03-11T00:00:00+00:00,2026-09-03T11:15:03.742310+00:00,4625.0,4870.0,4601.0,4710.0,4696.20849609375,5625956
2016-03-11 00:00:00+00:00,2016-03-12T00:00:00+00:00,2026-09-03T11:15:03.742310+00:00,4785.0,4976.0,4646.0,4976.0,4961.4296875,2442559
2016-03-14 00:00:00+00:00,2016-03-15T00:00:00+00:00,2026-09-03T11:15:03.742310+00:00,4950.0,5000.0,4511.0,4602.0,4588.52392578125,4671438
2016-03-15 00:00:00+00:00,2016-03-16T00:00:00+00:00,2026-09-03T11:15:03.742310+00:00,4520.0,4565.0,4206.0,4208.0,4195.67822265625,3906148
2016-03-16 00:00:00+00:00,2016-03-17T00:00:00+00:00,2026-09-03T11:15:03.742310+00:00,4374.0,4500.0,4149.0,4443.0,4429.99072265625,2863204
2016-03-17 00:00:00+00:00,2016-03-18T00:00:00+00:00,2026-09-03T11:15:03.742310+00:00,4551.0,4857.0,4551.0,4762.0,4748.05615234375,3382152
2016-03-18 00:00:00+00:00,2016-03-19T00:00:00+00:00,2026-09-03T11:15:03.742310+00:00,4810.0,4900.0,4617.0,4720.0,4706.17919921875,5358744
2016-03-21 00:00:00+00:00,2016-03-22T00:00:00+00:00,2026-09-03T11:15:03.742310+00:00,4720.0,4720.0,4720.0,4720.0,4706.17919921875,0
2016-03-22 00:00:00+00:00,2016-03-23T00:00:00+00:00,2026-09-03T11:15:03.742310+00:00,4655.0,4864.0,4513.0,4848.0,4833.80419921875,3453748
2016-03-23 00:00:00+00:00,2016-03-24T00:00:00+00:00,2026-09-03T11:15:03.742310+00:00,4744.0,4750.0,4275.0,4297.0,4284.4189453125,4449863
2016-03-24 00:00:00+00:00,2016-03-25T00:00:00+00:00,2026-09-03T11:15:03.742310+00:00,4300.0,4606.0,4184.0,4550.0,4536.67724609375,4047275
2016-03-25 00:00:00+00:00,2016-03-26T00:00:00+00:00,2026-09-03T11:15:03.742310+00:00,4550.0,4550.0,4550.0,4550.0,4536.67724609375,0
2016-03-28 00:00:00+00:00,2016-03-29T00:00:00+00:00,2026-09-03T11:15:03.742310+00:00,4550.0,4550.0,4550.0,4550.0,4536.67724609375,0
2016-03-29 00:00:00+00:00,2016-03-30T00:00:00+00:00,2026-09-03T11:15:03.742310+00:00,4550.0,4599.0,4280.0,4280.0,4267.4677734375,2015686
2016-03-30 00:00:00+00:00,2016-03-31T00:00:00+00:00,2026-09-03T11:15:03.742310+00:00,4338.0,4651.0,4310.0,4527.0,4513.744140625,3392613
2016-03-31 00:00:00+00:00,2016-04-01T00:00:00+00:00,2026-09-03T11:15:03.742310+00:00,4450.0,4731.0,4279.0,4700.0,4686.2373046875,3416321
2016-04-01 00:00:00+00:00,2016-04-02T00:00:00+00:00,2026-09-03T11:15:03.742310+00:00,4630.0,4745.0,4378.0,4549.0,4535.6796875,1996522
2016-04-04 00:00:00+00:00,2016-04-05T00:00:00+00:00,2026-09-03T11:15:03.742310+00:00,4521.0,4533.0,4320.0,4402.0,4389.11083984375,1854679
2016-04-05 00:00:00+00:00,2016-04-06T00:00:00+00:00,2026-09-03T11:15:03.742310+00:00,4449.0,4477.0,4200.0,4290.0,4277.43798828125,3860885
2016-04-06 00:00:00+00:00,2016-04-07T00:00:00+00:00,2026-09-03T11:15:03.742310+00:00,4450.0,4450.0,4228.0,4430.0,4417.02783203125,2459033
2016-04-07 00:00:00+00:00,2016-04-08T00:00:00+00:00,2026-09-03T11:15:03.742310+00:00,4430.0,4522.0,4388.0,4450.0,4436.96923828125,2317993
2016-04-08 00:00:00+00:00,2016-04-09T00:00:00+00:00,2026-09-03T11:15:03.742310+00:00,4450.0,4500.0,4310.0,4450.0,4436.96923828125,2639487
2016-04-11 00:00:00+00:00,2016-04-12T00:00:00+00:00,2026-09-03T11:15:03.742310+00:00,4505.0,4884.0,4505.0,4801.0,4786.9423828125,5450976
2016-04-12 00:00:00+00:00,2016-04-13T00:00:00+00:00,2026-09-03T11:15:03.742310+00:00,4806.0,4937.0,4699.0,4825.0,4810.8720703125,7074630
2016-04-13 00:00:00+00:00,2016-04-14T00:00:00+00:00,2026-09-03T11:15:03.742310+00:00,4890.0,5021.0,4650.0,4756.0,4742.07421875,4679134
2016-04-14 00:00:00+00:00,2016-04-15T00:00:00+00:00,2026-09-03T11:15:03.742310+00:00,4600.0,4865.0,4600.0,4676.0,4662.3076171875,2879203
2016-04-15 00:00:00+00:00,2016-04-16T00:00:00+00:00,2026-09-03T11:15:03.742310+00:00,4737.0,4762.0,4556.0,4630.0,4616.44287109375,2426049
2016-04-18 00:00:00+00:00,2016-04-19T00:00:00+00:00,2026-09-03T11:15:03.742310+00:00,4580.0,4755.0,4525.0,4657.0,4643.36376953125,1919538
2016-04-19 00:00:00+00:00,2016-04-20T00:00:00+00:00,2026-09-03T11:15:03.742310+00:00,4695.0,4919.0,4683.0,4840.0,4825.82763671875,3888587
2016-04-20 00:00:00+00:00,2016-04-21T00:00:00+00:00,2026-09-03T11:15:03.742310+00:00,4890.0,5696.0,4773.0,5647.0,5630.46533203125,8516308
2016-04-21 00:00:00+00:00,2016-04-22T00:00:00+00:00,2026-09-03T11:15:03.742310+00:00,5693.0,5946.0,5380.0,5400.0,5384.1884765625,9577399
2016-04-22 00:00:00+00:00,2016-04-23T00:00:00+00:00,2026-09-03T11:15:03.742310+00:00,5500.0,5670.0,5423.0,5670.0,5653.39697265625,5949935
2016-04-25 00:00:00+00:00,2016-04-26T00:00:00+00:00,2026-09-03T11:15:03.742310+00:00,5587.0,5670.0,5340.0,5585.0,5568.64599609375,2498853
2016-04-26 00:00:00+00:00,2016-04-27T00:00:00+00:00,2026-09-03T11:15:03.742310+00:00,5549.0,5746.0,5352.0,5459.0,5443.01611328125,5906404
2016-04-27 00:00:00+00:00,2016-04-28T00:00:00+00:00,2026-09-03T11:15:03.742310+00:00,5459.0,5459.0,5459.0,5459.0,5443.01611328125,0
2016-04-28 00:00:00+00:00,2016-04-29T00:00:00+00:00,2026-09-03T11:15:03.742310+00:00,5624.0,5728.0,5588.0,5700.0,5683.30908203125,4014151
2016-04-29 00:00:00+00:00,2016-04-30T00:00:00+00:00,2026-09-03T11:15:03.742310+00:00,5809.0,6104.0,5760.0,5900.0,5882.72412109375,6825148
2016-05-02 00:00:00+00:00,2016-05-03T00:00:00+00:00,2026-09-03T11:15:03.742310+00:00,5900.0,5900.0,5900.0,5900.0,5882.72412109375,0
2016-05-03 00:00:00+00:00,2016-05-04T00:00:00+00:00,2026-09-03T11:15:03.742310+00:00,6090.0,6125.0,5405.0,5539.0,5522.78125,6762182
2016-05-04 00:00:00+00:00,2016-05-05T00:00:00+00:00,2026-09-03T11:15:03.742310+00:00,5511.0,5511.0,5167.0,5304.0,5288.46875,6665742
2016-05-05 00:00:00+00:00,2016-05-06T00:00:00+00:00,2026-09-03T11:15:03.742310+00:00,5328.0,5492.0,5251.0,5360.0,5344.3046875,4032438
2016-05-06 00:00:00+00:00,2016-05-07T00:00:00+00:00,2026-09-03T11:15:03.742310+00:00,5400.0,5491.0,5115.0,5340.0,5324.36328125,4355380
2016-05-09 00:00:00+00:00,2016-05-10T00:00:00+00:00,2026-09-03T11:15:03.742310+00:00,5361.0,5392.0,4681.0,4730.0,4716.150390625,7468360
2016-05-10 00:00:00+00:00,2016-05-11T00:00:00+00:00,2026-09-03T11:15:03.742310+00:00,4701.0,4799.0,4453.0,4700.0,4686.2373046875,6962588
2016-05-11 00:00:00+00:00,2016-05-12T00:00:00+00:00,2026-09-03T11:15:03.742310+00:00,4800.0,5106.0,4779.0,5052.0,5037.20703125,6764063
2016-05-12 00:00:00+00:00,2016-05-13T00:00:00+00:00,2026-09-03T11:15:03.742310+00:00,5052.0,5186.0,5044.0,5050.0,5035.21337890625,2876113
2016-05-13 00:00:00+00:00,2016-05-14T00:00:00+00:00,2026-09-03T11:15:03.742310+00:00,5040.0,5064.0,4906.0,5001.0,4986.3564453125,4145389
2016-05-16 00:00:00+00:00,2016-05-17T00:00:00+00:00,2026-09-03T11:15:03.742310+00:00,5040.0,5384.0,5040.0,5213.0,5197.73583984375,3066715
2016-05-17 00:00:00+00:00,2016-05-18T00:00:00+00:00,2026-09-03T11:15:03.742310+00:00,5305.0,5494.0,5220.0,5340.0,5324.36328125,4735657
2016-05-18 00:00:00+00:00,2016-05-19T00:00:00+00:00,2026-09-03T11:15:03.742310+00:00,5329.0,5462.0,5163.0,5424.0,5408.11767578125,2762190
2016-05-19 00:00:00+00:00,2016-05-20T00:00:00+00:00,2026-09-03T11:15:03.742310+00:00,4925.0,5199.0,4880.0,4952.0,4937.5,6252881
2016-05-20 00:00:00+00:00,2016-05-21T00:00:00+00:00,2026-09-03T11:15:03.742310+00:00,5100.0,5195.0,4983.0,5000.0,4985.35888671875,4017540
2016-05-23 00:00:00+00:00,2016-05-24T00:00:00+00:00,2026-09-03T11:15:03.742310+00:00,4935.0,5100.0,4935.0,4990.0,4975.388671875,2662398
2016-05-24 00:00:00+00:00,2016-05-25T00:00:00+00:00,2026-09-03T11:15:03.742310+00:00,4995.0,5136.0,4612.0,4692.0,4678.26123046875,4120583
2016-05-25 00:00:00+00:00,2016-05-26T00:00:00+00:00,2026-09-03T11:15:03.742310+00:00,4700.0,4886.0,4548.0,4760.0,4746.0625,5017959
2016-05-26 00:00:00+00:00,2016-05-27T00:00:00+00:00,2026-09-03T11:15:03.742310+00:00,4888.0,5095.0,4852.0,4951.0,4936.5029296875,2934462
2016-05-27 00:00:00+00:00,2016-05-28T00:00:00+00:00,2026-09-03T11:15:03.742310+00:00,4999.0,5075.0,4749.0,4775.0,4761.0185546875,1839901
2016-05-30 00:00:00+00:00,2016-05-31T00:00:00+00:00,2026-09-03T11:15:03.742310+00:00,4700.0,4776.0,4638.0,4720.0,4706.17919921875,475909
2016-05-31 00:00:00+00:00,2016-06-01T00:00:00+00:00,2026-09-03T11:15:03.742310+00:00,4869.0,4880.0,4500.0,4500.0,4486.82373046875,3419896
2016-06-01 00:00:00+00:00,2016-06-02T00:00:00+00:00,2026-09-03T11:15:03.742310+00:00,4554.0,4627.0,4485.0,4510.0,4496.79296875,4337365
2016-06-02 00:00:00+00:00,2016-06-03T00:00:00+00:00,2026-09-03T11:15:03.742310+00:00,4530.0,4637.0,4493.0,4500.0,4486.82373046875,3052034
2016-06-03 00:00:00+00:00,2016-06-04T00:00:00+00:00,2026-09-03T11:15:03.742310+00:00,4522.0,4762.0,4405.0,4750.0,4736.0908203125,4303451
2016-06-06 00:00:00+00:00,2016-06-07T00:00:00+00:00,2026-09-03T11:15:03.742310+00:00,4769.0,4849.0,4631.0,4662.0,4648.34912109375,2468735
2016-06-07 00:00:00+00:00,2016-06-08T00:00:00+00:00,2026-09-03T11:15:03.742310+00:00,4695.0,4840.0,4542.0,4671.0,4657.32275390625,2485140
2016-06-08 00:00:00+00:00,2016-06-09T00:00:00+00:00,2026-09-03T11:15:03.742310+00:00,4750.0,5036.0,4700.0,4940.0,4925.53515625,5681255
2016-06-09 00:00:00+00:00,2016-06-10T00:00:00+00:00,2026-09-03T11:15:03.742310+00:00,4911.0,4915.0,4594.0,4700.0,4686.2373046875,3735683
2016-06-10 00:00:00+00:00,2016-06-11T00:00:00+00:00,2026-09-03T11:15:03.742310+00:00,4670.0,4670.0,4499.0,4564.0,4550.63671875,2079465
2016-06-13 00:00:00+00:00,2016-06-14T00:00:00+00:00,2026-09-03T11:15:03.742310+00:00,4506.0,4574.0,4341.0,4574.0,4560.607421875,2678994
2016-06-14 00:00:00+00:00,2016-06-15T00:00:00+00:00,2026-09-03T11:15:03.742310+00:00,4579.0,4598.0,4410.0,4526.0,4512.7470703125,2296128
2016-06-15 00:00:00+00:00,2016-06-16T00:00:00+00:00,2026-09-03T11:15:03.742310+00:00,4575.0,4635.0,4434.0,4580.0,4566.58984375,3676709
2016-06-16 00:00:00+00:00,2016-06-17T00:00:00+00:00,2026-09-03T11:15:03.742310+00:00,4580.0,4580.0,4580.0,4580.0,4566.58984375,0
2016-06-17 00:00:00+00:00,2016-06-18T00:00:00+00:00,2026-09-03T11:15:03.742310+00:00,4621.0,4729.0,4569.0,4700.0,4686.2373046875,3928560
2016-06-20 00:00:00+00:00,2016-06-21T00:00:00+00:00,2026-09-03T11:15:03.742310+00:00,4651.0,4747.0,4555.0,4591.0,4577.5576171875,1997221
2016-06-21 00:00:00+00:00,2016-06-22T00:00:00+00:00,2026-09-03T11:15:03.742310+00:00,4644.0,4718.0,4476.0,4487.0,4473.861328125,4264982
2016-06-22 00:00:00+00:00,2016-06-23T00:00:00+00:00,2026-09-03T11:15:03.742310+00:00,4518.0,4658.0,4488.0,4500.0,4486.82373046875,3260097
2016-06-23 00:00:00+00:00,2016-06-24T00:00:00+00:00,2026-09-03T11:15:03.742310+00:00,4498.0,4639.0,4455.0,4613.0,4599.49169921875,3326174
2016-06-24 00:00:00+00:00,2016-06-25T00:00:00+00:00,2026-09-03T11:15:03.742310+00:00,4500.0,4828.0,4350.0,4455.0,4441.955078125,4739562
2016-06-27 00:00:00+00:00,2016-06-28T00:00:00+00:00,2026-09-03T11:15:03.742310+00:00,4528.0,4528.0,4375.0,4450.0,4436.96923828125,1955546
2016-06-28 00:00:00+00:00,2016-06-29T00:00:00+00:00,2026-09-03T11:15:03.742310+00:00,4485.0,4485.0,4300.0,4420.0,4407.0576171875,2936499
2016-06-29 00:00:00+00:00,2016-06-30T00:00:00+00:00,2026-09-03T11:15:03.742310+00:00,4420.0,4689.0,4351.0,4664.0,4650.34228515625,3042383
2016-06-30 00:00:00+00:00,2016-07-01T00:00:00+00:00,2026-09-03T11:15:03.742310+00:00,4698.0,4798.0,4645.0,4720.0,4706.17919921875,2350428
2016-07-01 00:00:00+00:00,2016-07-02T00:00:00+00:00,2026-09-03T11:15:03.742310+00:00,4845.0,5195.0,4774.0,5159.0,5143.89404296875,4606425
2016-07-04 00:00:00+00:00,2016-07-05T00:00:00+00:00,2026-09-03T11:15:03.742310+00:00,5250.0,5341.0,5141.0,5279.0,5263.54248046875,2461940
2016-07-05 00:00:00+00:00,2016-07-06T00:00:00+00:00,2026-09-03T11:15:03.742310+00:00,5245.0,5290.0,5065.0,5241.0,5225.654296875,1847241
2016-07-06 00:00:00+00:00,2016-07-07T00:00:00+00:00,2026-09-03T11:15:03.742310+00:00,5270.0,5343.0,5211.0,5215.0,5199.72998046875,2924640
2016-07-07 00:00:00+00:00,2016-07-08T00:00:00+00:00,2026-09-03T11:15:03.742310+00:00,5324.0,5428.0,5143.0,5155.0,5139.90576171875,1770131
2016-07-08 00:00:00+00:00,2016-07-09T00:00:00+00:00,2026-09-03T11:15:03.742310+00:00,5175.0,5246.0,4939.0,5090.0,5075.0966796875,1791836
2016-07-11 00:00:00+00:00,2016-07-12T00:00:00+00:00,2026-09-03T11:15:03.742310+00:00,5179.0,5290.0,5003.0,5152.0,5136.91455078125,2599874
2016-07-12 00:00:00+00:00,2016-07-13T00:00:00+00:00,2026-09-03T11:15:03.742310+00:00,5067.0,5249.0,5046.0,5080.0,5065.12548828125,3209204
2016-07-13 00:00:00+00:00,2016-07-14T00:00:00+00:00,2026-09-03T11:15:03.742310+00:00,5060.0,5346.0,5032.0,5236.0,5220.66748046875,3656629
2016-07-14 00:00:00+00:00,2016-07-15T00:00:00+00:00,2026-09-03T11:15:03.742310+00:00,5253.0,5255.0,5151.0,5230.0,5214.68701171875,2192491
2016-07-15 00:00:00+00:00,2016-07-16T00:00:00+00:00,2026-09-03T11:15:03.742310+00:00,5230.0,5478.0,5155.0,5436.0,5420.08349609375,3077590
2016-07-18 00:00:00+00:00,2016-07-19T00:00:00+00:00,2026-09-03T11:15:03.742310+00:00,5436.0,5436.0,5317.0,5387.0,5371.2265625,1659727
2016-07-19 00:00:00+00:00,2016-07-20T00:00:00+00:00,2026-09-03T11:15:03.742310+00:00,5300.0,5450.0,5211.0,5400.0,5384.1884765625,2936197
2016-07-20 00:00:00+00:00,2016-07-21T00:00:00+00:00,2026-09-03T11:15:03.742310+00:00,5349.0,5349.0,4933.0,5000.0,4985.35888671875,2693934
2016-07-21 00:00:00+00:00,2016-07-22T00:00:00+00:00,2026-09-03T11:15:03.742310+00:00,5056.0,5281.0,4964.0,5230.0,5214.68701171875,2796363
2016-07-22 00:00:00+00:00,2016-07-23T00:00:00+00:00,2026-09-03T11:15:03.742310+00:00,5265.0,5265.0,5101.0,5175.0,5159.84765625,1589330
2016-07-25 00:00:00+00:00,2016-07-26T00:00:00+00:00,2026-09-03T11:15:03.742310+00:00,5153.0,5300.0,5120.0,5200.0,5184.77392578125,2165405
2016-07-26 00:00:00+00:00,2016-07-27T00:00:00+00:00,2026-09-03T11:15:03.742310+00:00,5235.0,5500.0,5172.0,5399.0,5383.19091796875,4660127
2016-07-27 00:00:00+00:00,2016-07-28T00:00:00+00:00,2026-09-03T11:15:03.742310+00:00,5470.0,5787.0,5417.0,5660.0,5643.42578125,3604454
2016-07-28 00:00:00+00:00,2016-07-29T00:00:00+00:00,2026-09-03T11:15:03.742310+00:00,5838.0,6199.0,5828.0,6025.0,6007.357421875,7290987
2016-07-29 00:00:00+00:00,2016-07-30T00:00:00+00:00,2026-09-03T11:15:03.742310+00:00,6095.0,6102.0,5897.0,6100.0,6082.13818359375,2917363
2016-08-01 00:00:00+00:00,2016-08-02T00:00:00+00:00,2026-09-03T11:15:03.742310+00:00,6114.0,6391.0,6114.0,6318.0,6299.50048828125,3704439
2016-08-02 00:00:00+00:00,2016-08-03T00:00:00+00:00,2026-09-03T11:15:03.742310+00:00,6377.0,6417.0,6312.0,6350.0,6331.40673828125,5171423
2016-08-03 00:00:00+00:00,2016-08-04T00:00:00+00:00,2026-09-03T11:15:03.742310+00:00,6350.0,6350.0,6350.0,6350.0,6331.40673828125,0
2016-08-04 00:00:00+00:00,2016-08-05T00:00:00+00:00,2026-09-03T11:15:03.742310+00:00,6377.0,6743.0,6308.0,6714.0,6694.34130859375,3353094
2016-08-05 00:00:00+00:00,2016-08-06T00:00:00+00:00,2026-09-03T11:15:03.742310+00:00,6732.0,6832.0,6380.0,6495.0,6475.9814453125,5208775
2016-08-08 00:00:00+00:00,2016-08-09T00:00:00+00:00,2026-09-03T11:15:03.742310+00:00,6500.0,6512.0,6343.0,6500.0,6480.966796875,2122432
2016-08-09 00:00:00+00:00,2016-08-10T00:00:00+00:00,2026-09-03T11:15:03.742310+00:00,6500.0,6500.0,6500.0,6500.0,6480.966796875,0
2016-08-10 00:00:00+00:00,2016-08-11T00:00:00+00:00,2026-09-03T11:15:03.742310+00:00,6650.0,6800.0,6570.0,6747.0,6727.244140625,3985560
2016-08-11 00:00:00+00:00,2016-08-12T00:00:00+00:00,2026-09-03T11:15:03.742310+00:00,6747.0,7050.0,6744.0,6965.0,6944.60546875,5059592
2016-08-12 00:00:00+00:00,2016-08-13T00:00:00+00:00,2026-09-03T11:15:03.742310+00:00,6903.0,6987.0,6685.0,6732.0,6712.287109375,4400711
2016-08-15 00:00:00+00:00,2016-08-16T00:00:00+00:00,2026-09-03T11:15:03.742310+00:00,6789.0,6789.0,6449.0,6477.0,6458.0341796875,2487240
2016-08-16 00:00:00+00:00,2016-08-17T00:00:00+00:00,2026-09-03T11:15:03.742310+00:00,6600.0,6730.0,6424.0,6430.0,6411.17236328125,5073279
2016-08-17 00:00:00+00:00,2016-08-18T00:00:00+00:00,2026-09-03T11:15:03.742310+00:00,6421.0,6521.0,6100.0,6248.0,6229.70556640625,3530981
2016-08-18 00:00:00+00:00,2016-08-19T00:00:00+00:00,2026-09-03T11:15:03.742310+00:00,6379.0,6554.0,6261.0,6500.0,6480.966796875,2771929
2016-08-19 00:00:00+00:00,2016-08-20T00:00:00+00:00,2026-09-03T11:15:03.742310+00:00,6478.0,6550.0,6106.0,6328.0,6309.47021484375,3964300
2016-08-22 00:00:00+00:00,2016-08-23T00:00:00+00:00,2026-09-03T11:15:03.742310+00:00,6332.0,6332.0,6052.0,6181.0,6162.90185546875,1740804
2016-08-23 00:00:00+00:00,2016-08-24T00:00:00+00:00,2026-09-03T11:15:03.742310+00:00,6100.0,6148.0,5833.0,5950.0,5932.57763671875,6374811
2016-08-24 00:00:00+00:00,2016-08-25T00:00:00+00:00,2026-09-03T11:15:03.742310+00:00,5960.0,6129.0,5903.0,6000.0,5982.43115234375,4652839
2016-08-25 00:00:00+00:00,2016-08-26T00:00:00+00:00,2026-09-03T11:15:03.742310+00:00,5991.0,6168.0,5865.0,6047.0,6029.2939453125,4588229
2016-08-26 00:00:00+00:00,2016-08-27T00:00:00+00:00,2026-09-03T11:15:03.742310+00:00,6070.0,6102.0,5921.0,6060.0,6042.255859375,2713448
2016-08-29 00:00:00+00:00,2016-08-30T00:00:00+00:00,2026-09-03T11:15:03.742310+00:00,6121.0,6199.0,5860.0,6183.0,6164.8955078125,2522042
2016-08-30 00:00:00+00:00,2016-08-31T00:00:00+00:00,2026-09-03T11:15:03.742310+00:00,6180.0,6180.0,6055.0,6080.0,6062.197265625,3029310
2016-08-31 00:00:00+00:00,2016-09-01T00:00:00+00:00,2026-09-03T11:15:03.742310+00:00,5931.0,6086.0,5646.0,5646.0,5629.46728515625,4420275
2016-09-01 00:00:00+00:00,2016-09-02T00:00:00+00:00,2026-09-03T11:15:03.742310+00:00,5750.0,6448.0,5565.0,6184.0,6165.892578125,8853490
2016-09-02 00:00:00+00:00,2016-09-03T00:00:00+00:00,2026-09-03T11:15:03.742310+00:00,6183.0,6739.0,6183.0,6610.0,6590.64453125,4773090
2016-09-05 00:00:00+00:00,2016-09-06T00:00:00+00:00,2026-09-03T11:15:03.742310+00:00,6711.0,6884.0,6640.0,6704.0,6684.3701171875,4327615
2016-09-06 00:00:00+00:00,2016-09-07T00:00:00+00:00,2026-09-03T11:15:03.742310+00:00,6800.0,6980.0,6650.0,6950.0,6929.64892578125,5817744
2016-09-07 00:00:00+00:00,2016-09-08T00:00:00+00:00,2026-09-03T11:15:03.742310+00:00,6978.0,7000.0,6870.0,6870.0,6849.88427734375,2629646
2016-09-08 00:00:00+00:00,2016-09-09T00:00:00+00:00,2026-09-03T11:15:03.742310+00:00,6810.0,7116.0,6810.0,6952.0,6931.64404296875,4113860
2016-09-09 00:00:00+00:00,2016-09-10T00:00:00+00:00,2026-09-03T11:15:03.742310+00:00,7012.0,7047.0,6782.0,6787.0,6767.12646484375,3514714
2016-09-12 00:00:00+00:00,2016-09-13T00:00:00+00:00,2026-09-03T11:15:03.742310+00:00,6700.0,6700.0,6506.0,6515.0,6495.92333984375,4554882
2016-09-13 00:00:00+00:00,2016-09-14T00:00:00+00:00,2026-09-03T11:15:03.742310+00:00,6740.0,6816.0,6424.0,6581.0,6561.73046875,4231853
2016-09-14 00:00:00+00:00,2016-09-15T00:00:00+00:00,2026-09-03T11:15:03.742310+00:00,6582.0,6685.0,6386.0,6577.0,6557.7412109375,2995862
2016-09-15 00:00:00+00:00,2016-09-16T00:00:00+00:00,2026-09-03T11:15:03.742310+00:00,6600.0,6600.0,6324.0,6500.0,6480.966796875,3367785
2016-09-16 00:00:00+00:00,2016-09-17T00:00:00+00:00,2026-09-03T11:15:03.742310+00:00,6442.0,6570.0,6172.0,6240.0,6221.72802734375,5286840
2016-09-19 00:00:00+00:00,2016-09-20T00:00:00+00:00,2026-09-03T11:15:03.742310+00:00,6300.0,6564.0,6300.0,6436.0,6417.15478515625,3310750
2016-09-20 00:00:00+00:00,2016-09-21T00:00:00+00:00,2026-09-03T11:15:03.742310+00:00,6463.0,6559.0,6251.0,6391.0,6372.2861328125,1949344
2016-09-21 00:00:00+00:00,2016-09-22T00:00:00+00:00,2026-09-03T11:15:03.742310+00:00,6471.0,6561.0,6324.0,6472.0,6453.04931640625,2647927
2016-09-22 00:00:00+00:00,2016-09-23T00:00:00+00:00,2026-09-03T11:15:03.742310+00:00,6560.0,6930.0,6560.0,6877.0,6856.86328125,3380026
2016-09-23 00:00:00+00:00,2016-09-24T00:00:00+00:00,2026-09-03T11:15:03.742310+00:00,6709.0,6807.0,6576.0,6750.0,6730.2353515625,2612981
2016-09-26 00:00:00+00:00,2016-09-27T00:00:00+00:00,2026-09-03T11:15:03.742310+00:00,6750.0,6935.0,6234.0,6806.0,6786.07080078125,3666275
2016-09-27 00:00:00+00:00,2016-09-28T00:00:00+00:00,2026-09-03T11:15:03.742310+00:00,6809.0,6980.0,6383.0,6587.0,6567.71240234375,6120133
2016-09-28 00:00:00+00:00,2016-09-29T00:00:00+00:00,2026-09-03T11:15:03.742310+00:00,6587.0,6848.0,6501.0,6848.0,6827.9482421875,2650205
2016-09-29 00:00:00+00:00,2016-09-30T00:00:00+00:00,2026-09-03T11:15:03.742310+00:00,6875.0,7275.0,6784.0,6889.0,6868.82763671875,16606207
2016-09-30 00:00:00+00:00,2016-10-01T00:00:00+00:00,2026-09-03T11:15:03.742310+00:00,6825.0,7115.0,6808.0,6950.0,6929.64892578125,4663096
2016-10-03 00:00:00+00:00,2016-10-04T00:00:00+00:00,2026-09-03T11:15:03.742310+00:00,6800.0,6958.0,6759.0,6842.0,6821.96533203125,3813925
2016-10-04 00:00:00+00:00,2016-10-05T00:00:00+00:00,2026-09-03T11:15:03.742310+00:00,6774.0,6796.0,6409.0,6556.0,6536.80322265625,6015596
2016-10-05 00:00:00+00:00,2016-10-06T00:00:00+00:00,2026-09-03T11:15:03.742310+00:00,6556.0,6697.0,6261.0,6398.0,6379.26611328125,5756530
2016-10-06 00:00:00+00:00,2016-10-07T00:00:00+00:00,2026-09-03T11:15:03.742310+00:00,6286.0,6490.0,6254.0,6270.0,6251.640625,3576730
2016-10-07 00:00:00+00:00,2016-10-08T00:00:00+00:00,2026-09-03T11:15:03.742310+00:00,6269.0,6270.0,5932.0,6136.0,6118.03369140625,5295450
2016-10-10 00:00:00+00:00,2016-10-11T00:00:00+00:00,2026-09-03T11:15:03.742310+00:00,6136.0,6168.0,6000.0,6130.0,6112.05078125,3618490
2016-10-11 00:00:00+00:00,2016-10-12T00:00:00+00:00,2026-09-03T11:15:03.742310+00:00,6131.0,6599.0,5920.0,6200.0,6181.84619140625,8037660
2016-10-12 00:00:00+00:00,2016-10-13T00:00:00+00:00,2026-09-03T11:15:03.742310+00:00,6060.0,6168.0,6010.0,6048.0,6030.29052734375,4764285
2016-10-13 00:00:00+00:00,2016-10-14T00:00:00+00:00,2026-09-03T11:15:03.742310+00:00,5975.0,6030.0,5746.0,5764.0,5747.123046875,3377499
2016-10-14 00:00:00+00:00,2016-10-15T00:00:00+00:00,2026-09-03T11:15:03.742310+00:00,5751.0,5931.0,5610.0,5718.0,5701.25732421875,3330320
2016-10-17 00:00:00+00:00,2016-10-18T00:00:00+00:00,2026-09-03T11:15:03.742310+00:00,5700.0,5931.0,5553.0,5580.0,5563.66162109375,3413677
2016-10-18 00:00:00+00:00,2016-10-19T00:00:00+00:00,2026-09-03T11:15:03.742310+00:00,5690.0,5761.0,5565.0,5565.0,5548.70458984375,6237220
2016-10-19 00:00:00+00:00,2016-10-20T00:00:00+00:00,2026-09-03T11:15:03.742310+00:00,5650.0,5877.0,5608.0,5640.0,5623.4853515625,3831600
2016-10-20 00:00:00+00:00,2016-10-21T00:00:00+00:00,2026-09-03T11:15:03.742310+00:00,5670.0,5742.0,5450.0,5450.0,5434.041015625,2483436
2016-10-21 00:00:00+00:00,2016-10-22T00:00:00+00:00,2026-09-03T11:15:03.742310+00:00,5414.0,5498.0,5114.0,5417.0,5401.138671875,8185021
2016-10-24 00:00:00+00:00,2016-10-25T00:00:00+00:00,2026-09-03T11:15:03.742310+00:00,5420.0,5531.0,5255.0,5298.0,5282.4873046875,3973002
2016-10-25 00:00:00+00:00,2016-10-26T00:00:00+00:00,2026-09-03T11:15:03.742310+00:00,5387.0,5580.0,5317.0,5558.0,5541.7255859375,3141660
2016-10-26 00:00:00+00:00,2016-10-27T00:00:00+00:00,2026-09-03T11:15:03.742310+00:00,5565.0,5664.0,5398.0,5469.0,5452.986328125,3290861
2016-10-27 00:00:00+00:00,2016-10-28T00:00:00+00:00,2026-09-03T11:15:03.742310+00:00,5450.0,5523.0,5389.0,5450.0,5434.041015625,2726968
2016-10-28 00:00:00+00:00,2016-10-29T00:00:00+00:00,2026-09-03T11:15:03.742310+00:00,5455.0,5455.0,5288.0,5424.0,5408.11767578125,3893714
2016-10-31 00:00:00+00:00,2016-11-01T00:00:00+00:00,2026-09-03T11:15:03.742310+00:00,5414.0,5460.0,5300.0,5420.0,5404.12939453125,4218964
2016-11-01 00:00:00+00:00,2016-11-02T00:00:00+00:00,2026-09-03T11:15:03.742310+00:00,5424.0,5932.0,5366.0,5920.0,5902.666015625,4558915
2016-11-02 00:00:00+00:00,2016-11-03T00:00:00+00:00,2026-09-03T11:15:03.742310+00:00,5899.0,5899.0,5674.0,5690.0,5673.33837890625,3228699
2016-11-03 00:00:00+00:00,2016-11-04T00:00:00+00:00,2026-09-03T11:15:03.742310+00:00,5779.0,5779.0,5507.0,5569.0,5552.693359375,2017137
2016-11-04 00:00:00+00:00,2016-11-05T00:00:00+00:00,2026-09-03T11:15:03.742310+00:00,5500.0,5681.0,5259.0,5407.0,5391.16796875,4633580
2016-11-07 00:00:00+00:00,2016-11-08T00:00:00+00:00,2026-09-03T11:15:03.742310+00:00,5503.0,5539.0,5273.0,5435.0,5419.0849609375,5083135
2016-11-08 00:00:00+00:00,2016-11-09T00:00:00+00:00,2026-09-03T11:15:03.742310+00:00,5471.0,5629.0,5311.0,5311.0,5295.4482421875,3272429
2016-11-09 00:00:00+00:00,2016-11-10T00:00:00+00:00,2026-09-03T11:15:03.742310+00:00,5450.0,5673.0,5382.0,5546.0,5529.7607421875,3137320
2016-11-10 00:00:00+00:00,2016-11-11T00:00:00+00:00,2026-09-03T11:15:03.742310+00:00,5546.0,5746.0,5333.0,5355.0,5339.3193359375,4626873
2016-11-11 00:00:00+00:00,2016-11-12T00:00:00+00:00,2026-09-03T11:15:03.742310+00:00,5447.0,5490.0,5116.0,5294.0,5278.49853515625,5139019
2016-11-14 00:00:00+00:00,2016-11-15T00:00:00+00:00,2026-09-03T11:15:03.742310+00:00,5120.0,5223.0,4935.0,4960.0,4945.47607421875,5100644
2016-11-15 00:00:00+00:00,2016-11-16T00:00:00+00:00,2026-09-03T11:15:03.742310+00:00,4999.0,5149.0,4885.0,5021.0,5006.29736328125,4412135
2016-11-16 00:00:00+00:00,2016-11-17T00:00:00+00:00,2026-09-03T11:15:03.742310+00:00,5024.0,5028.0,4811.0,4901.0,4886.64892578125,3749208
2016-11-17 00:00:00+00:00,2016-11-18T00:00:00+00:00,2026-09-03T11:15:03.742310+00:00,4901.0,5223.0,4901.0,5100.0,5085.06640625,3284445
2016-11-18 00:00:00+00:00,2016-11-19T00:00:00+00:00,2026-09-03T11:15:03.742310+00:00,5001.0,5208.0,5000.0,5050.0,5035.21337890625,4077595
2016-11-21 00:00:00+00:00,2016-11-22T00:00:00+00:00,2026-09-03T11:15:03.742310+00:00,4973.0,5221.0,4850.0,4956.0,4941.48828125,2277875
2016-11-22 00:00:00+00:00,2016-11-23T00:00:00+00:00,2026-09-03T11:15:03.742310+00:00,5015.0,5154.0,4942.0,5012.0,4997.32421875,4318584
2016-11-23 00:00:00+00:00,2016-11-24T00:00:00+00:00,2026-09-03T11:15:03.742310+00:00,4990.0,5164.0,4705.0,4749.0,4735.09375,3124634
2016-11-24 00:00:00+00:00,2016-11-25T00:00:00+00:00,2026-09-03T11:15:03.742310+00:00,4738.0,4999.0,4677.0,4733.0,4719.1416015625,1707549
2016-11-25 00:00:00+00:00,2016-11-26T00:00:00+00:00,2026-09-03T11:15:03.742310+00:00,4734.0,4817.0,4596.0,4706.0,4692.22021484375,2026273
2016-11-28 00:00:00+00:00,2016-11-29T00:00:00+00:00,2026-09-03T11:15:03.742310+00:00,4705.0,4825.0,4548.0,4566.0,4552.6298828125,2123334
2016-11-29 00:00:00+00:00,2016-11-30T00:00:00+00:00,2026-09-03T11:15:03.742310+00:00,4555.0,4700.0,4401.0,4447.0,4433.978515625,4162080
2016-11-30 00:00:00+00:00,2016-12-01T00:00:00+00:00,2026-09-03T11:15:03.742310+00:00,4598.0,4598.0,4411.0,4420.0,4407.0576171875,4161325
2016-12-01 00:00:00+00:00,2016-12-02T00:00:00+00:00,2026-09-03T11:15:03.742310+00:00,4422.0,4559.0,4367.0,4493.0,4479.84375,4273573
2016-12-02 00:00:00+00:00,2016-12-03T00:00:00+00:00,2026-09-03T11:15:03.742310+00:00,4568.0,4646.0,4270.0,4283.0,4270.4580078125,3254940
2016-12-05 00:00:00+00:00,2016-12-06T00:00:00+00:00,2026-09-03T11:15:03.742310+00:00,4286.0,4376.0,4211.0,4300.0,4287.4091796875,3076714
2016-12-06 00:00:00+00:00,2016-12-07T00:00:00+00:00,2026-09-03T11:15:03.742310+00:00,4283.0,4349.0,4180.0,4200.0,4187.70166015625,2814253
2016-12-07 00:00:00+00:00,2016-12-08T00:00:00+00:00,2026-09-03T11:15:03.742310+00:00,4259.0,4359.0,4211.0,4275.0,4262.48193359375,4975554
2016-12-08 00:00:00+00:00,2016-12-09T00:00:00+00:00,2026-09-03T11:15:03.742310+00:00,4320.0,4331.0,4219.0,4295.0,4282.42333984375,3621111
2016-12-09 00:00:00+00:00,2016-12-10T00:00:00+00:00,2026-09-03T11:15:03.742310+00:00,4210.0,4339.0,4150.0,4270.0,4257.4970703125,2537809
2016-12-12 00:00:00+00:00,2016-12-13T00:00:00+00:00,2026-09-03T11:15:03.742310+00:00,4300.0,4301.0,4140.0,4200.0,4187.70166015625,2346571
2016-12-13 00:00:00+00:00,2016-12-14T00:00:00+00:00,2026-09-03T11:15:03.742310+00:00,4174.0,4217.0,3943.0,4196.0,4183.7138671875,4202881
2016-12-14 00:00:00+00:00,2016-12-15T00:00:00+00:00,2026-09-03T11:15:03.742310+00:00,4186.0,4380.0,4069.0,4207.0,4194.681640625,6074159
2016-12-15 00:00:00+00:00,2016-12-16T00:00:00+00:00,2026-09-03T11:15:03.742310+00:00,4207.0,4250.0,4003.0,4169.0,4156.79296875,16139337
2016-12-16 00:00:00+00:00,2016-12-17T00:00:00+00:00,2026-09-03T11:15:03.742310+00:00,4169.0,4169.0,4169.0,4169.0,4156.79296875,0
2016-12-19 00:00:00+00:00,2016-12-20T00:00:00+00:00,2026-09-03T11:15:03.742310+00:00,4220.0,4377.0,4150.0,4221.0,4208.64013671875,4112967
2016-12-20 00:00:00+00:00,2016-12-21T00:00:00+00:00,2026-09-03T11:15:03.742310+00:00,4340.0,4340.0,4155.0,4200.0,4187.70166015625,9496462
2016-12-21 00:00:00+00:00,2016-12-22T00:00:00+00:00,2026-09-03T11:15:03.742310+00:00,4250.0,4296.0,4124.0,4130.0,4117.90625,5814626
2016-12-22 00:00:00+00:00,2016-12-23T00:00:00+00:00,2026-09-03T11:15:03.742310+00:00,4185.0,4249.0,4006.0,4150.0,4137.84765625,3025728
2016-12-23 00:00:00+00:00,2016-12-24T00:00:00+00:00,2026-09-03T11:15:03.742310+00:00,4190.0,4199.0,4089.0,4096.0,4084.0068359375,950185
2016-12-26 00:00:00+00:00,2016-12-27T00:00:00+00:00,2026-09-03T11:15:03.742310+00:00,4096.0,4096.0,4096.0,4096.0,4084.0068359375,0
2016-12-27 00:00:00+00:00,2016-12-28T00:00:00+00:00,2026-09-03T11:15:03.742310+00:00,4096.0,4096.0,4096.0,4096.0,4084.0068359375,0
2016-12-28 00:00:00+00:00,2016-12-29T00:00:00+00:00,2026-09-03T11:15:03.742310+00:00,4186.0,4239.0,4100.0,4200.0,4187.70166015625,2278543
2016-12-29 00:00:00+00:00,2016-12-30T00:00:00+00:00,2026-09-03T11:15:03.742310+00:00,4210.0,4300.0,4159.0,4227.0,4214.623046875,1608945
2016-12-30 00:00:00+00:00,2016-12-31T00:00:00+00:00,2026-09-03T11:15:03.742310+00:00,4300.0,4320.0,4234.0,4274.0,4261.4853515625,1428258
2017-01-02 00:00:00+00:00,2017-01-03T00:00:00+00:00,2026-09-03T11:15:03.742310+00:00,4274.0,4274.0,4274.0,4274.0,4261.4853515625,0
2017-01-03 00:00:00+00:00,2017-01-04T00:00:00+00:00,2026-09-03T11:15:03.742310+00:00,4295.0,4487.0,4288.0,4426.0,4413.04052734375,4717561
2017-01-04 00:00:00+00:00,2017-01-05T00:00:00+00:00,2026-09-03T11:15:03.742310+00:00,4439.0,4525.0,4337.0,4509.0,4495.7978515625,4866767
2017-01-05 00:00:00+00:00,2017-01-06T00:00:00+00:00,2026-09-03T11:15:03.742310+00:00,4587.0,4720.0,4585.0,4708.0,4694.2138671875,7230368
2017-01-06 00:00:00+00:00,2017-01-07T00:00:00+00:00,2026-09-03T11:15:03.742310+00:00,4695.0,4779.0,4619.0,4700.0,4686.2373046875,3336888
2017-01-09 00:00:00+00:00,2017-01-10T00:00:00+00:00,2026-09-03T11:15:03.742310+00:00,4722.0,4772.0,4586.0,4671.0,4657.32275390625,2567899
2017-01-10 00:00:00+00:00,2017-01-11T00:00:00+00:00,2026-09-03T11:15:03.742310+00:00,4700.0,4794.0,4648.0,4752.0,4738.0859375,4054594
2017-01-11 00:00:00+00:00,2017-01-12T00:00:00+00:00,2026-09-03T11:15:03.742310+00:00,4794.0,4809.0,4712.0,4786.0,4771.98681640625,4447478
2017-01-12 00:00:00+00:00,2017-01-13T00:00:00+00:00,2026-09-03T11:15:03.742310+00:00,4819.0,4888.0,4746.0,4767.0,4753.04150390625,4492293
2017-01-13 00:00:00+00:00,2017-01-14T00:00:00+00:00,2026-09-03T11:15:03.742310+00:00,4794.0,4909.0,4722.0,4815.0,4800.90087890625,3781003
2017-01-16 00:00:00+00:00,2017-01-17T00:00:00+00:00,2026-09-03T11:15:03.742310+00:00,4815.0,4925.0,4815.0,4900.0,4885.65283203125,2678917
2017-01-17 00:00:00+00:00,2017-01-18T00:00:00+00:00,2026-09-03T11:15:03.742310+00:00,4931.0,5074.0,4875.0,4930.0,4915.56494140625,5749290
2017-01-18 00:00:00+00:00,2017-01-19T00:00:00+00:00,2026-09-03T11:15:03.742310+00:00,4920.0,4995.0,4890.0,4950.0,4935.505859375,3310639
2017-01-19 00:00:00+00:00,2017-01-20T00:00:00+00:00,2026-09-03T11:15:03.742310+00:00,4898.0,4953.0,4860.0,4905.0,4890.63720703125,3226909
2017-01-20 00:00:00+00:00,2017-01-21T00:00:00+00:00,2026-09-03T11:15:03.742310+00:00,4900.0,4949.0,4819.0,4860.0,4845.76904296875,1922242
2017-01-23 00:00:00+00:00,2017-01-24T00:00:00+00:00,2026-09-03T11:15:03.742310+00:00,4900.0,5117.0,4871.0,5100.0,5085.06640625,5716100
2017-01-24 00:00:00+00:00,2017-01-25T00:00:00+00:00,2026-09-03T11:15:03.742310+00:00,5150.0,5597.0,5100.0,5500.0,5483.8955078125,9628502
2017-01-25 00:00:00+00:00,2017-01-26T00:00:00+00:00,2026-09-03T11:15:03.742310+00:00,5475.0,5889.0,5331.0,5350.0,5334.33447265625,9699902
2017-01-26 00:00:00+00:00,2017-01-27T00:00:00+00:00,2026-09-03T11:15:03.742310+00:00,5478.0,5500.0,5319.0,5460.0,5444.0126953125,4264267
2017-01-27 00:00:00+00:00,2017-01-28T00:00:00+00:00,2026-09-03T11:15:03.742310+00:00,5400.0,5485.0,5181.0,5280.0,5264.5400390625,4298575
2017-01-30 00:00:00+00:00,2017-01-31T00:00:00+00:00,2026-09-03T11:15:03.742310+00:00,5295.0,5332.0,5058.0,5207.0,5191.75341796875,2961942
2017-01-31 00:00:00+00:00,2017-02-01T00:00:00+00:00,2026-09-03T11:15:03.742310+00:00,5300.0,5405.0,5225.0,5344.0,5328.35205078125,2397287
2017-02-01 00:00:00+00:00,2017-02-02T00:00:00+00:00,2026-09-03T11:15:03.742310+00:00,5384.0,5566.0,5362.0,5449.0,5433.0439453125,3813299
2017-02-02 00:00:00+00:00,2017-02-03T00:00:00+00:00,2026-09-03T11:15:03.742310+00:00,5500.0,5700.0,5404.0,5480.0,5463.95361328125,9944760
2017-02-03 00:00:00+00:00,2017-02-04T00:00:00+00:00,2026-09-03T11:15:03.742310+00:00,5356.0,5449.0,5055.0,5120.0,5105.0087890625,4493904
2017-02-06 00:00:00+00:00,2017-02-07T00:00:00+00:00,2026-09-03T11:15:03.742310+00:00,5350.0,5350.0,5120.0,5168.0,5152.86767578125,3174897
2017-02-07 00:00:00+00:00,2017-02-08T00:00:00+00:00,2026-09-03T11:15:03.742310+00:00,5213.0,5352.0,5145.0,5333.0,5317.38427734375,3174078
2017-02-08 00:00:00+00:00,2017-02-09T00:00:00+00:00,2026-09-03T11:15:03.742310+00:00,5300.0,5457.0,5211.0,5443.0,5427.0615234375,3554912
2017-02-09 00:00:00+00:00,2017-02-10T00:00:00+00:00,2026-09-03T11:15:03.742310+00:00,5440.0,5585.0,5383.0,5438.0,5422.07666015625,4591013
2017-02-10 00:00:00+00:00,2017-02-11T00:00:00+00:00,2026-09-03T11:15:03.742310+00:00,5375.0,5387.0,5230.0,5314.0,5298.43994140625,2590992
2017-02-13 00:00:00+00:00,2017-02-14T00:00:00+00:00,2026-09-03T11:15:03.742310+00:00,5400.0,5479.0,5300.0,5451.0,5435.03857421875,3563971
2017-02-14 00:00:00+00:00,2017-02-15T00:00:00+00:00,2026-09-03T11:15:03.742310+00:00,5425.0,5460.0,5239.0,5289.0,5273.51318359375,3991892
2017-02-15 00:00:00+00:00,2017-02-16T00:00:00+00:00,2026-09-03T11:15:03.742310+00:00,5290.0,5340.0,5080.0,5130.0,5114.978515625,4379357
2017-02-16 00:00:00+00:00,2017-02-17T00:00:00+00:00,2026-09-03T11:15:03.742310+00:00,5215.0,5344.0,5061.0,5065.0,5050.1689453125,5636154
2017-02-17 00:00:00+00:00,2017-02-18T00:00:00+00:00,2026-09-03T11:15:03.742310+00:00,5149.0,5149.0,4868.0,5031.0,5016.26904296875,3950027
2017-02-20 00:00:00+00:00,2017-02-21T00:00:00+00:00,2026-09-03T11:15:03.742310+00:00,4930.0,5050.0,4930.0,4986.0,4971.400390625,1265513
2017-02-21 00:00:00+00:00,2017-02-22T00:00:00+00:00,2026-09-03T11:15:03.742310+00:00,4960.0,5009.0,4875.0,4996.0,4981.37060546875,2449848
2017-02-22 00:00:00+00:00,2017-02-23T00:00:00+00:00,2026-09-03T11:15:03.742310+00:00,5080.0,5080.0,4868.0,4928.0,4913.5703125,2374995
2017-02-23 00:00:00+00:00,2017-02-24T00:00:00+00:00,2026-09-03T11:15:03.742310+00:00,4850.0,4850.0,4584.0,4700.0,4686.2373046875,6985112
2017-02-24 00:00:00+00:00,2017-02-25T00:00:00+00:00,2026-09-03T11:15:03.742310+00:00,4633.0,4769.0,4417.0,4550.0,4536.67724609375,5377966
2017-02-27 00:00:00+00:00,2017-02-28T00:00:00+00:00,2026-09-03T11:15:03.742310+00:00,4600.0,4600.0,4352.0,4390.0,4377.14599609375,2930149
2017-02-28 00:00:00+00:00,2017-03-01T00:00:00+00:00,2026-09-03T11:15:03.742310+00:00,4380.0,4551.0,4311.0,4404.0,4391.1044921875,7456369
2017-03-01 00:00:00+00:00,2017-03-02T00:00:00+00:00,2026-09-03T11:15:03.742310+00:00,4396.0,4468.0,4215.0,4248.0,4235.56201171875,5517912
2017-03-02 00:00:00+00:00,2017-03-03T00:00:00+00:00,2026-09-03T11:15:03.742310+00:00,4251.0,4397.0,4186.0,4367.0,4354.21240234375,4830396
2017-03-03 00:00:00+00:00,2017-03-04T00:00:00+00:00,2026-09-03T11:15:03.742310+00:00,4295.0,4323.0,4206.0,4235.0,4222.59912109375,5575236
2017-03-06 00:00:00+00:00,2017-03-07T00:00:00+00:00,2026-09-03T11:15:03.742310+00:00,4230.0,4272.0,4100.0,4160.0,4147.818359375,3439740
2017-03-07 00:00:00+00:00,2017-03-08T00:00:00+00:00,2026-09-03T11:15:03.742310+00:00,4170.0,4340.0,4096.0,4130.0,4117.90625,7210619
2017-03-08 00:00:00+00:00,2017-03-09T00:00:00+00:00,2026-09-03T11:15:03.742310+00:00,4130.0,4187.0,3969.0,4000.0,3988.287109375,6334928
2017-03-09 00:00:00+00:00,2017-03-10T00:00:00+00:00,2026-09-03T11:15:03.742310+00:00,3951.0,4012.0,3865.0,3905.0,3893.5654296875,3679906
2017-03-10 00:00:00+00:00,2017-03-11T00:00:00+00:00,2026-09-03T11:15:03.742310+00:00,3900.0,3981.0,3800.0,3923.0,3911.5126953125,2932837
2017-03-13 00:00:00+00:00,2017-03-14T00:00:00+00:00,2026-09-03T11:15:03.742310+00:00,4020.0,4175.0,3963.0,4017.0,4005.23779296875,2366212
2017-03-14 00:00:00+00:00,2017-03-15T00:00:00+00:00,2026-09-03T11:15:03.742310+00:00,4050.0,4192.0,4006.0,4180.0,4167.7607421875,4551708
2017-03-15 00:00:00+00:00,2017-03-16T00:00:00+00:00,2026-09-03T11:15:03.742310+00:00,4245.0,4245.0,3985.0,4075.0,4063.067626953125,4433960
2017-03-16 00:00:00+00:00,2017-03-17T00:00:00+00:00,2026-09-03T11:15:03.742310+00:00,4229.0,4307.0,4164.0,4268.0,4255.50244140625,10731570
2017-03-17 00:00:00+00:00,2017-03-18T00:00:00+00:00,2026-09-03T11:15:03.742310+00:00,4280.0,4463.0,4262.0,4354.0,4341.25048828125,5440347
2017-03-20 00:00:00+00:00,2017-03-21T00:00:00+00:00,2026-09-03T11:15:03.742310+00:00,4405.0,4486.0,4388.0,4395.0,4382.130859375,3409859
2017-03-22 00:00:00+00:00,2017-03-23T00:00:00+00:00,2026-09-03T11:15:03.742310+00:00,4425.0,4541.0,4355.0,4454.0,4440.95703125,4438912
2017-03-23 00:00:00+00:00,2017-03-24T00:00:00+00:00,2026-09-03T11:15:03.742310+00:00,4490.0,4490.0,4305.0,4316.0,4303.36279296875,3769496
2017-03-24 00:00:00+00:00,2017-03-25T00:00:00+00:00,2026-09-03T11:15:03.742310+00:00,4363.0,4398.0,4159.0,4220.0,4207.6435546875,4943849
2017-03-27 00:00:00+00:00,2017-03-28T00:00:00+00:00,2026-09-03T11:15:03.742310+00:00,4286.0,4514.0,4240.0,4350.0,4337.2626953125,3678927
2017-03-28 00:00:00+00:00,2017-03-29T00:00:00+00:00,2026-09-03T11:15:03.742310+00:00,4402.0,4495.0,4365.0,4415.0,4402.07177734375,4121549
2017-03-29 00:00:00+00:00,2017-03-30T00:00:00+00:00,2026-09-03T11:15:03.742310+00:00,4357.0,4524.0,4330.0,4435.0,4422.013671875,3321821
2017-03-30 00:00:00+00:00,2017-03-31T00:00:00+00:00,2026-09-03T11:15:03.742310+00:00,4440.0,4518.0,4387.0,4504.0,4490.8115234375,1615391
2017-03-31 00:00:00+00:00,2017-04-01T00:00:00+00:00,2026-09-03T11:15:03.742310+00:00,4610.0,4686.0,4475.0,4522.0,4508.7587890625,3532961
2017-04-03 00:00:00+00:00,2017-04-04T00:00:00+00:00,2026-09-03T11:15:03.742310+00:00,4597.0,4645.0,4520.0,4629.0,4615.4462890625,3496044
2017-04-04 00:00:00+00:00,2017-04-05T00:00:00+00:00,2026-09-03T11:15:03.742310+00:00,4700.0,4943.0,4700.0,4850.0,4835.79833984375,3217179
2017-04-05 00:00:00+00:00,2017-04-06T00:00:00+00:00,2026-09-03T11:15:03.742310+00:00,4867.0,4988.0,4840.0,4925.0,4910.5791015625,3994342
2017-04-06 00:00:00+00:00,2017-04-07T00:00:00+00:00,2026-09-03T11:15:03.742310+00:00,4984.0,4985.0,4866.0,4898.0,4883.65869140625,2025951
2017-04-07 00:00:00+00:00,2017-04-08T00:00:00+00:00,2026-09-03T11:15:03.742310+00:00,4950.0,4999.0,4815.0,4972.0,4957.44091796875,3365113
2017-04-10 00:00:00+00:00,2017-04-11T00:00:00+00:00,2026-09-03T11:15:03.742310+00:00,4850.0,5083.0,4707.0,4786.0,4771.98681640625,2134358
2017-04-11 00:00:00+00:00,2017-04-12T00:00:00+00:00,2026-09-03T11:15:03.742310+00:00,4800.0,5046.0,4725.0,4984.0,4969.40576171875,4009975
2017-04-12 00:00:00+00:00,2017-04-13T00:00:00+00:00,2026-09-03T11:15:03.742310+00:00,5048.0,5058.0,4622.0,4675.0,4661.31103515625,4905380
2017-04-13 00:00:00+00:00,2017-04-14T00:00:00+00:00,2026-09-03T11:15:03.742310+00:00,4780.0,4845.0,4676.0,4834.0,4819.845703125,2266164
2017-04-18 00:00:00+00:00,2017-04-19T00:00:00+00:00,2026-09-03T11:15:03.742310+00:00,4773.0,4858.0,4655.0,4689.0,4675.26953125,4618558
2017-04-19 00:00:00+00:00,2017-04-20T00:00:00+00:00,2026-09-03T11:15:03.742310+00:00,4744.0,4860.0,4671.0,4760.0,4746.0625,4677896
2017-04-20 00:00:00+00:00,2017-04-21T00:00:00+00:00,2026-09-03T11:15:03.742310+00:00,4661.0,4691.0,4581.0,4664.0,4650.34228515625,2982457
2017-04-21 00:00:00+00:00,2017-04-22T00:00:00+00:00,2026-09-03T11:15:03.742310+00:00,4648.0,4719.0,4526.0,4590.0,4576.56005859375,1704844
2017-04-24 00:00:00+00:00,2017-04-25T00:00:00+00:00,2026-09-03T11:15:03.742310+00:00,4463.0,4570.0,4284.0,4427.0,4414.03662109375,3338411
2017-04-25 00:00:00+00:00,2017-04-26T00:00:00+00:00,2026-09-03T11:15:03.742310+00:00,4400.0,4495.0,4359.0,4408.0,4395.09326171875,2819369
2017-04-26 00:00:00+00:00,2017-04-27T00:00:00+00:00,2026-09-03T11:15:03.742310+00:00,4370.0,4426.0,4157.0,4290.0,4277.43798828125,3708413
2017-04-28 00:00:00+00:00,2017-04-29T00:00:00+00:00,2026-09-03T11:15:03.742310+00:00,4213.0,4349.0,4213.0,4295.0,4282.42333984375,1990689
2017-05-01 00:00:00+00:00,2017-05-02T00:00:00+00:00,2026-09-03T11:15:03.742310+00:00,4295.0,4295.0,4295.0,4295.0,4282.42333984375,0
2017-05-02 00:00:00+00:00,2017-05-03T00:00:00+00:00,2026-09-03T11:15:03.742310+00:00,4206.0,4296.0,4206.0,4278.0,4265.47314453125,2765130
2017-05-03 00:00:00+00:00,2017-05-04T00:00:00+00:00,2026-09-03T11:15:03.742310+00:00,4300.0,4343.0,4067.0,4139.0,4126.880859375,4707468
2017-05-04 00:00:00+00:00,2017-05-05T00:00:00+00:00,2026-09-03T11:15:03.742310+00:00,4050.0,4194.0,4010.0,4123.0,4110.92724609375,2925648
2017-05-05 00:00:00+00:00,2017-05-06T00:00:00+00:00,2026-09-03T11:15:03.742310+00:00,4241.0,4249.0,4084.0,4140.0,4127.8779296875,5329745
2017-05-08 00:00:00+00:00,2017-05-09T00:00:00+00:00,2026-09-03T11:15:03.742310+00:00,4169.0,4212.0,4045.0,4055.0,4043.12646484375,2869523
2017-05-09 00:00:00+00:00,2017-05-10T00:00:00+00:00,2026-09-03T11:15:03.742310+00:00,4083.0,4191.0,4044.0,4165.0,4152.80419921875,3007737
2017-05-10 00:00:00+00:00,2017-05-11T00:00:00+00:00,2026-09-03T11:15:03.742310+00:00,4161.0,4450.0,4152.0,4385.0,4372.16015625,4829510
2017-05-11 00:00:00+00:00,2017-05-12T00:00:00+00:00,2026-09-03T11:15:03.742310+00:00,4425.0,4436.0,4343.0,4393.0,4380.13623046875,2251801
2017-05-12 00:00:00+00:00,2017-05-13T00:00:00+00:00,2026-09-03T11:15:03.742310+00:00,4425.0,4448.0,4223.0,4275.0,4262.48193359375,3486891
2017-05-15 00:00:00+00:00,2017-05-16T00:00:00+00:00,2026-09-03T11:15:03.742310+00:00,4368.0,4398.0,4245.0,4398.0,4385.123046875,1444218
2017-05-16 00:00:00+00:00,2017-05-17T00:00:00+00:00,2026-09-03T11:15:03.742310+00:00,4322.0,4369.0,4233.0,4328.0,4315.3271484375,2752175
2017-05-17 00:00:00+00:00,2017-05-18T00:00:00+00:00,2026-09-03T11:15:03.742310+00:00,4328.0,4466.0,4261.0,4280.0,4267.4677734375,3621618
2017-05-18 00:00:00+00:00,2017-05-19T00:00:00+00:00,2026-09-03T11:15:03.742310+00:00,4264.0,4324.0,4171.0,4224.0,4211.6318359375,2701459
2017-05-19 00:00:00+00:00,2017-05-20T00:00:00+00:00,2026-09-03T11:15:03.742310+00:00,4175.0,4353.0,4172.0,4299.0,4286.412109375,2405790
2017-05-22 00:00:00+00:00,2017-05-23T00:00:00+00:00,2026-09-03T11:15:03.742310+00:00,4290.0,4374.0,4132.0,4365.0,4352.21826171875,3055676
2017-05-23 00:00:00+00:00,2017-05-24T00:00:00+00:00,2026-09-03T11:15:03.742310+00:00,4350.0,4439.0,4296.0,4391.0,4378.142578125,2053782
2017-05-24 00:00:00+00:00,2017-05-25T00:00:00+00:00,2026-09-03T11:15:03.742310+00:00,4350.0,4364.0,4100.0,4156.0,4143.83056640625,2446795
2017-05-25 00:00:00+00:00,2017-05-26T00:00:00+00:00,2026-09-03T11:15:03.742310+00:00,3751.0,3973.0,3392.0,3750.0,3739.019775390625,51294494
2017-05-26 00:00:00+00:00,2017-05-27T00:00:00+00:00,2026-09-03T11:15:03.742310+00:00,3750.0,3843.0,3669.0,3700.0,3689.165771484375,11255616
2017-05-29 00:00:00+00:00,2017-05-30T00:00:00+00:00,2026-09-03T11:15:03.742310+00:00,3655.0,3800.0,3655.0,3722.0,3711.101806640625,2706866
2017-05-30 00:00:00+00:00,2017-05-31T00:00:00+00:00,2026-09-03T11:15:03.742310+00:00,3740.0,3740.0,3630.0,3664.0,3653.271240234375,7299919
2017-05-31 00:00:00+00:00,2017-06-01T00:00:00+00:00,2026-09-03T11:15:03.742310+00:00,3700.0,3719.0,3660.0,3677.0,3666.2333984375,8051991
2017-06-01 00:00:00+00:00,2017-06-02T00:00:00+00:00,2026-09-03T11:15:03.742310+00:00,3680.0,3770.0,3506.0,3506.0,3495.73388671875,16240665
2017-06-02 00:00:00+00:00,2017-06-03T00:00:00+00:00,2026-09-03T11:15:03.742310+00:00,3504.0,3612.0,3500.0,3527.0,3516.672607421875,5188039
2017-06-05 00:00:00+00:00,2017-06-06T00:00:00+00:00,2026-09-03T11:15:03.742310+00:00,3520.0,3798.0,3364.0,3646.0,3635.323974609375,7723684
2017-06-06 00:00:00+00:00,2017-06-07T00:00:00+00:00,2026-09-03T11:15:03.742310+00:00,3692.0,3754.0,3516.0,3733.0,3722.069091796875,10102767
2017-06-07 00:00:00+00:00,2017-06-08T00:00:00+00:00,2026-09-03T11:15:03.742310+00:00,3750.0,3851.0,3637.0,3650.0,3639.3115234375,8476297
2017-06-08 00:00:00+00:00,2017-06-09T00:00:00+00:00,2026-09-03T11:15:03.742310+00:00,3707.0,3711.0,3485.0,3524.0,3513.681396484375,4868430
2017-06-09 00:00:00+00:00,2017-06-10T00:00:00+00:00,2026-09-03T11:15:03.742310+00:00,3449.0,3691.0,3449.0,3670.0,3659.25341796875,5570528
2017-06-12 00:00:00+00:00,2017-06-13T00:00:00+00:00,2026-09-03T11:15:03.742310+00:00,3681.0,3734.0,3583.0,3646.0,3635.323974609375,7574763
2017-06-13 00:00:00+00:00,2017-06-14T00:00:00+00:00,2026-09-03T11:15:03.742310+00:00,3660.0,3805.0,3618.0,3688.0,3677.20166015625,7653137
2017-06-14 00:00:00+00:00,2017-06-15T00:00:00+00:00,2026-09-03T11:15:03.742310+00:00,3687.0,3778.0,3638.0,3739.0,3728.0517578125,6681390
2017-06-15 00:00:00+00:00,2017-06-16T00:00:00+00:00,2026-09-03T11:15:03.742310+00:00,3650.0,3707.0,3581.0,3650.0,3639.3115234375,26286209
2017-06-16 00:00:00+00:00,2017-06-17T00:00:00+00:00,2026-09-03T11:15:03.742310+00:00,3650.0,3650.0,3650.0,3650.0,3639.3115234375,0
2017-06-19 00:00:00+00:00,2017-06-20T00:00:00+00:00,2026-09-03T11:15:03.742310+00:00,3650.0,3674.0,3466.0,3640.0,3629.341552734375,8845084
2017-06-20 00:00:00+00:00,2017-06-21T00:00:00+00:00,2026-09-03T11:15:03.742310+00:00,3650.0,3657.0,3415.0,3415.0,3405.00048828125,7379594
2017-06-21 00:00:00+00:00,2017-06-22T00:00:00+00:00,2026-09-03T11:15:03.742310+00:00,3415.0,3458.0,3234.0,3391.0,3381.070556640625,6459766
2017-06-22 00:00:00+00:00,2017-06-23T00:00:00+00:00,2026-09-03T11:15:03.742310+00:00,3450.0,3508.0,3384.0,3437.0,3426.93603515625,4302689
2017-06-23 00:00:00+00:00,2017-06-24T00:00:00+00:00,2026-09-03T11:15:03.742310+00:00,3455.0,3641.0,3455.0,3550.0,3539.605224609375,7582937
2017-06-26 00:00:00+00:00,2017-06-27T00:00:00+00:00,2026-09-03T11:15:03.742310+00:00,3604.0,3623.0,3498.0,3505.0,3494.73681640625,3870511
2017-06-27 00:00:00+00:00,2017-06-28T00:00:00+00:00,2026-09-03T11:15:03.742310+00:00,3550.0,3645.0,3520.0,3590.0,3579.488037109375,2742645
2017-06-28 00:00:00+00:00,2017-06-29T00:00:00+00:00,2026-09-03T11:15:03.742310+00:00,3644.0,3644.0,3515.0,3553.0,3542.596435546875,2866503
2017-06-29 00:00:00+00:00,2017-06-30T00:00:00+00:00,2026-09-03T11:15:03.742310+00:00,3553.0,3588.0,3390.0,3546.0,3535.616943359375,4764225
2017-06-30 00:00:00+00:00,2017-07-01T00:00:00+00:00,2026-09-03T11:15:03.742310+00:00,3471.0,3692.0,3471.0,3685.0,3674.2099609375,2816218
2017-07-03 00:00:00+00:00,2017-07-04T00:00:00+00:00,2026-09-03T11:15:03.742310+00:00,3650.0,3750.0,3603.0,3614.0,3603.41796875,5008545
2017-07-04 00:00:00+00:00,2017-07-05T00:00:00+00:00,2026-09-03T11:15:03.742310+00:00,3580.0,3774.0,3580.0,3685.0,3674.2099609375,2301953
2017-07-05 00:00:00+00:00,2017-07-06T00:00:00+00:00,2026-09-03T11:15:03.742310+00:00,3627.0,3785.0,3627.0,3785.0,3773.917236328125,4042766
2017-07-06 00:00:00+00:00,2017-07-07T00:00:00+00:00,2026-09-03T11:15:03.742310+00:00,3785.0,3824.0,3661.0,3765.0,3753.975830078125,3348063
2017-07-07 00:00:00+00:00,2017-07-08T00:00:00+00:00,2026-09-03T11:15:03.742310+00:00,3730.0,3775.0,3628.0,3661.0,3650.2802734375,3236761
2017-07-10 00:00:00+00:00,2017-07-11T00:00:00+00:00,2026-09-03T11:15:03.742310+00:00,3617.0,3643.0,3565.0,3604.0,3593.447021484375,3828674
2017-07-11 00:00:00+00:00,2017-07-12T00:00:00+00:00,2026-09-03T11:15:03.742310+00:00,3648.0,3651.0,3490.0,3539.0,3528.63720703125,5299875
2017-07-12 00:00:00+00:00,2017-07-13T00:00:00+00:00,2026-09-03T11:15:03.742310+00:00,3639.0,3643.0,3514.0,3580.0,3569.51708984375,4167805
2017-07-13 00:00:00+00:00,2017-07-14T00:00:00+00:00,2026-09-03T11:15:03.742310+00:00,3580.0,3618.0,3480.0,3526.0,3515.67529296875,3760312
2017-07-14 00:00:00+00:00,2017-07-15T00:00:00+00:00,2026-09-03T11:15:03.742310+00:00,3494.0,3570.0,3465.0,3520.0,3509.693115234375,1962927
2017-07-17 00:00:00+00:00,2017-07-18T00:00:00+00:00,2026-09-03T11:15:03.742310+00:00,3514.0,3656.0,3476.0,3634.0,3623.35888671875,2169175
2017-07-18 00:00:00+00:00,2017-07-19T00:00:00+00:00,2026-09-03T11:15:03.742310+00:00,3594.0,3596.0,3505.0,3574.0,3563.534912109375,2527236
2017-07-19 00:00:00+00:00,2017-07-20T00:00:00+00:00,2026-09-03T11:15:03.742310+00:00,3575.0,3738.0,3571.0,3708.0,3697.14208984375,3920723
2017-07-20 00:00:00+00:00,2017-07-21T00:00:00+00:00,2026-09-03T11:15:03.742310+00:00,3705.0,3729.0,3670.0,3705.0,3694.151123046875,2548584
2017-07-21 00:00:00+00:00,2017-07-22T00:00:00+00:00,2026-09-03T11:15:03.742310+00:00,3705.0,3750.0,3634.0,3686.0,3675.206787109375,4606190
2017-07-24 00:00:00+00:00,2017-07-25T00:00:00+00:00,2026-09-03T11:15:03.742310+00:00,3630.0,3684.0,3460.0,3526.0,3515.67529296875,3512094
2017-07-25 00:00:00+00:00,2017-07-26T00:00:00+00:00,2026-09-03T11:15:03.742310+00:00,3549.0,3574.0,3457.0,3470.0,3459.839599609375,2827810
2017-07-26 00:00:00+00:00,2017-07-27T00:00:00+00:00,2026-09-03T11:15:03.742310+00:00,3485.0,3516.0,3417.0,3437.0,3426.93603515625,4052216
2017-07-27 00:00:00+00:00,2017-07-28T00:00:00+00:00,2026-09-03T11:15:03.742310+00:00,3478.0,3494.0,3425.0,3489.0,3478.783447265625,3750087
2017-07-28 00:00:00+00:00,2017-07-29T00:00:00+00:00,2026-09-03T11:15:03.742310+00:00,3480.0,3521.0,3424.0,3500.0,3489.751708984375,2502277
2017-07-31 00:00:00+00:00,2017-08-01T00:00:00+00:00,2026-09-03T11:15:03.742310+00:00,3535.0,3610.0,3483.0,3521.0,3510.6904296875,7787744
2017-08-01 00:00:00+00:00,2017-08-02T00:00:00+00:00,2026-09-03T11:15:03.742310+00:00,3590.0,3646.0,3505.0,3625.0,3614.38525390625,3562155
2017-08-02 00:00:00+00:00,2017-08-03T00:00:00+00:00,2026-09-03T11:15:03.742310+00:00,3630.0,3630.0,3549.0,3620.0,3609.400146484375,1934670
2017-08-03 00:00:00+00:00,2017-08-04T00:00:00+00:00,2026-09-03T11:15:03.742310+00:00,3630.0,3802.0,3595.0,3795.0,3783.8876953125,6048431
2017-08-04 00:00:00+00:00,2017-08-05T00:00:00+00:00,2026-09-03T11:15:03.742310+00:00,3800.0,3962.0,3781.0,3884.0,3872.627197265625,5101189
2017-08-07 00:00:00+00:00,2017-08-08T00:00:00+00:00,2026-09-03T11:15:03.742310+00:00,3943.0,3964.0,3743.0,3795.0,3783.8876953125,2619946
2017-08-08 00:00:00+00:00,2017-08-09T00:00:00+00:00,2026-09-03T11:15:03.742310+00:00,3803.0,3844.0,3778.0,3804.0,3792.861572265625,1599742
2017-08-09 00:00:00+00:00,2017-08-10T00:00:00+00:00,2026-09-03T11:15:03.742310+00:00,3804.0,3804.0,3804.0,3804.0,3792.861572265625,0
2017-08-10 00:00:00+00:00,2017-08-11T00:00:00+00:00,2026-09-03T11:15:03.742310+00:00,3875.0,3939.0,3853.0,3913.0,3901.542236328125,1717773
2017-08-11 00:00:00+00:00,2017-08-12T00:00:00+00:00,2026-09-03T11:15:03.742310+00:00,3912.0,3959.0,3873.0,3887.0,3875.618408203125,2166442
2017-08-14 00:00:00+00:00,2017-08-15T00:00:00+00:00,2026-09-03T11:15:03.742310+00:00,3886.0,3911.0,3810.0,3865.0,3853.682861328125,2343072
2017-08-15 00:00:00+00:00,2017-08-16T00:00:00+00:00,2026-09-03T11:15:03.742310+00:00,3839.0,3865.0,3645.0,3730.0,3719.077880859375,3796196
2017-08-16 00:00:00+00:00,2017-08-17T00:00:00+00:00,2026-09-03T11:15:03.742310+00:00,3730.0,3784.0,3670.0,3742.0,3731.042724609375,1769413
2017-08-17 00:00:00+00:00,2017-08-18T00:00:00+00:00,2026-09-03T11:15:03.742310+00:00,3774.0,3850.0,3727.0,3790.0,3778.90234375,1680666
2017-08-18 00:00:00+00:00,2017-08-19T00:00:00+00:00,2026-09-03T11:15:03.742310+00:00,3784.0,3900.0,3784.0,3880.0,3868.638671875,2962354
2017-08-21 00:00:00+00:00,2017-08-22T00:00:00+00:00,2026-09-03T11:15:03.742310+00:00,3864.0,3969.0,3845.0,3920.0,3908.521484375,1964142
2017-08-22 00:00:00+00:00,2017-08-23T00:00:00+00:00,2026-09-03T11:15:03.742310+00:00,3777.0,3858.0,3696.0,3858.0,3846.703369140625,4093969
2017-08-23 00:00:00+00:00,2017-08-24T00:00:00+00:00,2026-09-03T11:15:03.742310+00:00,3802.0,3839.0,3767.0,3785.0,3773.917236328125,987420
2017-08-24 00:00:00+00:00,2017-08-25T00:00:00+00:00,2026-09-03T11:15:03.742310+00:00,3759.0,3961.0,3759.0,3939.0,3927.46630859375,1269058
2017-08-25 00:00:00+00:00,2017-08-26T00:00:00+00:00,2026-09-03T11:15:03.742310+00:00,3860.0,4033.0,3856.0,3967.0,3955.38427734375,2168638
2017-08-28 00:00:00+00:00,2017-08-29T00:00:00+00:00,2026-09-03T11:15:03.742310+00:00,4020.0,4138.0,3942.0,3954.0,3942.421875,2250478
2017-08-29 00:00:00+00:00,2017-08-30T00:00:00+00:00,2026-09-03T11:15:03.742310+00:00,4100.0,4183.0,4025.0,4143.0,4130.86865234375,3799526
2017-08-30 00:00:00+00:00,2017-08-31T00:00:00+00:00,2026-09-03T11:15:03.742310+00:00,4160.0,4160.0,4041.0,4080.0,4068.052978515625,3976121
2017-08-31 00:00:00+00:00,2017-09-01T00:00:00+00:00,2026-09-03T11:15:03.742310+00:00,4099.0,4100.0,3939.0,4020.0,4008.22900390625,2854293
2017-09-01 00:00:00+00:00,2017-09-02T00:00:00+00:00,2026-09-03T11:15:03.742310+00:00,4130.0,4148.0,3883.0,4012.0,4000.252197265625,2350175
2017-09-04 00:00:00+00:00,2017-09-05T00:00:00+00:00,2026-09-03T11:15:03.742310+00:00,4100.0,4175.0,4032.0,4100.0,4087.994873046875,4518439
2017-09-05 00:00:00+00:00,2017-09-06T00:00:00+00:00,2026-09-03T11:15:03.742310+00:00,4071.0,4121.0,3968.0,4062.0,4050.10546875,2015909
2017-09-06 00:00:00+00:00,2017-09-07T00:00:00+00:00,2026-09-03T11:15:03.742310+00:00,4042.0,4107.0,3990.0,4065.0,4053.09716796875,2802479
2017-09-07 00:00:00+00:00,2017-09-08T00:00:00+00:00,2026-09-03T11:15:03.742310+00:00,3985.0,4107.0,3940.0,4050.0,4038.14111328125,3038116
2017-09-08 00:00:00+00:00,2017-09-09T00:00:00+00:00,2026-09-03T11:15:03.742310+00:00,4100.0,4240.0,4055.0,4099.0,4086.99755859375,4436507
2017-09-11 00:00:00+00:00,2017-09-12T00:00:00+00:00,2026-09-03T11:15:03.742310+00:00,4011.0,4033.0,3925.0,3925.0,3913.5068359375,2839812
2017-09-12 00:00:00+00:00,2017-09-13T00:00:00+00:00,2026-09-03T11:15:03.742310+00:00,3900.0,4012.0,3834.0,3983.0,3971.337158203125,3211671
2017-09-13 00:00:00+00:00,2017-09-14T00:00:00+00:00,2026-09-03T11:15:03.742310+00:00,3982.0,4000.0,3905.0,3935.0,3923.47802734375,2638117
2017-09-14 00:00:00+00:00,2017-09-15T00:00:00+00:00,2026-09-03T11:15:03.742310+00:00,4050.0,4050.0,3611.0,3680.0,3669.224365234375,6767410
2017-09-15 00:00:00+00:00,2017-09-16T00:00:00+00:00,2026-09-03T11:15:03.742310+00:00,3697.0,3700.0,3423.0,3423.0,3412.97705078125,5867686
2017-09-18 00:00:00+00:00,2017-09-19T00:00:00+00:00,2026-09-03T11:15:03.742310+00:00,3489.0,3489.0,3301.0,3320.0,3310.278564453125,3446355
2017-09-19 00:00:00+00:00,2017-09-20T00:00:00+00:00,2026-09-03T11:15:03.742310+00:00,3330.0,3342.0,3189.0,3322.0,3312.27294921875,6673846
2017-09-20 00:00:00+00:00,2017-09-21T00:00:00+00:00,2026-09-03T11:15:03.742310+00:00,3350.0,3356.0,3233.0,3290.0,3280.366455078125,4896080
2017-09-21 00:00:00+00:00,2017-09-22T00:00:00+00:00,2026-09-03T11:15:03.742310+00:00,3306.0,3312.0,3212.0,3260.0,3250.45458984375,6601982
2017-09-22 00:00:00+00:00,2017-09-23T00:00:00+00:00,2026-09-03T11:15:03.742310+00:00,3320.0,3337.0,3220.0,3227.0,3217.55078125,4848543
2017-09-25 00:00:00+00:00,2017-09-26T00:00:00+00:00,2026-09-03T11:15:03.742310+00:00,3227.0,3227.0,3227.0,3227.0,3217.55078125,0
2017-09-26 00:00:00+00:00,2017-09-27T00:00:00+00:00,2026-09-03T11:15:03.742310+00:00,3265.0,3314.0,3206.0,3208.0,3198.60693359375,3486266
2017-09-27 00:00:00+00:00,2017-09-28T00:00:00+00:00,2026-09-03T11:15:03.742310+00:00,3256.0,3302.0,3195.0,3232.0,3222.536376953125,3334111
2017-09-28 00:00:00+00:00,2017-09-29T00:00:00+00:00,2026-09-03T11:15:03.742310+00:00,3285.0,3285.0,3170.0,3179.0,3169.69140625,3801325
2017-09-29 00:00:00+00:00,2017-09-30T00:00:00+00:00,2026-09-03T11:15:03.742310+00:00,3200.0,3214.0,3066.0,3100.0,3090.923095703125,2416508
2017-10-02 00:00:00+00:00,2017-10-03T00:00:00+00:00,2026-09-03T11:15:03.742310+00:00,3095.0,3222.0,3095.0,3140.0,3130.8056640625,3746391
2017-10-03 00:00:00+00:00,2017-10-04T00:00:00+00:00,2026-09-03T11:15:03.742310+00:00,3163.0,3304.0,3141.0,3278.0,3268.401611328125,4235267
2017-10-04 00:00:00+00:00,2017-10-05T00:00:00+00:00,2026-09-03T11:15:03.742310+00:00,3300.0,3344.0,3240.0,3286.0,3276.378173828125,4614761
2017-10-05 00:00:00+00:00,2017-10-06T00:00:00+00:00,2026-09-03T11:15:03.742310+00:00,3294.0,3310.0,3253.0,3285.0,3275.38134765625,4706730
2017-10-06 00:00:00+00:00,2017-10-07T00:00:00+00:00,2026-09-03T11:15:03.742310+00:00,3284.0,3327.0,3198.0,3250.0,3240.4833984375,3693942
2017-10-09 00:00:00+00:00,2017-10-10T00:00:00+00:00,2026-09-03T11:15:03.742310+00:00,3299.0,3303.0,3229.0,3250.0,3240.4833984375,5269526
2017-10-10 00:00:00+00:00,2017-10-11T00:00:00+00:00,2026-09-03T11:15:03.742310+00:00,3325.0,3325.0,3191.0,3227.0,3217.55078125,2608908
2017-10-11 00:00:00+00:00,2017-10-12T00:00:00+00:00,2026-09-03T11:15:03.742310+00:00,3250.0,3250.0,3112.0,3200.0,3190.6298828125,3447861
2017-10-12 00:00:00+00:00,2017-10-13T00:00:00+00:00,2026-09-03T11:15:03.742310+00:00,3224.0,3254.0,3091.0,3091.0,3081.948486328125,2791225
2017-10-13 00:00:00+00:00,2017-10-14T00:00:00+00:00,2026-09-03T11:15:03.742310+00:00,3134.0,3217.0,3124.0,3178.0,3168.694580078125,3495410
2017-10-16 00:00:00+00:00,2017-10-17T00:00:00+00:00,2026-09-03T11:15:03.742310+00:00,3223.0,3290.0,3200.0,3245.0,3235.49853515625,3238409
2017-10-17 00:00:00+00:00,2017-10-18T00:00:00+00:00,2026-09-03T11:15:03.742310+00:00,3200.0,3259.0,3126.0,3159.0,3149.750244140625,4009117
2017-10-18 00:00:00+00:00,2017-10-19T00:00:00+00:00,2026-09-03T11:15:03.742310+00:00,3125.0,3259.0,3088.0,3222.0,3212.565185546875,2010511
2017-10-19 00:00:00+00:00,2017-10-20T00:00:00+00:00,2026-09-03T11:15:03.742310+00:00,3191.0,3227.0,3164.0,3180.0,3170.68798828125,1795324
2017-10-20 00:00:00+00:00,2017-10-21T00:00:00+00:00,2026-09-03T11:15:03.742310+00:00,3217.0,3276.0,3198.0,3272.0,3262.418701171875,5145709
2017-10-23 00:00:00+00:00,2017-10-24T00:00:00+00:00,2026-09-03T11:15:03.742310+00:00,3272.0,3272.0,3203.0,3228.0,3218.548095703125,1864568
2017-10-24 00:00:00+00:00,2017-10-25T00:00:00+00:00,2026-09-03T11:15:03.742310+00:00,3204.0,3242.0,3182.0,3215.0,3205.586181640625,2142022
2017-10-25 00:00:00+00:00,2017-10-26T00:00:00+00:00,2026-09-03T11:15:03.742310+00:00,3189.0,3285.0,3189.0,3271.0,3261.422119140625,2271867
2017-10-26 00:00:00+00:00,2017-10-27T00:00:00+00:00,2026-09-03T11:15:03.742310+00:00,3300.0,3790.0,3299.0,3700.0,3689.165771484375,15761428
2017-10-27 00:00:00+00:00,2017-10-28T00:00:00+00:00,2026-09-03T11:15:03.742310+00:00,3665.0,3770.0,3573.0,3700.0,3689.165771484375,14232602
2017-10-30 00:00:00+00:00,2017-10-31T00:00:00+00:00,2026-09-03T11:15:03.742310+00:00,3675.0,3812.0,3611.0,3800.0,3788.873046875,5888347
2017-10-31 00:00:00+00:00,2017-11-01T00:00:00+00:00,2026-09-03T11:15:03.742310+00:00,3802.0,4009.0,3802.0,3922.0,3910.515380859375,7288125
2017-11-01 00:00:00+00:00,2017-11-02T00:00:00+00:00,2026-09-03T11:15:03.742310+00:00,3932.0,4041.0,3915.0,4000.0,3988.287109375,6304642
2017-11-02 00:00:00+00:00,2017-11-03T00:00:00+00:00,2026-09-03T11:15:03.742310+00:00,3985.0,4032.0,3900.0,3964.0,3952.393310546875,3699391
2017-11-03 00:00:00+00:00,2017-11-04T00:00:00+00:00,2026-09-03T11:15:03.742310+00:00,3975.0,4016.0,3940.0,3975.0,3963.3603515625,2547255
2017-11-06 00:00:00+00:00,2017-11-07T00:00:00+00:00,2026-09-03T11:15:03.742310+00:00,3972.0,4149.0,3972.0,4130.0,4117.90625,3194878
2017-11-07 00:00:00+00:00,2017-11-08T00:00:00+00:00,2026-09-03T11:15:03.742310+00:00,4130.0,4265.0,3974.0,4050.0,4038.14111328125,4633755
2017-11-08 00:00:00+00:00,2017-11-09T00:00:00+00:00,2026-09-03T11:15:03.742310+00:00,4050.0,4090.0,3965.0,3995.0,3983.30224609375,2113613
2017-11-09 00:00:00+00:00,2017-11-10T00:00:00+00:00,2026-09-03T11:15:03.742310+00:00,4049.0,4071.0,3940.0,4001.0,3989.28466796875,2436331
2017-11-10 00:00:00+00:00,2017-11-11T00:00:00+00:00,2026-09-03T11:15:03.742310+00:00,4044.0,4119.0,3945.0,3990.0,3978.316650390625,3262151
2017-11-13 00:00:00+00:00,2017-11-14T00:00:00+00:00,2026-09-03T11:15:03.742310+00:00,3988.0,4038.0,3963.0,4008.0,3996.263916015625,4710648
2017-11-14 00:00:00+00:00,2017-11-15T00:00:00+00:00,2026-09-03T11:15:03.742310+00:00,3979.0,3987.0,3688.0,3710.0,3699.136474609375,12780330
2017-11-15 00:00:00+00:00,2017-11-16T00:00:00+00:00,2026-09-03T11:15:03.742310+00:00,3790.0,3790.0,3536.0,3650.0,3639.3115234375,6125673
2017-11-16 00:00:00+00:00,2017-11-17T00:00:00+00:00,2026-09-03T11:15:03.742310+00:00,3655.0,3709.0,3605.0,3700.0,3689.165771484375,12439519
2017-11-17 00:00:00+00:00,2017-11-18T00:00:00+00:00,2026-09-03T11:15:03.742310+00:00,3699.0,3785.0,3646.0,3716.0,3705.119140625,4667201
2017-11-20 00:00:00+00:00,2017-11-21T00:00:00+00:00,2026-09-03T11:15:03.742310+00:00,3789.0,3807.0,3658.0,3708.0,3697.14208984375,3577800
2017-11-21 00:00:00+00:00,2017-11-22T00:00:00+00:00,2026-09-03T11:15:03.742310+00:00,3800.0,3913.0,3698.0,3862.0,3850.691650390625,2016897
2017-11-22 00:00:00+00:00,2017-11-23T00:00:00+00:00,2026-09-03T11:15:03.742310+00:00,3900.0,4428.0,3900.0,4241.0,4228.58203125,9101740
2017-11-23 00:00:00+00:00,2017-11-24T00:00:00+00:00,2026-09-03T11:15:03.742310+00:00,4299.0,4400.0,4164.0,4250.0,4237.5556640625,4576736
2017-11-24 00:00:00+00:00,2017-11-25T00:00:00+00:00,2026-09-03T11:15:03.742310+00:00,4300.0,4566.0,4274.0,4500.0,4486.82373046875,4111767
2017-11-27 00:00:00+00:00,2017-11-28T00:00:00+00:00,2026-09-03T11:15:03.742310+00:00,4566.0,4799.0,4322.0,4376.0,4363.18603515625,6673007
2017-11-28 00:00:00+00:00,2017-11-29T00:00:00+00:00,2026-09-03T11:15:03.742310+00:00,4300.0,4438.0,4079.0,4087.0,4075.03271484375,8718005
2017-11-29 00:00:00+00:00,2017-11-30T00:00:00+00:00,2026-09-03T11:15:03.742310+00:00,4290.0,4300.0,3951.0,4246.0,4233.5673828125,4963434
2017-11-30 00:00:00+00:00,2017-12-01T00:00:00+00:00,2026-09-03T11:15:03.742310+00:00,4246.0,4246.0,3851.0,3900.0,3888.580078125,55448144
2017-12-01 00:00:00+00:00,2017-12-02T00:00:00+00:00,2026-09-03T11:15:03.742310+00:00,3946.0,4100.0,3868.0,3925.0,3913.5068359375,3456894
2017-12-04 00:00:00+00:00,2017-12-05T00:00:00+00:00,2026-09-03T11:15:03.742310+00:00,3949.0,3973.0,3623.0,3631.0,3620.367919921875,7501621
2017-12-05 00:00:00+00:00,2017-12-06T00:00:00+00:00,2026-09-03T11:15:03.742310+00:00,3610.0,3717.0,3321.0,3330.0,3320.2490234375,5910904
2017-12-06 00:00:00+00:00,2017-12-07T00:00:00+00:00,2026-09-03T11:15:03.742310+00:00,3330.0,3400.0,3062.0,3077.0,3067.990234375,8478874
2017-12-07 00:00:00+00:00,2017-12-08T00:00:00+00:00,2026-09-03T11:15:03.742310+00:00,3160.0,3286.0,3082.0,3200.0,3190.6298828125,7149130
2017-12-08 00:00:00+00:00,2017-12-09T00:00:00+00:00,2026-09-03T11:15:03.742310+00:00,3202.0,3343.0,3191.0,3230.0,3220.5419921875,3353328
2017-12-11 00:00:00+00:00,2017-12-12T00:00:00+00:00,2026-09-03T11:15:03.742310+00:00,3230.0,3269.0,3121.0,3150.0,3140.776123046875,2905492
2017-12-12 00:00:00+00:00,2017-12-13T00:00:00+00:00,2026-09-03T11:15:03.742310+00:00,3145.0,3198.0,3013.0,3040.0,3031.0986328125,5334119
2017-12-13 00:00:00+00:00,2017-12-14T00:00:00+00:00,2026-09-03T11:15:03.742310+00:00,3150.0,3173.0,2838.0,2900.0,2891.508056640625,16997284
2017-12-14 00:00:00+00:00,2017-12-15T00:00:00+00:00,2026-09-03T11:15:03.742310+00:00,3000.0,3062.0,2912.0,3045.0,3036.083740234375,4955071
2017-12-15 00:00:00+00:00,2017-12-16T00:00:00+00:00,2026-09-03T11:15:03.742310+00:00,3040.0,3150.0,2941.0,3091.0,3081.948486328125,5031508
2017-12-18 00:00:00+00:00,2017-12-19T00:00:00+00:00,2026-09-03T11:15:03.742310+00:00,3091.0,3169.0,3091.0,3096.0,3086.9345703125,3190864
2017-12-19 00:00:00+00:00,2017-12-20T00:00:00+00:00,2026-09-03T11:15:03.742310+00:00,3169.0,3169.0,2949.0,3019.0,3010.16015625,2243695
2017-12-20 00:00:00+00:00,2017-12-21T00:00:00+00:00,2026-09-03T11:15:03.742310+00:00,2995.0,3068.0,2960.0,3013.0,3004.177490234375,1558534
2017-12-21 00:00:00+00:00,2017-12-22T00:00:00+00:00,2026-09-03T11:15:03.742310+00:00,3012.0,3034.0,2956.0,3002.0,2993.20947265625,4923225
2017-12-22 00:00:00+00:00,2017-12-23T00:00:00+00:00,2026-09-03T11:15:03.742310+00:00,3015.0,3139.0,2911.0,3139.0,3129.808837890625,756565
2017-12-25 00:00:00+00:00,2017-12-26T00:00:00+00:00,2026-09-03T11:15:03.742310+00:00,3139.0,3139.0,3139.0,3139.0,3129.808837890625,0
2017-12-26 00:00:00+00:00,2017-12-27T00:00:00+00:00,2026-09-03T11:15:03.742310+00:00,3139.0,3139.0,3139.0,3139.0,3129.808837890625,0
2017-12-27 00:00:00+00:00,2017-12-28T00:00:00+00:00,2026-09-03T11:15:03.742310+00:00,3080.0,3177.0,3059.0,3121.0,3111.861328125,901738
2017-12-28 00:00:00+00:00,2017-12-29T00:00:00+00:00,2026-09-03T11:15:03.742310+00:00,3108.0,3207.0,3025.0,3184.0,3174.6767578125,1892183
2017-12-29 00:00:00+00:00,2017-12-30T00:00:00+00:00,2026-09-03T11:15:03.742310+00:00,3200.0,3291.0,3105.0,3255.0,3245.468505859375,523488
2018-01-02 00:00:00+00:00,2018-01-03T00:00:00+00:00,2026-09-03T11:15:03.742310+00:00,3292.0,3318.0,3255.0,3260.0,3250.45458984375,1435084
2018-01-03 00:00:00+00:00,2018-01-04T00:00:00+00:00,2026-09-03T11:15:03.742310+00:00,3305.0,3392.0,3230.0,3360.0,3350.161865234375,2443084
2018-01-04 00:00:00+00:00,2018-01-05T00:00:00+00:00,2026-09-03T11:15:03.742310+00:00,3322.0,3325.0,3159.0,3238.0,3228.5185546875,2517027
2018-01-05 00:00:00+00:00,2018-01-06T00:00:00+00:00,2026-09-03T11:15:03.742310+00:00,3250.0,3383.0,3181.0,3325.0,3315.263916015625,2035202
2018-01-08 00:00:00+00:00,2018-01-09T00:00:00+00:00,2026-09-03T11:15:03.742310+00:00,3300.0,3436.0,3297.0,3416.0,3405.997314453125,1528374
2018-01-09 00:00:00+00:00,2018-01-10T00:00:00+00:00,2026-09-03T11:15:03.742310+00:00,3431.0,3431.0,3270.0,3339.0,3329.222900390625,2010586
2018-01-10 00:00:00+00:00,2018-01-11T00:00:00+00:00,2026-09-03T11:15:03.742310+00:00,3335.0,3453.0,3300.0,3361.0,3351.158447265625,2429145
2018-01-11 00:00:00+00:00,2018-01-12T00:00:00+00:00,2026-09-03T11:15:03.742310+00:00,3400.0,3400.0,3283.0,3395.0,3385.058837890625,1731229
2018-01-12 00:00:00+00:00,2018-01-13T00:00:00+00:00,2026-09-03T11:15:03.742310+00:00,3420.0,3498.0,3255.0,3350.0,3340.191162109375,3331304
2018-01-15 00:00:00+00:00,2018-01-16T00:00:00+00:00,2026-09-03T11:15:03.742310+00:00,3424.0,3535.0,3392.0,3455.0,3444.88330078125,2226640
2018-01-16 00:00:00+00:00,2018-01-17T00:00:00+00:00,2026-09-03T11:15:03.742310+00:00,3430.0,3489.0,3272.0,3310.0,3300.308349609375,3918674
2018-01-17 00:00:00+00:00,2018-01-18T00:00:00+00:00,2026-09-03T11:15:03.742310+00:00,3329.0,3418.0,3329.0,3394.0,3384.061767578125,3639525
2018-01-18 00:00:00+00:00,2018-01-19T00:00:00+00:00,2026-09-03T11:15:03.742310+00:00,3398.0,3498.0,3321.0,3350.0,3340.191162109375,3164727
2018-01-19 00:00:00+00:00,2018-01-20T00:00:00+00:00,2026-09-03T11:15:03.742310+00:00,3302.0,3415.0,3251.0,3393.0,3383.064697265625,1873864
2018-01-22 00:00:00+00:00,2018-01-23T00:00:00+00:00,2026-09-03T11:15:03.742310+00:00,3385.0,3434.0,3253.0,3415.0,3405.00048828125,1754605
2018-01-23 00:00:00+00:00,2018-01-24T00:00:00+00:00,2026-09-03T11:15:03.742310+00:00,3419.0,3475.0,3300.0,3385.0,3375.08837890625,1404486
2018-01-24 00:00:00+00:00,2018-01-25T00:00:00+00:00,2026-09-03T11:15:03.742310+00:00,3382.0,3545.0,3382.0,3530.0,3519.663818359375,3513550
2018-01-25 00:00:00+00:00,2018-01-26T00:00:00+00:00,2026-09-03T11:15:03.742310+00:00,3538.0,3600.0,3480.0,3503.0,3492.74267578125,2763417
2018-01-26 00:00:00+00:00,2018-01-27T00:00:00+00:00,2026-09-03T11:15:03.742310+00:00,3517.0,3556.0,3480.0,3503.0,3492.74267578125,2067653
2018-01-29 00:00:00+00:00,2018-01-30T00:00:00+00:00,2026-09-03T11:15:03.742310+00:00,3502.0,3599.0,3467.0,3490.0,3479.78076171875,2754873
2018-01-30 00:00:00+00:00,2018-01-31T00:00:00+00:00,2026-09-03T11:15:03.742310+00:00,3488.0,3545.0,3265.0,3430.0,3419.95654296875,4197370
2018-01-31 00:00:00+00:00,2018-02-01T00:00:00+00:00,2026-09-03T11:15:03.742310+00:00,3432.0,3738.0,3356.0,3635.0,3624.356201171875,5455917
2018-02-01 00:00:00+00:00,2018-02-02T00:00:00+00:00,2026-09-03T11:15:03.742310+00:00,3575.0,3667.0,3478.0,3500.0,3489.751708984375,4082190
2018-02-02 00:00:00+00:00,2018-02-03T00:00:00+00:00,2026-09-03T11:15:03.742310+00:00,3510.0,3586.0,3434.0,3435.0,3424.942138671875,2116375
2018-02-05 00:00:00+00:00,2018-02-06T00:00:00+00:00,2026-09-03T11:15:03.742310+00:00,3434.0,3434.0,3276.0,3310.0,3300.308349609375,3705669
2018-02-06 00:00:00+00:00,2018-02-07T00:00:00+00:00,2026-09-03T11:15:03.742310+00:00,3266.0,3345.0,3131.0,3208.0,3198.60693359375,2102635
2018-02-07 00:00:00+00:00,2018-02-08T00:00:00+00:00,2026-09-03T11:15:03.742310+00:00,3300.0,3300.0,2995.0,3007.0,2998.1953125,2902414
2018-02-08 00:00:00+00:00,2018-02-09T00:00:00+00:00,2026-09-03T11:15:03.742310+00:00,3010.0,3056.0,2961.0,3020.0,3011.15673828125,4002112
2018-02-09 00:00:00+00:00,2018-02-10T00:00:00+00:00,2026-09-03T11:15:03.742310+00:00,2980.0,3015.0,2920.0,2933.0,2924.41162109375,3234966
2018-02-12 00:00:00+00:00,2018-02-13T00:00:00+00:00,2026-09-03T11:15:03.742310+00:00,2911.0,2996.0,2849.0,2895.0,2886.523193359375,2903688
2018-02-13 00:00:00+00:00,2018-02-14T00:00:00+00:00,2026-09-03T11:15:03.742310+00:00,2910.0,3050.0,2910.0,3014.0,3005.17431640625,3137668
2018-02-14 00:00:00+00:00,2018-02-15T00:00:00+00:00,2026-09-03T11:15:03.742310+00:00,3020.0,3127.0,3005.0,3060.0,3051.039794921875,2758969
2018-02-15 00:00:00+00:00,2018-02-16T00:00:00+00:00,2026-09-03T11:15:03.742310+00:00,3150.0,3239.0,3134.0,3220.0,3210.571533203125,3061669
2018-02-16 00:00:00+00:00,2018-02-17T00:00:00+00:00,2026-09-03T11:15:03.742310+00:00,3240.0,3295.0,3178.0,3250.0,3240.4833984375,2755495
2018-02-19 00:00:00+00:00,2018-02-20T00:00:00+00:00,2026-09-03T11:15:03.742310+00:00,3345.0,3440.0,3323.0,3344.0,3334.20849609375,3264854
2018-02-20 00:00:00+00:00,2018-02-21T00:00:00+00:00,2026-09-03T11:15:03.742310+00:00,3205.0,3397.0,3205.0,3298.0,3288.34326171875,2020555
2018-02-21 00:00:00+00:00,2018-02-22T00:00:00+00:00,2026-09-03T11:15:03.742310+00:00,3320.0,3326.0,3231.0,3260.0,3250.45458984375,1661712
2018-02-22 00:00:00+00:00,2018-02-23T00:00:00+00:00,2026-09-03T11:15:03.742310+00:00,3230.0,3238.0,3080.0,3105.0,3095.908203125,2055228
2018-02-23 00:00:00+00:00,2018-02-24T00:00:00+00:00,2026-09-03T11:15:03.742310+00:00,3120.0,3238.0,3067.0,3068.0,3059.016845703125,2736818
2018-02-26 00:00:00+00:00,2018-02-27T00:00:00+00:00,2026-09-03T11:15:03.742310+00:00,3169.0,3203.0,3026.0,3048.0,3039.074951171875,2435301
2018-02-27 00:00:00+00:00,2018-02-28T00:00:00+00:00,2026-09-03T11:15:03.742310+00:00,3090.0,3099.0,3017.0,3017.0,3008.165771484375,3098307
2018-02-28 00:00:00+00:00,2018-03-01T00:00:00+00:00,2026-09-03T11:15:03.742310+00:00,3002.0,3069.0,2978.0,3010.0,3001.1865234375,3605629
2018-03-01 00:00:00+00:00,2018-03-02T00:00:00+00:00,2026-09-03T11:15:03.742310+00:00,3020.0,3159.0,2996.0,3002.0,2993.20947265625,2503852
2018-03-02 00:00:00+00:00,2018-03-03T00:00:00+00:00,2026-09-03T11:15:03.742310+00:00,2980.0,3079.0,2792.0,2875.0,2866.581298828125,5173026
2018-03-05 00:00:00+00:00,2018-03-06T00:00:00+00:00,2026-09-03T11:15:03.742310+00:00,2881.0,2946.0,2789.0,2847.0,2838.663330078125,3084553
2018-03-06 00:00:00+00:00,2018-03-07T00:00:00+00:00,2026-09-03T11:15:03.742310+00:00,2886.0,2971.0,2827.0,2942.0,2933.385498046875,4068300
2018-03-07 00:00:00+00:00,2018-03-08T00:00:00+00:00,2026-09-03T11:15:03.742310+00:00,2940.0,2940.0,2852.0,2900.0,2891.508056640625,2056285
2018-03-08 00:00:00+00:00,2018-03-09T00:00:00+00:00,2026-09-03T11:15:03.742310+00:00,2928.0,2928.0,2795.0,2834.0,2825.701416015625,2825462
2018-03-09 00:00:00+00:00,2018-03-10T00:00:00+00:00,2026-09-03T11:15:03.742310+00:00,2834.0,2841.0,2670.0,2742.0,2733.970947265625,3550202
2018-03-12 00:00:00+00:00,2018-03-13T00:00:00+00:00,2026-09-03T11:15:03.742310+00:00,2751.0,2775.0,2682.0,2715.0,2707.05029296875,4065281
2018-03-13 00:00:00+00:00,2018-03-14T00:00:00+00:00,2026-09-03T11:15:03.742310+00:00,2716.0,2748.0,2541.0,2715.0,2707.05029296875,6505531
2018-03-14 00:00:00+00:00,2018-03-15T00:00:00+00:00,2026-09-03T11:15:03.742310+00:00,2715.0,2745.0,2597.0,2642.0,2634.263671875,5449926
2018-03-15 00:00:00+00:00,2018-03-16T00:00:00+00:00,2026-09-03T11:15:03.742310+00:00,2679.0,2679.0,2485.0,2570.0,2562.474853515625,7989670
2018-03-16 00:00:00+00:00,2018-03-17T00:00:00+00:00,2026-09-03T11:15:03.742310+00:00,2576.0,2628.0,2376.0,2407.0,2399.95166015625,7581801
2018-03-19 00:00:00+00:00,2018-03-20T00:00:00+00:00,2026-09-03T11:15:03.742310+00:00,2460.0,2538.0,2440.0,2510.0,2502.650634765625,3306101
2018-03-20 00:00:00+00:00,2018-03-21T00:00:00+00:00,2026-09-03T11:15:03.742310+00:00,2521.0,2595.0,2493.0,2529.0,2521.594970703125,6190046
2018-03-22 00:00:00+00:00,2018-03-23T00:00:00+00:00,2026-09-03T11:15:03.742310+00:00,2589.0,2601.0,2451.0,2525.0,2517.606689453125,4561546
2018-03-23 00:00:00+00:00,2018-03-24T00:00:00+00:00,2026-09-03T11:15:03.742310+00:00,2600.0,2600.0,2399.0,2465.0,2457.782470703125,4277519
2018-03-26 00:00:00+00:00,2018-03-27T00:00:00+00:00,2026-09-03T11:15:03.742310+00:00,2444.0,2465.0,2304.0,2349.0,2342.121826171875,4877934
2018-03-27 00:00:00+00:00,2018-03-28T00:00:00+00:00,2026-09-03T11:15:03.742310+00:00,2380.0,2432.0,2312.0,2316.0,2309.218017578125,6175778
2018-03-28 00:00:00+00:00,2018-03-29T00:00:00+00:00,2026-09-03T11:15:03.742310+00:00,2302.0,2459.0,2267.0,2424.0,2416.902099609375,5523021
2018-03-29 00:00:00+00:00,2018-03-30T00:00:00+00:00,2026-09-03T11:15:03.742310+00:00,2430.0,2434.0,2313.0,2354.0,2347.10693359375,3016142
2018-04-03 00:00:00+00:00,2018-04-04T00:00:00+00:00,2026-09-03T11:15:03.742310+00:00,2320.0,2403.0,2311.0,2323.0,2316.1982421875,2100236
2018-04-04 00:00:00+00:00,2018-04-05T00:00:00+00:00,2026-09-03T11:15:03.742310+00:00,2361.0,2361.0,2286.0,2320.0,2313.20654296875,3684045
2018-04-05 00:00:00+00:00,2018-04-06T00:00:00+00:00,2026-09-03T11:15:03.742310+00:00,2320.0,2377.0,2320.0,2343.0,2336.139892578125,1524985
2018-04-06 00:00:00+00:00,2018-04-07T00:00:00+00:00,2026-09-03T11:15:03.742310+00:00,2370.0,2476.0,2334.0,2443.0,2435.8466796875,2686913
2018-04-09 00:00:00+00:00,2018-04-10T00:00:00+00:00,2026-09-03T11:15:03.742310+00:00,2477.0,2477.0,2347.0,2386.0,2379.013427734375,3453613
2018-04-10 00:00:00+00:00,2018-04-11T00:00:00+00:00,2026-09-03T11:15:03.742310+00:00,2388.0,2418.0,2373.0,2380.0,2373.03125,2765062
2018-04-11 00:00:00+00:00,2018-04-12T00:00:00+00:00,2026-09-03T11:15:03.742310+00:00,2399.0,2408.0,2365.0,2400.0,2392.972412109375,2293193
2018-04-12 00:00:00+00:00,2018-04-13T00:00:00+00:00,2026-09-03T11:15:03.742310+00:00,2384.0,2401.0,2288.0,2296.0,2289.27734375,3555264
2018-04-13 00:00:00+00:00,2018-04-14T00:00:00+00:00,2026-09-03T11:15:03.742310+00:00,2301.0,2362.0,2290.0,2333.0,2326.168701171875,1895804
2018-04-16 00:00:00+00:00,2018-04-17T00:00:00+00:00,2026-09-03T11:15:03.742310+00:00,2380.0,2380.0,2120.0,2166.0,2159.65771484375,5712322
2018-04-17 00:00:00+00:00,2018-04-18T00:00:00+00:00,2026-09-03T11:15:03.742310+00:00,2190.0,2203.0,2081.0,2137.0,2130.74267578125,3470926
2018-04-18 00:00:00+00:00,2018-04-19T00:00:00+00:00,2026-09-03T11:15:03.742310+00:00,2200.0,2260.0,2135.0,2250.0,2243.411865234375,2803539
2018-04-19 00:00:00+00:00,2018-04-20T00:00:00+00:00,2026-09-03T11:15:03.742310+00:00,2289.0,2330.0,2225.0,2225.0,2218.484619140625,2145714
2018-04-20 00:00:00+00:00,2018-04-21T00:00:00+00:00,2026-09-03T11:15:03.742310+00:00,2222.0,2300.0,2151.0,2277.0,2270.33251953125,2268677
2018-04-23 00:00:00+00:00,2018-04-24T00:00:00+00:00,2026-09-03T11:15:03.742310+00:00,2256.0,2422.0,2256.0,2339.0,2332.1513671875,5351413
2018-04-24 00:00:00+00:00,2018-04-25T00:00:00+00:00,2026-09-03T11:15:03.742310+00:00,2320.0,2320.0,2250.0,2265.0,2258.367919921875,3093567
2018-04-25 00:00:00+00:00,2018-04-26T00:00:00+00:00,2026-09-03T11:15:03.742310+00:00,2265.0,2315.0,2238.0,2279.0,2272.326904296875,4140521
2018-04-26 00:00:00+00:00,2018-04-27T00:00:00+00:00,2026-09-03T11:15:03.742310+00:00,2300.0,2335.0,2249.0,2300.0,2293.26513671875,4413759
2018-04-30 00:00:00+00:00,2018-05-01T00:00:00+00:00,2026-09-03T11:15:03.742310+00:00,2275.0,2279.0,2169.0,2234.0,2227.458740234375,5516650
2018-05-02 00:00:00+00:00,2018-05-03T00:00:00+00:00,2026-09-03T11:15:03.742310+00:00,2215.0,2330.0,2210.0,2314.0,2307.22412109375,4028770
2018-05-03 00:00:00+00:00,2018-05-04T00:00:00+00:00,2026-09-03T11:15:03.742310+00:00,2318.0,2371.0,2286.0,2286.0,2279.30615234375,3161332
2018-05-04 00:00:00+00:00,2018-05-05T00:00:00+00:00,2026-09-03T11:15:03.742310+00:00,2281.0,2286.0,2180.0,2213.0,2206.520263671875,3545605
2018-05-07 00:00:00+00:00,2018-05-08T00:00:00+00:00,2026-09-03T11:15:03.742310+00:00,2213.0,2227.0,2111.0,2142.0,2135.72802734375,4363681
2018-05-08 00:00:00+00:00,2018-05-09T00:00:00+00:00,2026-09-03T11:15:03.742310+00:00,2130.0,2165.0,1956.0,1980.0,1974.2022705078125,5060462
2018-05-09 00:00:00+00:00,2018-05-10T00:00:00+00:00,2026-09-03T11:15:03.742310+00:00,2001.0,2025.0,1908.0,1943.0,1937.310546875,7028300
2018-05-10 00:00:00+00:00,2018-05-11T00:00:00+00:00,2026-09-03T11:15:03.742310+00:00,1974.0,1974.0,1784.0,1825.0,1819.65576171875,7118171
2018-05-11 00:00:00+00:00,2018-05-12T00:00:00+00:00,2026-09-03T11:15:03.742310+00:00,1825.0,1936.0,1825.0,1892.0,1886.460205078125,4183024
2018-05-14 00:00:00+00:00,2018-05-15T00:00:00+00:00,2026-09-03T11:15:03.742310+00:00,1904.0,1963.0,1895.0,1960.0,1954.2607421875,2559460
2018-05-15 00:00:00+00:00,2018-05-16T00:00:00+00:00,2026-09-03T11:15:03.742310+00:00,1989.0,2048.0,1936.0,2040.0,2034.0264892578125,4063096
2018-05-16 00:00:00+00:00,2018-05-17T00:00:00+00:00,2026-09-03T11:15:03.742310+00:00,2036.0,2036.0,1944.0,1965.0,1959.2462158203125,2304086
2018-05-17 00:00:00+00:00,2018-05-18T00:00:00+00:00,2026-09-03T11:15:03.742310+00:00,1944.0,2090.0,1931.0,2040.0,2034.0264892578125,3282869
2018-05-18 00:00:00+00:00,2018-05-19T00:00:00+00:00,2026-09-03T11:15:03.742310+00:00,2036.0,2090.0,1972.0,2000.0,1994.1435546875,2764308
2018-05-21 00:00:00+00:00,2018-05-22T00:00:00+00:00,2026-09-03T11:15:03.742310+00:00,2000.0,2067.0,2000.0,2054.0,2047.98583984375,1219549
2018-05-22 00:00:00+00:00,2018-05-23T00:00:00+00:00,2026-09-03T11:15:03.742310+00:00,2047.0,2119.0,2015.0,2105.0,2098.836181640625,1988978
2018-05-23 00:00:00+00:00,2018-05-24T00:00:00+00:00,2026-09-03T11:15:03.742310+00:00,2081.0,2096.0,1942.0,1958.0,1952.2667236328125,4255068
2018-05-24 00:00:00+00:00,2018-05-25T00:00:00+00:00,2026-09-03T11:15:03.742310+00:00,2010.0,2016.0,1838.0,1965.0,1959.2462158203125,7004398
2018-05-25 00:00:00+00:00,2018-05-26T00:00:00+00:00,2026-09-03T11:15:03.742310+00:00,1965.0,1994.0,1913.0,1920.0,1914.3780517578125,2830304
2018-05-28 00:00:00+00:00,2018-05-29T00:00:00+00:00,2026-09-03T11:15:03.742310+00:00,1962.0,1962.0,1810.0,1855.0,1849.5682373046875,2116138
2018-05-29 00:00:00+00:00,2018-05-30T00:00:00+00:00,2026-09-03T11:15:03.742310+00:00,1850.0,1930.0,1845.0,1913.0,1907.3984375,1695724
2018-05-30 00:00:00+00:00,2018-05-31T00:00:00+00:00,2026-09-03T11:15:03.742310+00:00,1925.0,1941.0,1878.0,1924.0,1918.3662109375,3484777
2018-05-31 00:00:00+00:00,2018-06-01T00:00:00+00:00,2026-09-03T11:15:03.742310+00:00,1949.0,2054.0,1935.0,2026.0,2020.0675048828125,3143133
2018-06-01 00:00:00+00:00,2018-06-02T00:00:00+00:00,2026-09-03T11:15:03.742310+00:00,2036.0,2117.0,2030.0,2040.0,2034.0264892578125,2038136
2018-06-04 00:00:00+00:00,2018-06-05T00:00:00+00:00,2026-09-03T11:15:03.742310+00:00,2083.0,2090.0,2041.0,2041.0,2035.0235595703125,1798395
2018-06-05 00:00:00+00:00,2018-06-06T00:00:00+00:00,2026-09-03T11:15:03.742310+00:00,2040.0,2060.0,1945.0,2060.0,2053.968017578125,1670148
2018-06-06 00:00:00+00:00,2018-06-07T00:00:00+00:00,2026-09-03T11:15:03.742310+00:00,2029.0,2234.0,2029.0,2172.0,2165.639892578125,2010689
2018-06-07 00:00:00+00:00,2018-06-08T00:00:00+00:00,2026-09-03T11:15:03.742310+00:00,2200.0,2289.0,2195.0,2281.0,2274.321044921875,2020277
2018-06-08 00:00:00+00:00,2018-06-09T00:00:00+00:00,2026-09-03T11:15:03.742310+00:00,2255.0,2317.0,2201.0,2205.0,2198.54345703125,1713263
2018-06-11 00:00:00+00:00,2018-06-12T00:00:00+00:00,2026-09-03T11:15:03.742310+00:00,2240.0,2240.0,2139.0,2203.0,2196.5498046875,1879041
2018-06-12 00:00:00+00:00,2018-06-13T00:00:00+00:00,2026-09-03T11:15:03.742310+00:00,2201.0,2281.0,2178.0,2251.0,2244.40869140625,2141259
2018-06-13 00:00:00+00:00,2018-06-14T00:00:00+00:00,2026-09-03T11:15:03.742310+00:00,2223.0,2258.0,2145.0,2197.0,2190.567138671875,1584041
2018-06-14 00:00:00+00:00,2018-06-15T00:00:00+00:00,2026-09-03T11:15:03.742310+00:00,2217.0,2300.0,2179.0,2300.0,2293.26513671875,2539985
2018-06-15 00:00:00+00:00,2018-06-16T00:00:00+00:00,2026-09-03T11:15:03.742310+00:00,2335.0,2409.0,2300.0,2300.0,2293.26513671875,6028424
2018-06-18 00:00:00+00:00,2018-06-19T00:00:00+00:00,2026-09-03T11:15:03.742310+00:00,2300.0,2339.0,2197.0,2202.0,2195.55224609375,2562931
2018-06-19 00:00:00+00:00,2018-06-20T00:00:00+00:00,2026-09-03T11:15:03.742310+00:00,2233.0,2233.0,2123.0,2172.0,2165.639892578125,2382913
2018-06-20 00:00:00+00:00,2018-06-21T00:00:00+00:00,2026-09-03T11:15:03.742310+00:00,2200.0,2200.0,2059.0,2076.0,2069.92138671875,1800790
2018-06-21 00:00:00+00:00,2018-06-22T00:00:00+00:00,2026-09-03T11:15:03.742310+00:00,2099.0,2100.0,2050.0,2067.0,2060.947265625,1261891
2018-06-22 00:00:00+00:00,2018-06-23T00:00:00+00:00,2026-09-03T11:15:03.742310+00:00,2180.0,2180.0,2064.0,2112.0,2105.81591796875,1520735
2018-06-25 00:00:00+00:00,2018-06-26T00:00:00+00:00,2026-09-03T11:15:03.742310+00:00,2080.0,2083.0,2010.0,2030.0,2024.055908203125,2029446
2018-06-26 00:00:00+00:00,2018-06-27T00:00:00+00:00,2026-09-03T11:15:03.742310+00:00,2030.0,2028.0,1907.0,1955.0,1949.275634765625,2145480
2018-06-27 00:00:00+00:00,2018-06-28T00:00:00+00:00,2026-09-03T11:15:03.742310+00:00,1977.0,2017.0,1908.0,1968.0,1962.237548828125,1953393
2018-06-28 00:00:00+00:00,2018-06-29T00:00:00+00:00,2026-09-03T11:15:03.742310+00:00,2000.0,2010.0,1825.0,1904.0,1898.4248046875,1570232
2018-06-29 00:00:00+00:00,2018-06-30T00:00:00+00:00,2026-09-03T11:15:03.742310+00:00,1942.0,2028.0,1857.0,2025.0,2019.070556640625,1168132
2018-07-02 00:00:00+00:00,2018-07-03T00:00:00+00:00,2026-09-03T11:15:03.742310+00:00,2001.0,2245.0,2001.0,2108.0,2101.827392578125,2368101
2018-07-03 00:00:00+00:00,2018-07-04T00:00:00+00:00,2026-09-03T11:15:03.742310+00:00,2097.0,2144.0,2055.0,2130.0,2123.76318359375,2657321
2018-07-04 00:00:00+00:00,2018-07-05T00:00:00+00:00,2026-09-03T11:15:03.742310+00:00,2126.0,2157.0,2083.0,2130.0,2123.76318359375,1134906
2018-07-05 00:00:00+00:00,2018-07-06T00:00:00+00:00,2026-09-03T11:15:03.742310+00:00,2131.0,2162.0,2117.0,2133.0,2126.75439453125,2018819
2018-07-06 00:00:00+00:00,2018-07-07T00:00:00+00:00,2026-09-03T11:15:03.742310+00:00,2140.0,2140.0,2093.0,2118.0,2111.79833984375,1347350
2018-07-09 00:00:00+00:00,2018-07-10T00:00:00+00:00,2026-09-03T11:15:03.742310+00:00,2150.0,2184.0,2120.0,2174.0,2167.63427734375,2027880
2018-07-10 00:00:00+00:00,2018-07-11T00:00:00+00:00,2026-09-03T11:15:03.742310+00:00,2097.0,2248.0,2097.0,2180.0,2173.6162109375,1910408
2018-07-11 00:00:00+00:00,2018-07-12T00:00:00+00:00,2026-09-03T11:15:03.742310+00:00,2160.0,2178.0,2134.0,2160.0,2153.675537109375,1334302
2018-07-12 00:00:00+00:00,2018-07-13T00:00:00+00:00,2026-09-03T11:15:03.742310+00:00,2160.0,2182.0,2146.0,2158.0,2151.681396484375,1493419
2018-07-13 00:00:00+00:00,2018-07-14T00:00:00+00:00,2026-09-03T11:15:03.742310+00:00,2158.0,2168.0,1950.0,1974.0,1968.219970703125,2308469
2018-07-16 00:00:00+00:00,2018-07-17T00:00:00+00:00,2026-09-03T11:15:03.742310+00:00,1987.0,1987.0,1801.0,1801.0,1795.726806640625,3320025
2018-07-17 00:00:00+00:00,2018-07-18T00:00:00+00:00,2026-09-03T11:15:03.742310+00:00,1843.0,1888.0,1806.0,1812.0,1806.6943359375,2957100
2018-07-18 00:00:00+00:00,2018-07-19T00:00:00+00:00,2026-09-03T11:15:03.742310+00:00,1810.0,1860.0,1787.0,1817.0,1811.679443359375,3000603
2018-07-19 00:00:00+00:00,2018-07-20T00:00:00+00:00,2026-09-03T11:15:03.742310+00:00,1791.0,1876.0,1791.0,1832.0,1826.6356201171875,2516902
2018-07-20 00:00:00+00:00,2018-07-21T00:00:00+00:00,2026-09-03T11:15:03.742310+00:00,1890.0,1890.0,1813.0,1849.0,1843.5859375,755709
2018-07-23 00:00:00+00:00,2018-07-24T00:00:00+00:00,2026-09-03T11:15:03.742310+00:00,1848.0,1848.0,1801.0,1805.0,1799.71484375,880516
2018-07-24 00:00:00+00:00,2018-07-25T00:00:00+00:00,2026-09-03T11:15:03.742310+00:00,1815.0,1874.0,1801.0,1859.0,1853.5567626953125,1375278
2018-07-25 00:00:00+00:00,2018-07-26T00:00:00+00:00,2026-09-03T11:15:03.742310+00:00,1882.0,1885.0,1807.0,1840.0,1834.6121826171875,1306309
2018-07-26 00:00:00+00:00,2018-07-27T00:00:00+00:00,2026-09-03T11:15:03.742310+00:00,1839.0,1978.0,1824.0,1975.0,1969.2169189453125,2270301
2018-07-27 00:00:00+00:00,2018-07-28T00:00:00+00:00,2026-09-03T11:15:03.742310+00:00,2000.0,2007.0,1977.0,2000.0,1994.1435546875,4320637
2018-07-30 00:00:00+00:00,2018-07-31T00:00:00+00:00,2026-09-03T11:15:03.742310+00:00,1994.0,2004.0,1960.0,2000.0,1994.1435546875,1192861
2018-07-31 00:00:00+00:00,2018-08-01T00:00:00+00:00,2026-09-03T11:15:03.742310+00:00,1963.0,2000.0,1906.0,1949.0,1943.2930908203125,2311764
2018-08-01 00:00:00+00:00,2018-08-02T00:00:00+00:00,2026-09-03T11:15:03.742310+00:00,1966.0,1993.0,1917.0,1925.0,1919.3634033203125,1673929
2018-08-02 00:00:00+00:00,2018-08-03T00:00:00+00:00,2026-09-03T11:15:03.742310+00:00,1900.0,2089.0,1896.0,1989.0,1983.1759033203125,11946010
2018-08-03 00:00:00+00:00,2018-08-04T00:00:00+00:00,2026-09-03T11:15:03.742310+00:00,1991.0,2030.0,1911.0,1977.0,1971.2109375,4326417
2018-08-06 00:00:00+00:00,2018-08-07T00:00:00+00:00,2026-09-03T11:15:03.742310+00:00,1976.0,1983.0,1860.0,1886.0,1880.4775390625,2334098
2018-08-07 00:00:00+00:00,2018-08-08T00:00:00+00:00,2026-09-03T11:15:03.742310+00:00,1863.0,1929.0,1819.0,1865.0,1859.5389404296875,5514399
2018-08-08 00:00:00+00:00,2018-08-09T00:00:00+00:00,2026-09-03T11:15:03.742310+00:00,1841.0,1854.0,1791.0,1811.0,1805.6971435546875,2090791
2018-08-10 00:00:00+00:00,2018-08-11T00:00:00+00:00,2026-09-03T11:15:03.742310+00:00,1855.0,1900.0,1776.0,1797.0,1791.738037109375,7965949
2018-08-13 00:00:00+00:00,2018-08-14T00:00:00+00:00,2026-09-03T11:15:03.742310+00:00,1852.0,1852.0,1755.0,1768.0,1762.8232421875,4159416
2018-08-14 00:00:00+00:00,2018-08-15T00:00:00+00:00,2026-09-03T11:15:03.742310+00:00,1793.0,1793.0,1702.0,1702.0,1697.0166015625,3059061
2018-08-15 00:00:00+00:00,2018-08-16T00:00:00+00:00,2026-09-03T11:15:03.742310+00:00,1731.0,1731.0,1561.0,1591.0,1586.34130859375,5515623
2018-08-16 00:00:00+00:00,2018-08-17T00:00:00+00:00,2026-09-03T11:15:03.742310+00:00,1600.0,1684.0,1570.0,1670.0,1665.1099853515625,3062706
2018-08-17 00:00:00+00:00,2018-08-18T00:00:00+00:00,2026-09-03T11:15:03.742310+00:00,1660.0,1716.0,1649.0,1702.0,1697.0166015625,882321
2018-08-20 00:00:00+00:00,2018-08-21T00:00:00+00:00,2026-09-03T11:15:03.742310+00:00,1681.0,1745.0,1650.0,1672.0,1667.104248046875,1834162
2018-08-21 00:00:00+00:00,2018-08-22T00:00:00+00:00,2026-09-03T11:15:03.742310+00:00,1710.0,1710.0,1604.0,1628.0,1623.23291015625,924202
2018-08-22 00:00:00+00:00,2018-08-23T00:00:00+00:00,2026-09-03T11:15:03.742310+00:00,1621.0,1675.0,1590.0,1674.0,1669.0982666015625,1722234
2018-08-23 00:00:00+00:00,2018-08-24T00:00:00+00:00,2026-09-03T11:15:03.742310+00:00,1700.0,1736.0,1676.0,1696.0,1691.0338134765625,2805706
2018-08-24 00:00:00+00:00,2018-08-25T00:00:00+00:00,2026-09-03T11:15:03.742310+00:00,1667.0,1724.0,1666.0,1712.0,1706.987060546875,1362894
2018-08-27 00:00:00+00:00,2018-08-28T00:00:00+00:00,2026-09-03T11:15:03.742310+00:00,1710.0,1820.0,1709.0,1793.0,1787.75,4322172
2018-08-28 00:00:00+00:00,2018-08-29T00:00:00+00:00,2026-09-03T11:15:03.742310+00:00,1816.0,1863.0,1761.0,1772.0,1766.811279296875,2522035
2018-08-29 00:00:00+00:00,2018-08-30T00:00:00+00:00,2026-09-03T11:15:03.742310+00:00,1758.0,1802.0,1741.0,1780.0,1774.787841796875,1609569
2018-08-30 00:00:00+00:00,2018-08-31T00:00:00+00:00,2026-09-03T11:15:03.742310+00:00,1778.0,1793.0,1719.0,1745.0,1739.890380859375,867754
2018-08-31 00:00:00+00:00,2018-09-01T00:00:00+00:00,2026-09-03T11:15:03.742310+00:00,1757.0,1819.0,1744.0,1790.0,1784.758544921875,4183761
2018-09-03 00:00:00+00:00,2018-09-04T00:00:00+00:00,2026-09-03T11:15:03.742310+00:00,1785.0,1864.0,1785.0,1825.0,1819.65576171875,2207601
2018-09-04 00:00:00+00:00,2018-09-05T00:00:00+00:00,2026-09-03T11:15:03.742310+00:00,1817.0,1845.0,1812.0,1825.0,1819.65576171875,1552259
2018-09-05 00:00:00+00:00,2018-09-06T00:00:00+00:00,2026-09-03T11:15:03.742310+00:00,1807.0,2045.0,1795.0,1931.0,1925.3458251953125,7083523
2018-09-06 00:00:00+00:00,2018-09-07T00:00:00+00:00,2026-09-03T11:15:03.742310+00:00,1900.0,1984.0,1899.0,1971.0,1965.2286376953125,1937632
2018-09-07 00:00:00+00:00,2018-09-08T00:00:00+00:00,2026-09-03T11:15:03.742310+00:00,1938.0,1977.0,1879.0,1902.0,1896.4307861328125,1045966
2018-09-10 00:00:00+00:00,2018-09-11T00:00:00+00:00,2026-09-03T11:15:03.742310+00:00,1895.0,1906.0,1758.0,1775.0,1769.8026123046875,3183480
2018-09-11 00:00:00+00:00,2018-09-12T00:00:00+00:00,2026-09-03T11:15:03.742310+00:00,1760.0,1788.0,1641.0,1681.0,1676.07763671875,2279293
2018-09-12 00:00:00+00:00,2018-09-13T00:00:00+00:00,2026-09-03T11:15:03.742310+00:00,1670.0,1714.0,1648.0,1673.0,1668.10107421875,2188423
2018-09-13 00:00:00+00:00,2018-09-14T00:00:00+00:00,2026-09-03T11:15:03.742310+00:00,1729.0,1833.0,1691.0,1763.0,1757.837646484375,4304134
2018-09-14 00:00:00+00:00,2018-09-15T00:00:00+00:00,2026-09-03T11:15:03.742310+00:00,1780.0,1869.0,1775.0,1796.0,1790.740966796875,2345292
2018-09-17 00:00:00+00:00,2018-09-18T00:00:00+00:00,2026-09-03T11:15:03.742310+00:00,1803.0,1851.0,1756.0,1827.0,1821.650146484375,3274358
2018-09-18 00:00:00+00:00,2018-09-19T00:00:00+00:00,2026-09-03T11:15:03.742310+00:00,1840.0,1951.0,1828.0,1905.0,1899.421875,6378991
2018-09-19 00:00:00+00:00,2018-09-20T00:00:00+00:00,2026-09-03T11:15:03.742310+00:00,1978.0,2038.0,1931.0,1970.0,1964.231689453125,5771843
2018-09-20 00:00:00+00:00,2018-09-21T00:00:00+00:00,2026-09-03T11:15:03.742310+00:00,1999.0,2310.0,1989.0,2263.0,2256.37353515625,21652618
2018-09-21 00:00:00+00:00,2018-09-22T00:00:00+00:00,2026-09-03T11:15:03.742310+00:00,2305.0,2849.0,2239.0,2755.0,2746.93310546875,24815353
2018-09-25 00:00:00+00:00,2018-09-26T00:00:00+00:00,2026-09-03T11:15:03.742310+00:00,2755.0,2755.0,2426.0,2707.0,2699.07373046875,7474800
2018-09-26 00:00:00+00:00,2018-09-27T00:00:00+00:00,2026-09-03T11:15:03.742310+00:00,2707.0,2940.0,2544.0,2895.0,2886.523193359375,6336136
2018-09-27 00:00:00+00:00,2018-09-28T00:00:00+00:00,2026-09-03T11:15:03.742310+00:00,2832.0,2836.0,2564.0,2630.0,2622.299072265625,5487678
2018-09-28 00:00:00+00:00,2018-09-29T00:00:00+00:00,2026-09-03T11:15:03.742310+00:00,2620.0,2805.0,2557.0,2750.0,2741.94775390625,4393911
2018-10-01 00:00:00+00:00,2018-10-02T00:00:00+00:00,2026-09-03T11:15:03.742310+00:00,2745.0,2860.0,2657.0,2758.0,2749.924072265625,2596528
2018-10-02 00:00:00+00:00,2018-10-03T00:00:00+00:00,2026-09-03T11:15:03.742310+00:00,2769.0,2810.0,2677.0,2735.0,2726.991943359375,2937690
2018-10-03 00:00:00+00:00,2018-10-04T00:00:00+00:00,2026-09-03T11:15:03.742310+00:00,2780.0,2800.0,2719.0,2735.0,2726.991943359375,3360343
2018-10-04 00:00:00+00:00,2018-10-05T00:00:00+00:00,2026-09-03T11:15:03.742310+00:00,2765.0,2765.0,2673.0,2709.0,2701.067626953125,3983318
2018-10-05 00:00:00+00:00,2018-10-06T00:00:00+00:00,2026-09-03T11:15:03.742310+00:00,2708.0,2708.0,2550.0,2650.0,2642.240478515625,1978074
2018-10-08 00:00:00+00:00,2018-10-09T00:00:00+00:00,2026-09-03T11:15:03.742310+00:00,2650.0,2679.0,2581.0,2650.0,2642.240478515625,2867096
2018-10-09 00:00:00+00:00,2018-10-10T00:00:00+00:00,2026-09-03T11:15:03.742310+00:00,2619.0,2782.0,2619.0,2691.0,2683.120361328125,1856745
2018-10-10 00:00:00+00:00,2018-10-11T00:00:00+00:00,2026-09-03T11:15:03.742310+00:00,2668.0,2712.0,2659.0,2700.0,2692.09423828125,3228514
2018-10-11 00:00:00+00:00,2018-10-12T00:00:00+00:00,2026-09-03T11:15:03.742310+00:00,2650.0,2698.0,2561.0,2615.0,2607.343505859375,4260939
2018-10-12 00:00:00+00:00,2018-10-13T00:00:00+00:00,2026-09-03T11:15:03.742310+00:00,2701.0,2701.0,2498.0,2571.0,2563.4716796875,4653560
2018-10-15 00:00:00+00:00,2018-10-16T00:00:00+00:00,2026-09-03T11:15:03.742310+00:00,2571.0,2633.0,2538.0,2550.0,2542.533203125,5822720
2018-10-16 00:00:00+00:00,2018-10-17T00:00:00+00:00,2026-09-03T11:15:03.742310+00:00,2526.0,2705.0,2526.0,2664.0,2656.19921875,3726663
2018-10-17 00:00:00+00:00,2018-10-18T00:00:00+00:00,2026-09-03T11:15:03.742310+00:00,2650.0,2777.0,2574.0,2640.0,2632.27001953125,2218051
2018-10-18 00:00:00+00:00,2018-10-19T00:00:00+00:00,2026-09-03T11:15:03.742310+00:00,2604.0,2718.0,2601.0,2643.0,2635.26123046875,1154592
2018-10-19 00:00:00+00:00,2018-10-20T00:00:00+00:00,2026-09-03T11:15:03.742310+00:00,2698.0,2698.0,2533.0,2566.0,2558.486328125,2072218
2018-10-22 00:00:00+00:00,2018-10-23T00:00:00+00:00,2026-09-03T11:15:03.742310+00:00,2511.0,2578.0,2418.0,2418.0,2410.919921875,2022483
2018-10-23 00:00:00+00:00,2018-10-24T00:00:00+00:00,2026-09-03T11:15:03.742310+00:00,2418.0,2547.0,2400.0,2495.0,2487.6943359375,4555028
2018-10-24 00:00:00+00:00,2018-10-25T00:00:00+00:00,2026-09-03T11:15:03.742310+00:00,2489.0,2489.0,2411.0,2430.0,2422.884521484375,2017911
2018-10-25 00:00:00+00:00,2018-10-26T00:00:00+00:00,2026-09-03T11:15:03.742310+00:00,2430.0,2475.0,2370.0,2407.0,2399.95166015625,1357975
2018-10-26 00:00:00+00:00,2018-10-27T00:00:00+00:00,2026-09-03T11:15:03.742310+00:00,2408.0,2435.0,2313.0,2394.0,2386.98974609375,2908935
2018-10-29 00:00:00+00:00,2018-10-30T00:00:00+00:00,2026-09-03T11:15:03.742310+00:00,2498.0,2501.0,2345.0,2450.0,2442.826416015625,807093
2018-10-30 00:00:00+00:00,2018-10-31T00:00:00+00:00,2026-09-03T11:15:03.742310+00:00,2450.0,2575.0,2400.0,2465.0,2457.782470703125,1994309
2018-10-31 00:00:00+00:00,2018-11-01T00:00:00+00:00,2026-09-03T11:15:03.742310+00:00,2467.0,2775.0,2467.0,2720.0,2712.035888671875,13426665
2018-11-01 00:00:00+00:00,2018-11-02T00:00:00+00:00,2026-09-03T11:15:03.742310+00:00,2775.0,2802.0,2703.0,2750.0,2741.94775390625,9907651
2018-11-02 00:00:00+00:00,2018-11-03T00:00:00+00:00,2026-09-03T11:15:03.742310+00:00,2789.0,2913.0,2766.0,2845.0,2836.669189453125,14352971
2018-11-05 00:00:00+00:00,2018-11-06T00:00:00+00:00,2026-09-03T11:15:03.742310+00:00,2845.0,2885.0,2777.0,2800.0,2791.80126953125,7285614
2018-11-06 00:00:00+00:00,2018-11-07T00:00:00+00:00,2026-09-03T11:15:03.742310+00:00,2800.0,2820.0,2681.0,2729.0,2721.0087890625,4046693
2018-11-07 00:00:00+00:00,2018-11-08T00:00:00+00:00,2026-09-03T11:15:03.742310+00:00,2731.0,2763.0,2679.0,2740.0,2731.976806640625,2084912
2018-11-08 00:00:00+00:00,2018-11-09T00:00:00+00:00,2026-09-03T11:15:03.742310+00:00,2705.0,2769.0,2689.0,2750.0,2741.94775390625,9958650
2018-11-09 00:00:00+00:00,2018-11-10T00:00:00+00:00,2026-09-03T11:15:03.742310+00:00,2728.0,2792.0,2640.0,2745.0,2736.962158203125,2947373
2018-11-12 00:00:00+00:00,2018-11-13T00:00:00+00:00,2026-09-03T11:15:03.742310+00:00,2727.0,2995.0,2710.0,2969.0,2960.306396484375,2711951
2018-11-13 00:00:00+00:00,2018-11-14T00:00:00+00:00,2026-09-03T11:15:03.742310+00:00,2810.0,2969.0,2724.0,2943.0,2934.38232421875,5267027
2018-11-14 00:00:00+00:00,2018-11-15T00:00:00+00:00,2026-09-03T11:15:03.742310+00:00,2930.0,3050.0,2867.0,2965.0,2956.318115234375,3795898
2018-11-15 00:00:00+00:00,2018-11-16T00:00:00+00:00,2026-09-03T11:15:03.742310+00:00,2968.0,2971.0,2867.0,2910.0,2901.47900390625,1191396
2018-11-16 00:00:00+00:00,2018-11-17T00:00:00+00:00,2026-09-03T11:15:03.742310+00:00,3000.0,3127.0,2941.0,3098.0,3088.9287109375,3989616
2018-11-19 00:00:00+00:00,2018-11-20T00:00:00+00:00,2026-09-03T11:15:03.742310+00:00,3082.0,3363.0,3082.0,3350.0,3340.191162109375,3113618
2018-11-20 00:00:00+00:00,2018-11-21T00:00:00+00:00,2026-09-03T11:15:03.742310+00:00,3351.0,3412.0,3274.0,3315.0,3305.293212890625,4573997
2018-11-21 00:00:00+00:00,2018-11-22T00:00:00+00:00,2026-09-03T11:15:03.742310+00:00,3337.0,3350.0,3271.0,3318.0,3308.284423828125,2508659
2018-11-22 00:00:00+00:00,2018-11-23T00:00:00+00:00,2026-09-03T11:15:03.742310+00:00,3315.0,3320.0,3257.0,3297.0,3287.34619140625,2947663
2018-11-23 00:00:00+00:00,2018-11-24T00:00:00+00:00,2026-09-03T11:15:03.742310+00:00,3275.0,3327.0,3210.0,3315.0,3305.293212890625,1299397
2018-11-26 00:00:00+00:00,2018-11-27T00:00:00+00:00,2026-09-03T11:15:03.742310+00:00,3295.0,3337.0,3247.0,3300.0,3290.336669921875,1026889
2018-11-27 00:00:00+00:00,2018-11-28T00:00:00+00:00,2026-09-03T11:15:03.742310+00:00,3262.0,3301.0,3235.0,3260.0,3250.45458984375,1848268
2018-11-28 00:00:00+00:00,2018-11-29T00:00:00+00:00,2026-09-03T11:15:03.742310+00:00,3099.0,3309.0,3075.0,3297.0,3287.34619140625,1879585
2018-11-29 00:00:00+00:00,2018-11-30T00:00:00+00:00,2026-09-03T11:15:03.742310+00:00,3337.0,3347.0,3266.0,3334.0,3324.23779296875,1141240
2018-11-30 00:00:00+00:00,2018-12-01T00:00:00+00:00,2026-09-03T11:15:03.742310+00:00,3314.0,3328.0,3230.0,3300.0,3290.336669921875,2616157
2018-12-03 00:00:00+00:00,2018-12-04T00:00:00+00:00,2026-09-03T11:15:03.742310+00:00,3349.0,3521.0,3301.0,3386.0,3376.085205078125,1592129
2018-12-04 00:00:00+00:00,2018-12-05T00:00:00+00:00,2026-09-03T11:15:03.742310+00:00,3300.0,3415.0,3206.0,3350.0,3340.191162109375,5545035
2018-12-05 00:00:00+00:00,2018-12-06T00:00:00+00:00,2026-09-03T11:15:03.742310+00:00,3330.0,3330.0,3170.0,3230.0,3220.5419921875,2810446
2018-12-06 00:00:00+00:00,2018-12-07T00:00:00+00:00,2026-09-03T11:15:03.742310+00:00,3149.0,3408.0,3080.0,3376.0,3366.11474609375,3423593
2018-12-07 00:00:00+00:00,2018-12-08T00:00:00+00:00,2026-09-03T11:15:03.742310+00:00,3216.0,3502.0,3216.0,3500.0,3489.751708984375,4859550
2018-12-10 00:00:00+00:00,2018-12-11T00:00:00+00:00,2026-09-03T11:15:03.742310+00:00,3420.0,3736.0,3372.0,3728.0,3717.083740234375,7814304
2018-12-11 00:00:00+00:00,2018-12-12T00:00:00+00:00,2026-09-03T11:15:03.742310+00:00,3611.0,3768.0,3584.0,3623.0,3612.3916015625,28384655
2018-12-12 00:00:00+00:00,2018-12-13T00:00:00+00:00,2026-09-03T11:15:03.742310+00:00,3678.0,3691.0,3570.0,3680.0,3669.224365234375,8289976
2018-12-13 00:00:00+00:00,2018-12-14T00:00:00+00:00,2026-09-03T11:15:03.742310+00:00,3581.0,3880.0,3581.0,3761.0,3749.9873046875,3109565
2018-12-14 00:00:00+00:00,2018-12-15T00:00:00+00:00,2026-09-03T11:15:03.742310+00:00,3652.0,3780.0,3588.0,3588.0,3577.493408203125,1810213
2018-12-18 00:00:00+00:00,2018-12-19T00:00:00+00:00,2026-09-03T11:15:03.742310+00:00,3553.0,3764.0,3531.0,3687.0,3676.203857421875,3488167
2018-12-19 00:00:00+00:00,2018-12-20T00:00:00+00:00,2026-09-03T11:15:03.742310+00:00,3750.0,3790.0,3633.0,3676.0,3665.236572265625,1879334
2018-12-20 00:00:00+00:00,2018-12-21T00:00:00+00:00,2026-09-03T11:15:03.742310+00:00,3666.0,3666.0,3540.0,3550.0,3539.605224609375,2944663
2018-12-21 00:00:00+00:00,2018-12-22T00:00:00+00:00,2026-09-03T11:15:03.742310+00:00,3649.0,3649.0,3403.0,3403.0,3393.035400390625,2880927
2018-12-24 00:00:00+00:00,2018-12-25T00:00:00+00:00,2026-09-03T11:15:03.742310+00:00,3406.0,3448.0,3342.0,3390.0,3380.07373046875,2619403
2018-12-27 00:00:00+00:00,2018-12-28T00:00:00+00:00,2026-09-03T11:15:03.742310+00:00,3504.0,3635.0,3453.0,3600.0,3589.458740234375,3108225
2018-12-28 00:00:00+00:00,2018-12-29T00:00:00+00:00,2026-09-03T11:15:03.742310+00:00,3635.0,3696.0,3585.0,3670.0,3659.25341796875,2827358
2018-12-31 00:00:00+00:00,2019-01-01T00:00:00+00:00,2026-09-03T11:15:03.742310+00:00,3601.0,3770.0,3601.0,3668.0,3657.259521484375,2166893
2019-01-02 00:00:00+00:00,2019-01-03T00:00:00+00:00,2026-09-03T11:15:03.742310+00:00,3609.0,3649.0,3475.0,3615.0,3604.414794921875,1599264
2019-01-03 00:00:00+00:00,2019-01-04T00:00:00+00:00,2026-09-03T11:15:03.742310+00:00,3612.0,3737.0,3612.0,3720.0,3709.107177734375,1841161
2019-01-04 00:00:00+00:00,2019-01-05T00:00:00+00:00,2026-09-03T11:15:03.742310+00:00,3718.0,3740.0,3574.0,3727.0,3716.0869140625,5346338
2019-01-07 00:00:00+00:00,2019-01-08T00:00:00+00:00,2026-09-03T11:15:03.742310+00:00,3725.0,3790.0,3658.0,3754.0,3743.008056640625,1955192
2019-01-08 00:00:00+00:00,2019-01-09T00:00:00+00:00,2026-09-03T11:15:03.742310+00:00,3628.0,3752.0,3628.0,3710.0,3699.136474609375,1373877
2019-01-09 00:00:00+00:00,2019-01-10T00:00:00+00:00,2026-09-03T11:15:03.742310+00:00,3708.0,3740.0,3620.0,3740.0,3729.04833984375,4977329
2019-01-10 00:00:00+00:00,2019-01-11T00:00:00+00:00,2026-09-03T11:15:03.742310+00:00,3690.0,3749.0,3628.0,3744.0,3733.03662109375,2724362
2019-01-11 00:00:00+00:00,2019-01-12T00:00:00+00:00,2026-09-03T11:15:03.742310+00:00,3744.0,3754.0,3680.0,3689.0,3678.197998046875,2134392
2019-01-14 00:00:00+00:00,2019-01-15T00:00:00+00:00,2026-09-03T11:15:03.742310+00:00,3671.0,3684.0,3484.0,3574.0,3563.534912109375,1613802
2019-01-15 00:00:00+00:00,2019-01-16T00:00:00+00:00,2026-09-03T11:15:03.742310+00:00,3573.0,3649.0,3501.0,3519.0,3508.69580078125,1426695
2019-01-16 00:00:00+00:00,2019-01-17T00:00:00+00:00,2026-09-03T11:15:03.742310+00:00,3520.0,3520.0,3409.0,3496.0,3485.763427734375,1387415
2019-01-17 00:00:00+00:00,2019-01-18T00:00:00+00:00,2026-09-03T11:15:03.742310+00:00,3450.0,3628.0,3450.0,3605.0,3594.444091796875,4044798
2019-01-18 00:00:00+00:00,2019-01-19T00:00:00+00:00,2026-09-03T11:15:03.742310+00:00,3610.0,3624.0,3500.0,3560.0,3549.57568359375,3630325
2019-01-21 00:00:00+00:00,2019-01-22T00:00:00+00:00,2026-09-03T11:15:03.742310+00:00,3524.0,3569.0,3419.0,3560.0,3549.57568359375,2243074
2019-01-22 00:00:00+00:00,2019-01-23T00:00:00+00:00,2026-09-03T11:15:03.742310+00:00,3545.0,3638.0,3545.0,3628.0,3617.376708984375,3593642
2019-01-23 00:00:00+00:00,2019-01-24T00:00:00+00:00,2026-09-03T11:15:03.742310+00:00,3600.0,3693.0,3600.0,3690.0,3679.195068359375,4295347
2019-01-24 00:00:00+00:00,2019-01-25T00:00:00+00:00,2026-09-03T11:15:03.742310+00:00,3650.0,3700.0,3556.0,3690.0,3679.195068359375,1829288
2019-01-25 00:00:00+00:00,2019-01-26T00:00:00+00:00,2026-09-03T11:15:03.742310+00:00,3698.0,3750.0,3649.0,3750.0,3739.019775390625,3158799
2019-01-28 00:00:00+00:00,2019-01-29T00:00:00+00:00,2026-09-03T11:15:03.742310+00:00,3779.0,3900.0,3721.0,3810.0,3798.84375,3164754
2019-01-29 00:00:00+00:00,2019-01-30T00:00:00+00:00,2026-09-03T11:15:03.742310+00:00,3768.0,3852.0,3768.0,3840.0,3828.756103515625,2383771
2019-01-30 00:00:00+00:00,2019-01-31T00:00:00+00:00,2026-09-03T11:15:03.742310+00:00,3889.0,3889.0,3803.0,3877.0,3865.64794921875,3039715
2019-01-31 00:00:00+00:00,2019-02-01T00:00:00+00:00,2026-09-03T11:15:03.742310+00:00,3846.0,3906.0,3823.0,3865.0,3853.682861328125,9465332
2019-02-01 00:00:00+00:00,2019-02-02T00:00:00+00:00,2026-09-03T11:15:03.742310+00:00,3893.0,3975.0,3863.0,3875.0,3863.65380859375,7558799
2019-02-04 00:00:00+00:00,2019-02-05T00:00:00+00:00,2026-09-03T11:15:03.742310+00:00,4169.0,4347.0,4131.0,4182.0,4169.75390625,9704428
2019-02-05 00:00:00+00:00,2019-02-06T00:00:00+00:00,2026-09-03T11:15:03.742310+00:00,4174.0,4240.0,4125.0,4164.0,4151.8076171875,2163577
2019-02-06 00:00:00+00:00,2019-02-07T00:00:00+00:00,2026-09-03T11:15:03.742310+00:00,4200.0,4256.0,4163.0,4249.0,4236.55810546875,7763287
2019-02-07 00:00:00+00:00,2019-02-08T00:00:00+00:00,2026-09-03T11:15:03.742310+00:00,4253.0,4379.0,4204.0,4360.0,4347.232421875,8375896
2019-02-08 00:00:00+00:00,2019-02-09T00:00:00+00:00,2026-09-03T11:15:03.742310+00:00,4363.0,4544.0,4363.0,4525.0,4511.75,6383645
2019-02-11 00:00:00+00:00,2019-02-12T00:00:00+00:00,2026-09-03T11:15:03.742310+00:00,4525.0,4576.0,4399.0,4420.0,4407.0576171875,3734227
2019-02-12 00:00:00+00:00,2019-02-13T00:00:00+00:00,2026-09-03T11:15:03.742310+00:00,4424.0,4520.0,4424.0,4470.0,4456.91162109375,3951489
2019-02-13 00:00:00+00:00,2019-02-14T00:00:00+00:00,2026-09-03T11:15:03.742310+00:00,4470.0,4649.0,4470.0,4580.0,4566.58984375,4036067
2019-02-14 00:00:00+00:00,2019-02-15T00:00:00+00:00,2026-09-03T11:15:03.742310+00:00,4602.0,4786.0,4594.0,4780.0,4766.0029296875,8035387
2019-02-15 00:00:00+00:00,2019-02-16T00:00:00+00:00,2026-09-03T11:15:03.742310+00:00,4779.0,4935.0,4777.0,4842.0,4827.82177734375,9434636
2019-02-18 00:00:00+00:00,2019-02-19T00:00:00+00:00,2026-09-03T11:15:03.742310+00:00,4875.0,5151.0,4874.0,5020.0,5005.30126953125,8897303
2019-02-19 00:00:00+00:00,2019-02-20T00:00:00+00:00,2026-09-03T11:15:03.742310+00:00,5050.0,5167.0,5020.0,5098.0,5083.0732421875,11779040
2019-02-20 00:00:00+00:00,2019-02-21T00:00:00+00:00,2026-09-03T11:15:03.742310+00:00,5154.0,5433.0,5154.0,5285.0,5269.5244140625,9639300
2019-02-21 00:00:00+00:00,2019-02-22T00:00:00+00:00,2026-09-03T11:15:03.742310+00:00,5288.0,5350.0,5137.0,5179.0,5163.83544921875,3609294
2019-02-22 00:00:00+00:00,2019-02-23T00:00:00+00:00,2026-09-03T11:15:03.742310+00:00,5179.0,5250.0,5144.0,5190.0,5174.80322265625,2643935
2019-02-25 00:00:00+00:00,2019-02-26T00:00:00+00:00,2026-09-03T11:15:03.742310+00:00,5212.0,5290.0,5102.0,5102.0,5087.06103515625,6341550
2019-02-26 00:00:00+00:00,2019-02-27T00:00:00+00:00,2026-09-03T11:15:03.742310+00:00,5120.0,5350.0,5120.0,5285.0,5269.5244140625,3768077
2019-02-27 00:00:00+00:00,2019-02-28T00:00:00+00:00,2026-09-03T11:15:03.742310+00:00,5301.0,5503.0,5267.0,5500.0,5483.8955078125,5354932
2019-02-28 00:00:00+00:00,2019-03-01T00:00:00+00:00,2026-09-03T11:15:03.742310+00:00,5820.0,6078.0,5522.0,6020.0,6002.373046875,13666141
2019-03-01 00:00:00+00:00,2019-03-02T00:00:00+00:00,2026-09-03T11:15:03.742310+00:00,5925.0,5972.0,5700.0,5732.0,5715.2158203125,9690153
2019-03-04 00:00:00+00:00,2019-03-05T00:00:00+00:00,2026-09-03T11:15:03.742310+00:00,5684.0,5924.0,5640.0,5825.0,5807.9443359375,5324899
2019-03-05 00:00:00+00:00,2019-03-06T00:00:00+00:00,2026-09-03T11:15:03.742310+00:00,5818.0,5887.0,5689.0,5849.0,5831.873046875,5086099
2019-03-06 00:00:00+00:00,2019-03-07T00:00:00+00:00,2026-09-03T11:15:03.742310+00:00,5850.0,6015.0,5850.0,5953.0,5935.5693359375,5777017
2019-03-07 00:00:00+00:00,2019-03-08T00:00:00+00:00,2026-09-03T11:15:03.742310+00:00,5985.0,6020.0,5850.0,5894.0,5876.74169921875,3806963
2019-03-08 00:00:00+00:00,2019-03-09T00:00:00+00:00,2026-09-03T11:15:03.742310+00:00,5892.0,6064.0,5859.0,5940.0,5922.60693359375,6571092
2019-03-11 00:00:00+00:00,2019-03-12T00:00:00+00:00,2026-09-03T11:15:03.742310+00:00,5943.0,6096.0,5930.0,5930.0,5912.63623046875,4074742
2019-03-12 00:00:00+00:00,2019-03-13T00:00:00+00:00,2026-09-03T11:15:03.742310+00:00,6060.0,6091.0,5761.0,5850.0,5832.8701171875,3608096
2019-03-13 00:00:00+00:00,2019-03-14T00:00:00+00:00,2026-09-03T11:15:03.742310+00:00,5870.0,6111.0,5811.0,6040.0,6022.3134765625,7188260
2019-03-14 00:00:00+00:00,2019-03-15T00:00:00+00:00,2026-09-03T11:15:03.742310+00:00,6005.0,6399.0,5960.0,6300.0,6281.55224609375,11223048
2019-03-15 00:00:00+00:00,2019-03-16T00:00:00+00:00,2026-09-03T11:15:03.742310+00:00,6349.0,6530.0,6219.0,6424.0,6405.189453125,12378854
2019-03-18 00:00:00+00:00,2019-03-19T00:00:00+00:00,2026-09-03T11:15:03.742310+00:00,6370.0,6688.0,6370.0,6554.0,6534.8095703125,3989030
2019-03-19 00:00:00+00:00,2019-03-20T00:00:00+00:00,2026-09-03T11:15:03.742310+00:00,6554.0,6779.0,6547.0,6722.0,6702.31689453125,8567159
2019-03-20 00:00:00+00:00,2019-03-21T00:00:00+00:00,2026-09-03T11:15:03.742310+00:00,6722.0,6870.0,6679.0,6790.0,6770.11767578125,6743607
2019-03-22 00:00:00+00:00,2019-03-23T00:00:00+00:00,2026-09-03T11:15:03.742310+00:00,6743.0,6935.0,6688.0,6744.0,6724.2529296875,4386342
2019-03-25 00:00:00+00:00,2019-03-26T00:00:00+00:00,2026-09-03T11:15:03.742310+00:00,6765.0,6765.0,6175.0,6370.0,6351.34765625,5209183
2019-03-26 00:00:00+00:00,2019-03-27T00:00:00+00:00,2026-09-03T11:15:03.742310+00:00,6304.0,6595.0,6304.0,6480.0,6461.025390625,5823747
2019-03-27 00:00:00+00:00,2019-03-28T00:00:00+00:00,2026-09-03T11:15:03.742310+00:00,6485.0,6730.0,6469.0,6501.0,6481.96484375,8097513
2019-03-28 00:00:00+00:00,2019-03-29T00:00:00+00:00,2026-09-03T11:15:03.742310+00:00,6479.0,6595.0,5962.0,6001.0,5983.42822265625,11877567
2019-03-29 00:00:00+00:00,2019-03-30T00:00:00+00:00,2026-09-03T11:15:03.742310+00:00,5911.0,6202.0,5702.0,6100.0,6082.13818359375,10254625
2019-04-01 00:00:00+00:00,2019-04-02T00:00:00+00:00,2026-09-03T11:15:03.742310+00:00,6126.0,6184.0,5720.0,5851.0,5833.8681640625,7689955
2019-04-02 00:00:00+00:00,2019-04-03T00:00:00+00:00,2026-09-03T11:15:03.742310+00:00,5899.0,6057.0,5828.0,5840.0,5822.89990234375,11323501
2019-04-03 00:00:00+00:00,2019-04-04T00:00:00+00:00,2026-09-03T11:15:03.742310+00:00,5861.0,6148.0,5861.0,6102.0,6084.13232421875,7331525
2019-04-04 00:00:00+00:00,2019-04-05T00:00:00+00:00,2026-09-03T11:15:03.742310+00:00,6127.0,6327.0,6113.0,6180.0,6161.9033203125,7026572
2019-04-05 00:00:00+00:00,2019-04-06T00:00:00+00:00,2026-09-03T11:15:03.742310+00:00,6240.0,6327.0,6220.0,6290.0,6271.58203125,6712920
2019-04-08 00:00:00+00:00,2019-04-09T00:00:00+00:00,2026-09-03T11:15:03.742310+00:00,6335.0,6520.0,6323.0,6430.0,6411.17236328125,6932228
2019-04-09 00:00:00+00:00,2019-04-10T00:00:00+00:00,2026-09-03T11:15:03.742310+00:00,6359.0,6499.0,6305.0,6499.0,6479.96923828125,5441290
2019-04-10 00:00:00+00:00,2019-04-11T00:00:00+00:00,2026-09-03T11:15:03.742310+00:00,6499.0,6500.0,6095.0,6353.0,6334.39794921875,6735041
2019-04-11 00:00:00+00:00,2019-04-12T00:00:00+00:00,2026-09-03T11:15:03.742310+00:00,6387.0,6419.0,6157.0,6287.0,6268.59130859375,4821665
2019-04-12 00:00:00+00:00,2019-04-13T00:00:00+00:00,2026-09-03T11:15:03.742310+00:00,6250.0,6481.0,6160.0,6270.0,6251.640625,3715045
2019-04-15 00:00:00+00:00,2019-04-16T00:00:00+00:00,2026-09-03T11:15:03.742310+00:00,6296.0,6300.0,6100.0,6287.0,6268.59130859375,3383102
2019-04-16 00:00:00+00:00,2019-04-17T00:00:00+00:00,2026-09-03T11:15:03.742310+00:00,6210.0,6374.0,6210.0,6315.0,6296.5087890625,2046041
2019-04-17 00:00:00+00:00,2019-04-18T00:00:00+00:00,2026-09-03T11:15:03.742310+00:00,6165.0,6320.0,6050.0,6295.0,6276.56787109375,4429853
2019-04-18 00:00:00+00:00,2019-04-19T00:00:00+00:00,2026-09-03T11:15:03.742310+00:00,6298.0,6298.0,6125.0,6259.0,6240.6728515625,1875271
2019-04-23 00:00:00+00:00,2019-04-24T00:00:00+00:00,2026-09-03T11:15:03.742310+00:00,6210.0,6285.0,6131.0,6285.0,6266.5966796875,2005085
2019-04-24 00:00:00+00:00,2019-04-25T00:00:00+00:00,2026-09-03T11:15:03.742310+00:00,6280.0,6488.0,6200.0,6361.0,6342.37451171875,3786544
2019-04-25 00:00:00+00:00,2019-04-26T00:00:00+00:00,2026-09-03T11:15:03.742310+00:00,6429.0,6456.0,6320.0,6450.0,6431.11328125,5204081
2019-04-26 00:00:00+00:00,2019-04-27T00:00:00+00:00,2026-09-03T11:15:03.742310+00:00,6450.0,6526.0,6258.0,6350.0,6331.40673828125,1706966
2019-04-29 00:00:00+00:00,2019-04-30T00:00:00+00:00,2026-09-03T11:15:03.742310+00:00,6375.0,6400.0,6012.0,6012.0,5994.39599609375,1624871
2019-04-30 00:00:00+00:00,2019-05-01T00:00:00+00:00,2026-09-03T11:15:03.742310+00:00,6195.0,6195.0,5716.0,5726.0,5709.234375,8214568
2019-05-02 00:00:00+00:00,2019-05-03T00:00:00+00:00,2026-09-03T11:15:03.742310+00:00,5650.0,5780.0,5519.0,5668.0,5651.40283203125,7781187
2019-05-03 00:00:00+00:00,2019-05-04T00:00:00+00:00,2026-09-03T11:15:03.742310+00:00,5562.0,5932.0,5562.0,5927.0,5909.64453125,3758627
2019-05-06 00:00:00+00:00,2019-05-07T00:00:00+00:00,2026-09-03T11:15:03.742310+00:00,5831.0,6019.0,5779.0,6019.0,6001.37548828125,1679216
2019-05-07 00:00:00+00:00,2019-05-08T00:00:00+00:00,2026-09-03T11:15:03.742310+00:00,6016.0,6066.0,5937.0,6011.0,5993.39892578125,3754958
2019-05-09 00:00:00+00:00,2019-05-10T00:00:00+00:00,2026-09-03T11:15:03.742310+00:00,6065.0,6072.0,5639.0,5639.0,5622.4892578125,4887330
2019-05-10 00:00:00+00:00,2019-05-11T00:00:00+00:00,2026-09-03T11:15:03.742310+00:00,5700.0,5873.0,5684.0,5785.0,5768.060546875,5716100
2019-05-13 00:00:00+00:00,2019-05-14T00:00:00+00:00,2026-09-03T11:15:03.742310+00:00,5711.0,5965.0,5627.0,5670.0,5653.39697265625,4741429
2019-05-14 00:00:00+00:00,2019-05-15T00:00:00+00:00,2026-09-03T11:15:03.742310+00:00,5651.0,5698.0,5537.0,5548.0,5531.7548828125,6242675
2019-05-15 00:00:00+00:00,2019-05-16T00:00:00+00:00,2026-09-03T11:15:03.742310+00:00,5677.0,5677.0,5484.0,5600.0,5583.6025390625,1989431
2019-05-16 00:00:00+00:00,2019-05-17T00:00:00+00:00,2026-09-03T11:15:03.742310+00:00,5615.0,5682.0,5566.0,5587.0,5570.64111328125,2127619
2019-05-17 00:00:00+00:00,2019-05-18T00:00:00+00:00,2026-09-03T11:15:03.742310+00:00,5536.0,5694.0,5506.0,5650.0,5633.4560546875,4753715
2019-05-20 00:00:00+00:00,2019-05-21T00:00:00+00:00,2026-09-03T11:15:03.742310+00:00,5577.0,5719.0,5431.0,5438.0,5422.07666015625,4109107
2019-05-21 00:00:00+00:00,2019-05-22T00:00:00+00:00,2026-09-03T11:15:03.742310+00:00,5460.0,5574.0,5460.0,5500.0,5483.8955078125,3959798
2019-05-22 00:00:00+00:00,2019-05-23T00:00:00+00:00,2026-09-03T11:15:03.742310+00:00,5536.0,5536.0,5357.0,5393.0,5377.2080078125,4174086
2019-05-23 00:00:00+00:00,2019-05-24T00:00:00+00:00,2026-09-03T11:15:03.742310+00:00,5341.0,5443.0,5311.0,5406.0,5390.1708984375,2631260
2019-05-24 00:00:00+00:00,2019-05-25T00:00:00+00:00,2026-09-03T11:15:03.742310+00:00,5419.0,5498.0,5348.0,5352.0,5336.32861328125,1006765
2019-05-27 00:00:00+00:00,2019-05-28T00:00:00+00:00,2026-09-03T11:15:03.742310+00:00,5395.0,5447.0,5235.0,5290.0,5274.5107421875,1751010
2019-05-28 00:00:00+00:00,2019-05-29T00:00:00+00:00,2026-09-03T11:15:03.742310+00:00,5251.0,5763.0,5251.0,5610.0,5593.5732421875,7018230
2019-05-29 00:00:00+00:00,2019-05-30T00:00:00+00:00,2026-09-03T11:15:03.742310+00:00,5666.0,5827.0,5622.0,5770.0,5753.1044921875,2077277
2019-05-30 00:00:00+00:00,2019-05-31T00:00:00+00:00,2026-09-03T11:15:03.742310+00:00,5750.0,5804.0,5532.0,5680.0,5663.3681640625,2815648
2019-05-31 00:00:00+00:00,2019-06-01T00:00:00+00:00,2026-09-03T11:15:03.742310+00:00,5670.0,5824.0,5670.0,5800.0,5783.01611328125,5847913
2019-06-03 00:00:00+00:00,2019-06-04T00:00:00+00:00,2026-09-03T11:15:03.742310+00:00,5849.0,5901.0,5705.0,5850.0,5832.8701171875,3064737
2019-06-04 00:00:00+00:00,2019-06-05T00:00:00+00:00,2026-09-03T11:15:03.742310+00:00,5803.0,5980.0,5803.0,5900.0,5882.72412109375,5924477
2019-06-05 00:00:00+00:00,2019-06-06T00:00:00+00:00,2026-09-03T11:15:03.742310+00:00,5942.0,6203.0,5917.0,6185.0,6166.8896484375,6108232
2019-06-06 00:00:00+00:00,2019-06-07T00:00:00+00:00,2026-09-03T11:15:03.742310+00:00,6103.0,6375.0,6103.0,6340.0,6321.43603515625,4308614
2019-06-07 00:00:00+00:00,2019-06-08T00:00:00+00:00,2026-09-03T11:15:03.742310+00:00,6200.0,6618.0,6142.0,6550.0,6530.8203125,5922478
2019-06-10 00:00:00+00:00,2019-06-11T00:00:00+00:00,2026-09-03T11:15:03.742310+00:00,6500.0,6447.0,6252.0,6447.0,6428.12255859375,3187144
2019-06-11 00:00:00+00:00,2019-06-12T00:00:00+00:00,2026-09-03T11:15:03.742310+00:00,6382.0,6713.0,6382.0,6639.0,6619.5595703125,4304630
2019-06-12 00:00:00+00:00,2019-06-13T00:00:00+00:00,2026-09-03T11:15:03.742310+00:00,6640.0,6829.0,6640.0,6765.0,6745.19189453125,5216942
2019-06-13 00:00:00+00:00,2019-06-14T00:00:00+00:00,2026-09-03T11:15:03.742310+00:00,6704.0,7021.0,6704.0,6920.0,6899.73779296875,4038733
2019-06-14 00:00:00+00:00,2019-06-15T00:00:00+00:00,2026-09-03T11:15:03.742310+00:00,7039.0,7164.0,6849.0,6910.0,6889.7666015625,3518427
2019-06-18 00:00:00+00:00,2019-06-19T00:00:00+00:00,2026-09-03T11:15:03.742310+00:00,6820.0,6932.0,6797.0,6932.0,6911.70263671875,3011212
2019-06-19 00:00:00+00:00,2019-06-20T00:00:00+00:00,2026-09-03T11:15:03.742310+00:00,6935.0,6936.0,6671.0,6750.0,6730.2353515625,2465176
2019-06-20 00:00:00+00:00,2019-06-21T00:00:00+00:00,2026-09-03T11:15:03.742310+00:00,6800.0,6985.0,6800.0,6840.0,6819.9716796875,3180035
2019-06-21 00:00:00+00:00,2019-06-22T00:00:00+00:00,2026-09-03T11:15:03.742310+00:00,6801.0,6950.0,6766.0,6810.0,6790.0595703125,3877790
2019-06-24 00:00:00+00:00,2019-06-25T00:00:00+00:00,2026-09-03T11:15:03.742310+00:00,6878.0,6929.0,6772.0,6856.0,6835.923828125,3747566
2019-06-25 00:00:00+00:00,2019-06-26T00:00:00+00:00,2026-09-03T11:15:03.742310+00:00,6954.0,7300.0,6950.0,7201.0,7179.91455078125,7514191
2019-06-26 00:00:00+00:00,2019-06-27T00:00:00+00:00,2026-09-03T11:15:03.742310+00:00,7001.0,7066.0,6762.0,6878.0,6857.8603515625,5550290
2019-06-27 00:00:00+00:00,2019-06-28T00:00:00+00:00,2026-09-03T11:15:03.742310+00:00,6900.0,7001.0,6750.0,6852.0,6831.9365234375,2778039
2019-06-28 00:00:00+00:00,2019-06-29T00:00:00+00:00,2026-09-03T11:15:03.742310+00:00,6738.0,6983.0,6577.0,6975.0,6954.57666015625,3628444
2019-07-01 00:00:00+00:00,2019-07-02T00:00:00+00:00,2026-09-03T11:15:03.742310+00:00,6936.0,7115.0,6706.0,6997.0,6976.51220703125,6153689
2019-07-02 00:00:00+00:00,2019-07-03T00:00:00+00:00,2026-09-03T11:15:03.742310+00:00,6940.0,7335.0,6940.0,7334.0,7312.5244140625,7944452
2019-07-03 00:00:00+00:00,2019-07-04T00:00:00+00:00,2026-09-03T11:15:03.742310+00:00,7387.0,7694.0,7301.0,7379.0,7357.39306640625,8384903
2019-07-04 00:00:00+00:00,2019-07-05T00:00:00+00:00,2026-09-03T11:15:03.742310+00:00,7377.0,7377.0,7148.0,7321.0,7299.5625,4489200
2019-07-05 00:00:00+00:00,2019-07-06T00:00:00+00:00,2026-09-03T11:15:03.742310+00:00,7357.0,7392.0,7124.0,7240.0,7218.80029296875,3226859
2019-07-08 00:00:00+00:00,2019-07-09T00:00:00+00:00,2026-09-03T11:15:03.742310+00:00,7200.0,7552.0,7177.0,7485.0,7463.08349609375,5051344
2019-07-09 00:00:00+00:00,2019-07-10T00:00:00+00:00,2026-09-03T11:15:03.742310+00:00,7468.0,7475.0,7082.0,7300.0,7278.623046875,4753835
2019-07-10 00:00:00+00:00,2019-07-11T00:00:00+00:00,2026-09-03T11:15:03.742310+00:00,7340.0,7563.0,7269.0,7525.0,7502.96533203125,5701214
2019-07-11 00:00:00+00:00,2019-07-12T00:00:00+00:00,2026-09-03T11:15:03.742310+00:00,7411.0,7591.0,7387.0,7420.0,7398.27294921875,7126399
2019-07-12 00:00:00+00:00,2019-07-13T00:00:00+00:00,2026-09-03T11:15:03.742310+00:00,7381.0,7420.0,7171.0,7230.0,7208.82958984375,2333808
2019-07-15 00:00:00+00:00,2019-07-16T00:00:00+00:00,2026-09-03T11:15:03.742310+00:00,7265.0,7383.0,7194.0,7383.0,7361.380859375,2652761
2019-07-16 00:00:00+00:00,2019-07-17T00:00:00+00:00,2026-09-03T11:15:03.742310+00:00,7450.0,7560.0,7348.0,7444.0,7422.20361328125,5433347
2019-07-17 00:00:00+00:00,2019-07-18T00:00:00+00:00,2026-09-03T11:15:03.742310+00:00,7070.0,7282.0,6709.0,7010.0,6989.4736328125,17754928
2019-07-18 00:00:00+00:00,2019-07-19T00:00:00+00:00,2026-09-03T11:15:03.742310+00:00,7013.0,7344.0,6992.0,7305.0,7283.6103515625,9788889
2019-07-19 00:00:00+00:00,2019-07-20T00:00:00+00:00,2026-09-03T11:15:03.742310+00:00,7468.0,7524.0,7117.0,7168.0,7147.0107421875,7610324
2019-07-22 00:00:00+00:00,2019-07-23T00:00:00+00:00,2026-09-03T11:15:03.742310+00:00,7191.0,7346.0,7138.0,7190.0,7168.947265625,939615
2019-07-23 00:00:00+00:00,2019-07-24T00:00:00+00:00,2026-09-03T11:15:03.742310+00:00,7289.0,7400.0,7084.0,7350.0,7328.47802734375,3278572
2019-07-24 00:00:00+00:00,2019-07-25T00:00:00+00:00,2026-09-03T11:15:03.742310+00:00,7350.0,7621.0,7310.0,7446.0,7424.197265625,6772635
2019-07-25 00:00:00+00:00,2019-07-26T00:00:00+00:00,2026-09-03T11:15:03.742310+00:00,7500.0,7950.0,7391.0,7412.0,7390.296875,7359048
2019-07-26 00:00:00+00:00,2019-07-27T00:00:00+00:00,2026-09-03T11:15:03.742310+00:00,7492.0,7534.0,7297.0,7425.0,7403.25830078125,3141711
2019-07-29 00:00:00+00:00,2019-07-30T00:00:00+00:00,2026-09-03T11:15:03.742310+00:00,7380.0,7785.0,7336.0,7782.0,7759.2138671875,2598071
2019-07-30 00:00:00+00:00,2019-07-31T00:00:00+00:00,2026-09-03T11:15:03.742310+00:00,7782.0,7931.0,7721.0,7780.0,7757.2197265625,5359628
2019-07-31 00:00:00+00:00,2019-08-01T00:00:00+00:00,2026-09-03T11:15:03.742310+00:00,7800.0,7838.0,7649.0,7707.0,7684.4326171875,4169997
2019-08-01 00:00:00+00:00,2019-08-02T00:00:00+00:00,2026-09-03T11:15:03.742310+00:00,7502.0,7637.0,7319.0,7563.0,7540.8544921875,4097443
2019-08-02 00:00:00+00:00,2019-08-03T00:00:00+00:00,2026-09-03T11:15:03.742310+00:00,7559.0,7747.0,7351.0,7453.0,7431.17724609375,3877561
2019-08-05 00:00:00+00:00,2019-08-06T00:00:00+00:00,2026-09-03T11:15:03.742310+00:00,7505.0,7673.0,7400.0,7527.0,7504.95947265625,4214299
2019-08-06 00:00:00+00:00,2019-08-07T00:00:00+00:00,2026-09-03T11:15:03.742310+00:00,7527.0,7833.0,7461.0,7640.0,7617.62939453125,3954766
2019-08-07 00:00:00+00:00,2019-08-08T00:00:00+00:00,2026-09-03T11:15:03.742310+00:00,7666.0,8021.0,7666.0,7885.0,7861.91162109375,5141232
2019-08-08 00:00:00+00:00,2019-08-09T00:00:00+00:00,2026-09-03T11:15:03.742310+00:00,7837.0,8024.0,7611.0,7630.0,7607.658203125,5606171
2019-08-12 00:00:00+00:00,2019-08-13T00:00:00+00:00,2026-09-03T11:15:03.742310+00:00,7630.0,7870.0,7567.0,7642.0,7619.623046875,5467476
2019-08-13 00:00:00+00:00,2019-08-14T00:00:00+00:00,2026-09-03T11:15:03.742310+00:00,7768.0,7800.0,7289.0,7362.0,7340.443359375,5017899
2019-08-14 00:00:00+00:00,2019-08-15T00:00:00+00:00,2026-09-03T11:15:03.742310+00:00,7350.0,7528.0,7277.0,7450.0,7428.18505859375,2895722
2019-08-15 00:00:00+00:00,2019-08-16T00:00:00+00:00,2026-09-03T11:15:03.742310+00:00,7429.0,7503.0,7002.0,7260.0,7238.74169921875,3954198
2019-08-16 00:00:00+00:00,2019-08-17T00:00:00+00:00,2026-09-03T11:15:03.742310+00:00,7163.0,7208.0,7031.0,7100.0,7079.21044921875,3947372
2019-08-19 00:00:00+00:00,2019-08-20T00:00:00+00:00,2026-09-03T11:15:03.742310+00:00,7200.0,7307.0,7127.0,7299.0,7277.62841796875,1708029
2019-08-20 00:00:00+00:00,2019-08-21T00:00:00+00:00,2026-09-03T11:15:03.742310+00:00,7180.0,7388.0,7020.0,7349.0,7327.48095703125,2293951
2019-08-21 00:00:00+00:00,2019-08-22T00:00:00+00:00,2026-09-03T11:15:03.742310+00:00,7361.0,7619.0,7285.0,7590.0,7567.775390625,3078553
2019-08-22 00:00:00+00:00,2019-08-23T00:00:00+00:00,2026-09-03T11:15:03.742310+00:00,7650.0,7693.0,7473.0,7596.0,7573.7578125,3975154
2019-08-23 00:00:00+00:00,2019-08-24T00:00:00+00:00,2026-09-03T11:15:03.742310+00:00,7627.0,7648.0,7483.0,7581.0,7558.8017578125,1857238
2019-08-26 00:00:00+00:00,2019-08-27T00:00:00+00:00,2026-09-03T11:15:03.742310+00:00,7697.0,8148.0,7650.0,8050.0,8026.4287109375,3671711
2019-08-27 00:00:00+00:00,2019-08-28T00:00:00+00:00,2026-09-03T11:15:03.742310+00:00,7954.0,8069.0,7911.0,8014.0,7990.5341796875,3665802
2019-08-28 00:00:00+00:00,2019-08-29T00:00:00+00:00,2026-09-03T11:15:03.742310+00:00,8080.0,8385.0,8079.0,8340.0,8315.580078125,3624631
2019-08-29 00:00:00+00:00,2019-08-30T00:00:00+00:00,2026-09-03T11:15:03.742310+00:00,8407.0,8641.0,8343.0,8400.0,8375.4033203125,3827173
2019-08-30 00:00:00+00:00,2019-08-31T00:00:00+00:00,2026-09-03T11:15:03.742310+00:00,8370.0,8693.0,8278.0,8645.0,8619.685546875,4422099
2019-09-02 00:00:00+00:00,2019-09-03T00:00:00+00:00,2026-09-03T11:15:03.742310+00:00,8645.0,8822.0,8627.0,8719.0,8693.4697265625,2264472
2019-09-03 00:00:00+00:00,2019-09-04T00:00:00+00:00,2026-09-03T11:15:03.742310+00:00,8620.0,8805.0,8485.0,8635.0,8609.7158203125,3090022
2019-09-04 00:00:00+00:00,2019-09-05T00:00:00+00:00,2026-09-03T11:15:03.742310+00:00,8663.0,8754.0,8520.0,8635.0,8609.7158203125,4220084
2019-09-05 00:00:00+00:00,2019-09-06T00:00:00+00:00,2026-09-03T11:15:03.742310+00:00,8675.0,9104.0,8546.0,8560.0,8534.935546875,4819099
2019-09-06 00:00:00+00:00,2019-09-07T00:00:00+00:00,2026-09-03T11:15:03.742310+00:00,8542.0,8999.0,8265.0,8697.0,8671.5322265625,1937864
2019-09-09 00:00:00+00:00,2019-09-10T00:00:00+00:00,2026-09-03T11:15:03.742310+00:00,8667.0,8687.0,8497.0,8620.0,8594.7587890625,2466432
2019-09-10 00:00:00+00:00,2019-09-11T00:00:00+00:00,2026-09-03T11:15:03.742310+00:00,8467.0,8450.0,8038.0,8105.0,8081.267578125,6424138
2019-09-11 00:00:00+00:00,2019-09-12T00:00:00+00:00,2026-09-03T11:15:03.742310+00:00,8145.0,8508.0,8040.0,8461.0,8436.2255859375,5673103
2019-09-12 00:00:00+00:00,2019-09-13T00:00:00+00:00,2026-09-03T11:15:03.742310+00:00,8647.0,9058.0,8550.0,9000.0,8973.6474609375,5820419
2019-09-13 00:00:00+00:00,2019-09-14T00:00:00+00:00,2026-09-03T11:15:03.742310+00:00,8899.0,9071.0,8492.0,8565.0,8539.919921875,3773435
2019-09-16 00:00:00+00:00,2019-09-17T00:00:00+00:00,2026-09-03T11:15:03.742310+00:00,8665.0,8918.0,8557.0,8654.0,8628.66015625,3168659
2019-09-17 00:00:00+00:00,2019-09-18T00:00:00+00:00,2026-09-03T11:15:03.742310+00:00,8643.0,9191.0,8627.0,9000.0,8973.6474609375,5648069
2019-09-18 00:00:00+00:00,2019-09-19T00:00:00+00:00,2026-09-03T11:15:03.742310+00:00,9072.0,9168.0,8930.0,9139.0,9112.2412109375,4698233
2019-09-19 00:00:00+00:00,2019-09-20T00:00:00+00:00,2026-09-03T11:15:03.742310+00:00,8950.0,9067.0,8797.0,8964.0,8937.751953125,7911878
2019-09-20 00:00:00+00:00,2019-09-21T00:00:00+00:00,2026-09-03T11:15:03.742310+00:00,9050.0,9356.0,9027.0,9356.0,9328.60546875,33588360
2019-09-23 00:00:00+00:00,2019-09-24T00:00:00+00:00,2026-09-03T11:15:03.742310+00:00,9385.0,9548.0,9153.0,9525.0,9497.111328125,8230199
2019-09-25 00:00:00+00:00,2019-09-26T00:00:00+00:00,2026-09-03T11:15:03.742310+00:00,9435.0,9865.0,9512.0,9655.0,9626.7275390625,7102432
2019-09-26 00:00:00+00:00,2019-09-27T00:00:00+00:00,2026-09-03T11:15:03.742310+00:00,9629.0,9878.0,9563.0,9664.0,9635.7021484375,4935892
2019-09-27 00:00:00+00:00,2019-09-28T00:00:00+00:00,2026-09-03T11:15:03.742310+00:00,9602.0,9785.0,9516.0,9561.0,9533.0048828125,4343181
2019-09-30 00:00:00+00:00,2019-10-01T00:00:00+00:00,2026-09-03T11:15:03.742310+00:00,9561.0,9631.0,9392.0,9528.0,9500.1005859375,4941994
2019-10-01 00:00:00+00:00,2019-10-02T00:00:00+00:00,2026-09-03T11:15:03.742310+00:00,9348.0,9727.0,9191.0,9700.0,9671.5966796875,6045156
2019-10-02 00:00:00+00:00,2019-10-03T00:00:00+00:00,2026-09-03T11:15:03.742310+00:00,9501.0,10044.0,9433.0,9990.0,9960.7490234375,8294451
2019-10-03 00:00:00+00:00,2019-10-04T00:00:00+00:00,2026-09-03T11:15:03.742310+00:00,10000.0,10265.0,9930.0,10241.0,10211.0126953125,6092497
2019-10-04 00:00:00+00:00,2019-10-05T00:00:00+00:00,2026-09-03T11:15:03.742310+00:00,10291.0,10591.0,10270.0,10321.0,10290.779296875,7678054
2019-10-07 00:00:00+00:00,2019-10-08T00:00:00+00:00,2026-09-03T11:15:03.742310+00:00,10322.0,10601.0,10256.0,10427.0,10396.46875,3787680
2019-10-08 00:00:00+00:00,2019-10-09T00:00:00+00:00,2026-09-03T11:15:03.742310+00:00,10200.0,10592.0,9983.0,10350.0,10319.6953125,7981211
2019-10-09 00:00:00+00:00,2019-10-10T00:00:00+00:00,2026-09-03T11:15:03.742310+00:00,10279.0,10654.0,10320.0,10573.0,10542.041015625,7672895
2019-10-10 00:00:00+00:00,2019-10-11T00:00:00+00:00,2026-09-03T11:15:03.742310+00:00,10496.0,10692.0,10308.0,10483.0,10452.3046875,6824632
2019-10-11 00:00:00+00:00,2019-10-12T00:00:00+00:00,2026-09-03T11:15:03.742310+00:00,10581.0,10799.0,10286.0,10300.0,10269.8408203125,6123541
2019-10-14 00:00:00+00:00,2019-10-15T00:00:00+00:00,2026-09-03T11:15:03.742310+00:00,10330.0,10488.0,9982.0,10117.0,10087.376953125,9225048
2019-10-15 00:00:00+00:00,2019-10-16T00:00:00+00:00,2026-09-03T11:15:03.742310+00:00,10117.0,10329.0,10117.0,10183.0,10153.1826171875,6612223
2019-10-16 00:00:00+00:00,2019-10-17T00:00:00+00:00,2026-09-03T11:15:03.742310+00:00,10100.0,10347.0,10058.0,10180.0,10150.193359375,9916915
2019-10-17 00:00:00+00:00,2019-10-18T00:00:00+00:00,2026-09-03T11:15:03.742310+00:00,10211.0,10469.0,10190.0,10423.0,10392.48046875,10024978
2019-10-18 00:00:00+00:00,2019-10-19T00:00:00+00:00,2026-09-03T11:15:03.742310+00:00,10366.0,10548.0,10223.0,10253.0,10222.978515625,5528204
2019-10-21 00:00:00+00:00,2019-10-22T00:00:00+00:00,2026-09-03T11:15:03.742310+00:00,10253.0,10415.0,10161.0,10202.0,10172.126953125,4966258
2019-10-22 00:00:00+00:00,2019-10-23T00:00:00+00:00,2026-09-03T11:15:03.742310+00:00,10198.0,10296.0,9869.0,9920.0,9890.9521484375,4676317
2019-10-23 00:00:00+00:00,2019-10-24T00:00:00+00:00,2026-09-03T11:15:03.742310+00:00,9990.0,10258.0,9857.0,10172.0,10142.21484375,5095020
2019-10-24 00:00:00+00:00,2019-10-25T00:00:00+00:00,2026-09-03T11:15:03.742310+00:00,10185.0,10396.0,10130.0,10209.0,10179.107421875,3817352
2019-10-25 00:00:00+00:00,2019-10-26T00:00:00+00:00,2026-09-03T11:15:03.742310+00:00,10253.0,10374.0,10198.0,10300.0,10269.8408203125,4661586
2019-10-28 00:00:00+00:00,2019-10-29T00:00:00+00:00,2026-09-03T11:15:03.742310+00:00,10200.0,10451.0,10200.0,10345.0,10314.70703125,5231694
2019-10-29 00:00:00+00:00,2019-10-30T00:00:00+00:00,2026-09-03T11:15:03.742310+00:00,10150.0,10251.0,9958.0,9980.0,9950.77734375,4437493
2019-10-30 00:00:00+00:00,2019-10-31T00:00:00+00:00,2026-09-03T11:15:03.742310+00:00,9950.0,10511.0,9880.0,10345.0,10314.70703125,6759495
2019-10-31 00:00:00+00:00,2019-11-01T00:00:00+00:00,2026-09-03T11:15:03.742310+00:00,10345.0,10491.0,10018.0,10385.0,10354.591796875,11988230
2019-11-01 00:00:00+00:00,2019-11-02T00:00:00+00:00,2026-09-03T11:15:03.742310+00:00,10350.0,10844.0,10192.0,10759.0,10727.49609375,6096755
2019-11-04 00:00:00+00:00,2019-11-05T00:00:00+00:00,2026-09-03T11:15:03.742310+00:00,10556.0,10825.0,10232.0,10291.0,10260.8671875,5037118
2019-11-05 00:00:00+00:00,2019-11-06T00:00:00+00:00,2026-09-03T11:15:03.742310+00:00,10310.0,10538.0,10028.0,10129.0,10099.3408203125,6142241
2019-11-06 00:00:00+00:00,2019-11-07T00:00:00+00:00,2026-09-03T11:15:03.742310+00:00,10350.0,10893.0,10069.0,10800.0,10768.376953125,7071777
2019-11-07 00:00:00+00:00,2019-11-08T00:00:00+00:00,2026-09-03T11:15:03.742310+00:00,10630.0,10969.0,10578.0,10738.0,10706.55859375,4756623
2019-11-08 00:00:00+00:00,2019-11-09T00:00:00+00:00,2026-09-03T11:15:03.742310+00:00,10600.0,10933.0,10398.0,10635.0,10603.8603515625,12749371
2019-11-11 00:00:00+00:00,2019-11-12T00:00:00+00:00,2026-09-03T11:15:03.742310+00:00,10350.0,10879.0,10293.0,10354.0,10323.681640625,11685943
2019-11-12 00:00:00+00:00,2019-11-13T00:00:00+00:00,2026-09-03T11:15:03.742310+00:00,10329.0,10822.0,10239.0,10792.0,10760.3984375,9984350
2019-11-13 00:00:00+00:00,2019-11-14T00:00:00+00:00,2026-09-03T11:15:03.742310+00:00,10930.0,11498.0,10798.0,11125.0,11092.423828125,10486292
2019-11-14 00:00:00+00:00,2019-11-15T00:00:00+00:00,2026-09-03T11:15:03.742310+00:00,11360.0,11438.0,10989.0,11112.0,11079.4638671875,5144322
2019-11-15 00:00:00+00:00,2019-11-16T00:00:00+00:00,2026-09-03T11:15:03.742310+00:00,11100.0,11267.0,10833.0,10978.0,10945.8564453125,5003428
2019-11-18 00:00:00+00:00,2019-11-19T00:00:00+00:00,2026-09-03T11:15:03.742310+00:00,10978.0,11300.0,10862.0,11147.0,11114.3623046875,5218599
2019-11-19 00:00:00+00:00,2019-11-20T00:00:00+00:00,2026-09-03T11:15:03.742310+00:00,11153.0,11440.0,11193.0,11320.0,11286.8515625,5127954
2019-11-20 00:00:00+00:00,2019-11-21T00:00:00+00:00,2026-09-03T11:15:03.742310+00:00,11326.0,11634.0,11251.0,11489.0,11455.3583984375,9305750
2019-11-21 00:00:00+00:00,2019-11-22T00:00:00+00:00,2026-09-03T11:15:03.742310+00:00,11500.0,11491.0,11126.0,11276.0,11242.98046875,4453389
2019-11-22 00:00:00+00:00,2019-11-23T00:00:00+00:00,2026-09-03T11:15:03.742310+00:00,11450.0,11430.0,11109.0,11231.0,11198.11328125,4690477
2019-11-25 00:00:00+00:00,2019-11-26T00:00:00+00:00,2026-09-03T11:15:03.742310+00:00,11251.0,11397.0,11088.0,11177.0,11144.2744140625,4041061
2019-11-26 00:00:00+00:00,2019-11-27T00:00:00+00:00,2026-09-03T11:15:03.742310+00:00,11245.0,11557.0,11028.0,11557.0,11523.16015625,84179547
2019-11-27 00:00:00+00:00,2019-11-28T00:00:00+00:00,2026-09-03T11:15:03.742310+00:00,11326.0,11695.0,11150.0,11220.0,11187.146484375,5984649
2019-11-28 00:00:00+00:00,2019-11-29T00:00:00+00:00,2026-09-03T11:15:03.742310+00:00,11220.0,11400.0,11057.0,11225.0,11192.1318359375,3194651
2019-11-29 00:00:00+00:00,2019-11-30T00:00:00+00:00,2026-09-03T11:15:03.742310+00:00,11290.0,11300.0,11094.0,11260.0,11227.0283203125,4820753
2019-12-02 00:00:00+00:00,2019-12-03T00:00:00+00:00,2026-09-03T11:15:03.742310+00:00,11349.0,11349.0,10961.0,11301.0,11267.91015625,6198143
2019-12-03 00:00:00+00:00,2019-12-04T00:00:00+00:00,2026-09-03T11:15:03.742310+00:00,11301.0,12254.0,11288.0,12254.0,12218.1181640625,10874160
2019-12-04 00:00:00+00:00,2019-12-05T00:00:00+00:00,2026-09-03T11:15:03.742310+00:00,12015.0,12307.0,12036.0,12250.0,12214.130859375,5934511
2019-12-05 00:00:00+00:00,2019-12-06T00:00:00+00:00,2026-09-03T11:15:03.742310+00:00,12250.0,12858.0,12247.0,12720.0,12682.751953125,9421013
2019-12-06 00:00:00+00:00,2019-12-07T00:00:00+00:00,2026-09-03T11:15:03.742310+00:00,12790.0,12971.0,12464.0,12490.0,12453.427734375,7060568
2019-12-09 00:00:00+00:00,2019-12-10T00:00:00+00:00,2026-09-03T11:15:03.742310+00:00,12580.0,12700.0,12290.0,12700.0,12662.8134765625,4260879
2019-12-10 00:00:00+00:00,2019-12-11T00:00:00+00:00,2026-09-03T11:15:03.742310+00:00,12680.0,13139.0,12300.0,13139.0,13100.529296875,5973144
2019-12-11 00:00:00+00:00,2019-12-12T00:00:00+00:00,2026-09-03T11:15:03.742310+00:00,13150.0,13900.0,13067.0,13900.0,13859.2978515625,8117596
2019-12-12 00:00:00+00:00,2019-12-13T00:00:00+00:00,2026-09-03T11:15:03.742310+00:00,13900.0,14289.0,13857.0,13900.0,13859.2978515625,10549292
2019-12-13 00:00:00+00:00,2019-12-14T00:00:00+00:00,2026-09-03T11:15:03.742310+00:00,13800.0,14033.0,13395.0,13900.0,13859.2978515625,7850525
2019-12-17 00:00:00+00:00,2019-12-18T00:00:00+00:00,2026-09-03T11:15:03.742310+00:00,14101.0,14725.0,13684.0,14457.0,14414.6689453125,11167924
2019-12-18 00:00:00+00:00,2019-12-19T00:00:00+00:00,2026-09-03T11:15:03.742310+00:00,14432.0,14817.0,14412.0,14700.0,14656.9560546875,8604365
2019-12-19 00:00:00+00:00,2019-12-20T00:00:00+00:00,2026-09-03T11:15:03.742310+00:00,14700.0,15072.0,13981.0,13987.0,13946.0439453125,12383571
2019-12-20 00:00:00+00:00,2019-12-21T00:00:00+00:00,2026-09-03T11:15:03.742310+00:00,14111.0,14559.0,13971.0,14010.0,13968.9765625,9579836
2019-12-23 00:00:00+00:00,2019-12-24T00:00:00+00:00,2026-09-03T11:15:03.742310+00:00,13855.0,13832.0,13389.0,13439.0,13399.6494140625,3443366
2019-12-24 00:00:00+00:00,2019-12-25T00:00:00+00:00,2026-09-03T11:15:03.742310+00:00,13585.0,14255.0,13609.0,14234.0,14192.322265625,1326127
2019-12-27 00:00:00+00:00,2019-12-28T00:00:00+00:00,2026-09-03T11:15:03.742310+00:00,14448.0,14575.0,14252.0,14363.0,14320.943359375,3258311
2019-12-30 00:00:00+00:00,2019-12-31T00:00:00+00:00,2026-09-03T11:15:03.742310+00:00,14434.0,14613.0,13980.0,14522.0,14479.4775390625,1445937
2019-12-31 00:00:00+00:00,2020-01-01T00:00:00+00:00,2026-09-03T11:15:03.742310+00:00,14650.0,14799.0,14352.0,14352.0,14309.9736328125,1017307
2020-01-02 00:00:00+00:00,2020-01-03T00:00:00+00:00,2026-09-03T11:15:03.742310+00:00,14525.0,14764.0,14325.0,14330.0,14288.0400390625,2010763
2020-01-03 00:00:00+00:00,2020-01-04T00:00:00+00:00,2026-09-03T11:15:03.742310+00:00,14700.0,14884.0,14360.0,14843.0,14799.5361328125,3185497
2020-01-06 00:00:00+00:00,2020-01-07T00:00:00+00:00,2026-09-03T11:15:03.742310+00:00,14985.0,15045.0,14574.0,14620.0,14577.189453125,2607525
2020-01-07 00:00:00+00:00,2020-01-08T00:00:00+00:00,2026-09-03T11:15:03.742310+00:00,14688.0,14639.0,13940.0,14500.0,14457.541015625,3939200
2020-01-08 00:00:00+00:00,2020-01-09T00:00:00+00:00,2026-09-03T11:15:03.742310+00:00,14775.0,15465.0,14468.0,15290.0,15245.2294921875,6667521
2020-01-09 00:00:00+00:00,2020-01-10T00:00:00+00:00,2026-09-03T11:15:03.742310+00:00,15235.0,15235.0,14816.0,15031.0,14986.9873046875,5766514
2020-01-10 00:00:00+00:00,2020-01-11T00:00:00+00:00,2026-09-03T11:15:03.742310+00:00,15108.0,15200.0,14899.0,14914.0,14870.330078125,3861062
2020-01-13 00:00:00+00:00,2020-01-14T00:00:00+00:00,2026-09-03T11:15:03.742310+00:00,14976.0,14999.0,14626.0,14752.0,14708.806640625,2721867
2020-01-14 00:00:00+00:00,2020-01-15T00:00:00+00:00,2026-09-03T11:15:03.742310+00:00,14540.0,14548.0,14298.0,14477.0,14434.609375,3422812
2020-01-15 00:00:00+00:00,2020-01-16T00:00:00+00:00,2026-09-03T11:15:03.742310+00:00,14500.0,14692.0,14470.0,14542.0,14499.41796875,3109594
2020-01-16 00:00:00+00:00,2020-01-17T00:00:00+00:00,2026-09-03T11:15:03.742310+00:00,14700.0,15224.0,14542.0,14994.0,14950.0966796875,6418841
2020-01-17 00:00:00+00:00,2020-01-18T00:00:00+00:00,2026-09-03T11:15:03.742310+00:00,15001.0,15500.0,14921.0,15461.0,15415.728515625,5464200
2020-01-20 00:00:00+00:00,2020-01-21T00:00:00+00:00,2026-09-03T11:15:03.742310+00:00,15555.0,15964.0,15548.0,15857.0,15810.5673828125,3247550
2020-01-21 00:00:00+00:00,2020-01-22T00:00:00+00:00,2026-09-03T11:15:03.742310+00:00,15860.0,15940.0,14463.0,14463.0,14420.65234375,6201095
2020-01-22 00:00:00+00:00,2020-01-23T00:00:00+00:00,2026-09-03T11:15:03.742310+00:00,14605.0,15200.0,14533.0,14543.0,14500.416015625,4050997
2020-01-23 00:00:00+00:00,2020-01-24T00:00:00+00:00,2026-09-03T11:15:03.742310+00:00,14410.0,14628.0,13901.0,13992.0,13951.0283203125,4778976
2020-01-24 00:00:00+00:00,2020-01-25T00:00:00+00:00,2026-09-03T11:15:03.742310+00:00,13606.0,14279.0,13547.0,13550.0,13510.3232421875,3704971
2020-01-27 00:00:00+00:00,2020-01-28T00:00:00+00:00,2026-09-03T11:15:03.742310+00:00,13305.0,13746.0,13025.0,13068.0,13029.736328125,6165255
2020-01-28 00:00:00+00:00,2020-01-29T00:00:00+00:00,2026-09-03T11:15:03.742310+00:00,13062.0,13674.0,13061.0,13464.0,13424.57421875,4817974
2020-01-29 00:00:00+00:00,2020-01-30T00:00:00+00:00,2026-09-03T11:15:03.742310+00:00,13730.0,14737.0,13523.0,13903.0,13862.2900390625,5310519
2020-01-30 00:00:00+00:00,2020-01-31T00:00:00+00:00,2026-09-03T11:15:03.742310+00:00,14100.0,14517.0,13800.0,14434.0,14391.734375,3280525
2020-01-31 00:00:00+00:00,2020-02-01T00:00:00+00:00,2026-09-03T11:15:03.742310+00:00,14600.0,14661.0,14030.0,14150.0,14108.56640625,4533081
2020-02-03 00:00:00+00:00,2020-02-04T00:00:00+00:00,2026-09-03T11:15:03.742310+00:00,13800.0,14233.0,13712.0,14150.0,14108.56640625,2412549
2020-02-04 00:00:00+00:00,2020-02-05T00:00:00+00:00,2026-09-03T11:15:03.742310+00:00,14390.0,15366.0,14215.0,15137.0,15092.67578125,4700088
2020-02-05 00:00:00+00:00,2020-02-06T00:00:00+00:00,2026-09-03T11:15:03.742310+00:00,15300.0,15234.0,14790.0,15025.0,14981.0048828125,4167391
2020-02-06 00:00:00+00:00,2020-02-07T00:00:00+00:00,2026-09-03T11:15:03.742310+00:00,15250.0,15174.0,13535.0,14511.0,14468.5087890625,7224514
2020-02-07 00:00:00+00:00,2020-02-08T00:00:00+00:00,2026-09-03T11:15:03.742310+00:00,14201.0,15006.0,14215.0,14675.0,14632.0302734375,4592131
2020-02-10 00:00:00+00:00,2020-02-11T00:00:00+00:00,2026-09-03T11:15:03.742310+00:00,14580.0,15034.0,14508.0,14800.0,14756.6630859375,4051946
2020-02-11 00:00:00+00:00,2020-02-12T00:00:00+00:00,2026-09-03T11:15:03.742310+00:00,14700.0,15115.0,14697.0,15055.0,15010.9169921875,3242295
2020-02-12 00:00:00+00:00,2020-02-13T00:00:00+00:00,2026-09-03T11:15:03.742310+00:00,14901.0,15420.0,14841.0,15135.0,15090.68359375,4467013
2020-02-13 00:00:00+00:00,2020-02-14T00:00:00+00:00,2026-09-03T11:15:03.742310+00:00,15151.0,16190.0,15171.0,15943.0,15896.31640625,5097523
2020-02-14 00:00:00+00:00,2020-02-15T00:00:00+00:00,2026-09-03T11:15:03.742310+00:00,16000.0,16715.0,15943.0,16455.0,16406.818359375,4209094
2020-02-17 00:00:00+00:00,2020-02-18T00:00:00+00:00,2026-09-03T11:15:03.742310+00:00,16375.0,16877.0,16362.0,16757.0,16707.931640625,2683578
2020-02-18 00:00:00+00:00,2020-02-19T00:00:00+00:00,2026-09-03T11:15:03.742310+00:00,16601.0,16880.0,16120.0,16361.0,16313.0927734375,3786708
2020-02-19 00:00:00+00:00,2020-02-20T00:00:00+00:00,2026-09-03T11:15:03.742310+00:00,17296.0,17750.0,16800.0,17090.0,17039.958984375,6635852
2020-02-20 00:00:00+00:00,2020-02-21T00:00:00+00:00,2026-09-03T11:15:03.742310+00:00,17300.0,17489.0,16469.0,16500.0,16451.6875,4705535
2020-02-21 00:00:00+00:00,2020-02-22T00:00:00+00:00,2026-09-03T11:15:03.742310+00:00,16400.0,16801.0,15662.0,16373.0,16325.05859375,6224698
2020-02-24 00:00:00+00:00,2020-02-25T00:00:00+00:00,2026-09-03T11:15:03.742310+00:00,16000.0,16372.0,14945.0,15008.0,14964.0556640625,6968638
2020-02-25 00:00:00+00:00,2020-02-26T00:00:00+00:00,2026-09-03T11:15:03.742310+00:00,15020.0,15591.0,14899.0,15120.0,15075.7255859375,3988280
2020-02-26 00:00:00+00:00,2020-02-27T00:00:00+00:00,2026-09-03T11:15:03.742310+00:00,14557.0,14795.0,14131.0,14400.0,14357.8349609375,6976798
2020-02-27 00:00:00+00:00,2020-02-28T00:00:00+00:00,2026-09-03T11:15:03.742310+00:00,14600.0,14898.0,13922.0,14149.0,14107.5712890625,4898001
2020-02-28 00:00:00+00:00,2020-02-29T00:00:00+00:00,2026-09-03T11:15:03.742310+00:00,13600.0,13839.0,12346.0,12465.0,12428.4990234375,6423555
2020-03-02 00:00:00+00:00,2020-03-03T00:00:00+00:00,2026-09-03T11:15:03.742310+00:00,12780.0,13296.0,12693.0,12780.0,12742.578125,7472919
2020-03-03 00:00:00+00:00,2020-03-04T00:00:00+00:00,2026-09-03T11:15:03.742310+00:00,13269.0,13614.0,12851.0,13123.0,13084.57421875,6137424
2020-03-04 00:00:00+00:00,2020-03-05T00:00:00+00:00,2026-09-03T11:15:03.742310+00:00,13521.0,13699.0,13156.0,13257.0,13218.1806640625,5956341
2020-03-05 00:00:00+00:00,2020-03-06T00:00:00+00:00,2026-09-03T11:15:03.742310+00:00,13599.0,13598.0,12410.0,12500.0,12463.3974609375,5893227
2020-03-06 00:00:00+00:00,2020-03-07T00:00:00+00:00,2026-09-03T11:15:03.742310+00:00,12100.0,14800.0,11366.0,14100.0,14058.71484375,21441030
2020-03-09 00:00:00+00:00,2020-03-10T00:00:00+00:00,2026-09-03T11:15:03.742310+00:00,13500.0,13747.0,11650.0,11984.0,11948.9091796875,9202729
2020-03-10 00:00:00+00:00,2020-03-11T00:00:00+00:00,2026-09-03T11:15:03.742310+00:00,12300.0,12577.0,11833.0,12100.0,12064.5703125,10917246
2020-03-11 00:00:00+00:00,2020-03-12T00:00:00+00:00,2026-09-03T11:15:03.742310+00:00,12124.0,12606.0,11970.0,12310.0,12273.9560546875,7292175
2020-03-12 00:00:00+00:00,2020-03-13T00:00:00+00:00,2026-09-03T11:15:03.742310+00:00,11700.0,11700.0,9464.0,9626.0,9597.8154296875,10591885
2020-03-13 00:00:00+00:00,2020-03-14T00:00:00+00:00,2026-09-03T11:15:03.742310+00:00,9700.0,10498.0,9670.0,9927.0,9897.9326171875,10064801
2020-03-16 00:00:00+00:00,2020-03-17T00:00:00+00:00,2026-09-03T11:15:03.742310+00:00,9700.0,9789.0,6800.0,8070.0,8046.3701171875,14112454
2020-03-17 00:00:00+00:00,2020-03-18T00:00:00+00:00,2026-09-03T11:15:03.742310+00:00,8877.0,8878.0,7349.0,7572.0,7549.82763671875,14862951
2020-03-18 00:00:00+00:00,2020-03-19T00:00:00+00:00,2026-09-03T11:15:03.742310+00:00,7370.0,7499.0,4476.0,5760.0,5744.08203125,19106419
2020-03-19 00:00:00+00:00,2020-03-20T00:00:00+00:00,2026-09-03T11:15:03.742310+00:00,5700.0,6379.0,5184.0,5756.0,5740.09326171875,16901636
2020-03-20 00:00:00+00:00,2020-03-21T00:00:00+00:00,2026-09-03T11:15:03.742310+00:00,6389.0,6300.0,5366.0,6037.0,6020.31689453125,14150190
2020-03-23 00:00:00+00:00,2020-03-24T00:00:00+00:00,2026-09-03T11:15:03.742310+00:00,5590.0,5750.0,5005.0,5550.0,5534.6630859375,10273583
2020-03-24 00:00:00+00:00,2020-03-25T00:00:00+00:00,2026-09-03T11:15:03.742310+00:00,5800.0,6992.0,5345.0,6686.0,6667.52294921875,12752838
2020-03-25 00:00:00+00:00,2020-03-26T00:00:00+00:00,2026-09-03T11:15:03.742310+00:00,7075.0,8378.0,6827.0,7852.0,7830.30029296875,10739963
2020-03-26 00:00:00+00:00,2020-03-27T00:00:00+00:00,2026-09-03T11:15:03.742310+00:00,8273.0,8945.0,7921.0,8082.0,8059.66552734375,12391417
2020-03-27 00:00:00+00:00,2020-03-28T00:00:00+00:00,2026-09-03T11:15:03.742310+00:00,8000.0,8765.0,7336.0,7576.0,7555.064453125,7951635
2020-03-30 00:00:00+00:00,2020-03-31T00:00:00+00:00,2026-09-03T11:15:03.742310+00:00,7490.0,8250.0,7305.0,7559.0,7538.11083984375,6505806
2020-03-31 00:00:00+00:00,2020-04-01T00:00:00+00:00,2026-09-03T11:15:03.742310+00:00,7650.0,8103.0,6872.0,7574.0,7553.06982421875,8797638
2020-04-01 00:00:00+00:00,2020-04-02T00:00:00+00:00,2026-09-03T11:15:03.742310+00:00,7449.0,7833.0,6974.0,7000.0,6980.65576171875,5236745
2020-04-02 00:00:00+00:00,2020-04-03T00:00:00+00:00,2026-09-03T11:15:03.742310+00:00,7151.0,7693.0,7157.0,7693.0,7671.7412109375,4155238
2020-04-03 00:00:00+00:00,2020-04-04T00:00:00+00:00,2026-09-03T11:15:03.742310+00:00,7580.0,7995.0,7329.0,7800.0,7778.4443359375,5368180
2020-04-06 00:00:00+00:00,2020-04-07T00:00:00+00:00,2026-09-03T11:15:03.742310+00:00,8000.0,8799.0,8075.0,8700.0,8675.9580078125,4325284
2020-04-07 00:00:00+00:00,2020-04-08T00:00:00+00:00,2026-09-03T11:15:03.742310+00:00,8960.0,10157.0,8913.0,9998.0,9970.3701171875,6918287
2020-04-08 00:00:00+00:00,2020-04-09T00:00:00+00:00,2026-09-03T11:15:03.742310+00:00,9899.0,9895.0,8911.0,9595.0,9568.484375,9887374
2020-04-09 00:00:00+00:00,2020-04-10T00:00:00+00:00,2026-09-03T11:15:03.742310+00:00,10200.0,10595.0,9671.0,10370.0,10341.34375,8800019
2020-04-14 00:00:00+00:00,2020-04-15T00:00:00+00:00,2026-09-03T11:15:03.742310+00:00,10625.0,12589.0,10580.0,12542.0,12507.3408203125,7447638
2020-04-15 00:00:00+00:00,2020-04-16T00:00:00+00:00,2026-09-03T11:15:03.742310+00:00,12440.0,12429.0,11489.0,11618.0,11585.89453125,7506656
2020-04-16 00:00:00+00:00,2020-04-17T00:00:00+00:00,2026-09-03T11:15:03.742310+00:00,11630.0,12174.0,10422.0,10730.0,10700.3486328125,6160144
2020-04-17 00:00:00+00:00,2020-04-18T00:00:00+00:00,2026-09-03T11:15:03.742310+00:00,11200.0,11337.0,10424.0,10800.0,10770.1552734375,4290535
2020-04-20 00:00:00+00:00,2020-04-21T00:00:00+00:00,2026-09-03T11:15:03.742310+00:00,11189.0,11288.0,10626.0,11271.0,11239.8525390625,2829628
2020-04-21 00:00:00+00:00,2020-04-22T00:00:00+00:00,2026-09-03T11:15:03.742310+00:00,11100.0,11235.0,9654.0,9738.0,9711.0888671875,6138692
2020-04-22 00:00:00+00:00,2020-04-23T00:00:00+00:00,2026-09-03T11:15:03.742310+00:00,9950.0,10133.0,9422.0,10124.0,10096.021484375,6079943
2020-04-23 00:00:00+00:00,2020-04-24T00:00:00+00:00,2026-09-03T11:15:03.742310+00:00,10400.0,11259.0,10340.0,10871.0,10840.958984375,4200472
2020-04-24 00:00:00+00:00,2020-04-25T00:00:00+00:00,2026-09-03T11:15:03.742310+00:00,11050.0,11172.0,10467.0,11007.0,10976.583984375,5912846
2020-04-28 00:00:00+00:00,2020-04-29T00:00:00+00:00,2026-09-03T11:15:03.742310+00:00,10995.0,10956.0,9900.0,10136.0,10107.9892578125,5816944
2020-04-29 00:00:00+00:00,2020-04-30T00:00:00+00:00,2026-09-03T11:15:03.742310+00:00,10235.0,11500.0,10235.0,11396.0,11364.5068359375,4166680
2020-04-30 00:00:00+00:00,2020-05-01T00:00:00+00:00,2026-09-03T11:15:03.742310+00:00,11400.0,11696.0,11156.0,11220.0,11188.994140625,5187087
2020-05-04 00:00:00+00:00,2020-05-05T00:00:00+00:00,2026-09-03T11:15:03.742310+00:00,10800.0,11135.0,10155.0,10600.0,10570.70703125,5775206
2020-05-05 00:00:00+00:00,2020-05-06T00:00:00+00:00,2026-09-03T11:15:03.742310+00:00,10610.0,11046.0,10299.0,10299.0,10270.5380859375,3518805
2020-05-06 00:00:00+00:00,2020-05-07T00:00:00+00:00,2026-09-03T11:15:03.742310+00:00,10660.0,10679.0,9991.0,10543.0,10513.8642578125,5823405
2020-05-07 00:00:00+00:00,2020-05-08T00:00:00+00:00,2026-09-03T11:15:03.742310+00:00,10353.0,10596.0,10134.0,10500.0,10470.9833984375,4326641
2020-05-08 00:00:00+00:00,2020-05-09T00:00:00+00:00,2026-09-03T11:15:03.742310+00:00,10900.0,11118.0,10343.0,10833.0,10803.0634765625,4326916
2020-05-11 00:00:00+00:00,2020-05-12T00:00:00+00:00,2026-09-03T11:15:03.742310+00:00,10949.0,10946.0,10043.0,10062.0,10034.1943359375,2698622
2020-05-12 00:00:00+00:00,2020-05-13T00:00:00+00:00,2026-09-03T11:15:03.742310+00:00,10398.0,11000.0,10062.0,10854.0,10824.0048828125,4048599
2020-05-13 00:00:00+00:00,2020-05-14T00:00:00+00:00,2026-09-03T11:15:03.742310+00:00,10705.0,11106.0,10464.0,10495.0,10465.998046875,4205824
2020-05-14 00:00:00+00:00,2020-05-15T00:00:00+00:00,2026-09-03T11:15:03.742310+00:00,10420.0,10633.0,9722.0,10038.0,10010.2607421875,6182600
2020-05-15 00:00:00+00:00,2020-05-16T00:00:00+00:00,2026-09-03T11:15:03.742310+00:00,10220.0,11212.0,10329.0,11027.0,10996.5283203125,5443882
2020-05-18 00:00:00+00:00,2020-05-19T00:00:00+00:00,2026-09-03T11:15:03.742310+00:00,11401.0,12377.0,11220.0,12070.0,12036.6455078125,4732034
2020-05-19 00:00:00+00:00,2020-05-20T00:00:00+00:00,2026-09-03T11:15:03.742310+00:00,12190.0,12788.0,11900.0,12655.0,12620.0283203125,5097803
2020-05-20 00:00:00+00:00,2020-05-21T00:00:00+00:00,2026-09-03T11:15:03.742310+00:00,12720.0,13067.0,12142.0,12399.0,12364.7353515625,4853257
2020-05-21 00:00:00+00:00,2020-05-22T00:00:00+00:00,2026-09-03T11:15:03.742310+00:00,12280.0,12349.0,11849.0,11916.0,11883.0703125,3935482
2020-05-22 00:00:00+00:00,2020-05-23T00:00:00+00:00,2026-09-03T11:15:03.742310+00:00,11396.0,11827.0,10920.0,11337.0,11305.671875,4986400
2020-05-25 00:00:00+00:00,2020-05-26T00:00:00+00:00,2026-09-03T11:15:03.742310+00:00,11340.0,11737.0,11160.0,11450.0,11418.357421875,1990347
2020-05-26 00:00:00+00:00,2020-05-27T00:00:00+00:00,2026-09-03T11:15:03.742310+00:00,11500.0,11597.0,10959.0,11165.0,11134.1455078125,3831356
2020-05-27 00:00:00+00:00,2020-05-28T00:00:00+00:00,2026-09-03T11:15:03.742310+00:00,11000.0,11300.0,10662.0,10907.0,10876.859375,4881721
2020-05-28 00:00:00+00:00,2020-05-29T00:00:00+00:00,2026-09-03T11:15:03.742310+00:00,11150.0,12085.0,10969.0,12085.0,12051.603515625,4792614
2020-05-29 00:00:00+00:00,2020-05-30T00:00:00+00:00,2026-09-03T11:15:03.742310+00:00,11585.0,12358.0,11480.0,11708.0,11675.64453125,7731529
2020-06-01 00:00:00+00:00,2020-06-02T00:00:00+00:00,2026-09-03T11:15:03.742310+00:00,12000.0,12403.0,11687.0,12022.0,11988.77734375,2965477
2020-06-02 00:00:00+00:00,2020-06-03T00:00:00+00:00,2026-09-03T11:15:03.742310+00:00,12244.0,13284.0,12061.0,12850.0,12814.4892578125,4564549
2020-06-03 00:00:00+00:00,2020-06-04T00:00:00+00:00,2026-09-03T11:15:03.742310+00:00,12600.0,12793.0,12228.0,12570.0,12535.2626953125,5754359
2020-06-04 00:00:00+00:00,2020-06-05T00:00:00+00:00,2026-09-03T11:15:03.742310+00:00,12623.0,12923.0,12116.0,12487.0,12452.4912109375,5235250
2020-06-05 00:00:00+00:00,2020-06-06T00:00:00+00:00,2026-09-03T11:15:03.742310+00:00,12375.0,13316.0,12351.0,12900.0,12864.3505859375,4659120
2020-06-08 00:00:00+00:00,2020-06-09T00:00:00+00:00,2026-09-03T11:15:03.742310+00:00,13295.0,13294.0,12751.0,12983.0,12947.1220703125,2835334
2020-06-09 00:00:00+00:00,2020-06-10T00:00:00+00:00,2026-09-03T11:15:03.742310+00:00,13300.0,13496.0,12834.0,13411.0,13373.9384765625,3906588
2020-06-10 00:00:00+00:00,2020-06-11T00:00:00+00:00,2026-09-03T11:15:03.742310+00:00,13411.0,13465.0,11900.0,12000.0,11966.837890625,5641346
2020-06-11 00:00:00+00:00,2020-06-12T00:00:00+00:00,2026-09-03T11:15:03.742310+00:00,11700.0,12344.0,11515.0,11848.0,11815.2578125,5474793
2020-06-12 00:00:00+00:00,2020-06-13T00:00:00+00:00,2026-09-03T11:15:03.742310+00:00,11530.0,12178.0,11307.0,12043.0,12009.71875,4336242
2020-06-15 00:00:00+00:00,2020-06-16T00:00:00+00:00,2026-09-03T11:15:03.742310+00:00,11800.0,11815.0,11281.0,11417.0,11385.451171875,3977700
2020-06-17 00:00:00+00:00,2020-06-18T00:00:00+00:00,2026-09-03T11:15:03.742310+00:00,11495.0,11769.0,10917.0,11650.0,11617.806640625,4159823
2020-06-18 00:00:00+00:00,2020-06-19T00:00:00+00:00,2026-09-03T11:15:03.742310+00:00,11640.0,11844.0,11289.0,11490.0,11458.2470703125,8068932
2020-06-19 00:00:00+00:00,2020-06-20T00:00:00+00:00,2026-09-03T11:15:03.742310+00:00,11501.0,12001.0,11524.0,11807.0,11774.37109375,7427582
2020-06-22 00:00:00+00:00,2020-06-23T00:00:00+00:00,2026-09-03T11:15:03.742310+00:00,11807.0,11995.0,11209.0,11566.0,11534.0361328125,2299341
2020-06-23 00:00:00+00:00,2020-06-24T00:00:00+00:00,2026-09-03T11:15:03.742310+00:00,11450.0,12450.0,11612.0,12200.0,12166.28515625,5520417
2020-06-24 00:00:00+00:00,2020-06-25T00:00:00+00:00,2026-09-03T11:15:03.742310+00:00,12399.0,12407.0,11362.0,11450.0,11418.357421875,2967427
2020-06-25 00:00:00+00:00,2020-06-26T00:00:00+00:00,2026-09-03T11:15:03.742310+00:00,11310.0,11792.0,11099.0,11667.0,11634.7578125,3434272
2020-06-26 00:00:00+00:00,2020-06-27T00:00:00+00:00,2026-09-03T11:15:03.742310+00:00,11700.0,11780.0,11334.0,11400.0,11368.4951171875,3347495
2020-06-29 00:00:00+00:00,2020-06-30T00:00:00+00:00,2026-09-03T11:15:03.742310+00:00,11350.0,11912.0,11372.0,11846.0,11813.2626953125,6344861
2020-06-30 00:00:00+00:00,2020-07-01T00:00:00+00:00,2026-09-03T11:15:03.742310+00:00,11850.0,11950.0,11486.0,11600.0,11567.9423828125,5796091
2020-07-01 00:00:00+00:00,2020-07-02T00:00:00+00:00,2026-09-03T11:15:03.742310+00:00,11518.0,12049.0,11154.0,11204.0,11173.0390625,3086716
2020-07-02 00:00:00+00:00,2020-07-03T00:00:00+00:00,2026-09-03T11:15:03.742310+00:00,11545.0,11915.0,11340.0,11649.0,11616.80859375,3263596
2020-07-03 00:00:00+00:00,2020-07-04T00:00:00+00:00,2026-09-03T11:15:03.742310+00:00,11600.0,11649.0,11377.0,11476.0,11444.28515625,1270548
2020-07-06 00:00:00+00:00,2020-07-07T00:00:00+00:00,2026-09-03T11:15:03.742310+00:00,11400.0,11989.0,11296.0,11989.0,11955.869140625,2663864
2020-07-07 00:00:00+00:00,2020-07-08T00:00:00+00:00,2026-09-03T11:15:03.742310+00:00,12000.0,12525.0,11717.0,12465.0,12430.5517578125,3746584
2020-07-08 00:00:00+00:00,2020-07-09T00:00:00+00:00,2026-09-03T11:15:03.742310+00:00,12500.0,13677.0,12462.0,13657.0,13619.259765625,4965918
2020-07-09 00:00:00+00:00,2020-07-10T00:00:00+00:00,2026-09-03T11:15:03.742310+00:00,13698.0,14287.0,13397.0,13972.0,13933.388671875,5775018
2020-07-10 00:00:00+00:00,2020-07-11T00:00:00+00:00,2026-09-03T11:15:03.742310+00:00,13700.0,14189.0,13504.0,13843.0,13804.74609375,7649340
2020-07-13 00:00:00+00:00,2020-07-14T00:00:00+00:00,2026-09-03T11:15:03.742310+00:00,14250.0,14250.0,13674.0,13737.0,13699.0380859375,4619760
2020-07-14 00:00:00+00:00,2020-07-15T00:00:00+00:00,2026-09-03T11:15:03.742310+00:00,13580.0,14086.0,13446.0,14001.0,13962.30859375,3301958
2020-07-15 00:00:00+00:00,2020-07-16T00:00:00+00:00,2026-09-03T11:15:03.742310+00:00,14000.0,14675.0,13701.0,14617.0,14576.6064453125,5591787
2020-07-16 00:00:00+00:00,2020-07-17T00:00:00+00:00,2026-09-03T11:15:03.742310+00:00,14400.0,14591.0,13966.0,14300.0,14260.4814453125,3272959
2020-07-17 00:00:00+00:00,2020-07-18T00:00:00+00:00,2026-09-03T11:15:03.742310+00:00,14300.0,14419.0,14011.0,14217.0,14177.712890625,3371351
2020-07-20 00:00:00+00:00,2020-07-21T00:00:00+00:00,2026-09-03T11:15:03.742310+00:00,14500.0,14940.0,14250.0,14801.0,14760.0986328125,2243779
2020-07-21 00:00:00+00:00,2020-07-22T00:00:00+00:00,2026-09-03T11:15:03.742310+00:00,15004.0,15298.0,14552.0,14552.0,14511.78515625,4018508
2020-07-22 00:00:00+00:00,2020-07-23T00:00:00+00:00,2026-09-03T11:15:03.742310+00:00,14658.0,15350.0,14552.0,14755.0,14714.224609375,4288625
2020-07-23 00:00:00+00:00,2020-07-24T00:00:00+00:00,2026-09-03T11:15:03.742310+00:00,14830.0,15572.0,14862.0,15380.0,15337.498046875,3509023
2020-07-24 00:00:00+00:00,2020-07-25T00:00:00+00:00,2026-09-03T11:15:03.742310+00:00,15000.0,15549.0,14944.0,15500.0,15457.1669921875,3677879
2020-07-27 00:00:00+00:00,2020-07-28T00:00:00+00:00,2026-09-03T11:15:03.742310+00:00,15750.0,16224.0,15573.0,15986.0,15941.82421875,2735697
2020-07-28 00:00:00+00:00,2020-07-29T00:00:00+00:00,2026-09-03T11:15:03.742310+00:00,15573.0,16210.0,15418.0,16188.0,16143.263671875,4813954
2020-07-29 00:00:00+00:00,2020-07-30T00:00:00+00:00,2026-09-03T11:15:03.742310+00:00,15816.0,16624.0,15475.0,15497.0,15454.173828125,5237049
2020-07-30 00:00:00+00:00,2020-07-31T00:00:00+00:00,2026-09-03T11:15:03.742310+00:00,15574.0,15762.0,14515.0,14689.0,14648.40625,5431316
2020-07-31 00:00:00+00:00,2020-08-01T00:00:00+00:00,2026-09-03T11:15:03.742310+00:00,15000.0,15574.0,14854.0,15088.0,15046.3046875,3808094
2020-08-03 00:00:00+00:00,2020-08-04T00:00:00+00:00,2026-09-03T11:15:03.742310+00:00,15333.0,15587.0,14807.0,15367.0,15324.533203125,2647851
2020-08-04 00:00:00+00:00,2020-08-05T00:00:00+00:00,2026-09-03T11:15:03.742310+00:00,15400.0,15780.0,15294.0,15600.0,15556.888671875,3281221
2020-08-05 00:00:00+00:00,2020-08-06T00:00:00+00:00,2026-09-03T11:15:03.742310+00:00,16155.0,17100.0,16155.0,16505.0,16459.38671875,5278921
2020-08-06 00:00:00+00:00,2020-08-07T00:00:00+00:00,2026-09-03T11:15:03.742310+00:00,17000.0,17016.0,16080.0,16254.0,16209.08203125,2489450
2020-08-07 00:00:00+00:00,2020-08-08T00:00:00+00:00,2026-09-03T11:15:03.742310+00:00,16175.0,16554.0,15953.0,16154.0,16109.357421875,3853142
2020-08-11 00:00:00+00:00,2020-08-12T00:00:00+00:00,2026-09-03T11:15:03.742310+00:00,16000.0,16375.0,15615.0,15847.0,15803.20703125,3042767
2020-08-12 00:00:00+00:00,2020-08-13T00:00:00+00:00,2026-09-03T11:15:03.742310+00:00,15599.0,16811.0,15377.0,16750.0,16703.7109375,2823125
2020-08-13 00:00:00+00:00,2020-08-14T00:00:00+00:00,2026-09-03T11:15:03.742310+00:00,16800.0,17066.0,16402.0,17029.0,16981.939453125,2613319
2020-08-14 00:00:00+00:00,2020-08-15T00:00:00+00:00,2026-09-03T11:15:03.742310+00:00,16700.0,17679.0,16700.0,17047.0,16999.890625,2695945
2020-08-17 00:00:00+00:00,2020-08-18T00:00:00+00:00,2026-09-03T11:15:03.742310+00:00,17399.0,17449.0,17017.0,17280.0,17232.25,1795500
2020-08-18 00:00:00+00:00,2020-08-19T00:00:00+00:00,2026-09-03T11:15:03.742310+00:00,17400.0,17371.0,16658.0,16833.0,16786.482421875,2714923
2020-08-19 00:00:00+00:00,2020-08-20T00:00:00+00:00,2026-09-03T11:15:03.742310+00:00,16745.0,17152.0,16509.0,16731.0,16684.763671875,2953638
2020-08-20 00:00:00+00:00,2020-08-21T00:00:00+00:00,2026-09-03T11:15:03.742310+00:00,16351.0,16813.0,15404.0,15530.0,15487.083984375,5206396
2020-08-21 00:00:00+00:00,2020-08-22T00:00:00+00:00,2026-09-03T11:15:03.742310+00:00,15850.0,16324.0,15456.0,16046.0,16001.6572265625,3294582
2020-08-24 00:00:00+00:00,2020-08-25T00:00:00+00:00,2026-09-03T11:15:03.742310+00:00,16979.0,17173.0,16638.0,16689.0,16642.876953125,2059544
2020-08-25 00:00:00+00:00,2020-08-26T00:00:00+00:00,2026-09-03T11:15:03.742310+00:00,16702.0,16834.0,15720.0,15815.0,15771.2958984375,1945672
2020-08-26 00:00:00+00:00,2020-08-27T00:00:00+00:00,2026-09-03T11:15:03.742310+00:00,16024.0,15999.0,15571.0,15752.0,15708.4697265625,1982744
2020-08-27 00:00:00+00:00,2020-08-28T00:00:00+00:00,2026-09-03T11:15:03.742310+00:00,15899.0,16342.0,15632.0,15685.0,15641.6552734375,3844190
2020-08-28 00:00:00+00:00,2020-08-29T00:00:00+00:00,2026-09-03T11:15:03.742310+00:00,15691.0,16100.0,15547.0,15620.0,15576.833984375,2687564
2020-08-31 00:00:00+00:00,2020-09-01T00:00:00+00:00,2026-09-03T11:15:03.742310+00:00,16000.0,16181.0,15439.0,15637.0,15593.787109375,5144082
2020-09-01 00:00:00+00:00,2020-09-02T00:00:00+00:00,2026-09-03T11:15:03.742310+00:00,15738.0,15928.0,15018.0,15115.0,15073.23046875,3579452
2020-09-02 00:00:00+00:00,2020-09-03T00:00:00+00:00,2026-09-03T11:15:03.742310+00:00,15200.0,15730.0,15006.0,15527.0,15484.08984375,3205960
2020-09-03 00:00:00+00:00,2020-09-04T00:00:00+00:00,2026-09-03T11:15:03.742310+00:00,15890.0,15950.0,15084.0,15268.0,15225.8056640625,3261548
2020-09-04 00:00:00+00:00,2020-09-05T00:00:00+00:00,2026-09-03T11:15:03.742310+00:00,15320.0,16335.0,15105.0,15929.0,15884.98046875,3637187
2020-09-07 00:00:00+00:00,2020-09-08T00:00:00+00:00,2026-09-03T11:15:03.742310+00:00,16005.0,16945.0,16071.0,16301.0,16255.951171875,3220956
2020-09-08 00:00:00+00:00,2020-09-09T00:00:00+00:00,2026-09-03T11:15:03.742310+00:00,16150.0,16473.0,15289.0,15683.0,15639.66015625,5015035
2020-09-09 00:00:00+00:00,2020-09-10T00:00:00+00:00,2026-09-03T11:15:03.742310+00:00,15756.0,15890.0,15434.0,15651.0,15607.748046875,4251876
2020-09-10 00:00:00+00:00,2020-09-11T00:00:00+00:00,2026-09-03T11:15:03.742310+00:00,15530.0,17080.0,15114.0,16682.0,16635.8984375,5957880
2020-09-11 00:00:00+00:00,2020-09-12T00:00:00+00:00,2026-09-03T11:15:03.742310+00:00,16625.0,17419.0,16467.0,17357.0,17309.03515625,5565309
2020-09-14 00:00:00+00:00,2020-09-15T00:00:00+00:00,2026-09-03T11:15:03.742310+00:00,17186.0,17824.0,17086.0,17599.0,17550.3671875,5481708
2020-09-15 00:00:00+00:00,2020-09-16T00:00:00+00:00,2026-09-03T11:15:03.742310+00:00,17990.0,18010.0,16821.0,17026.0,16978.947265625,4424852
2020-09-16 00:00:00+00:00,2020-09-17T00:00:00+00:00,2026-09-03T11:15:03.742310+00:00,17155.0,17399.0,16548.0,16756.0,16709.6953125,2329960
2020-09-17 00:00:00+00:00,2020-09-18T00:00:00+00:00,2026-09-03T11:15:03.742310+00:00,16205.0,16675.0,15666.0,15796.0,15752.349609375,6464423
2020-09-18 00:00:00+00:00,2020-09-19T00:00:00+00:00,2026-09-03T11:15:03.742310+00:00,16263.0,16198.0,15700.0,15866.0,15822.154296875,4179524
2020-09-21 00:00:00+00:00,2020-09-22T00:00:00+00:00,2026-09-03T11:15:03.742310+00:00,15725.0,15798.0,14901.0,15370.0,15327.525390625,2410248
2020-09-22 00:00:00+00:00,2020-09-23T00:00:00+00:00,2026-09-03T11:15:03.742310+00:00,15140.0,15141.0,14174.0,14343.0,14307.0859375,3618792
2020-09-23 00:00:00+00:00,2020-09-24T00:00:00+00:00,2026-09-03T11:15:03.742310+00:00,14010.0,14687.0,13930.0,14368.0,14332.0244140625,3399584
2020-09-25 00:00:00+00:00,2020-09-26T00:00:00+00:00,2026-09-03T11:15:03.742310+00:00,14940.0,14983.0,14069.0,14475.0,14438.755859375,2964643
2020-09-28 00:00:00+00:00,2020-09-29T00:00:00+00:00,2026-09-03T11:15:03.742310+00:00,14168.0,15038.0,14392.0,14683.0,14646.2353515625,2759992
2020-09-29 00:00:00+00:00,2020-09-30T00:00:00+00:00,2026-09-03T11:15:03.742310+00:00,14890.0,14883.0,14277.0,14792.0,14754.9619140625,3216591
2020-09-30 00:00:00+00:00,2020-10-01T00:00:00+00:00,2026-09-03T11:15:03.742310+00:00,14800.0,14975.0,14520.0,14547.0,14510.576171875,3873445
2020-10-01 00:00:00+00:00,2020-10-02T00:00:00+00:00,2026-09-03T11:15:03.742310+00:00,14700.0,15003.0,14158.0,14400.0,14363.9443359375,2454732
2020-10-02 00:00:00+00:00,2020-10-03T00:00:00+00:00,2026-09-03T11:15:03.742310+00:00,14453.0,14461.0,13893.0,14166.0,14130.529296875,3828066
2020-10-05 00:00:00+00:00,2020-10-06T00:00:00+00:00,2026-09-03T11:15:03.742310+00:00,14385.0,14458.0,13880.0,14351.0,14315.06640625,5414759
2020-10-06 00:00:00+00:00,2020-10-07T00:00:00+00:00,2026-09-03T11:15:03.742310+00:00,14490.0,14934.0,14253.0,14300.0,14264.1943359375,2927732
2020-10-07 00:00:00+00:00,2020-10-08T00:00:00+00:00,2026-09-03T11:15:03.742310+00:00,14245.0,14774.0,14115.0,14750.0,14713.0673828125,3252384
2020-10-08 00:00:00+00:00,2020-10-09T00:00:00+00:00,2026-09-03T11:15:03.742310+00:00,14771.0,15389.0,14635.0,15221.0,15182.8896484375,4238110
2020-10-09 00:00:00+00:00,2020-10-10T00:00:00+00:00,2026-09-03T11:15:03.742310+00:00,15333.0,15937.0,15353.0,15932.0,15892.107421875,1775928
2020-10-12 00:00:00+00:00,2020-10-13T00:00:00+00:00,2026-09-03T11:15:03.742310+00:00,16100.0,16494.0,16050.0,16372.0,16331.005859375,3666173
2020-10-13 00:00:00+00:00,2020-10-14T00:00:00+00:00,2026-09-03T11:15:03.742310+00:00,16200.0,16388.0,15957.0,16116.0,16075.6474609375,1967200
2020-10-14 00:00:00+00:00,2020-10-15T00:00:00+00:00,2026-09-03T11:15:03.742310+00:00,15956.0,16616.0,15955.0,16290.0,16249.2119140625,2085872
2020-10-15 00:00:00+00:00,2020-10-16T00:00:00+00:00,2026-09-03T11:15:03.742310+00:00,16100.0,16326.0,15867.0,16326.0,16285.1220703125,2326256
2020-10-16 00:00:00+00:00,2020-10-17T00:00:00+00:00,2026-09-03T11:15:03.742310+00:00,16326.0,17000.0,16258.0,16919.0,16876.63671875,1897135
2020-10-19 00:00:00+00:00,2020-10-20T00:00:00+00:00,2026-09-03T11:15:03.742310+00:00,17199.0,17319.0,16873.0,17000.0,16957.431640625,2467336
2020-10-20 00:00:00+00:00,2020-10-21T00:00:00+00:00,2026-09-03T11:15:03.742310+00:00,16725.0,17591.0,16756.0,17436.0,17392.33984375,2400433
2020-10-21 00:00:00+00:00,2020-10-22T00:00:00+00:00,2026-09-03T11:15:03.742310+00:00,17436.0,18250.0,17287.0,18100.0,18054.6796875,3617298
2020-10-22 00:00:00+00:00,2020-10-23T00:00:00+00:00,2026-09-03T11:15:03.742310+00:00,17918.0,17865.0,17335.0,17432.0,17388.349609375,2797579
2020-10-23 00:00:00+00:00,2020-10-24T00:00:00+00:00,2026-09-03T11:15:03.742310+00:00,17699.0,17685.0,16254.0,16483.0,16441.7265625,3659095
2020-10-26 00:00:00+00:00,2020-10-27T00:00:00+00:00,2026-09-03T11:15:03.742310+00:00,16550.0,16894.0,16325.0,16544.0,16502.57421875,1534679
2020-10-27 00:00:00+00:00,2020-10-28T00:00:00+00:00,2026-09-03T11:15:03.742310+00:00,16685.0,16638.0,15876.0,16076.0,16035.748046875,1510899
2020-10-28 00:00:00+00:00,2020-10-29T00:00:00+00:00,2026-09-03T11:15:03.742310+00:00,16076.0,16485.0,14755.0,14828.0,14790.87109375,3489674
2020-10-29 00:00:00+00:00,2020-10-30T00:00:00+00:00,2026-09-03T11:15:03.742310+00:00,15060.0,15368.0,13978.0,14385.0,14348.98046875,3374858
2020-10-30 00:00:00+00:00,2020-10-31T00:00:00+00:00,2026-09-03T11:15:03.742310+00:00,14672.0,14697.0,13790.0,14277.0,14241.2529296875,3779328
2020-11-02 00:00:00+00:00,2020-11-03T00:00:00+00:00,2026-09-03T11:15:03.742310+00:00,14600.0,14798.0,14172.0,14606.0,14569.4287109375,2913951
2020-11-03 00:00:00+00:00,2020-11-04T00:00:00+00:00,2026-09-03T11:15:03.742310+00:00,14788.0,15468.0,14769.0,15270.0,15231.765625,4440452
2020-11-04 00:00:00+00:00,2020-11-05T00:00:00+00:00,2026-09-03T11:15:03.742310+00:00,15280.0,15577.0,14888.0,15382.0,15343.486328125,1900762
2020-11-05 00:00:00+00:00,2020-11-06T00:00:00+00:00,2026-09-03T11:15:03.742310+00:00,15570.0,16690.0,15075.0,16522.0,16480.62890625,3866450
2020-11-06 00:00:00+00:00,2020-11-07T00:00:00+00:00,2026-09-03T11:15:03.742310+00:00,16650.0,17141.0,16368.0,17070.0,17027.26171875,3089794
2020-11-09 00:00:00+00:00,2020-11-10T00:00:00+00:00,2026-09-03T11:15:03.742310+00:00,17500.0,17600.0,16000.0,16203.0,16162.4287109375,3539963
2020-11-10 00:00:00+00:00,2020-11-11T00:00:00+00:00,2026-09-03T11:15:03.742310+00:00,16286.0,16627.0,15793.0,16454.0,16412.802734375,3666029
2020-11-11 00:00:00+00:00,2020-11-12T00:00:00+00:00,2026-09-03T11:15:03.742310+00:00,16625.0,16765.0,15666.0,16114.0,16073.65234375,2725671
2020-11-12 00:00:00+00:00,2020-11-13T00:00:00+00:00,2026-09-03T11:15:03.742310+00:00,16000.0,16194.0,14659.0,15060.0,15022.2939453125,3217976
2020-11-13 00:00:00+00:00,2020-11-14T00:00:00+00:00,2026-09-03T11:15:03.742310+00:00,15225.0,15830.0,14746.0,15442.0,15403.333984375,2572786
2020-11-16 00:00:00+00:00,2020-11-17T00:00:00+00:00,2026-09-03T11:15:03.742310+00:00,15857.0,17323.0,15411.0,17219.0,17175.884765625,3586348
2020-11-17 00:00:00+00:00,2020-11-18T00:00:00+00:00,2026-09-03T11:15:03.742310+00:00,17100.0,17125.0,16345.0,16575.0,16533.49609375,3569344
2020-11-18 00:00:00+00:00,2020-11-19T00:00:00+00:00,2026-09-03T11:15:03.742310+00:00,16575.0,16797.0,16094.0,16488.0,16446.71484375,2890200
2020-11-19 00:00:00+00:00,2020-11-20T00:00:00+00:00,2026-09-03T11:15:03.742310+00:00,16176.0,17339.0,16176.0,16957.0,16914.5390625,3486934
2020-11-20 00:00:00+00:00,2020-11-21T00:00:00+00:00,2026-09-03T11:15:03.742310+00:00,17000.0,17263.0,16411.0,16541.0,16499.5859375,2642939
2020-11-23 00:00:00+00:00,2020-11-24T00:00:00+00:00,2026-09-03T11:15:03.742310+00:00,16501.0,17100.0,15777.0,15900.0,15860.1884765625,9035730
2020-11-24 00:00:00+00:00,2020-11-25T00:00:00+00:00,2026-09-03T11:15:03.742310+00:00,15900.0,16122.0,14951.0,15015.0,14977.404296875,3946720
2020-11-25 00:00:00+00:00,2020-11-26T00:00:00+00:00,2026-09-03T11:15:03.742310+00:00,15131.0,15578.0,14715.0,15520.0,15481.138671875,3179234
2020-11-26 00:00:00+00:00,2020-11-27T00:00:00+00:00,2026-09-03T11:15:03.742310+00:00,15558.0,16490.0,15544.0,16304.0,16263.17578125,1892504
2020-11-27 00:00:00+00:00,2020-11-28T00:00:00+00:00,2026-09-03T11:15:03.742310+00:00,16334.0,16646.0,16039.0,16521.0,16479.634765625,2351680
2020-11-30 00:00:00+00:00,2020-12-01T00:00:00+00:00,2026-09-03T11:15:03.742310+00:00,16600.0,16769.0,15919.0,16272.0,16231.255859375,6938624
2020-12-01 00:00:00+00:00,2020-12-02T00:00:00+00:00,2026-09-03T11:15:03.742310+00:00,16679.0,16842.0,16124.0,16300.0,16259.1875,3483551
2020-12-02 00:00:00+00:00,2020-12-03T00:00:00+00:00,2026-09-03T11:15:03.742310+00:00,16685.0,17098.0,15768.0,17021.0,16978.380859375,3834947
2020-12-03 00:00:00+00:00,2020-12-04T00:00:00+00:00,2026-09-03T11:15:03.742310+00:00,17015.0,17999.0,16726.0,17671.0,17626.75390625,5405124
2020-12-04 00:00:00+00:00,2020-12-05T00:00:00+00:00,2026-09-03T11:15:03.742310+00:00,17671.0,18189.0,16549.0,16968.0,16925.51171875,5478330
2020-12-07 00:00:00+00:00,2020-12-08T00:00:00+00:00,2026-09-03T11:15:03.742310+00:00,16865.0,18826.0,16920.0,18783.0,18735.96875,9018157
2020-12-08 00:00:00+00:00,2020-12-09T00:00:00+00:00,2026-09-03T11:15:03.742310+00:00,18700.0,19292.0,18660.0,18782.0,18734.97265625,4690667
2020-12-09 00:00:00+00:00,2020-12-10T00:00:00+00:00,2026-09-03T11:15:03.742310+00:00,18782.0,19075.0,18638.0,18686.0,18639.2109375,4110518
2020-12-10 00:00:00+00:00,2020-12-11T00:00:00+00:00,2026-09-03T11:15:03.742310+00:00,18780.0,18873.0,18238.0,18509.0,18462.65234375,2479734
2020-12-11 00:00:00+00:00,2020-12-12T00:00:00+00:00,2026-09-03T11:15:03.742310+00:00,18500.0,18598.0,18151.0,18407.0,18360.91015625,3036310
2020-12-14 00:00:00+00:00,2020-12-15T00:00:00+00:00,2026-09-03T11:15:03.742310+00:00,18700.0,18740.0,18236.0,18674.0,18627.240234375,2481706
2020-12-15 00:00:00+00:00,2020-12-16T00:00:00+00:00,2026-09-03T11:15:03.742310+00:00,18674.0,19199.0,18525.0,18871.0,18823.748046875,3482535
2020-12-17 00:00:00+00:00,2020-12-18T00:00:00+00:00,2026-09-03T11:15:03.742310+00:00,19199.0,19745.0,18891.0,19745.0,19695.560546875,9410337
2020-12-18 00:00:00+00:00,2020-12-19T00:00:00+00:00,2026-09-03T11:15:03.742310+00:00,19745.0,20669.0,19246.0,20447.0,20395.8046875,8354921
2020-12-21 00:00:00+00:00,2020-12-22T00:00:00+00:00,2026-09-03T11:15:03.742310+00:00,21113.0,21271.0,18713.0,19099.0,19051.177734375,2331023
2020-12-22 00:00:00+00:00,2020-12-23T00:00:00+00:00,2026-09-03T11:15:03.742310+00:00,19482.0,19468.0,18928.0,19117.0,19069.134765625,1389317
2020-12-23 00:00:00+00:00,2020-12-24T00:00:00+00:00,2026-09-03T11:15:03.742310+00:00,19100.0,19386.0,18827.0,19260.0,19211.775390625,703185
2020-12-24 00:00:00+00:00,2020-12-25T00:00:00+00:00,2026-09-03T11:15:03.742310+00:00,19260.0,19645.0,19135.0,19645.0,19595.810546875,351574
2020-12-28 00:00:00+00:00,2020-12-29T00:00:00+00:00,2026-09-03T11:15:03.742310+00:00,19600.0,20312.0,19290.0,20064.0,20013.763671875,597333
2020-12-29 00:00:00+00:00,2020-12-30T00:00:00+00:00,2026-09-03T11:15:03.742310+00:00,20300.0,20300.0,19636.0,19650.0,19600.798828125,1418772
2020-12-30 00:00:00+00:00,2020-12-31T00:00:00+00:00,2026-09-03T11:15:03.742310+00:00,19743.0,20214.0,19722.0,19990.0,19939.947265625,1194667
2020-12-31 00:00:00+00:00,2021-01-01T00:00:00+00:00,2026-09-03T11:15:03.742310+00:00,19990.0,20580.0,19702.0,20190.0,20139.4453125,927912
2021-01-04 00:00:00+00:00,2021-01-05T00:00:00+00:00,2026-09-03T11:15:03.742310+00:00,20451.0,21629.0,20420.0,21629.0,21574.84375,1817576
2021-01-05 00:00:00+00:00,2021-01-06T00:00:00+00:00,2026-09-03T11:15:03.742310+00:00,21575.0,21598.0,20147.0,20288.0,20237.201171875,3608314
2021-01-06 00:00:00+00:00,2021-01-07T00:00:00+00:00,2026-09-03T11:15:03.742310+00:00,20650.0,21181.0,20290.0,20436.0,20384.830078125,3001214
2021-01-07 00:00:00+00:00,2021-01-08T00:00:00+00:00,2026-09-03T11:15:03.742310+00:00,20495.0,20982.0,20126.0,20400.0,20348.919921875,3082165
2021-01-08 00:00:00+00:00,2021-01-09T00:00:00+00:00,2026-09-03T11:15:03.742310+00:00,20400.0,21039.0,19700.0,20644.0,20592.310546875,3123257
2021-01-11 00:00:00+00:00,2021-01-12T00:00:00+00:00,2026-09-03T11:15:03.742310+00:00,20618.0,20932.0,20059.0,20550.0,20498.54296875,2129406
2021-01-12 00:00:00+00:00,2021-01-13T00:00:00+00:00,2026-09-03T11:15:03.742310+00:00,20960.0,21300.0,20250.0,20555.0,20503.533203125,2704748
2021-01-13 00:00:00+00:00,2021-01-14T00:00:00+00:00,2026-09-03T11:15:03.742310+00:00,20657.0,21638.0,20600.0,21379.0,21325.46875,2880231
2021-01-14 00:00:00+00:00,2021-01-15T00:00:00+00:00,2026-09-03T11:15:03.742310+00:00,21450.0,21690.0,20967.0,21175.0,21121.978515625,2086915
2021-01-15 00:00:00+00:00,2021-01-16T00:00:00+00:00,2026-09-03T11:15:03.742310+00:00,21031.0,21552.0,20920.0,21509.0,21455.14453125,2443906
2021-01-18 00:00:00+00:00,2021-01-19T00:00:00+00:00,2026-09-03T11:15:03.742310+00:00,21525.0,21523.0,21106.0,21306.0,21252.65234375,1421209
2021-01-19 00:00:00+00:00,2021-01-20T00:00:00+00:00,2026-09-03T11:15:03.742310+00:00,21600.0,22438.0,21339.0,22186.0,22130.44921875,2595008
2021-01-20 00:00:00+00:00,2021-01-21T00:00:00+00:00,2026-09-03T11:15:03.742310+00:00,22186.0,22792.0,21065.0,21161.0,21108.015625,3951177
2021-01-21 00:00:00+00:00,2021-01-22T00:00:00+00:00,2026-09-03T11:15:03.742310+00:00,21290.0,22321.0,21284.0,22009.0,21953.892578125,3566621
2021-01-22 00:00:00+00:00,2021-01-23T00:00:00+00:00,2026-09-03T11:15:03.742310+00:00,21975.0,22201.0,21081.0,21690.0,21635.69140625,2300617
2021-01-25 00:00:00+00:00,2021-01-26T00:00:00+00:00,2026-09-03T11:15:03.742310+00:00,21875.0,22022.0,20704.0,21005.0,20952.404296875,3425112
2021-01-26 00:00:00+00:00,2021-01-27T00:00:00+00:00,2026-09-03T11:15:03.742310+00:00,20757.0,21337.0,20630.0,21200.0,21146.916015625,4358963
2021-01-27 00:00:00+00:00,2021-01-28T00:00:00+00:00,2026-09-03T11:15:03.742310+00:00,21375.0,21434.0,20048.0,20336.0,20285.080078125,3997252
2021-01-28 00:00:00+00:00,2021-01-29T00:00:00+00:00,2026-09-03T11:15:03.742310+00:00,20057.0,20934.0,19334.0,20934.0,20881.583984375,2756125
2021-01-29 00:00:00+00:00,2021-01-30T00:00:00+00:00,2026-09-03T11:15:03.742310+00:00,20900.0,21120.0,20256.0,20718.0,20666.125,5123996
2021-02-01 00:00:00+00:00,2021-02-02T00:00:00+00:00,2026-09-03T11:15:03.742310+00:00,21050.0,21520.0,20802.0,21220.0,21166.869140625,2989490
2021-02-02 00:00:00+00:00,2021-02-03T00:00:00+00:00,2026-09-03T11:15:03.742310+00:00,21550.0,21770.0,20351.0,20379.0,20327.97265625,1880707
2021-02-03 00:00:00+00:00,2021-02-04T00:00:00+00:00,2026-09-03T11:15:03.742310+00:00,20640.0,20982.0,20348.0,20502.0,20450.666015625,2560319
2021-02-04 00:00:00+00:00,2021-02-05T00:00:00+00:00,2026-09-03T11:15:03.742310+00:00,20500.0,21852.0,20567.0,21608.0,21553.8984375,4468725
2021-02-05 00:00:00+00:00,2021-02-06T00:00:00+00:00,2026-09-03T11:15:03.742310+00:00,21638.0,22100.0,21054.0,21474.0,21420.234375,3308358
2021-02-08 00:00:00+00:00,2021-02-09T00:00:00+00:00,2026-09-03T11:15:03.742310+00:00,21755.0,22112.0,21221.0,21760.0,21705.517578125,4496967
2021-02-09 00:00:00+00:00,2021-02-10T00:00:00+00:00,2026-09-03T11:15:03.742310+00:00,22420.0,22499.0,20727.0,21750.0,21695.5390625,4754823
2021-02-10 00:00:00+00:00,2021-02-11T00:00:00+00:00,2026-09-03T11:15:03.742310+00:00,21960.0,23470.0,21950.0,22919.0,22861.615234375,5894055
2021-02-11 00:00:00+00:00,2021-02-12T00:00:00+00:00,2026-09-03T11:15:03.742310+00:00,23300.0,23406.0,21811.0,22500.0,22443.662109375,4037262
2021-02-12 00:00:00+00:00,2021-02-13T00:00:00+00:00,2026-09-03T11:15:03.742310+00:00,22478.0,22639.0,22045.0,22520.0,22463.611328125,4181248
2021-02-15 00:00:00+00:00,2021-02-16T00:00:00+00:00,2026-09-03T11:15:03.742310+00:00,22999.0,23356.0,22677.0,23308.0,23249.638671875,3302066
2021-02-16 00:00:00+00:00,2021-02-17T00:00:00+00:00,2026-09-03T11:15:03.742310+00:00,23638.0,23999.0,22682.0,23005.0,22947.3984375,4167281
2021-02-17 00:00:00+00:00,2021-02-18T00:00:00+00:00,2026-09-03T11:15:03.742310+00:00,22800.0,23367.0,22501.0,22981.0,22923.45703125,3401199
2021-02-18 00:00:00+00:00,2021-02-19T00:00:00+00:00,2026-09-03T11:15:03.742310+00:00,22950.0,23638.0,22743.0,23536.0,23477.0703125,4822856
2021-02-19 00:00:00+00:00,2021-02-20T00:00:00+00:00,2026-09-03T11:15:03.742310+00:00,23010.0,24280.0,22975.0,24125.0,24064.595703125,2468905
2021-02-22 00:00:00+00:00,2021-02-23T00:00:00+00:00,2026-09-03T11:15:03.742310+00:00,24350.0,24890.0,24235.0,24697.0,24635.162109375,3113695
2021-02-23 00:00:00+00:00,2021-02-24T00:00:00+00:00,2026-09-03T11:15:03.742310+00:00,24850.0,25416.0,23602.0,23700.0,23640.658203125,4005888
2021-02-24 00:00:00+00:00,2021-02-25T00:00:00+00:00,2026-09-03T11:15:03.742310+00:00,24195.0,24503.0,23406.0,23573.0,23513.974609375,4122679
2021-02-25 00:00:00+00:00,2021-02-26T00:00:00+00:00,2026-09-03T11:15:03.742310+00:00,24700.0,25536.0,24225.0,25261.0,25197.74609375,5534040
2021-02-26 00:00:00+00:00,2021-02-27T00:00:00+00:00,2026-09-03T11:15:03.742310+00:00,24999.0,25261.0,24072.0,24607.0,24545.38671875,8721031
2021-03-01 00:00:00+00:00,2021-03-02T00:00:00+00:00,2026-09-03T11:15:03.742310+00:00,24755.0,25900.0,24720.0,25618.0,25553.853515625,3181199
2021-03-02 00:00:00+00:00,2021-03-03T00:00:00+00:00,2026-09-03T11:15:03.742310+00:00,25635.0,27094.0,25227.0,27052.0,26984.265625,3817466
2021-03-03 00:00:00+00:00,2021-03-04T00:00:00+00:00,2026-09-03T11:15:03.742310+00:00,27442.0,28324.0,26325.0,26640.0,26573.296875,4567718
2021-03-04 00:00:00+00:00,2021-03-05T00:00:00+00:00,2026-09-03T11:15:03.742310+00:00,26692.0,27110.0,26263.0,26778.0,26710.951171875,4603935
2021-03-05 00:00:00+00:00,2021-03-06T00:00:00+00:00,2026-09-03T11:15:03.742310+00:00,26450.0,27464.0,26450.0,27260.0,27191.7421875,2691956
2021-03-08 00:00:00+00:00,2021-03-09T00:00:00+00:00,2026-09-03T11:15:03.742310+00:00,27352.0,28359.0,27352.0,27880.0,27810.19140625,3223154
2021-03-09 00:00:00+00:00,2021-03-10T00:00:00+00:00,2026-09-03T11:15:03.742310+00:00,28000.0,28850.0,27770.0,28491.0,28419.662109375,3889516
2021-03-10 00:00:00+00:00,2021-03-11T00:00:00+00:00,2026-09-03T11:15:03.742310+00:00,28499.0,29483.0,27855.0,29138.0,29065.04296875,3613757
2021-03-11 00:00:00+00:00,2021-03-12T00:00:00+00:00,2026-09-03T11:15:03.742310+00:00,29301.0,29777.0,28180.0,28457.0,28385.74609375,5241584
2021-03-12 00:00:00+00:00,2021-03-13T00:00:00+00:00,2026-09-03T11:15:03.742310+00:00,28412.0,28598.0,27363.0,27600.0,27530.892578125,3994445
2021-03-15 00:00:00+00:00,2021-03-16T00:00:00+00:00,2026-09-03T11:15:03.742310+00:00,27351.0,28156.0,27106.0,27675.0,27605.70703125,4542107
2021-03-16 00:00:00+00:00,2021-03-17T00:00:00+00:00,2026-09-03T11:15:03.742310+00:00,27540.0,28476.0,26774.0,27890.0,27820.16796875,3976073
2021-03-17 00:00:00+00:00,2021-03-18T00:00:00+00:00,2026-09-03T11:15:03.742310+00:00,27145.0,27393.0,26300.0,26496.0,26439.138671875,5078295
2021-03-18 00:00:00+00:00,2021-03-19T00:00:00+00:00,2026-09-03T11:15:03.742310+00:00,27250.0,27650.0,26271.0,26695.0,26637.708984375,11427669
2021-03-19 00:00:00+00:00,2021-03-20T00:00:00+00:00,2026-09-03T11:15:03.742310+00:00,26500.0,26647.0,25505.0,26120.0,26063.943359375,5819037
2021-03-23 00:00:00+00:00,2021-03-24T00:00:00+00:00,2026-09-03T11:15:03.742310+00:00,25800.0,26526.0,25501.0,25562.0,25507.138671875,4934175
2021-03-24 00:00:00+00:00,2021-03-25T00:00:00+00:00,2026-09-03T11:15:03.742310+00:00,25498.0,26361.0,24660.0,25903.0,25847.408203125,3673709
2021-03-25 00:00:00+00:00,2021-03-26T00:00:00+00:00,2026-09-03T11:15:03.742310+00:00,25954.0,27128.0,25903.0,26564.0,26506.990234375,2841854
2021-03-26 00:00:00+00:00,2021-03-27T00:00:00+00:00,2026-09-03T11:15:03.742310+00:00,27083.0,28006.0,26564.0,27533.0,27473.908203125,4498743
2021-03-29 00:00:00+00:00,2021-03-30T00:00:00+00:00,2026-09-03T11:15:03.742310+00:00,27800.0,28174.0,26614.0,26980.0,26922.095703125,4669911
2021-03-30 00:00:00+00:00,2021-03-31T00:00:00+00:00,2026-09-03T11:15:03.742310+00:00,26766.0,27443.0,26360.0,26898.0,26840.2734375,3068066
2021-03-31 00:00:00+00:00,2021-04-01T00:00:00+00:00,2026-09-03T11:15:03.742310+00:00,26980.0,27526.0,26657.0,27373.0,27314.255859375,2545642
2021-04-01 00:00:00+00:00,2021-04-02T00:00:00+00:00,2026-09-03T11:15:03.742310+00:00,27625.0,27972.0,27055.0,27722.0,27662.5078125,2676435
2021-04-06 00:00:00+00:00,2021-04-07T00:00:00+00:00,2026-09-03T11:15:03.742310+00:00,28600.0,28968.0,27700.0,28425.0,28363.998046875,2664200
2021-04-07 00:00:00+00:00,2021-04-08T00:00:00+00:00,2026-09-03T11:15:03.742310+00:00,28425.0,28794.0,28151.0,28579.0,28517.6640625,3262575
2021-04-08 00:00:00+00:00,2021-04-09T00:00:00+00:00,2026-09-03T11:15:03.742310+00:00,29000.0,29440.0,28648.0,29006.0,28943.748046875,4198949
2021-04-09 00:00:00+00:00,2021-04-10T00:00:00+00:00,2026-09-03T11:15:03.742310+00:00,28992.0,29012.0,28129.0,28262.0,28201.345703125,2285396
2021-04-12 00:00:00+00:00,2021-04-13T00:00:00+00:00,2026-09-03T11:15:03.742310+00:00,28066.0,28262.0,27398.0,27500.0,27440.982421875,3897739
2021-04-13 00:00:00+00:00,2021-04-14T00:00:00+00:00,2026-09-03T11:15:03.742310+00:00,27600.0,28036.0,27374.0,27795.0,27735.349609375,3361453
2021-04-14 00:00:00+00:00,2021-04-15T00:00:00+00:00,2026-09-03T11:15:03.742310+00:00,28349.0,28487.0,27206.0,27365.0,27306.26953125,3130333
2021-04-15 00:00:00+00:00,2021-04-16T00:00:00+00:00,2026-09-03T11:15:03.742310+00:00,27616.0,27964.0,27239.0,27475.0,27416.03515625,5600509
2021-04-16 00:00:00+00:00,2021-04-17T00:00:00+00:00,2026-09-03T11:15:03.742310+00:00,27500.0,28660.0,27591.0,28597.0,28535.626953125,3128395
2021-04-19 00:00:00+00:00,2021-04-20T00:00:00+00:00,2026-09-03T11:15:03.742310+00:00,28601.0,28869.0,28312.0,28400.0,28339.048828125,3519627
2021-04-20 00:00:00+00:00,2021-04-21T00:00:00+00:00,2026-09-03T11:15:03.742310+00:00,28312.0,28549.0,27700.0,28006.0,27945.892578125,4264129
2021-04-21 00:00:00+00:00,2021-04-22T00:00:00+00:00,2026-09-03T11:15:03.742310+00:00,28228.0,29435.0,28006.0,29408.0,29344.884765625,4307304
2021-04-22 00:00:00+00:00,2021-04-23T00:00:00+00:00,2026-09-03T11:15:03.742310+00:00,29750.0,30050.0,28500.0,28500.0,28438.833984375,4829471
2021-04-23 00:00:00+00:00,2021-04-24T00:00:00+00:00,2026-09-03T11:15:03.742310+00:00,28395.0,28712.0,27500.0,28556.0,28494.71484375,4305898
2021-04-26 00:00:00+00:00,2021-04-27T00:00:00+00:00,2026-09-03T11:15:03.742310+00:00,28660.0,28869.0,27726.0,28160.0,28099.564453125,2063197
2021-04-28 00:00:00+00:00,2021-04-29T00:00:00+00:00,2026-09-03T11:15:03.742310+00:00,28200.0,28480.0,27841.0,28085.0,28024.7265625,4107969
2021-04-29 00:00:00+00:00,2021-04-30T00:00:00+00:00,2026-09-03T11:15:03.742310+00:00,28300.0,28643.0,27787.0,27787.0,27727.365234375,2512301
2021-04-30 00:00:00+00:00,2021-05-01T00:00:00+00:00,2026-09-03T11:15:03.742310+00:00,27787.0,28080.0,27136.0,27153.0,27094.724609375,2620129
2021-05-03 00:00:00+00:00,2021-05-04T00:00:00+00:00,2026-09-03T11:15:03.742310+00:00,27220.0,27500.0,26360.0,27042.0,26983.966796875,2071684
2021-05-04 00:00:00+00:00,2021-05-05T00:00:00+00:00,2026-09-03T11:15:03.742310+00:00,27155.0,27500.0,26561.0,26598.0,26540.916015625,2841181
2021-05-05 00:00:00+00:00,2021-05-06T00:00:00+00:00,2026-09-03T11:15:03.742310+00:00,26598.0,26795.0,26070.0,26500.0,26443.12890625,5326626
2021-05-06 00:00:00+00:00,2021-05-07T00:00:00+00:00,2026-09-03T11:15:03.742310+00:00,26400.0,26883.0,25992.0,26396.0,26339.349609375,2795039
2021-05-07 00:00:00+00:00,2021-05-08T00:00:00+00:00,2026-09-03T11:15:03.742310+00:00,26900.0,27080.0,26489.0,26986.0,26928.083984375,3309407
2021-05-10 00:00:00+00:00,2021-05-11T00:00:00+00:00,2026-09-03T11:15:03.742310+00:00,27020.0,27453.0,26695.0,26748.0,26690.59765625,2226595
2021-05-11 00:00:00+00:00,2021-05-12T00:00:00+00:00,2026-09-03T11:15:03.742310+00:00,26680.0,26950.0,25795.0,26133.0,26076.916015625,2251791
2021-05-12 00:00:00+00:00,2021-05-13T00:00:00+00:00,2026-09-03T11:15:03.742310+00:00,26205.0,26591.0,25550.0,25899.0,25843.41796875,1676380
2021-05-13 00:00:00+00:00,2021-05-14T00:00:00+00:00,2026-09-03T11:15:03.742310+00:00,25700.0,25889.0,24829.0,25558.0,25503.146484375,2739187
2021-05-14 00:00:00+00:00,2021-05-15T00:00:00+00:00,2026-09-03T11:15:03.742310+00:00,25999.0,25999.0,25430.0,25772.0,25716.689453125,1769864
2021-05-17 00:00:00+00:00,2021-05-18T00:00:00+00:00,2026-09-03T11:15:03.742310+00:00,26050.0,26432.0,25635.0,26242.0,26185.681640625,2141882
2021-05-18 00:00:00+00:00,2021-05-19T00:00:00+00:00,2026-09-03T11:15:03.742310+00:00,26499.0,26579.0,25731.0,26100.0,26043.984375,1594052
2021-05-19 00:00:00+00:00,2021-05-20T00:00:00+00:00,2026-09-03T11:15:03.742310+00:00,25804.0,26143.0,23832.0,23832.0,23780.853515625,6394647
2021-05-20 00:00:00+00:00,2021-05-21T00:00:00+00:00,2026-09-03T11:15:03.742310+00:00,24140.0,24468.0,23434.0,24063.0,24011.359375,6147253
2021-05-21 00:00:00+00:00,2021-05-22T00:00:00+00:00,2026-09-03T11:15:03.742310+00:00,24010.0,24500.0,23730.0,24138.0,24086.1953125,3181029
2021-05-24 00:00:00+00:00,2021-05-25T00:00:00+00:00,2026-09-03T11:15:03.742310+00:00,24200.0,24296.0,23145.0,23334.0,23283.921875,2622972
2021-05-25 00:00:00+00:00,2021-05-26T00:00:00+00:00,2026-09-03T11:15:03.742310+00:00,23200.0,23967.0,23138.0,23425.0,23374.7265625,3825399
2021-05-26 00:00:00+00:00,2021-05-27T00:00:00+00:00,2026-09-03T11:15:03.742310+00:00,23734.0,23844.0,22946.0,23152.0,23102.3125,6017474
2021-05-27 00:00:00+00:00,2021-05-28T00:00:00+00:00,2026-09-03T11:15:03.742310+00:00,23160.0,24200.0,23014.0,24149.0,24097.173828125,4738291
2021-05-28 00:00:00+00:00,2021-05-29T00:00:00+00:00,2026-09-03T11:15:03.742310+00:00,24300.0,24442.0,23723.0,23800.0,23748.921875,2748228
2021-05-31 00:00:00+00:00,2021-06-01T00:00:00+00:00,2026-09-03T11:15:03.742310+00:00,24144.0,25200.0,24037.0,25050.0,24996.236328125,1582837
2021-06-01 00:00:00+00:00,2021-06-02T00:00:00+00:00,2026-09-03T11:15:03.742310+00:00,25428.0,25750.0,24640.0,24715.0,24661.958984375,2160123
2021-06-02 00:00:00+00:00,2021-06-03T00:00:00+00:00,2026-09-03T11:15:03.742310+00:00,24711.0,25072.0,24679.0,24790.0,24736.796875,2335468
2021-06-03 00:00:00+00:00,2021-06-04T00:00:00+00:00,2026-09-03T11:15:03.742310+00:00,24799.0,25388.0,24301.0,24474.0,24421.474609375,3054996
2021-06-04 00:00:00+00:00,2021-06-05T00:00:00+00:00,2026-09-03T11:15:03.742310+00:00,24385.0,25160.0,24251.0,24900.0,24846.560546875,2774338
2021-06-07 00:00:00+00:00,2021-06-08T00:00:00+00:00,2026-09-03T11:15:03.742310+00:00,25298.0,25103.0,24150.0,24666.0,24613.064453125,1372854
2021-06-08 00:00:00+00:00,2021-06-09T00:00:00+00:00,2026-09-03T11:15:03.742310+00:00,24515.0,25088.0,24332.0,24500.0,24447.419921875,3065190
2021-06-09 00:00:00+00:00,2021-06-10T00:00:00+00:00,2026-09-03T11:15:03.742310+00:00,24500.0,24735.0,24023.0,24677.0,24624.0390625,3694978
2021-06-10 00:00:00+00:00,2021-06-11T00:00:00+00:00,2026-09-03T11:15:03.742310+00:00,24640.0,24817.0,24073.0,24229.0,24177.0,1886639
2021-06-11 00:00:00+00:00,2021-06-12T00:00:00+00:00,2026-09-03T11:15:03.742310+00:00,24486.0,24850.0,24083.0,24276.0,24223.8984375,1614008
2021-06-14 00:00:00+00:00,2021-06-15T00:00:00+00:00,2026-09-03T11:15:03.742310+00:00,24400.0,24413.0,23749.0,24215.0,24163.033203125,1115319
2021-06-15 00:00:00+00:00,2021-06-16T00:00:00+00:00,2026-09-03T11:15:03.742310+00:00,24162.0,24691.0,23750.0,23875.0,23823.76171875,2736320
2021-06-17 00:00:00+00:00,2021-06-18T00:00:00+00:00,2026-09-03T11:15:03.742310+00:00,23050.0,23875.0,22678.0,22761.0,22712.150390625,9720045
2021-06-18 00:00:00+00:00,2021-06-19T00:00:00+00:00,2026-09-03T11:15:03.742310+00:00,22584.0,23210.0,22508.0,22905.0,22855.845703125,5856605
2021-06-21 00:00:00+00:00,2021-06-22T00:00:00+00:00,2026-09-03T11:15:03.742310+00:00,22528.0,23364.0,22657.0,22998.0,22948.642578125,2142284
2021-06-22 00:00:00+00:00,2021-06-23T00:00:00+00:00,2026-09-03T11:15:03.742310+00:00,23184.0,23543.0,22836.0,23204.0,23154.19921875,1921813
2021-06-23 00:00:00+00:00,2021-06-24T00:00:00+00:00,2026-09-03T11:15:03.742310+00:00,23492.0,24079.0,23490.0,23995.0,23943.50390625,2376305
2021-06-24 00:00:00+00:00,2021-06-25T00:00:00+00:00,2026-09-03T11:15:03.742310+00:00,23868.0,24732.0,23596.0,24519.0,24466.376953125,2510342
2021-06-25 00:00:00+00:00,2021-06-26T00:00:00+00:00,2026-09-03T11:15:03.742310+00:00,24650.0,24640.0,24058.0,24228.0,24176.0,1514994
2021-06-28 00:00:00+00:00,2021-06-29T00:00:00+00:00,2026-09-03T11:15:03.742310+00:00,24224.0,24452.0,23700.0,24080.0,24028.322265625,2660365
2021-06-29 00:00:00+00:00,2021-06-30T00:00:00+00:00,2026-09-03T11:15:03.742310+00:00,23711.0,24434.0,23630.0,23734.0,23683.0625,2195311
2021-06-30 00:00:00+00:00,2021-07-01T00:00:00+00:00,2026-09-03T11:15:03.742310+00:00,23797.0,24075.0,23288.0,23549.0,23498.462890625,3306726
2021-07-01 00:00:00+00:00,2021-07-02T00:00:00+00:00,2026-09-03T11:15:03.742310+00:00,24000.0,24500.0,23563.0,24417.0,24364.59765625,1938906
2021-07-02 00:00:00+00:00,2021-07-03T00:00:00+00:00,2026-09-03T11:15:03.742310+00:00,24365.0,24474.0,23975.0,24112.0,24060.251953125,1340096
2021-07-05 00:00:00+00:00,2021-07-06T00:00:00+00:00,2026-09-03T11:15:03.742310+00:00,24113.0,24497.0,23891.0,24487.0,24434.447265625,933511
2021-07-06 00:00:00+00:00,2021-07-07T00:00:00+00:00,2026-09-03T11:15:03.742310+00:00,24204.0,24950.0,24306.0,24524.0,24471.3671875,1755306
2021-07-07 00:00:00+00:00,2021-07-08T00:00:00+00:00,2026-09-03T11:15:03.742310+00:00,24735.0,25719.0,24469.0,25316.0,25261.66796875,2868033
2021-07-08 00:00:00+00:00,2021-07-09T00:00:00+00:00,2026-09-03T11:15:03.742310+00:00,25200.0,25203.0,23220.0,23476.0,23425.6171875,4880973
2021-07-09 00:00:00+00:00,2021-07-10T00:00:00+00:00,2026-09-03T11:15:03.742310+00:00,23613.0,24331.0,23424.0,23547.0,23496.46484375,5710748
2021-07-12 00:00:00+00:00,2021-07-13T00:00:00+00:00,2026-09-03T11:15:03.742310+00:00,23531.0,23964.0,23151.0,23956.0,23904.587890625,2186192
2021-07-13 00:00:00+00:00,2021-07-14T00:00:00+00:00,2026-09-03T11:15:03.742310+00:00,24020.0,25100.0,23886.0,25028.0,24974.28515625,3257074
2021-07-14 00:00:00+00:00,2021-07-15T00:00:00+00:00,2026-09-03T11:15:03.742310+00:00,24925.0,26317.0,24801.0,25700.0,25644.841796875,2638241
2021-07-15 00:00:00+00:00,2021-07-16T00:00:00+00:00,2026-09-03T11:15:03.742310+00:00,25970.0,26222.0,25244.0,25306.0,25251.689453125,1748032
2021-07-16 00:00:00+00:00,2021-07-17T00:00:00+00:00,2026-09-03T11:15:03.742310+00:00,25300.0,25380.0,23885.0,24031.0,23979.427734375,2174851
2021-07-19 00:00:00+00:00,2021-07-20T00:00:00+00:00,2026-09-03T11:15:03.742310+00:00,23531.0,23861.0,22679.0,22908.0,22858.8359375,2089578
2021-07-20 00:00:00+00:00,2021-07-21T00:00:00+00:00,2026-09-03T11:15:03.742310+00:00,23251.0,23426.0,22672.0,23254.0,23204.095703125,1875804
2021-07-21 00:00:00+00:00,2021-07-22T00:00:00+00:00,2026-09-03T11:15:03.742310+00:00,23209.0,23932.0,23005.0,23336.0,23285.919921875,1815398
2021-07-22 00:00:00+00:00,2021-07-23T00:00:00+00:00,2026-09-03T11:15:03.742310+00:00,23550.0,23946.0,23482.0,23720.0,23669.08984375,2365766
2021-07-23 00:00:00+00:00,2021-07-24T00:00:00+00:00,2026-09-03T11:15:03.742310+00:00,23946.0,24428.0,23857.0,23882.0,23830.744140625,2627706
2021-07-26 00:00:00+00:00,2021-07-27T00:00:00+00:00,2026-09-03T11:15:03.742310+00:00,23990.0,25495.0,23869.0,25070.0,25016.1953125,3646128
2021-07-27 00:00:00+00:00,2021-07-28T00:00:00+00:00,2026-09-03T11:15:03.742310+00:00,25070.0,25102.0,24616.0,24829.0,24775.7109375,3619861
2021-07-28 00:00:00+00:00,2021-07-29T00:00:00+00:00,2026-09-03T11:15:03.742310+00:00,24916.0,25498.0,24729.0,25498.0,25443.275390625,3892338
2021-07-29 00:00:00+00:00,2021-07-30T00:00:00+00:00,2026-09-03T11:15:03.742310+00:00,25600.0,26624.0,25585.0,26599.0,26541.9140625,2773930
2021-07-30 00:00:00+00:00,2021-07-31T00:00:00+00:00,2026-09-03T11:15:03.742310+00:00,26370.0,26601.0,26072.0,26401.0,26344.341796875,4113717
2021-08-02 00:00:00+00:00,2021-08-03T00:00:00+00:00,2026-09-03T11:15:03.742310+00:00,26300.0,26720.0,26010.0,26132.0,26075.91796875,1410569
2021-08-03 00:00:00+00:00,2021-08-04T00:00:00+00:00,2026-09-03T11:15:03.742310+00:00,25650.0,26616.0,25792.0,26276.0,26219.609375,2016145
2021-08-04 00:00:00+00:00,2021-08-05T00:00:00+00:00,2026-09-03T11:15:03.742310+00:00,26375.0,26630.0,26000.0,26345.0,26288.458984375,2238212
2021-08-05 00:00:00+00:00,2021-08-06T00:00:00+00:00,2026-09-03T11:15:03.742310+00:00,26013.0,26105.0,25244.0,25447.0,25392.38671875,2055385
2021-08-06 00:00:00+00:00,2021-08-07T00:00:00+00:00,2026-09-03T11:15:03.742310+00:00,25502.0,25770.0,24250.0,24771.0,24717.837890625,3563828
2021-08-10 00:00:00+00:00,2021-08-11T00:00:00+00:00,2026-09-03T11:15:03.742310+00:00,24750.0,24909.0,23913.0,24071.0,24019.337890625,3401382
2021-08-11 00:00:00+00:00,2021-08-12T00:00:00+00:00,2026-09-03T11:15:03.742310+00:00,23949.0,24951.0,24200.0,24845.0,24791.681640625,1407357
2021-08-12 00:00:00+00:00,2021-08-13T00:00:00+00:00,2026-09-03T11:15:03.742310+00:00,24197.0,24610.0,24098.0,24177.0,24125.111328125,1658756
2021-08-13 00:00:00+00:00,2021-08-14T00:00:00+00:00,2026-09-03T11:15:03.742310+00:00,24107.0,24471.0,24002.0,24215.0,24163.033203125,1530046
2021-08-16 00:00:00+00:00,2021-08-17T00:00:00+00:00,2026-09-03T11:15:03.742310+00:00,23594.0,24560.0,23276.0,24029.0,23977.4296875,3705472
2021-08-17 00:00:00+00:00,2021-08-18T00:00:00+00:00,2026-09-03T11:15:03.742310+00:00,24254.0,24928.0,24030.0,24374.0,24321.689453125,5472817
2021-08-18 00:00:00+00:00,2021-08-19T00:00:00+00:00,2026-09-03T11:15:03.742310+00:00,24100.0,24310.0,23714.0,23953.0,23901.59375,2139705
2021-08-19 00:00:00+00:00,2021-08-20T00:00:00+00:00,2026-09-03T11:15:03.742310+00:00,22947.0,23576.0,21952.0,22180.0,22132.396484375,4183877
2021-08-20 00:00:00+00:00,2021-08-21T00:00:00+00:00,2026-09-03T11:15:03.742310+00:00,22489.0,22342.0,20477.0,20660.0,20615.658203125,4069760
2021-08-23 00:00:00+00:00,2021-08-24T00:00:00+00:00,2026-09-03T11:15:03.742310+00:00,21200.0,22215.0,20994.0,22215.0,22167.322265625,3631493
2021-08-24 00:00:00+00:00,2021-08-25T00:00:00+00:00,2026-09-03T11:15:03.742310+00:00,22300.0,22571.0,21850.0,22337.0,22289.060546875,2805152
2021-08-25 00:00:00+00:00,2021-08-26T00:00:00+00:00,2026-09-03T11:15:03.742310+00:00,21337.0,22158.0,21325.0,21900.0,21853.0,3107624
2021-08-26 00:00:00+00:00,2021-08-27T00:00:00+00:00,2026-09-03T11:15:03.742310+00:00,21880.0,22209.0,21751.0,22044.0,21996.69140625,2487409
2021-08-27 00:00:00+00:00,2021-08-28T00:00:00+00:00,2026-09-03T11:15:03.742310+00:00,22220.0,22669.0,22125.0,22600.0,22551.498046875,1504036
2021-08-30 00:00:00+00:00,2021-08-31T00:00:00+00:00,2026-09-03T11:15:03.742310+00:00,22839.0,22900.0,21989.0,22173.0,22125.412109375,1420430
2021-08-31 00:00:00+00:00,2021-09-01T00:00:00+00:00,2026-09-03T11:15:03.742310+00:00,22136.0,22395.0,21768.0,22290.0,22242.162109375,2898457
2021-09-01 00:00:00+00:00,2021-09-02T00:00:00+00:00,2026-09-03T11:15:03.742310+00:00,22200.0,22588.0,21711.0,21931.0,21883.93359375,1925721
2021-09-02 00:00:00+00:00,2021-09-03T00:00:00+00:00,2026-09-03T11:15:03.742310+00:00,21280.0,21776.0,20122.0,20426.0,20382.16015625,4688993
2021-09-03 00:00:00+00:00,2021-09-04T00:00:00+00:00,2026-09-03T11:15:03.742310+00:00,20600.0,20898.0,20300.0,20796.0,20751.369140625,2593570
2021-09-06 00:00:00+00:00,2021-09-07T00:00:00+00:00,2026-09-03T11:15:03.742310+00:00,20900.0,20909.0,19412.0,19808.0,19765.490234375,3727960
2021-09-07 00:00:00+00:00,2021-09-08T00:00:00+00:00,2026-09-03T11:15:03.742310+00:00,19900.0,20391.0,19712.0,19875.0,19832.34375,3109297
2021-09-08 00:00:00+00:00,2021-09-09T00:00:00+00:00,2026-09-03T11:15:03.742310+00:00,20000.0,20104.0,19326.0,19383.0,19341.40234375,3091726
2021-09-09 00:00:00+00:00,2021-09-10T00:00:00+00:00,2026-09-03T11:15:03.742310+00:00,19005.0,19691.0,18209.0,18230.0,18190.873046875,5585803
2021-09-10 00:00:00+00:00,2021-09-11T00:00:00+00:00,2026-09-03T11:15:03.742310+00:00,18477.0,18622.0,17601.0,17760.0,17721.884765625,5148170
2021-09-13 00:00:00+00:00,2021-09-14T00:00:00+00:00,2026-09-03T11:15:03.742310+00:00,17686.0,18507.0,17458.0,18352.0,18312.615234375,4023399
2021-09-14 00:00:00+00:00,2021-09-15T00:00:00+00:00,2026-09-03T11:15:03.742310+00:00,18399.0,18397.0,16887.0,17655.0,17617.109375,6577123
2021-09-15 00:00:00+00:00,2021-09-16T00:00:00+00:00,2026-09-03T11:15:03.742310+00:00,17570.0,18366.0,17509.0,18258.0,18218.81640625,4891451
2021-09-16 00:00:00+00:00,2021-09-17T00:00:00+00:00,2026-09-03T11:15:03.742310+00:00,18500.0,18500.0,17170.0,17426.0,17388.59765625,8418235
2021-09-17 00:00:00+00:00,2021-09-18T00:00:00+00:00,2026-09-03T11:15:03.742310+00:00,17481.0,18012.0,17297.0,17710.0,17671.9921875,8938283
2021-09-20 00:00:00+00:00,2021-09-21T00:00:00+00:00,2026-09-03T11:15:03.742310+00:00,17400.0,17781.0,16053.0,17520.0,17482.3984375,3951588
2021-09-21 00:00:00+00:00,2021-09-22T00:00:00+00:00,2026-09-03T11:15:03.742310+00:00,16615.0,17200.0,16431.0,16797.0,16772.439453125,4330646
2021-09-22 00:00:00+00:00,2021-09-23T00:00:00+00:00,2026-09-03T11:15:03.742310+00:00,16965.0,17380.0,16796.0,17290.0,17264.71875,3407015
2021-09-23 00:00:00+00:00,2021-09-24T00:00:00+00:00,2026-09-03T11:15:03.742310+00:00,17500.0,17974.0,17114.0,17900.0,17873.826171875,6049777
2021-09-27 00:00:00+00:00,2021-09-28T00:00:00+00:00,2026-09-03T11:15:03.742310+00:00,18055.0,18176.0,16954.0,17076.0,17051.029296875,6963034
2021-09-28 00:00:00+00:00,2021-09-29T00:00:00+00:00,2026-09-03T11:15:03.742310+00:00,16900.0,17505.0,16325.0,16408.0,16384.0078125,5032997
2021-09-29 00:00:00+00:00,2021-09-30T00:00:00+00:00,2026-09-03T11:15:03.742310+00:00,16600.0,16827.0,16402.0,16475.0,16450.908203125,5380227
2021-09-30 00:00:00+00:00,2021-10-01T00:00:00+00:00,2026-09-03T11:15:03.742310+00:00,16475.0,17206.0,16475.0,17167.0,17141.896484375,8721079
2021-10-01 00:00:00+00:00,2021-10-02T00:00:00+00:00,2026-09-03T11:15:03.742310+00:00,16892.0,17499.0,16837.0,17073.0,17048.03515625,5105737
2021-10-04 00:00:00+00:00,2021-10-05T00:00:00+00:00,2026-09-03T11:15:03.742310+00:00,17050.0,17629.0,16944.0,17609.0,17583.25390625,2149483
2021-10-05 00:00:00+00:00,2021-10-06T00:00:00+00:00,2026-09-03T11:15:03.742310+00:00,17609.0,17731.0,17054.0,17266.0,17240.751953125,2889404
2021-10-06 00:00:00+00:00,2021-10-07T00:00:00+00:00,2026-09-03T11:15:03.742310+00:00,17190.0,17435.0,16763.0,17000.0,16975.142578125,2381977
2021-10-07 00:00:00+00:00,2021-10-08T00:00:00+00:00,2026-09-03T11:15:03.742310+00:00,17250.0,18608.0,17250.0,18525.0,18497.91015625,6614360
2021-10-08 00:00:00+00:00,2021-10-09T00:00:00+00:00,2026-09-03T11:15:03.742310+00:00,18729.0,20444.0,18277.0,20249.0,20219.390625,8066139
2021-10-11 00:00:00+00:00,2021-10-12T00:00:00+00:00,2026-09-03T11:15:03.742310+00:00,20660.0,20769.0,20046.0,20458.0,20428.083984375,4682527
2021-10-12 00:00:00+00:00,2021-10-13T00:00:00+00:00,2026-09-03T11:15:03.742310+00:00,20300.0,21432.0,20178.0,21245.0,21213.935546875,4834167
2021-10-13 00:00:00+00:00,2021-10-14T00:00:00+00:00,2026-09-03T11:15:03.742310+00:00,21388.0,21555.0,20619.0,21211.0,21179.986328125,4000699
2021-10-14 00:00:00+00:00,2021-10-15T00:00:00+00:00,2026-09-03T11:15:03.742310+00:00,21490.0,22436.0,21499.0,22149.0,22116.61328125,3896725
2021-10-15 00:00:00+00:00,2021-10-16T00:00:00+00:00,2026-09-03T11:15:03.742310+00:00,22350.0,22349.0,21769.0,22145.0,22112.619140625,4160033
2021-10-18 00:00:00+00:00,2021-10-19T00:00:00+00:00,2026-09-03T11:15:03.742310+00:00,22400.0,22481.0,21865.0,22200.0,22167.541015625,4669131
2021-10-19 00:00:00+00:00,2021-10-20T00:00:00+00:00,2026-09-03T11:15:03.742310+00:00,22500.0,22922.0,22094.0,22155.0,22122.603515625,3280586
2021-10-20 00:00:00+00:00,2021-10-21T00:00:00+00:00,2026-09-03T11:15:03.742310+00:00,22136.0,22284.0,21510.0,21772.0,21740.1640625,3874090
2021-10-21 00:00:00+00:00,2021-10-22T00:00:00+00:00,2026-09-03T11:15:03.742310+00:00,21772.0,21749.0,20723.0,20830.0,20799.541015625,8443774
2021-10-22 00:00:00+00:00,2021-10-23T00:00:00+00:00,2026-09-03T11:15:03.742310+00:00,21100.0,21250.0,20750.0,21119.0,21088.119140625,3120088
2021-10-25 00:00:00+00:00,2021-10-26T00:00:00+00:00,2026-09-03T11:15:03.742310+00:00,21400.0,21350.0,20794.0,21227.0,21195.958984375,1410715
2021-10-26 00:00:00+00:00,2021-10-27T00:00:00+00:00,2026-09-03T11:15:03.742310+00:00,21225.0,21684.0,21100.0,21105.0,21074.140625,1597026
2021-10-27 00:00:00+00:00,2021-10-28T00:00:00+00:00,2026-09-03T11:15:03.742310+00:00,20650.0,20950.0,20281.0,20818.0,20787.560546875,2894694
2021-10-28 00:00:00+00:00,2021-10-29T00:00:00+00:00,2026-09-03T11:15:03.742310+00:00,20818.0,21356.0,20684.0,20726.0,20695.6953125,1224131
2021-10-29 00:00:00+00:00,2021-10-30T00:00:00+00:00,2026-09-03T11:15:03.742310+00:00,20201.0,20706.0,19400.0,19799.0,19770.048828125,4074717
2021-11-02 00:00:00+00:00,2021-11-03T00:00:00+00:00,2026-09-03T11:15:03.742310+00:00,20300.0,20655.0,19654.0,19841.0,19811.990234375,3660243
2021-11-03 00:00:00+00:00,2021-11-04T00:00:00+00:00,2026-09-03T11:15:03.742310+00:00,19650.0,20785.0,19706.0,20270.0,20240.359375,2036599
2021-11-04 00:00:00+00:00,2021-11-05T00:00:00+00:00,2026-09-03T11:15:03.742310+00:00,20531.0,21359.0,20169.0,20952.0,20921.36328125,2607001
2021-11-05 00:00:00+00:00,2021-11-06T00:00:00+00:00,2026-09-03T11:15:03.742310+00:00,21000.0,21243.0,19750.0,19887.0,19857.921875,2338214
2021-11-08 00:00:00+00:00,2021-11-09T00:00:00+00:00,2026-09-03T11:15:03.742310+00:00,19920.0,20343.0,19312.0,19800.0,19771.048828125,2569611
2021-11-09 00:00:00+00:00,2021-11-10T00:00:00+00:00,2026-09-03T11:15:03.742310+00:00,20100.0,20542.0,18760.0,18999.0,18971.21875,3770733
2021-11-10 00:00:00+00:00,2021-11-11T00:00:00+00:00,2026-09-03T11:15:03.742310+00:00,18628.0,19769.0,18300.0,19769.0,19740.09375,4146905
2021-11-11 00:00:00+00:00,2021-11-12T00:00:00+00:00,2026-09-03T11:15:03.742310+00:00,19600.0,20845.0,19407.0,20845.0,20814.521484375,2665674
2021-11-12 00:00:00+00:00,2021-11-13T00:00:00+00:00,2026-09-03T11:15:03.742310+00:00,20950.0,21200.0,20202.0,20329.0,20299.2734375,1372846
2021-11-15 00:00:00+00:00,2021-11-16T00:00:00+00:00,2026-09-03T11:15:03.742310+00:00,20334.0,20988.0,20277.0,20782.0,20751.611328125,1879379
2021-11-16 00:00:00+00:00,2021-11-17T00:00:00+00:00,2026-09-03T11:15:03.742310+00:00,20999.0,21843.0,20812.0,21389.0,21357.72265625,2152255
2021-11-17 00:00:00+00:00,2021-11-18T00:00:00+00:00,2026-09-03T11:15:03.742310+00:00,21688.0,22153.0,21390.0,21667.0,21635.318359375,2549176
2021-11-18 00:00:00+00:00,2021-11-19T00:00:00+00:00,2026-09-03T11:15:03.742310+00:00,21772.0,21824.0,21192.0,21300.0,21268.853515625,2577535
2021-11-19 00:00:00+00:00,2021-11-20T00:00:00+00:00,2026-09-03T11:15:03.742310+00:00,21600.0,21598.0,20543.0,20800.0,20769.583984375,2329654
2021-11-22 00:00:00+00:00,2021-11-23T00:00:00+00:00,2026-09-03T11:15:03.742310+00:00,20600.0,21129.0,20411.0,20562.0,20531.935546875,2242269
2021-11-23 00:00:00+00:00,2021-11-24T00:00:00+00:00,2026-09-03T11:15:03.742310+00:00,20455.0,20693.0,19640.0,19847.0,19817.98046875,3738469
2021-11-24 00:00:00+00:00,2021-11-25T00:00:00+00:00,2026-09-03T11:15:03.742310+00:00,19910.0,20037.0,19041.0,19415.0,19386.611328125,2320039
2021-11-25 00:00:00+00:00,2021-11-26T00:00:00+00:00,2026-09-03T11:15:03.742310+00:00,19480.0,19797.0,19150.0,19339.0,19310.720703125,1061381
2021-11-26 00:00:00+00:00,2021-11-27T00:00:00+00:00,2026-09-03T11:15:03.742310+00:00,19007.0,19396.0,17962.0,18029.0,18002.63671875,2328537
2021-11-29 00:00:00+00:00,2021-11-30T00:00:00+00:00,2026-09-03T11:15:03.742310+00:00,18390.0,19407.0,18041.0,19124.0,19096.03515625,2992970
2021-11-30 00:00:00+00:00,2021-12-01T00:00:00+00:00,2026-09-03T11:15:03.742310+00:00,19130.0,20300.0,18848.0,20235.0,20205.41015625,9891297
2021-12-01 00:00:00+00:00,2021-12-02T00:00:00+00:00,2026-09-03T11:15:03.742310+00:00,20500.0,21262.0,20142.0,21081.0,21050.173828125,7502611
2021-12-02 00:00:00+00:00,2021-12-03T00:00:00+00:00,2026-09-03T11:15:03.742310+00:00,20800.0,21800.0,20700.0,21766.0,21734.171875,4210391
2021-12-03 00:00:00+00:00,2021-12-04T00:00:00+00:00,2026-09-03T11:15:03.742310+00:00,21700.0,22185.0,21231.0,21826.0,21794.08203125,4610391
2021-12-06 00:00:00+00:00,2021-12-07T00:00:00+00:00,2026-09-03T11:15:03.742310+00:00,21963.0,22161.0,21492.0,21972.0,21939.87109375,2714231
2021-12-07 00:00:00+00:00,2021-12-08T00:00:00+00:00,2026-09-03T11:15:03.742310+00:00,21964.0,22450.0,21814.0,22422.0,22389.216796875,4427609
2021-12-08 00:00:00+00:00,2021-12-09T00:00:00+00:00,2026-09-03T11:15:03.742310+00:00,22490.0,22490.0,21324.0,21519.0,21487.533203125,3662328
2021-12-09 00:00:00+00:00,2021-12-10T00:00:00+00:00,2026-09-03T11:15:03.742310+00:00,21519.0,21994.0,21025.0,21443.0,21411.6484375,4078644
2021-12-10 00:00:00+00:00,2021-12-11T00:00:00+00:00,2026-09-03T11:15:03.742310+00:00,21662.0,21800.0,20507.0,20676.0,20645.765625,3800477
2021-12-13 00:00:00+00:00,2021-12-14T00:00:00+00:00,2026-09-03T11:15:03.742310+00:00,20666.0,21266.0,20267.0,20409.0,20379.158203125,2620516
2021-12-14 00:00:00+00:00,2021-12-15T00:00:00+00:00,2026-09-03T11:15:03.742310+00:00,20409.0,21741.0,20260.0,21176.0,21145.037109375,6678043
2021-12-15 00:00:00+00:00,2021-12-16T00:00:00+00:00,2026-09-03T11:15:03.742310+00:00,21400.0,21768.0,20941.0,21149.0,21118.07421875,8826358
2021-12-17 00:00:00+00:00,2021-12-18T00:00:00+00:00,2026-09-03T11:15:03.742310+00:00,22100.0,22200.0,21506.0,21982.0,21949.857421875,5601415
2021-12-20 00:00:00+00:00,2021-12-21T00:00:00+00:00,2026-09-03T11:15:03.742310+00:00,21500.0,21500.0,20617.0,20776.0,20745.62109375,2216638
2021-12-21 00:00:00+00:00,2021-12-22T00:00:00+00:00,2026-09-03T11:15:03.742310+00:00,21200.0,21924.0,21004.0,21690.0,21658.28515625,1325314
2021-12-22 00:00:00+00:00,2021-12-23T00:00:00+00:00,2026-09-03T11:15:03.742310+00:00,21700.0,21937.0,21461.0,21644.0,21612.35546875,1013643
2021-12-23 00:00:00+00:00,2021-12-24T00:00:00+00:00,2026-09-03T11:15:03.742310+00:00,22100.0,22242.0,21784.0,21932.0,21899.9296875,1162751
2021-12-24 00:00:00+00:00,2021-12-25T00:00:00+00:00,2026-09-03T11:15:03.742310+00:00,22101.0,22101.0,21684.0,21684.0,21652.29296875,258203
2021-12-28 00:00:00+00:00,2021-12-29T00:00:00+00:00,2026-09-03T11:15:03.742310+00:00,21658.0,22203.0,21658.0,21859.0,21827.037109375,1117052
2021-12-29 00:00:00+00:00,2021-12-30T00:00:00+00:00,2026-09-03T11:15:03.742310+00:00,22185.0,22273.0,21846.0,22039.0,22006.7734375,1033480
2021-12-30 00:00:00+00:00,2021-12-31T00:00:00+00:00,2026-09-03T11:15:03.742310+00:00,22300.0,22586.0,21400.0,21902.0,21869.974609375,1542448
2021-12-31 00:00:00+00:00,2022-01-01T00:00:00+00:00,2026-09-03T11:15:03.742310+00:00,21900.0,22500.0,21754.0,22500.0,22467.099609375,818750
2022-01-03 00:00:00+00:00,2022-01-04T00:00:00+00:00,2026-09-03T11:15:03.742310+00:00,22371.0,22496.0,21845.0,21845.0,21813.060546875,1110462
2022-01-04 00:00:00+00:00,2022-01-05T00:00:00+00:00,2026-09-03T11:15:03.742310+00:00,22200.0,22970.0,21950.0,22889.0,22855.533203125,1496569
2022-01-05 00:00:00+00:00,2022-01-06T00:00:00+00:00,2026-09-03T11:15:03.742310+00:00,22900.0,23184.0,22703.0,23150.0,23116.150390625,1571552
2022-01-06 00:00:00+00:00,2022-01-07T00:00:00+00:00,2026-09-03T11:15:03.742310+00:00,22515.0,23097.0,21758.0,22180.0,22147.564453125,2175750
2022-01-07 00:00:00+00:00,2022-01-08T00:00:00+00:00,2026-09-03T11:15:03.742310+00:00,22300.0,22292.0,21766.0,22009.0,21976.818359375,1090502
2022-01-10 00:00:00+00:00,2022-01-11T00:00:00+00:00,2026-09-03T11:15:03.742310+00:00,22300.0,22761.0,21942.0,22235.0,22202.490234375,1543826
2022-01-11 00:00:00+00:00,2022-01-12T00:00:00+00:00,2026-09-03T11:15:03.742310+00:00,22576.0,23479.0,22485.0,23276.0,23241.96484375,3393832
2022-01-12 00:00:00+00:00,2022-01-13T00:00:00+00:00,2026-09-03T11:15:03.742310+00:00,23205.0,24245.0,23102.0,24055.0,24019.826171875,2931420
2022-01-13 00:00:00+00:00,2022-01-14T00:00:00+00:00,2026-09-03T11:15:03.742310+00:00,24275.0,24200.0,23286.0,23329.0,23294.888671875,3000852
2022-01-14 00:00:00+00:00,2022-01-15T00:00:00+00:00,2026-09-03T11:15:03.742310+00:00,23186.0,23540.0,22270.0,22453.0,22420.16796875,1852497
2022-01-17 00:00:00+00:00,2022-01-18T00:00:00+00:00,2026-09-03T11:15:03.742310+00:00,22650.0,22743.0,22052.0,22344.0,22311.326171875,2552815
2022-01-18 00:00:00+00:00,2022-01-19T00:00:00+00:00,2026-09-03T11:15:03.742310+00:00,22490.0,22490.0,21584.0,21730.0,21698.2265625,2569860
2022-01-19 00:00:00+00:00,2022-01-20T00:00:00+00:00,2026-09-03T11:15:03.742310+00:00,21900.0,22999.0,21510.0,22999.0,22965.37109375,3458326
2022-01-20 00:00:00+00:00,2022-01-21T00:00:00+00:00,2026-09-03T11:15:03.742310+00:00,23122.0,23683.0,23117.0,23229.0,23195.033203125,2513641
2022-01-21 00:00:00+00:00,2022-01-22T00:00:00+00:00,2026-09-03T11:15:03.742310+00:00,23200.0,23259.0,22566.0,22980.0,22946.3984375,1649755
2022-01-24 00:00:00+00:00,2022-01-25T00:00:00+00:00,2026-09-03T11:15:03.742310+00:00,23350.0,23250.0,21593.0,21758.0,21726.18359375,2335643
2022-01-25 00:00:00+00:00,2022-01-26T00:00:00+00:00,2026-09-03T11:15:03.742310+00:00,21800.0,22655.0,21832.0,22300.0,22267.390625,2511163
2022-01-26 00:00:00+00:00,2022-01-27T00:00:00+00:00,2026-09-03T11:15:03.742310+00:00,22557.0,23699.0,22363.0,23634.0,23599.443359375,3093513
2022-01-27 00:00:00+00:00,2022-01-28T00:00:00+00:00,2026-09-03T11:15:03.742310+00:00,22775.0,23400.0,22400.0,22847.0,22813.59375,2563367
2022-01-28 00:00:00+00:00,2022-01-29T00:00:00+00:00,2026-09-03T11:15:03.742310+00:00,23100.0,23264.0,22115.0,22200.0,22167.541015625,2341366
2022-01-31 00:00:00+00:00,2022-02-01T00:00:00+00:00,2026-09-03T11:15:03.742310+00:00,22601.0,23549.0,22348.369140625,23413.0,23378.765625,4110131
2022-02-01 00:00:00+00:00,2022-02-02T00:00:00+00:00,2026-09-03T11:15:03.742310+00:00,23685.0,23895.0,22453.0,22713.0,22679.787109375,4579322
2022-02-02 00:00:00+00:00,2022-02-03T00:00:00+00:00,2026-09-03T11:15:03.742310+00:00,22853.0,22899.0,22300.0,22414.0,22381.228515625,2605521
2022-02-03 00:00:00+00:00,2022-02-04T00:00:00+00:00,2026-09-03T11:15:03.742310+00:00,22550.0,22800.0,22051.0,22190.0,22157.552734375,1812244
2022-02-04 00:00:00+00:00,2022-02-05T00:00:00+00:00,2026-09-03T11:15:03.742310+00:00,22210.0,22784.0,22277.0,22496.0,22463.10546875,1176992
2022-02-07 00:00:00+00:00,2022-02-08T00:00:00+00:00,2026-09-03T11:15:03.742310+00:00,22989.0,23340.0,22591.0,22766.0,22732.7109375,2317408
2022-02-08 00:00:00+00:00,2022-02-09T00:00:00+00:00,2026-09-03T11:15:03.742310+00:00,22860.0,23478.0,22778.0,22957.0,22923.4296875,2216372
2022-02-09 00:00:00+00:00,2022-02-10T00:00:00+00:00,2026-09-03T11:15:03.742310+00:00,23001.0,23439.0,22718.0,22994.0,22960.376953125,2412921
2022-02-10 00:00:00+00:00,2022-02-11T00:00:00+00:00,2026-09-03T11:15:03.742310+00:00,23411.0,23395.0,22615.0,23295.0,23260.9375,2351854
2022-02-11 00:00:00+00:00,2022-02-12T00:00:00+00:00,2026-09-03T11:15:03.742310+00:00,23400.0,23997.0,22734.0,23471.0,23436.6796875,2050310
2022-02-14 00:00:00+00:00,2022-02-15T00:00:00+00:00,2026-09-03T11:15:03.742310+00:00,23887.0,24834.0,23750.0,23927.0,23892.01171875,2907080
2022-02-15 00:00:00+00:00,2022-02-16T00:00:00+00:00,2026-09-03T11:15:03.742310+00:00,24399.0,24289.0,22939.0,23020.0,22986.33984375,2325383
2022-02-16 00:00:00+00:00,2022-02-17T00:00:00+00:00,2026-09-03T11:15:03.742310+00:00,23149.0,23927.0,23151.0,23735.0,23700.29296875,1926717
2022-02-17 00:00:00+00:00,2022-02-18T00:00:00+00:00,2026-09-03T11:15:03.742310+00:00,23900.0,24775.0,23735.0,24603.0,24567.0234375,2361588
2022-02-18 00:00:00+00:00,2022-02-19T00:00:00+00:00,2026-09-03T11:15:03.742310+00:00,24600.0,25069.0,24325.0,25028.0,24991.40234375,2165837
2022-02-21 00:00:00+00:00,2022-02-22T00:00:00+00:00,2026-09-03T11:15:03.742310+00:00,25101.0,25237.0,24400.0,24521.0,24485.14453125,1530932
2022-02-22 00:00:00+00:00,2022-02-23T00:00:00+00:00,2026-09-03T11:15:03.742310+00:00,24950.0,25470.0,24355.0,25377.0,25339.89453125,1637021
2022-02-23 00:00:00+00:00,2022-02-24T00:00:00+00:00,2026-09-03T11:15:03.742310+00:00,25400.0,25400.0,24538.0,25096.0,25059.3046875,1439243
2022-02-24 00:00:00+00:00,2022-02-25T00:00:00+00:00,2026-09-03T11:15:03.742310+00:00,25976.0,28072.0,25200.0,28000.0,27959.056640625,7491928
2022-02-25 00:00:00+00:00,2022-02-26T00:00:00+00:00,2026-09-03T11:15:03.742310+00:00,27500.0,28060.0,27103.0,27481.0,27440.818359375,4152486
2022-02-28 00:00:00+00:00,2022-03-01T00:00:00+00:00,2026-09-03T11:15:03.742310+00:00,28300.0,29464.0,27405.0,29392.0,29349.0234375,6419527
2022-03-01 00:00:00+00:00,2022-03-02T00:00:00+00:00,2026-09-03T11:15:03.742310+00:00,28600.0,29173.0,27271.0,29155.0,29112.3671875,7942288
2022-03-02 00:00:00+00:00,2022-03-03T00:00:00+00:00,2026-09-03T11:15:03.742310+00:00,28880.0,30099.0,28714.0,29276.0,29233.193359375,5437748
2022-03-03 00:00:00+00:00,2022-03-04T00:00:00+00:00,2026-09-03T11:15:03.742310+00:00,29997.0,29997.0,27300.0,27393.0,27352.9453125,3609786
2022-03-04 00:00:00+00:00,2022-03-05T00:00:00+00:00,2026-09-03T11:15:03.742310+00:00,27210.0,28291.0,25872.0,26953.0,26913.591796875,6042330
2022-03-07 00:00:00+00:00,2022-03-08T00:00:00+00:00,2026-09-03T11:15:03.742310+00:00,27760.0,30919.0,26901.0,27177.0,27137.26171875,5136791
2022-03-08 00:00:00+00:00,2022-03-09T00:00:00+00:00,2026-09-03T11:15:03.742310+00:00,28799.0,28199.0,25946.0,26119.0,26080.806640625,3694290
2022-03-09 00:00:00+00:00,2022-03-10T00:00:00+00:00,2026-09-03T11:15:03.742310+00:00,26410.0,27088.0,24260.0,25532.0,25494.666015625,5480611
2022-03-10 00:00:00+00:00,2022-03-11T00:00:00+00:00,2026-09-03T11:15:03.742310+00:00,25500.0,26005.0,24194.0,25405.0,25367.8515625,5106167
2022-03-11 00:00:00+00:00,2022-03-12T00:00:00+00:00,2026-09-03T11:15:03.742310+00:00,25600.0,25688.0,8685.0,24189.0,24153.62890625,3509503
2022-03-14 00:00:00+00:00,2022-03-15T00:00:00+00:00,2026-09-03T11:15:03.742310+00:00,23900.0,24199.0,22253.0,22818.0,22784.634765625,4167964
2022-03-15 00:00:00+00:00,2022-03-16T00:00:00+00:00,2026-09-03T11:15:03.742310+00:00,22869.0,22975.0,21618.0,22738.0,22704.751953125,4388003
2022-03-16 00:00:00+00:00,2022-03-17T00:00:00+00:00,2026-09-03T11:15:03.742310+00:00,22800.0,23894.0,22796.0,23073.0,23044.58203125,3236836
2022-03-17 00:00:00+00:00,2022-03-18T00:00:00+00:00,2026-09-03T11:15:03.742310+00:00,23500.0,24315.0,23119.0,24097.0,24067.322265625,6905662
2022-03-18 00:00:00+00:00,2022-03-19T00:00:00+00:00,2026-09-03T11:15:03.742310+00:00,24488.0,24600.0,23692.0,23964.0,23934.486328125,9276103
2022-03-22 00:00:00+00:00,2022-03-23T00:00:00+00:00,2026-09-03T11:15:03.742310+00:00,23966.0,24733.0,23730.0,23850.0,23820.625,3169459
2022-03-23 00:00:00+00:00,2022-03-24T00:00:00+00:00,2026-09-03T11:15:03.742310+00:00,24300.0,25425.0,24062.0,24440.0,24409.8984375,2166691
2022-03-24 00:00:00+00:00,2022-03-25T00:00:00+00:00,2026-09-03T11:15:03.742310+00:00,24995.0,25001.0,24149.0,24532.0,24501.78515625,2211797
2022-03-25 00:00:00+00:00,2022-03-26T00:00:00+00:00,2026-09-03T11:15:03.742310+00:00,24800.0,24798.0,22806.0,23167.0,23138.46875,2648173
2022-03-28 00:00:00+00:00,2022-03-29T00:00:00+00:00,2026-09-03T11:15:03.742310+00:00,22925.0,23182.0,21495.0,21495.0,21468.52734375,3491947
2022-03-29 00:00:00+00:00,2022-03-30T00:00:00+00:00,2026-09-03T11:15:03.742310+00:00,21677.0,21906.0,20557.0,21300.0,21273.76953125,4143050
2022-03-30 00:00:00+00:00,2022-03-31T00:00:00+00:00,2026-09-03T11:15:03.742310+00:00,21400.0,22802.0,21325.0,22723.0,22695.015625,3538880
2022-03-31 00:00:00+00:00,2022-04-01T00:00:00+00:00,2026-09-03T11:15:03.742310+00:00,22700.0,22783.0,22009.0,22503.0,22475.287109375,3630364
2022-04-01 00:00:00+00:00,2022-04-02T00:00:00+00:00,2026-09-03T11:15:03.742310+00:00,22679.0,22592.5,21990.0,22390.0,22362.423828125,3348135
2022-04-04 00:00:00+00:00,2022-04-05T00:00:00+00:00,2026-09-03T11:15:03.742310+00:00,22460.0,22855.0,22109.0,22161.0,22133.70703125,1958825
2022-04-05 00:00:00+00:00,2022-04-06T00:00:00+00:00,2026-09-03T11:15:03.742310+00:00,22162.0,22944.0,21999.0,22167.0,22139.69921875,2000784
2022-04-06 00:00:00+00:00,2022-04-07T00:00:00+00:00,2026-09-03T11:15:03.742310+00:00,22171.0,22291.0,20991.0,21260.0,21233.81640625,3593426
2022-04-07 00:00:00+00:00,2022-04-08T00:00:00+00:00,2026-09-03T11:15:03.742310+00:00,21200.0,21473.0,20706.0,21056.0,21030.068359375,2544061
2022-04-08 00:00:00+00:00,2022-04-09T00:00:00+00:00,2026-09-03T11:15:03.742310+00:00,20958.0,23513.0,20918.0,23100.0,23071.548828125,5218579
2022-04-11 00:00:00+00:00,2022-04-12T00:00:00+00:00,2026-09-03T11:15:03.742310+00:00,23302.0,23626.0,22407.0,22796.0,22767.92578125,2568228
2022-04-12 00:00:00+00:00,2022-04-13T00:00:00+00:00,2026-09-03T11:15:03.742310+00:00,22796.0,23174.0,22100.0,22360.0,22332.4609375,2271770
2022-04-13 00:00:00+00:00,2022-04-14T00:00:00+00:00,2026-09-03T11:15:03.742310+00:00,22455.0,22837.0,21824.0,21959.0,21931.955078125,2141169
2022-04-14 00:00:00+00:00,2022-04-15T00:00:00+00:00,2026-09-03T11:15:03.742310+00:00,22847.0,22394.0,21457.0,21663.0,21636.3203125,1590232
2022-04-19 00:00:00+00:00,2022-04-20T00:00:00+00:00,2026-09-03T11:15:03.742310+00:00,22399.0,22515.0,21787.0,21787.0,21760.166015625,2202644
2022-04-20 00:00:00+00:00,2022-04-21T00:00:00+00:00,2026-09-03T11:15:03.742310+00:00,21830.0,22102.0,21114.0,21986.0,21958.921875,1797954
2022-04-21 00:00:00+00:00,2022-04-22T00:00:00+00:00,2026-09-03T11:15:03.742310+00:00,21801.0,22494.0,21544.0,22235.0,22207.615234375,2964204
2022-04-22 00:00:00+00:00,2022-04-23T00:00:00+00:00,2026-09-03T11:15:03.742310+00:00,22126.0,22064.0,20282.0,20359.0,20333.923828125,4345782
2022-04-25 00:00:00+00:00,2022-04-26T00:00:00+00:00,2026-09-03T11:15:03.742310+00:00,20000.0,20454.0,19137.0,19158.0,19134.40625,4824301
2022-04-26 00:00:00+00:00,2022-04-27T00:00:00+00:00,2026-09-03T11:15:03.742310+00:00,19900.0,20209.0,19356.0,19530.0,19505.947265625,3793591
2022-04-28 00:00:00+00:00,2022-04-29T00:00:00+00:00,2026-09-03T11:15:03.742310+00:00,19225.0,20231.0,19153.0,20077.0,20052.2734375,3820119
2022-04-29 00:00:00+00:00,2022-04-30T00:00:00+00:00,2026-09-03T11:15:03.742310+00:00,20475.0,20967.0,20077.0,20621.0,20595.603515625,4188927
2022-05-03 00:00:00+00:00,2022-05-04T00:00:00+00:00,2026-09-03T11:15:03.742310+00:00,20500.0,21352.0,20230.0,21145.0,21118.95703125,3038146
2022-05-04 00:00:00+00:00,2022-05-05T00:00:00+00:00,2026-09-03T11:15:03.742310+00:00,21359.0,21342.0,20230.0,20285.0,20260.017578125,1563467
2022-05-05 00:00:00+00:00,2022-05-06T00:00:00+00:00,2026-09-03T11:15:03.742310+00:00,20700.0,20781.0,19653.0,19799.0,19774.615234375,1851060
2022-05-06 00:00:00+00:00,2022-05-07T00:00:00+00:00,2026-09-03T11:15:03.742310+00:00,19740.0,19740.0,18346.0,18692.0,18668.98046875,2616937
2022-05-09 00:00:00+00:00,2022-05-10T00:00:00+00:00,2026-09-03T11:15:03.742310+00:00,18500.0,18984.0,18139.0,18665.0,18642.013671875,2255081
2022-05-10 00:00:00+00:00,2022-05-11T00:00:00+00:00,2026-09-03T11:15:03.742310+00:00,19089.0,19372.0,18210.0,18295.0,18272.46484375,3945117
2022-05-11 00:00:00+00:00,2022-05-12T00:00:00+00:00,2026-09-03T11:15:03.742310+00:00,18800.0,19179.0,18277.0,18834.0,18810.8046875,3468718
2022-05-12 00:00:00+00:00,2022-05-13T00:00:00+00:00,2026-09-03T11:15:03.742310+00:00,18010.0,18212.0,17107.0,17993.0,17970.83984375,4157820
2022-05-13 00:00:00+00:00,2022-05-14T00:00:00+00:00,2026-09-03T11:15:03.742310+00:00,17850.0,19882.0,17850.0,19857.0,19832.54296875,3260835
2022-05-16 00:00:00+00:00,2022-05-17T00:00:00+00:00,2026-09-03T11:15:03.742310+00:00,19650.0,20095.0,19258.0,19993.0,19968.376953125,2269036
2022-05-17 00:00:00+00:00,2022-05-18T00:00:00+00:00,2026-09-03T11:15:03.742310+00:00,20300.0,20544.0,19876.0,19910.0,19885.478515625,2288654
2022-05-18 00:00:00+00:00,2022-05-19T00:00:00+00:00,2026-09-03T11:15:03.742310+00:00,20256.0,20294.0,19252.0,19399.0,19375.109375,2433730
2022-05-19 00:00:00+00:00,2022-05-20T00:00:00+00:00,2026-09-03T11:15:03.742310+00:00,19000.0,19300.0,18610.0,18880.0,18856.748046875,3005803
2022-05-20 00:00:00+00:00,2022-05-21T00:00:00+00:00,2026-09-03T11:15:03.742310+00:00,18918.0,20100.0,19043.0,19433.0,19409.068359375,5723910
2022-05-23 00:00:00+00:00,2022-05-24T00:00:00+00:00,2026-09-03T11:15:03.742310+00:00,19301.0,21220.0,19359.5,20602.0,20576.62890625,3147606
2022-05-24 00:00:00+00:00,2022-05-25T00:00:00+00:00,2026-09-03T11:15:03.742310+00:00,20326.0,20552.0,20020.0,20315.0,20289.978515625,2269096
2022-05-25 00:00:00+00:00,2022-05-26T00:00:00+00:00,2026-09-03T11:15:03.742310+00:00,20350.0,20600.0,19657.0,20091.0,20066.255859375,3299510
2022-05-26 00:00:00+00:00,2022-05-27T00:00:00+00:00,2026-09-03T11:15:03.742310+00:00,20000.0,21497.0,19919.0,21359.0,21332.693359375,2868486
2022-05-27 00:00:00+00:00,2022-05-28T00:00:00+00:00,2026-09-03T11:15:03.742310+00:00,21349.0,21498.0,20980.0,21269.0,21242.8046875,2966826
2022-05-30 00:00:00+00:00,2022-05-31T00:00:00+00:00,2026-09-03T11:15:03.742310+00:00,21408.0,21930.0,21050.0,21542.0,21515.46875,2768530
2022-05-31 00:00:00+00:00,2022-06-01T00:00:00+00:00,2026-09-03T11:15:03.742310+00:00,22000.0,21970.0,21269.0,21403.0,21376.640625,10591547
2022-06-01 00:00:00+00:00,2022-06-02T00:00:00+00:00,2026-09-03T11:15:03.742310+00:00,21599.0,21328.0,20451.0,20777.0,20751.41015625,2245912
2022-06-02 00:00:00+00:00,2022-06-03T00:00:00+00:00,2026-09-03T11:15:03.742310+00:00,20723.0,21743.0,20968.0,21432.0,21405.6015625,2085725
2022-06-03 00:00:00+00:00,2022-06-04T00:00:00+00:00,2026-09-03T11:15:03.742310+00:00,21746.0,21875.0,20344.0,20400.0,20374.876953125,1751362
2022-06-06 00:00:00+00:00,2022-06-07T00:00:00+00:00,2026-09-03T11:15:03.742310+00:00,20700.0,20700.0,19900.0,20107.0,20082.236328125,1496446
2022-06-07 00:00:00+00:00,2022-06-08T00:00:00+00:00,2026-09-03T11:15:03.742310+00:00,19990.0,20072.0,19001.0,19388.0,19364.12109375,3413285
2022-06-08 00:00:00+00:00,2022-06-09T00:00:00+00:00,2026-09-03T11:15:03.742310+00:00,19788.0,19716.0,18873.0,19017.0,18993.578125,1879395
2022-06-09 00:00:00+00:00,2022-06-10T00:00:00+00:00,2026-09-03T11:15:03.742310+00:00,19069.0,19069.0,18199.0,18367.0,18344.37890625,3682512
2022-06-10 00:00:00+00:00,2022-06-11T00:00:00+00:00,2026-09-03T11:15:03.742310+00:00,18426.0,18390.0,17369.0,17908.0,17885.943359375,3188016
2022-06-13 00:00:00+00:00,2022-06-14T00:00:00+00:00,2026-09-03T11:15:03.742310+00:00,17414.0,18000.0,16800.0,17102.0,17080.9375,3034190
2022-06-14 00:00:00+00:00,2022-06-15T00:00:00+00:00,2026-09-03T11:15:03.742310+00:00,17600.0,17639.0,16816.0,16976.0,16955.08984375,2682816
2022-06-15 00:00:00+00:00,2022-06-16T00:00:00+00:00,2026-09-03T11:15:03.742310+00:00,17289.0,18021.0,16931.0,18020.0,17997.806640625,7416816
2022-06-17 00:00:00+00:00,2022-06-18T00:00:00+00:00,2026-09-03T11:15:03.742310+00:00,19000.0,19118.0,17807.0,18227.0,18204.55078125,5988572
2022-06-20 00:00:00+00:00,2022-06-21T00:00:00+00:00,2026-09-03T11:15:03.742310+00:00,18301.0,18304.0,17319.0,17500.0,17478.447265625,3477395
2022-06-21 00:00:00+00:00,2022-06-22T00:00:00+00:00,2026-09-03T11:15:03.742310+00:00,17510.0,17939.0,17400.0,17928.0,17905.921875,2011540
2022-06-22 00:00:00+00:00,2022-06-23T00:00:00+00:00,2026-09-03T11:15:03.742310+00:00,17690.0,17690.0,17171.0,17542.0,17520.39453125,1869335
2022-06-23 00:00:00+00:00,2022-06-24T00:00:00+00:00,2026-09-03T11:15:03.742310+00:00,17629.0,17753.0,17063.0,17488.0,17466.462890625,3114808
2022-06-24 00:00:00+00:00,2022-06-25T00:00:00+00:00,2026-09-03T11:15:03.742310+00:00,17266.0,18133.0,17293.0,17946.0,17923.896484375,2299216
2022-06-27 00:00:00+00:00,2022-06-28T00:00:00+00:00,2026-09-03T11:15:03.742310+00:00,18258.0,18732.0,17723.0,17843.0,17821.025390625,1521755
2022-06-28 00:00:00+00:00,2022-06-29T00:00:00+00:00,2026-09-03T11:15:03.742310+00:00,17900.0,18502.0,17932.0,18100.0,18077.70703125,1898244
2022-06-29 00:00:00+00:00,2022-06-30T00:00:00+00:00,2026-09-03T11:15:03.742310+00:00,18220.0,18651.0,17562.0,17902.0,17879.953125,3744649
2022-06-30 00:00:00+00:00,2022-07-01T00:00:00+00:00,2026-09-03T11:15:03.742310+00:00,17620.0,18416.0,17492.0,18114.0,18091.693359375,4575601
2022-07-01 00:00:00+00:00,2022-07-02T00:00:00+00:00,2026-09-03T11:15:03.742310+00:00,17574.0,17965.0,17300.0,17480.0,17458.47265625,3162243
2022-07-04 00:00:00+00:00,2022-07-05T00:00:00+00:00,2026-09-03T11:15:03.742310+00:00,17600.0,18799.0,17573.0,18500.0,18477.21484375,2073656
2022-07-05 00:00:00+00:00,2022-07-06T00:00:00+00:00,2026-09-03T11:15:03.742310+00:00,18510.0,18745.0,17590.0,17726.0,17704.169921875,2032569
2022-07-06 00:00:00+00:00,2022-07-07T00:00:00+00:00,2026-09-03T11:15:03.742310+00:00,18048.0,18529.0,17875.0,18067.0,18044.75,1823612
2022-07-07 00:00:00+00:00,2022-07-08T00:00:00+00:00,2026-09-03T11:15:03.742310+00:00,17981.0,18500.0,17675.0,18150.0,18127.646484375,1625487
2022-07-08 00:00:00+00:00,2022-07-09T00:00:00+00:00,2026-09-03T11:15:03.742310+00:00,18089.0,19100.0,17729.0,19040.0,19016.55078125,2535275
2022-07-11 00:00:00+00:00,2022-07-12T00:00:00+00:00,2026-09-03T11:15:03.742310+00:00,18184.0,18449.0,17686.0,17997.0,17974.8359375,2423247
2022-07-12 00:00:00+00:00,2022-07-13T00:00:00+00:00,2026-09-03T11:15:03.742310+00:00,18000.0,17979.0,16920.0,17101.0,17079.939453125,2805688
2022-07-13 00:00:00+00:00,2022-07-14T00:00:00+00:00,2026-09-03T11:15:03.742310+00:00,17130.0,17135.0,15985.0,16325.0,16304.8935546875,3959098
2022-07-14 00:00:00+00:00,2022-07-15T00:00:00+00:00,2026-09-03T11:15:03.742310+00:00,16405.0,16405.0,15061.0,15251.0,15232.2177734375,2682370
2022-07-15 00:00:00+00:00,2022-07-16T00:00:00+00:00,2026-09-03T11:15:03.742310+00:00,15300.0,15500.0,14680.0,15225.0,15206.2490234375,4036295
2022-07-18 00:00:00+00:00,2022-07-19T00:00:00+00:00,2026-09-03T11:15:03.742310+00:00,15650.0,16139.0,15593.0,15880.0,15860.4423828125,3433683
2022-07-19 00:00:00+00:00,2022-07-20T00:00:00+00:00,2026-09-03T11:15:03.742310+00:00,15651.0,15859.0,15325.0,15684.0,15664.68359375,5373787
2022-07-20 00:00:00+00:00,2022-07-21T00:00:00+00:00,2026-09-03T11:15:03.742310+00:00,15801.0,16047.0,15368.0,15650.0,15630.724609375,2359827
2022-07-21 00:00:00+00:00,2022-07-22T00:00:00+00:00,2026-09-03T11:15:03.742310+00:00,15377.0,15886.0,15075.0,15800.0,15780.541015625,3458610
2022-07-22 00:00:00+00:00,2022-07-23T00:00:00+00:00,2026-09-03T11:15:03.742310+00:00,16200.0,17156.0,16180.0,17127.0,17105.90625,5476110
2022-07-25 00:00:00+00:00,2022-07-26T00:00:00+00:00,2026-09-03T11:15:03.742310+00:00,16899.0,17269.0,16497.0,17108.0,17086.9296875,3441601
2022-07-26 00:00:00+00:00,2022-07-27T00:00:00+00:00,2026-09-03T11:15:03.742310+00:00,17120.0,17650.0,17062.0,17579.0,17557.349609375,2537164
2022-07-27 00:00:00+00:00,2022-07-28T00:00:00+00:00,2026-09-03T11:15:03.742310+00:00,17747.0,17767.0,17475.0,17642.0,17620.271484375,2049064
2022-07-28 00:00:00+00:00,2022-07-29T00:00:00+00:00,2026-09-03T11:15:03.742310+00:00,17852.0,18285.0,17590.0,17667.0,17645.2421875,2630873
2022-07-29 00:00:00+00:00,2022-07-30T00:00:00+00:00,2026-09-03T11:15:03.742310+00:00,18041.0,18455.0,17726.0,18455.0,18432.271484375,4560923
2022-08-01 00:00:00+00:00,2022-08-02T00:00:00+00:00,2026-09-03T11:15:03.742310+00:00,18477.0,19479.0,18278.0,18786.0,18762.86328125,3795508
2022-08-02 00:00:00+00:00,2022-08-03T00:00:00+00:00,2026-09-03T11:15:03.742310+00:00,18900.0,18985.0,18013.0,18528.0,18505.181640625,2424163
2022-08-03 00:00:00+00:00,2022-08-04T00:00:00+00:00,2026-09-03T11:15:03.742310+00:00,18158.0,18571.0,18043.0,18200.0,18177.583984375,1758005
2022-08-04 00:00:00+00:00,2022-08-05T00:00:00+00:00,2026-09-03T11:15:03.742310+00:00,18030.0,18480.0,17530.0,17830.0,17808.0390625,2946346
2022-08-05 00:00:00+00:00,2022-08-06T00:00:00+00:00,2026-09-03T11:15:03.742310+00:00,18200.0,18261.0,17603.0,18171.0,18148.62109375,2066650
2022-08-08 00:00:00+00:00,2022-08-09T00:00:00+00:00,2026-09-03T11:15:03.742310+00:00,17800.0,19277.0,17893.0,19025.0,19001.5703125,1720996
2022-08-10 00:00:00+00:00,2022-08-11T00:00:00+00:00,2026-09-03T11:15:03.742310+00:00,18800.0,19551.0,18575.0,19200.0,19176.353515625,2416871
2022-08-11 00:00:00+00:00,2022-08-12T00:00:00+00:00,2026-09-03T11:15:03.742310+00:00,19400.0,20393.0,19174.0,20100.0,20075.2421875,2964508
2022-08-12 00:00:00+00:00,2022-08-13T00:00:00+00:00,2026-09-03T11:15:03.742310+00:00,20139.0,20139.0,19357.0,19386.0,19362.123046875,1508989
2022-08-15 00:00:00+00:00,2022-08-16T00:00:00+00:00,2026-09-03T11:15:03.742310+00:00,19952.0,19650.0,18665.0,18752.0,18728.90625,2229799
2022-08-16 00:00:00+00:00,2022-08-17T00:00:00+00:00,2026-09-03T11:15:03.742310+00:00,18600.0,19467.0,18712.0,19238.0,19214.306640625,2443049
2022-08-17 00:00:00+00:00,2022-08-18T00:00:00+00:00,2026-09-03T11:15:03.742310+00:00,19250.0,19374.0,18800.0,18968.0,18944.638671875,1060787
2022-08-18 00:00:00+00:00,2022-08-19T00:00:00+00:00,2026-09-03T11:15:03.742310+00:00,19000.0,18965.0,18339.0,18817.0,18793.826171875,1513462
2022-08-19 00:00:00+00:00,2022-08-20T00:00:00+00:00,2026-09-03T11:15:03.742310+00:00,19168.0,18869.0,17580.0,17764.0,17742.12109375,2216198
2022-08-22 00:00:00+00:00,2022-08-23T00:00:00+00:00,2026-09-03T11:15:03.742310+00:00,17608.0,17761.0,17133.0,17460.0,17438.498046875,1621073
2022-08-23 00:00:00+00:00,2022-08-24T00:00:00+00:00,2026-09-03T11:15:03.742310+00:00,17251.0,18168.0,17332.0,17908.0,17885.943359375,1198250
2022-08-24 00:00:00+00:00,2022-08-25T00:00:00+00:00,2026-09-03T11:15:03.742310+00:00,17690.0,18717.0,17690.0,18096.0,18073.7109375,1589792
2022-08-25 00:00:00+00:00,2022-08-26T00:00:00+00:00,2026-09-03T11:15:03.742310+00:00,18557.0,18803.0,18192.0,18750.0,18726.908203125,1846973
2022-08-26 00:00:00+00:00,2022-08-27T00:00:00+00:00,2026-09-03T11:15:03.742310+00:00,18622.0,19314.0,18610.0,18954.0,18930.658203125,1408812
2022-08-29 00:00:00+00:00,2022-08-30T00:00:00+00:00,2026-09-03T11:15:03.742310+00:00,18400.0,18768.0,17895.0,18511.0,18488.203125,1397821
2022-08-30 00:00:00+00:00,2022-08-31T00:00:00+00:00,2026-09-03T11:15:03.742310+00:00,18895.0,18728.0,17625.0,17717.0,17695.177734375,1245536
2022-08-31 00:00:00+00:00,2022-09-01T00:00:00+00:00,2026-09-03T11:15:03.742310+00:00,18070.0,18386.0,17812.0,18038.0,18015.78515625,4070113
2022-09-01 00:00:00+00:00,2022-09-02T00:00:00+00:00,2026-09-03T11:15:03.742310+00:00,17900.0,18059.0,16115.0,16920.0,16899.16015625,4666775
2022-09-02 00:00:00+00:00,2022-09-03T00:00:00+00:00,2026-09-03T11:15:03.742310+00:00,17053.0,17868.0,16560.0,17819.0,17797.0546875,3325966
2022-09-05 00:00:00+00:00,2022-09-06T00:00:00+00:00,2026-09-03T11:15:03.742310+00:00,17820.0,18742.0,17505.0,18305.0,18282.455078125,1823107
2022-09-06 00:00:00+00:00,2022-09-07T00:00:00+00:00,2026-09-03T11:15:03.742310+00:00,18760.0,18818.0,18068.0,18390.0,18367.349609375,1778212
2022-09-07 00:00:00+00:00,2022-09-08T00:00:00+00:00,2026-09-03T11:15:03.742310+00:00,18143.0,18806.0,17962.0,18521.0,18498.1875,2316285
2022-09-08 00:00:00+00:00,2022-09-09T00:00:00+00:00,2026-09-03T11:15:03.742310+00:00,18301.0,19163.0,18345.0,19163.0,19139.3984375,3418358
2022-09-09 00:00:00+00:00,2022-09-10T00:00:00+00:00,2026-09-03T11:15:03.742310+00:00,18900.0,20125.0,19100.0,19180.0,19156.37890625,4308971
2022-09-12 00:00:00+00:00,2022-09-13T00:00:00+00:00,2026-09-03T11:15:03.742310+00:00,19197.0,20000.0,19150.0,19795.0,19770.62109375,2153923
2022-09-13 00:00:00+00:00,2022-09-14T00:00:00+00:00,2026-09-03T11:15:03.742310+00:00,19305.0,20183.0,19111.0,19348.0,19324.171875,2564309
2022-09-14 00:00:00+00:00,2022-09-15T00:00:00+00:00,2026-09-03T11:15:03.742310+00:00,19201.0,19874.0,18941.0,19800.0,19775.615234375,2563571
2022-09-15 00:00:00+00:00,2022-09-16T00:00:00+00:00,2026-09-03T11:15:03.742310+00:00,19895.0,20047.0,19350.0,19613.0,19588.845703125,7084314
2022-09-16 00:00:00+00:00,2022-09-17T00:00:00+00:00,2026-09-03T11:15:03.742310+00:00,19467.0,19358.0,18790.0,19162.0,19138.3984375,7530061
2022-09-19 00:00:00+00:00,2022-09-20T00:00:00+00:00,2026-09-03T11:15:03.742310+00:00,19162.0,19296.0,18414.0,19202.0,19178.349609375,1467291
2022-09-20 00:00:00+00:00,2022-09-21T00:00:00+00:00,2026-09-03T11:15:03.742310+00:00,19465.0,19600.0,18820.0,19043.0,19019.548828125,3404776
2022-09-21 00:00:00+00:00,2022-09-22T00:00:00+00:00,2026-09-03T11:15:03.742310+00:00,18230.0,18759.0,17813.0,18051.0,18038.71484375,3297003
2022-09-22 00:00:00+00:00,2022-09-23T00:00:00+00:00,2026-09-03T11:15:03.742310+00:00,17969.0,17971.0,17273.0,17625.0,17613.00390625,2983348
2022-09-23 00:00:00+00:00,2022-09-24T00:00:00+00:00,2026-09-03T11:15:03.742310+00:00,17625.0,17721.0,15986.0,16200.0,16188.9755859375,3574482
2022-09-26 00:00:00+00:00,2022-09-27T00:00:00+00:00,2026-09-03T11:15:03.742310+00:00,16100.0,16104.0,15500.0,15930.0,15919.1572265625,4068361
2022-09-27 00:00:00+00:00,2022-09-28T00:00:00+00:00,2026-09-03T11:15:03.742310+00:00,16200.0,16099.5,15510.0,15975.0,15964.1279296875,5281393
2022-09-28 00:00:00+00:00,2022-09-29T00:00:00+00:00,2026-09-03T11:15:03.742310+00:00,15875.0,16110.0,15355.0,15995.0,15984.11328125,4779193
2022-09-29 00:00:00+00:00,2022-09-30T00:00:00+00:00,2026-09-03T11:15:03.742310+00:00,15990.0,16750.0,15430.0,16395.0,16383.84375,8558315
2022-09-30 00:00:00+00:00,2022-10-01T00:00:00+00:00,2026-09-03T11:15:03.742310+00:00,16629.0,17148.0,16544.0,16967.0,16955.451171875,7429158
2022-10-03 00:00:00+00:00,2022-10-04T00:00:00+00:00,2026-09-03T11:15:03.742310+00:00,17171.0,17171.0,16421.0,17000.0,16988.427734375,3679197
2022-10-04 00:00:00+00:00,2022-10-05T00:00:00+00:00,2026-09-03T11:15:03.742310+00:00,17580.0,18469.0,17150.0,18300.0,18287.544921875,9221775
2022-10-05 00:00:00+00:00,2022-10-06T00:00:00+00:00,2026-09-03T11:15:03.742310+00:00,18200.0,18647.0,18002.0,18388.0,18375.48828125,2873943
2022-10-06 00:00:00+00:00,2022-10-07T00:00:00+00:00,2026-09-03T11:15:03.742310+00:00,18505.0,18858.0,18132.0,18699.0,18686.2734375,1873365
2022-10-07 00:00:00+00:00,2022-10-08T00:00:00+00:00,2026-09-03T11:15:03.742310+00:00,18579.0,18856.0,17723.0,18072.0,18059.701171875,2533264
2022-10-10 00:00:00+00:00,2022-10-11T00:00:00+00:00,2026-09-03T11:15:03.742310+00:00,17767.0,17970.0,17331.0,17584.0,17572.033203125,2076291
2022-10-11 00:00:00+00:00,2022-10-12T00:00:00+00:00,2026-09-03T11:15:03.742310+00:00,17450.0,18087.0,17281.0,17700.0,17687.955078125,2331363
2022-10-12 00:00:00+00:00,2022-10-13T00:00:00+00:00,2026-09-03T11:15:03.742310+00:00,17700.0,17849.0,17480.0,17595.0,17583.025390625,1421452
2022-10-13 00:00:00+00:00,2022-10-14T00:00:00+00:00,2026-09-03T11:15:03.742310+00:00,17575.0,17872.0,17185.0,17496.0,17484.091796875,2541838
2022-10-14 00:00:00+00:00,2022-10-15T00:00:00+00:00,2026-09-03T11:15:03.742310+00:00,18047.0,18514.0,17306.0,17483.0,17471.099609375,1865167
2022-10-17 00:00:00+00:00,2022-10-18T00:00:00+00:00,2026-09-03T11:15:03.742310+00:00,17400.0,18181.0,17281.0,18181.0,18168.625,1785134
2022-10-18 00:00:00+00:00,2022-10-19T00:00:00+00:00,2026-09-03T11:15:03.742310+00:00,18270.0,18296.0,17542.0,17746.0,17733.923828125,1351539
2022-10-19 00:00:00+00:00,2022-10-20T00:00:00+00:00,2026-09-03T11:15:03.742310+00:00,17510.0,17699.0,16611.0,17170.0,17158.314453125,2379120
2022-10-20 00:00:00+00:00,2022-10-21T00:00:00+00:00,2026-09-03T11:15:03.742310+00:00,17049.0,17505.0,16574.0,17394.0,17382.1640625,3260183
2022-10-21 00:00:00+00:00,2022-10-22T00:00:00+00:00,2026-09-03T11:15:03.742310+00:00,17001.0,17747.0,16807.0,17516.0,17504.078125,1086002
2022-10-24 00:00:00+00:00,2022-10-25T00:00:00+00:00,2026-09-03T11:15:03.742310+00:00,17747.0,17890.0,17430.0,17674.0,17661.970703125,1409249
2022-10-25 00:00:00+00:00,2022-10-26T00:00:00+00:00,2026-09-03T11:15:03.742310+00:00,17430.0,17929.0,17066.0,17553.0,17541.0546875,1841016
2022-10-26 00:00:00+00:00,2022-10-27T00:00:00+00:00,2026-09-03T11:15:03.742310+00:00,17888.0,18728.0,17675.0,18728.0,18715.251953125,3269275
2022-10-27 00:00:00+00:00,2022-10-28T00:00:00+00:00,2026-09-03T11:15:03.742310+00:00,18585.0,18798.0,18100.0,18700.0,18687.2734375,3407371
2022-10-28 00:00:00+00:00,2022-10-29T00:00:00+00:00,2026-09-03T11:15:03.742310+00:00,18623.0,19184.0,18306.0,18729.0,18716.251953125,3012314
2022-10-31 00:00:00+00:00,2022-11-01T00:00:00+00:00,2026-09-03T11:15:03.742310+00:00,18321.0,19065.0,18404.0,18810.0,18797.19921875,2408947
2022-11-01 00:00:00+00:00,2022-11-02T00:00:00+00:00,2026-09-03T11:15:03.742310+00:00,18900.0,19695.0,18924.0,19024.0,19011.052734375,2287205
2022-11-02 00:00:00+00:00,2022-11-03T00:00:00+00:00,2026-09-03T11:15:03.742310+00:00,19000.0,20200.0,18913.0,19933.0,19919.43359375,2864247
2022-11-03 00:00:00+00:00,2022-11-04T00:00:00+00:00,2026-09-03T11:15:03.742310+00:00,19673.0,19617.0,18700.0,18870.0,18857.158203125,4278245
2022-11-04 00:00:00+00:00,2022-11-05T00:00:00+00:00,2026-09-03T11:15:03.742310+00:00,19100.0,20228.0,18838.0,20228.0,20214.234375,3140324
2022-11-07 00:00:00+00:00,2022-11-08T00:00:00+00:00,2026-09-03T11:15:03.742310+00:00,19667.0,20433.0,19600.0,20383.0,20369.126953125,2442431
2022-11-08 00:00:00+00:00,2022-11-09T00:00:00+00:00,2026-09-03T11:15:03.742310+00:00,20200.0,20372.0,19637.0,20148.0,20134.287109375,1721303
2022-11-09 00:00:00+00:00,2022-11-10T00:00:00+00:00,2026-09-03T11:15:03.742310+00:00,20607.0,20800.0,19868.0,20144.0,20130.291015625,2786355
2022-11-10 00:00:00+00:00,2022-11-11T00:00:00+00:00,2026-09-03T11:15:03.742310+00:00,20200.0,20925.0,19321.0,20694.0,20679.916015625,3200740
2022-11-11 00:00:00+00:00,2022-11-12T00:00:00+00:00,2026-09-03T11:15:03.742310+00:00,20887.0,21390.0,20401.0,20500.0,20486.046875,3872555
2022-11-14 00:00:00+00:00,2022-11-15T00:00:00+00:00,2026-09-03T11:15:03.742310+00:00,20050.0,20663.0,19855.0,20211.0,20197.24609375,3696368
2022-11-15 00:00:00+00:00,2022-11-16T00:00:00+00:00,2026-09-03T11:15:03.742310+00:00,20312.0,20827.0,20026.0,20413.0,20399.109375,3172834
2022-11-16 00:00:00+00:00,2022-11-17T00:00:00+00:00,2026-09-03T11:15:03.742310+00:00,20400.0,20748.0,19617.0,19750.0,19736.55859375,3307751
2022-11-17 00:00:00+00:00,2022-11-18T00:00:00+00:00,2026-09-03T11:15:03.742310+00:00,19958.0,20132.0,19553.0,19836.0,19822.5,2455053
2022-11-18 00:00:00+00:00,2022-11-19T00:00:00+00:00,2026-09-03T11:15:03.742310+00:00,20100.0,20400.0,19647.0,19852.0,19838.48828125,1878584
2022-11-21 00:00:00+00:00,2022-11-22T00:00:00+00:00,2026-09-03T11:15:03.742310+00:00,19907.0,19900.0,19337.0,19572.0,19558.677734375,2226925
2022-11-22 00:00:00+00:00,2022-11-23T00:00:00+00:00,2026-09-03T11:15:03.742310+00:00,19601.0,19888.0,19525.0,19671.0,19657.61328125,1613856
2022-11-23 00:00:00+00:00,2022-11-24T00:00:00+00:00,2026-09-03T11:15:03.742310+00:00,19906.0,20436.0,19905.0,20277.0,20263.201171875,2139134
2022-11-24 00:00:00+00:00,2022-11-25T00:00:00+00:00,2026-09-03T11:15:03.742310+00:00,20276.0,20603.0,19980.0,20348.0,20334.150390625,1826827
2022-11-25 00:00:00+00:00,2022-11-26T00:00:00+00:00,2026-09-03T11:15:03.742310+00:00,19915.0,20348.0,19500.0,20078.0,20064.333984375,2645381
2022-11-28 00:00:00+00:00,2022-11-29T00:00:00+00:00,2026-09-03T11:15:03.742310+00:00,19954.0,20481.0,19726.0,20300.0,20286.18359375,2231582
2022-11-29 00:00:00+00:00,2022-11-30T00:00:00+00:00,2026-09-03T11:15:03.742310+00:00,20500.0,20662.0,20076.0,20145.0,20131.291015625,2027577
2022-11-30 00:00:00+00:00,2022-12-01T00:00:00+00:00,2026-09-03T11:15:03.742310+00:00,20400.0,29065.0,20397.0,20965.0,20950.732421875,7925432
2022-12-01 00:00:00+00:00,2022-12-02T00:00:00+00:00,2026-09-03T11:15:03.742310+00:00,20910.0,21623.0,20617.0,21081.0,21066.650390625,3180471
2022-12-02 00:00:00+00:00,2022-12-03T00:00:00+00:00,2026-09-03T11:15:03.742310+00:00,21400.0,21300.0,20200.0,20757.0,20742.873046875,2668293
2022-12-05 00:00:00+00:00,2022-12-06T00:00:00+00:00,2026-09-03T11:15:03.742310+00:00,20711.0,21089.0,20642.0,20685.0,20670.921875,1843697
2022-12-06 00:00:00+00:00,2022-12-07T00:00:00+00:00,2026-09-03T11:15:03.742310+00:00,20555.0,21010.0,20403.0,20653.0,20638.943359375,2302759
2022-12-07 00:00:00+00:00,2022-12-08T00:00:00+00:00,2026-09-03T11:15:03.742310+00:00,20890.0,21023.0,20076.0,20924.0,20909.759765625,2335222
2022-12-08 00:00:00+00:00,2022-12-09T00:00:00+00:00,2026-09-03T11:15:03.742310+00:00,20791.0,21370.0,20682.0,21206.0,21191.568359375,1566812
2022-12-09 00:00:00+00:00,2022-12-10T00:00:00+00:00,2026-09-03T11:15:03.742310+00:00,21312.0,21720.0,20960.0,21406.0,21391.43359375,1737445
2022-12-12 00:00:00+00:00,2022-12-13T00:00:00+00:00,2026-09-03T11:15:03.742310+00:00,21150.0,21755.0,20929.0,21420.0,21405.419921875,2416002
2022-12-13 00:00:00+00:00,2022-12-14T00:00:00+00:00,2026-09-03T11:15:03.742310+00:00,21390.0,22221.0,21297.0,22098.0,22082.9609375,2487709
2022-12-14 00:00:00+00:00,2022-12-15T00:00:00+00:00,2026-09-03T11:15:03.742310+00:00,22000.0,22239.0,20901.0,21085.0,21070.650390625,3377399
2022-12-15 00:00:00+00:00,2022-12-16T00:00:00+00:00,2026-09-03T11:15:03.742310+00:00,20839.0,21265.0,20250.0,20696.0,20681.916015625,11184453
2022-12-19 00:00:00+00:00,2022-12-20T00:00:00+00:00,2026-09-03T11:15:03.742310+00:00,20410.0,20946.0,20331.0,20821.0,20806.828125,1480017
2022-12-20 00:00:00+00:00,2022-12-21T00:00:00+00:00,2026-09-03T11:15:03.742310+00:00,20696.0,20696.0,20025.0,20467.0,20453.0703125,1288159
2022-12-21 00:00:00+00:00,2022-12-22T00:00:00+00:00,2026-09-03T11:15:03.742310+00:00,20500.0,21310.0,20535.0,21268.0,21253.525390625,903234
2022-12-22 00:00:00+00:00,2022-12-23T00:00:00+00:00,2026-09-03T11:15:03.742310+00:00,21450.0,21481.0,20850.0,20905.0,20890.771484375,1079780
2022-12-23 00:00:00+00:00,2022-12-24T00:00:00+00:00,2026-09-03T11:15:03.742310+00:00,20750.0,21173.0,20833.0,21001.0,20986.70703125,570928
2022-12-28 00:00:00+00:00,2022-12-29T00:00:00+00:00,2026-09-03T11:15:03.742310+00:00,21101.0,21989.0,21255.0,21898.0,21883.09765625,1358190
2022-12-29 00:00:00+00:00,2022-12-30T00:00:00+00:00,2026-09-03T11:15:03.742310+00:00,21900.0,21900.0,21145.0,21529.0,21514.34765625,931011
2022-12-30 00:00:00+00:00,2022-12-31T00:00:00+00:00,2026-09-03T11:15:03.742310+00:00,21450.0,21466.0,21129.0,21314.0,21299.4921875,719361
2023-01-03 00:00:00+00:00,2023-01-04T00:00:00+00:00,2026-09-03T11:15:03.742310+00:00,21453.0,21821.0,21284.0,21551.0,21536.33203125,1155877
2023-01-04 00:00:00+00:00,2023-01-05T00:00:00+00:00,2026-09-03T11:15:03.742310+00:00,21565.0,21895.0,21017.0,21222.0,21207.556640625,1939262
2023-01-05 00:00:00+00:00,2023-01-06T00:00:00+00:00,2026-09-03T11:15:03.742310+00:00,21833.0,22278.0,21332.0,21815.0,21800.15234375,1863376
2023-01-06 00:00:00+00:00,2023-01-07T00:00:00+00:00,2026-09-03T11:15:03.742310+00:00,21500.0,22645.0,21850.0,22529.0,22513.666015625,1616538
2023-01-09 00:00:00+00:00,2023-01-10T00:00:00+00:00,2026-09-03T11:15:03.742310+00:00,22549.0,23739.0,22516.0,23170.0,23154.23046875,2937915
2023-01-10 00:00:00+00:00,2023-01-11T00:00:00+00:00,2026-09-03T11:15:03.742310+00:00,23477.0,23399.0,22900.0,23243.0,23227.181640625,2486494
2023-01-11 00:00:00+00:00,2023-01-12T00:00:00+00:00,2026-09-03T11:15:03.742310+00:00,23222.0,23760.0,23097.0,23256.0,23240.171875,1751801
2023-01-12 00:00:00+00:00,2023-01-13T00:00:00+00:00,2026-09-03T11:15:03.742310+00:00,23375.0,23889.0,23100.0,23243.0,23227.181640625,1841823
2023-01-13 00:00:00+00:00,2023-01-14T00:00:00+00:00,2026-09-03T11:15:03.742310+00:00,23476.0,23630.0,23101.0,23474.0,23458.0234375,1896938
2023-01-16 00:00:00+00:00,2023-01-17T00:00:00+00:00,2026-09-03T11:15:03.742310+00:00,23275.0,23455.0,22489.0,22607.0,22591.615234375,2410935
2023-01-17 00:00:00+00:00,2023-01-18T00:00:00+00:00,2026-09-03T11:15:03.742310+00:00,22300.0,22300.0,21568.0,22136.0,22120.935546875,2629616
2023-01-18 00:00:00+00:00,2023-01-19T00:00:00+00:00,2026-09-03T11:15:03.742310+00:00,21800.0,22746.0,21835.0,22234.0,22218.8671875,1550603
2023-01-19 00:00:00+00:00,2023-01-20T00:00:00+00:00,2026-09-03T11:15:03.742310+00:00,22234.0,22229.0,21314.0,21580.0,21565.314453125,2354546
2023-01-20 00:00:00+00:00,2023-01-21T00:00:00+00:00,2026-09-03T11:15:03.742310+00:00,21780.0,21980.0,21177.0,21430.0,21415.416015625,1540592
2023-01-23 00:00:00+00:00,2023-01-24T00:00:00+00:00,2026-09-03T11:15:03.742310+00:00,21430.0,21985.0,21430.0,21747.0,21732.19921875,1719948
2023-01-24 00:00:00+00:00,2023-01-25T00:00:00+00:00,2026-09-03T11:15:03.742310+00:00,21990.0,22274.0,21370.0,21580.0,21565.314453125,1333311
2023-01-25 00:00:00+00:00,2023-01-26T00:00:00+00:00,2026-09-03T11:15:03.742310+00:00,21520.0,21999.0,21135.0,21396.0,21381.435546875,1896575
2023-01-26 00:00:00+00:00,2023-01-27T00:00:00+00:00,2026-09-03T11:15:03.742310+00:00,21201.0,21767.0,20341.0,20385.0,20371.125,4560585
2023-01-27 00:00:00+00:00,2023-01-28T00:00:00+00:00,2026-09-03T11:15:03.742310+00:00,20255.0,20698.0,20226.0,20294.0,20280.189453125,2902442
2023-01-30 00:00:00+00:00,2023-01-31T00:00:00+00:00,2026-09-03T11:15:03.742310+00:00,20301.0,20699.0,19682.0,20478.0,20464.0625,1881054
2023-01-31 00:00:00+00:00,2023-02-01T00:00:00+00:00,2026-09-03T11:15:03.742310+00:00,20700.0,20697.0,20020.0,20135.0,20121.294921875,2843553
2023-02-01 00:00:00+00:00,2023-02-02T00:00:00+00:00,2026-09-03T11:15:03.742310+00:00,20377.0,20516.0,19739.0,20063.0,20049.345703125,2009966
2023-02-02 00:00:00+00:00,2023-02-03T00:00:00+00:00,2026-09-03T11:15:03.742310+00:00,20200.0,20800.0,19825.0,20500.0,20486.046875,2463753
2023-02-03 00:00:00+00:00,2023-02-04T00:00:00+00:00,2026-09-03T11:15:03.742310+00:00,20800.0,20889.0,19997.0,20805.0,20790.83984375,2563882
2023-02-06 00:00:00+00:00,2023-02-07T00:00:00+00:00,2026-09-03T11:15:03.742310+00:00,20740.0,20601.0,20067.0,20400.0,20386.1171875,2179016
2023-02-07 00:00:00+00:00,2023-02-08T00:00:00+00:00,2026-09-03T11:15:03.742310+00:00,20125.0,20753.0,19964.0,20448.0,20434.083984375,3144746
2023-02-08 00:00:00+00:00,2023-02-09T00:00:00+00:00,2026-09-03T11:15:03.742310+00:00,20544.0,20794.0,19919.0,20080.0,20066.333984375,2241607
2023-02-09 00:00:00+00:00,2023-02-10T00:00:00+00:00,2026-09-03T11:15:03.742310+00:00,20080.0,20489.0,19537.0,19597.0,19583.662109375,1798052
2023-02-10 00:00:00+00:00,2023-02-11T00:00:00+00:00,2026-09-03T11:15:03.742310+00:00,19511.0,19520.0,18905.0,19082.0,19069.013671875,1876720
2023-02-13 00:00:00+00:00,2023-02-14T00:00:00+00:00,2026-09-03T11:15:03.742310+00:00,19046.0,19769.0,18851.0,19688.0,19674.599609375,2353419
2023-02-14 00:00:00+00:00,2023-02-15T00:00:00+00:00,2026-09-03T11:15:03.742310+00:00,19650.0,19736.0,19233.0,19300.0,19286.865234375,1988654
2023-02-15 00:00:00+00:00,2023-02-16T00:00:00+00:00,2026-09-03T11:15:03.742310+00:00,19000.0,19338.0,18373.0,18522.0,18509.39453125,2778620
2023-02-16 00:00:00+00:00,2023-02-17T00:00:00+00:00,2026-09-03T11:15:03.742310+00:00,18450.0,18997.0,18205.0,18487.0,18474.416015625,2596265
2023-02-17 00:00:00+00:00,2023-02-18T00:00:00+00:00,2026-09-03T11:15:03.742310+00:00,18999.0,19001.0,17973.0,18103.0,18090.681640625,2946833
2023-02-20 00:00:00+00:00,2023-02-21T00:00:00+00:00,2026-09-03T11:15:03.742310+00:00,18044.0,18345.0,18043.0,18200.0,18187.61328125,3053127
2023-02-21 00:00:00+00:00,2023-02-22T00:00:00+00:00,2026-09-03T11:15:03.742310+00:00,18100.0,18149.0,17361.0,17453.0,17441.12109375,3332663
2023-02-22 00:00:00+00:00,2023-02-23T00:00:00+00:00,2026-09-03T11:15:03.742310+00:00,17317.0,17383.0,16616.0,16851.0,16839.53125,4751988
2023-02-23 00:00:00+00:00,2023-02-24T00:00:00+00:00,2026-09-03T11:15:03.742310+00:00,16999.0,17539.0,16875.0,17390.0,17378.1640625,4406498
2023-02-24 00:00:00+00:00,2023-02-25T00:00:00+00:00,2026-09-03T11:15:03.742310+00:00,17238.0,17450.0,16914.0,17047.0,17035.3984375,2648607
2023-02-27 00:00:00+00:00,2023-02-28T00:00:00+00:00,2026-09-03T11:15:03.742310+00:00,16904.0,17124.0,16608.0,17000.0,16988.427734375,2548490
2023-02-28 00:00:00+00:00,2023-03-01T00:00:00+00:00,2026-09-03T11:15:03.742310+00:00,16900.0,17250.0,16920.0,17151.0,17139.328125,5506873
2023-03-01 00:00:00+00:00,2023-03-02T00:00:00+00:00,2026-09-03T11:15:03.742310+00:00,17300.0,17689.0,17239.0,17275.0,17263.2421875,3156808
2023-03-02 00:00:00+00:00,2023-03-03T00:00:00+00:00,2026-09-03T11:15:03.742310+00:00,17399.0,17299.0,15939.0,16585.0,16573.71484375,6346931
2023-03-03 00:00:00+00:00,2023-03-04T00:00:00+00:00,2026-09-03T11:15:03.742310+00:00,17100.0,17330.0,16702.0,17000.0,16988.427734375,6296554
2023-03-06 00:00:00+00:00,2023-03-07T00:00:00+00:00,2026-09-03T11:15:03.742310+00:00,17027.0,17114.0,16678.0,16862.0,16850.521484375,4948654
2023-03-07 00:00:00+00:00,2023-03-08T00:00:00+00:00,2026-09-03T11:15:03.742310+00:00,16999.0,17051.0,16426.0,16838.0,16826.541015625,4010512
2023-03-08 00:00:00+00:00,2023-03-09T00:00:00+00:00,2026-09-03T11:15:03.742310+00:00,16804.0,17080.0,16541.0,17063.0,17051.38671875,3515353
2023-03-09 00:00:00+00:00,2023-03-10T00:00:00+00:00,2026-09-03T11:15:03.742310+00:00,16920.0,17285.0,16654.0,17118.0,17106.349609375,3791684
2023-03-10 00:00:00+00:00,2023-03-11T00:00:00+00:00,2026-09-03T11:15:03.742310+00:00,16784.0,17357.0,16638.0,17296.0,17284.228515625,2683810
2023-03-13 00:00:00+00:00,2023-03-14T00:00:00+00:00,2026-09-03T11:15:03.742310+00:00,17600.0,18353.0,17417.0,18200.0,18187.61328125,5255055
2023-03-14 00:00:00+00:00,2023-03-15T00:00:00+00:00,2026-09-03T11:15:03.742310+00:00,18378.0,18301.0,17365.0,17514.0,17502.08203125,4135154
2023-03-15 00:00:00+00:00,2023-03-16T00:00:00+00:00,2026-09-03T11:15:03.742310+00:00,17974.0,17944.0,16679.0,16758.0,16746.59375,4193344
2023-03-16 00:00:00+00:00,2023-03-17T00:00:00+00:00,2026-09-03T11:15:03.742310+00:00,16769.0,17062.0,16286.0,16425.0,16413.8203125,6367102
2023-03-17 00:00:00+00:00,2023-03-18T00:00:00+00:00,2026-09-03T11:15:03.742310+00:00,16690.0,17419.0,16690.0,17042.0,17030.400390625,7418960
2023-03-20 00:00:00+00:00,2023-03-21T00:00:00+00:00,2026-09-03T11:15:03.742310+00:00,17040.0,17698.0,17040.0,17374.0,17362.17578125,3552020
2023-03-22 00:00:00+00:00,2023-03-23T00:00:00+00:00,2026-09-03T11:15:03.742310+00:00,17200.0,17381.0,16801.0,17344.0,17336.388671875,3684665
2023-03-23 00:00:00+00:00,2023-03-24T00:00:00+00:00,2026-09-03T11:15:03.742310+00:00,17350.0,17562.0,16785.0,17090.0,17082.498046875,3005160
2023-03-24 00:00:00+00:00,2023-03-25T00:00:00+00:00,2026-09-03T11:15:03.742310+00:00,16850.0,16850.0,16225.0,16686.0,16678.67578125,3102604
2023-03-27 00:00:00+00:00,2023-03-28T00:00:00+00:00,2026-09-03T11:15:03.742310+00:00,16798.0,16848.0,16419.0,16781.0,16773.634765625,1958938
2023-03-28 00:00:00+00:00,2023-03-29T00:00:00+00:00,2026-09-03T11:15:03.742310+00:00,16950.0,17420.0,16926.0,17262.0,17254.421875,2391820
2023-03-29 00:00:00+00:00,2023-03-30T00:00:00+00:00,2026-09-03T11:15:03.742310+00:00,17374.0,17550.0,17027.0,17103.0,17095.4921875,3723623
2023-03-30 00:00:00+00:00,2023-03-31T00:00:00+00:00,2026-09-03T11:15:03.742310+00:00,17200.0,17300.0,16876.0,17041.0,17033.51953125,1872928
2023-03-31 00:00:00+00:00,2023-04-01T00:00:00+00:00,2026-09-03T11:15:03.742310+00:00,17041.0,17140.0,16383.0,16383.0,16375.80859375,3374108
2023-04-03 00:00:00+00:00,2023-04-04T00:00:00+00:00,2026-09-03T11:15:03.742310+00:00,16449.0,16553.0,16248.0,16388.0,16380.8076171875,4479014
2023-04-04 00:00:00+00:00,2023-04-05T00:00:00+00:00,2026-09-03T11:15:03.742310+00:00,16500.0,16998.0,16283.0,16941.0,16933.564453125,2503234
2023-04-05 00:00:00+00:00,2023-04-06T00:00:00+00:00,2026-09-03T11:15:03.742310+00:00,17100.0,17135.0,16395.0,16395.0,16387.8046875,2246650
2023-04-06 00:00:00+00:00,2023-04-07T00:00:00+00:00,2026-09-03T11:15:03.742310+00:00,16450.0,16831.0,15901.0,15996.0,15988.9794921875,4901108
2023-04-11 00:00:00+00:00,2023-04-12T00:00:00+00:00,2026-09-03T11:15:03.742310+00:00,16200.0,16600.0,16075.0,16494.0,16486.759765625,4330745
2023-04-12 00:00:00+00:00,2023-04-13T00:00:00+00:00,2026-09-03T11:15:03.742310+00:00,16619.0,16699.0,16358.0,16550.0,16542.736328125,2496925
2023-04-13 00:00:00+00:00,2023-04-14T00:00:00+00:00,2026-09-03T11:15:03.742310+00:00,16550.0,17249.0,16467.0,17226.0,17218.439453125,3757984
2023-04-14 00:00:00+00:00,2023-04-15T00:00:00+00:00,2026-09-03T11:15:03.742310+00:00,17242.0,17339.0,16678.0,16768.0,16760.640625,2835529
2023-04-17 00:00:00+00:00,2023-04-18T00:00:00+00:00,2026-09-03T11:15:03.742310+00:00,17059.0,17236.0,16625.0,17223.0,17215.439453125,5325192
2023-04-18 00:00:00+00:00,2023-04-19T00:00:00+00:00,2026-09-03T11:15:03.742310+00:00,17101.0,19068.0,17125.0,18884.0,18875.7109375,5886462
2023-04-19 00:00:00+00:00,2023-04-20T00:00:00+00:00,2026-09-03T11:15:03.742310+00:00,18752.0,18726.0,18093.0,18619.0,18610.828125,3650354
2023-04-20 00:00:00+00:00,2023-04-21T00:00:00+00:00,2026-09-03T11:15:03.742310+00:00,18646.0,18908.0,18051.0,18500.0,18491.880859375,2981711
2023-04-21 00:00:00+00:00,2023-04-22T00:00:00+00:00,2026-09-03T11:15:03.742310+00:00,18396.0,18694.0,17871.0,17930.0,17922.12890625,3625320
2023-04-24 00:00:00+00:00,2023-04-25T00:00:00+00:00,2026-09-03T11:15:03.742310+00:00,17990.0,18455.0,17660.0,18045.0,18037.078125,2176306
2023-04-25 00:00:00+00:00,2023-04-26T00:00:00+00:00,2026-09-03T11:15:03.742310+00:00,18092.0,18029.5,17169.0,17462.0,17454.333984375,3136134
2023-04-26 00:00:00+00:00,2023-04-27T00:00:00+00:00,2026-09-03T11:15:03.742310+00:00,17520.0,17696.0,17115.0,17304.0,17296.404296875,2697994
2023-04-28 00:00:00+00:00,2023-04-29T00:00:00+00:00,2026-09-03T11:15:03.742310+00:00,17286.0,17914.0,17001.0,17774.0,17766.197265625,2310458
2023-05-02 00:00:00+00:00,2023-05-03T00:00:00+00:00,2026-09-03T11:15:03.742310+00:00,18053.0,18017.0,17100.0,17234.0,17226.435546875,2655956
2023-05-03 00:00:00+00:00,2023-05-04T00:00:00+00:00,2026-09-03T11:15:03.742310+00:00,17283.0,17792.0,17216.0,17642.0,17634.255859375,2223969
2023-05-04 00:00:00+00:00,2023-05-05T00:00:00+00:00,2026-09-03T11:15:03.742310+00:00,17700.0,18024.0,17441.0,17706.0,17698.2265625,1980075
2023-05-05 00:00:00+00:00,2023-05-06T00:00:00+00:00,2026-09-03T11:15:03.742310+00:00,17800.0,18269.0,17731.0,18050.0,18042.078125,1837476
2023-05-08 00:00:00+00:00,2023-05-09T00:00:00+00:00,2026-09-03T11:15:03.742310+00:00,18270.0,18640.0,18262.0,18500.0,18491.880859375,2093735
2023-05-09 00:00:00+00:00,2023-05-10T00:00:00+00:00,2026-09-03T11:15:03.742310+00:00,18442.0,18443.0,17613.0,17724.0,17716.22265625,1853651
2023-05-10 00:00:00+00:00,2023-05-11T00:00:00+00:00,2026-09-03T11:15:03.742310+00:00,17688.0,18334.0,17507.0,17850.0,17842.166015625,2601098
2023-05-11 00:00:00+00:00,2023-05-12T00:00:00+00:00,2026-09-03T11:15:03.742310+00:00,17840.0,17977.0,17028.0,17182.0,17174.458984375,2284130
2023-05-12 00:00:00+00:00,2023-05-13T00:00:00+00:00,2026-09-03T11:15:03.742310+00:00,17495.0,18205.0,16961.0,17944.0,17936.125,3140777
2023-05-15 00:00:00+00:00,2023-05-16T00:00:00+00:00,2026-09-03T11:15:03.742310+00:00,17800.0,18020.0,17600.0,17718.0,17710.22265625,1877508
2023-05-16 00:00:00+00:00,2023-05-17T00:00:00+00:00,2026-09-03T11:15:03.742310+00:00,17556.0,17925.0,17462.0,17568.0,17560.2890625,2495036
2023-05-17 00:00:00+00:00,2023-05-18T00:00:00+00:00,2026-09-03T11:15:03.742310+00:00,17600.0,17814.0,17284.0,17700.0,17692.232421875,1585987
2023-05-18 00:00:00+00:00,2023-05-19T00:00:00+00:00,2026-09-03T11:15:03.742310+00:00,17641.0,17773.0,16893.0,17289.0,17281.412109375,2275648
2023-05-19 00:00:00+00:00,2023-05-20T00:00:00+00:00,2026-09-03T11:15:03.742310+00:00,17438.0,17555.0,17250.0,17355.0,17347.3828125,1323991
2023-05-22 00:00:00+00:00,2023-05-23T00:00:00+00:00,2026-09-03T11:15:03.742310+00:00,17640.0,17637.0,17068.0,17549.0,17541.296875,2537152
2023-05-23 00:00:00+00:00,2023-05-24T00:00:00+00:00,2026-09-03T11:15:03.742310+00:00,17383.0,17605.0,16731.0,16876.0,16868.59375,2779147
2023-05-24 00:00:00+00:00,2023-05-25T00:00:00+00:00,2026-09-03T11:15:03.742310+00:00,17000.0,17130.0,16309.0,16473.0,16465.76953125,2587390
2023-05-25 00:00:00+00:00,2023-05-26T00:00:00+00:00,2026-09-03T11:15:03.742310+00:00,16496.0,16619.0,15870.0,16280.0,16272.853515625,2424590
2023-05-26 00:00:00+00:00,2023-05-27T00:00:00+00:00,2026-09-03T11:15:03.742310+00:00,16250.0,16340.0,15753.0,15900.0,15893.021484375,2762267
2023-05-29 00:00:00+00:00,2023-05-30T00:00:00+00:00,2026-09-03T11:15:03.742310+00:00,15964.0,15988.0,15367.0,15850.0,15843.04296875,1711757
2023-05-30 00:00:00+00:00,2023-05-31T00:00:00+00:00,2026-09-03T11:15:03.742310+00:00,15880.0,16240.0,15428.0,15497.0,15490.197265625,3219183
2023-05-31 00:00:00+00:00,2023-06-01T00:00:00+00:00,2026-09-03T11:15:03.742310+00:00,15408.0,16046.0,15382.0,15838.0,15831.0478515625,7920293
2023-06-01 00:00:00+00:00,2023-06-02T00:00:00+00:00,2026-09-03T11:15:03.742310+00:00,15938.0,16204.0,15324.0,15912.0,15905.0166015625,4307788
2023-06-02 00:00:00+00:00,2023-06-03T00:00:00+00:00,2026-09-03T11:15:03.742310+00:00,16150.0,16491.0,15714.0,15965.0,15957.9931640625,3826506
2023-06-05 00:00:00+00:00,2023-06-06T00:00:00+00:00,2026-09-03T11:15:03.742310+00:00,16130.0,16108.0,15538.0,15916.0,15909.013671875,2026562
2023-06-06 00:00:00+00:00,2023-06-07T00:00:00+00:00,2026-09-03T11:15:03.742310+00:00,16130.0,15913.0,15451.0,15717.0,15710.1015625,3795693
2023-06-07 00:00:00+00:00,2023-06-08T00:00:00+00:00,2026-09-03T11:15:03.742310+00:00,15717.0,16323.0,15567.0,16080.0,16072.94140625,3839882
2023-06-08 00:00:00+00:00,2023-06-09T00:00:00+00:00,2026-09-03T11:15:03.742310+00:00,16120.0,16221.0,15568.0,15796.0,15789.0673828125,2783726
2023-06-09 00:00:00+00:00,2023-06-10T00:00:00+00:00,2026-09-03T11:15:03.742310+00:00,15989.0,15956.0,15402.0,15620.0,15613.1435546875,2673625
2023-06-12 00:00:00+00:00,2023-06-13T00:00:00+00:00,2026-09-03T11:15:03.742310+00:00,15849.0,15680.0,15122.0,15247.0,15240.3076171875,3213488
2023-06-13 00:00:00+00:00,2023-06-14T00:00:00+00:00,2026-09-03T11:15:03.742310+00:00,15565.0,15794.0,15322.5,15683.0,15676.1162109375,2921971
2023-06-14 00:00:00+00:00,2023-06-15T00:00:00+00:00,2026-09-03T11:15:03.742310+00:00,15703.0,16185.0,15620.0,15789.0,15782.0703125,2775623
2023-06-15 00:00:00+00:00,2023-06-16T00:00:00+00:00,2026-09-03T11:15:03.742310+00:00,15650.0,15866.0,14892.0,15701.0,15694.109375,12621759
2023-06-19 00:00:00+00:00,2023-06-20T00:00:00+00:00,2026-09-03T11:15:03.742310+00:00,15701.0,15950.0,14941.0,15037.0,15030.3994140625,2918827
2023-06-20 00:00:00+00:00,2023-06-21T00:00:00+00:00,2026-09-03T11:15:03.742310+00:00,15155.0,15161.0,14375.0,14630.0,14623.5791015625,4488035
2023-06-21 00:00:00+00:00,2023-06-22T00:00:00+00:00,2026-09-03T11:15:03.742310+00:00,14493.0,14593.0,13721.0,13773.0,13766.9541015625,3847343
2023-06-22 00:00:00+00:00,2023-06-23T00:00:00+00:00,2026-09-03T11:15:03.742310+00:00,13800.0,13800.0,13125.0,13300.0,13294.162109375,4828345
2023-06-23 00:00:00+00:00,2023-06-24T00:00:00+00:00,2026-09-03T11:15:03.742310+00:00,13355.0,13355.0,12680.0,12975.0,12969.3046875,5152285
2023-06-26 00:00:00+00:00,2023-06-27T00:00:00+00:00,2026-09-03T11:15:03.742310+00:00,13030.0,13198.0,12600.0,12924.0,12918.3271484375,3535935
2023-06-27 00:00:00+00:00,2023-06-28T00:00:00+00:00,2026-09-03T11:15:03.742310+00:00,13115.0,13115.0,12350.0,12544.0,12538.494140625,3428223
2023-06-28 00:00:00+00:00,2023-06-29T00:00:00+00:00,2026-09-03T11:15:03.742310+00:00,12600.0,12600.0,12229.0,12447.0,12441.537109375,3752009
2023-06-29 00:00:00+00:00,2023-06-30T00:00:00+00:00,2026-09-03T11:15:03.742310+00:00,12381.0,12758.0,12179.0,12414.0,12408.5517578125,6398233
2023-06-30 00:00:00+00:00,2023-07-01T00:00:00+00:00,2026-09-03T11:15:03.742310+00:00,12520.0,12718.0,12270.0,12532.0,12526.5,5580382
2023-07-03 00:00:00+00:00,2023-07-04T00:00:00+00:00,2026-09-03T11:15:03.742310+00:00,12720.0,12879.0,12533.0,12741.0,12735.4072265625,3954812
2023-07-04 00:00:00+00:00,2023-07-05T00:00:00+00:00,2026-09-03T11:15:03.742310+00:00,12700.0,12873.0,12657.0,12771.0,12765.3935546875,2637857
2023-07-05 00:00:00+00:00,2023-07-06T00:00:00+00:00,2026-09-03T11:15:03.742310+00:00,12800.0,12793.0,12411.0,12630.0,12624.4560546875,2687202
2023-07-06 00:00:00+00:00,2023-07-07T00:00:00+00:00,2026-09-03T11:15:03.742310+00:00,12499.0,12496.0,12005.0,12023.0,12017.72265625,3190671
2023-07-07 00:00:00+00:00,2023-07-08T00:00:00+00:00,2026-09-03T11:15:03.742310+00:00,12255.0,12362.0,11907.0,12094.0,12088.69140625,3286488
2023-07-10 00:00:00+00:00,2023-07-11T00:00:00+00:00,2026-09-03T11:15:03.742310+00:00,12026.0,12094.0,11656.0,11821.0,11815.8115234375,3503253
2023-07-11 00:00:00+00:00,2023-07-12T00:00:00+00:00,2026-09-03T11:15:03.742310+00:00,12103.0,12338.0,12089.0,12308.0,12302.59765625,2886099
2023-07-12 00:00:00+00:00,2023-07-13T00:00:00+00:00,2026-09-03T11:15:03.742310+00:00,12235.0,12890.0,12175.0,12887.0,12881.3427734375,2786724
2023-07-13 00:00:00+00:00,2023-07-14T00:00:00+00:00,2026-09-03T11:15:03.742310+00:00,12850.0,13409.0,12732.0,13238.0,13232.189453125,3078875
2023-07-14 00:00:00+00:00,2023-07-15T00:00:00+00:00,2026-09-03T11:15:03.742310+00:00,13240.0,13462.0,13091.0,13359.0,13353.13671875,3391771
2023-07-17 00:00:00+00:00,2023-07-18T00:00:00+00:00,2026-09-03T11:15:03.742310+00:00,13177.0,13524.0,12931.0,13428.0,13422.1064453125,3958613
2023-07-18 00:00:00+00:00,2023-07-19T00:00:00+00:00,2026-09-03T11:15:03.742310+00:00,13428.0,13874.0,13337.0,13660.0,13654.00390625,4409303
2023-07-19 00:00:00+00:00,2023-07-20T00:00:00+00:00,2026-09-03T11:15:03.742310+00:00,13724.0,13799.0,13482.0,13628.0,13622.0185546875,4498898
2023-07-20 00:00:00+00:00,2023-07-21T00:00:00+00:00,2026-09-03T11:15:03.742310+00:00,13840.0,13948.0,13117.0,13191.0,13185.2109375,5428084
2023-07-21 00:00:00+00:00,2023-07-22T00:00:00+00:00,2026-09-03T11:15:03.742310+00:00,13100.0,13332.0,12843.0,12900.0,12894.337890625,2548357
2023-07-24 00:00:00+00:00,2023-07-25T00:00:00+00:00,2026-09-03T11:15:03.742310+00:00,13150.0,13271.0,12906.0,13050.0,13044.271484375,3426553
2023-07-25 00:00:00+00:00,2023-07-26T00:00:00+00:00,2026-09-03T11:15:03.742310+00:00,13004.0,13269.0,12722.0,12968.0,12962.30859375,4210711
2023-07-26 00:00:00+00:00,2023-07-27T00:00:00+00:00,2026-09-03T11:15:03.742310+00:00,12968.0,13104.0,12660.0,12786.0,12780.388671875,3726606
2023-07-27 00:00:00+00:00,2023-07-28T00:00:00+00:00,2026-09-03T11:15:03.742310+00:00,12830.0,23808.0,12752.0,12825.0,12819.37109375,4832662
2023-07-28 00:00:00+00:00,2023-07-29T00:00:00+00:00,2026-09-03T11:15:03.742310+00:00,12825.0,13035.0,12629.0,12990.0,12984.298828125,2186552
2023-07-31 00:00:00+00:00,2023-08-01T00:00:00+00:00,2026-09-03T11:15:03.742310+00:00,12855.0,12911.0,12610.0,12900.0,12894.337890625,3895156
2023-08-01 00:00:00+00:00,2023-08-02T00:00:00+00:00,2026-09-03T11:15:03.742310+00:00,12666.0,13086.0,12534.0,12598.0,12592.4697265625,1713559
2023-08-02 00:00:00+00:00,2023-08-03T00:00:00+00:00,2026-09-03T11:15:03.742310+00:00,12600.0,12625.0,11840.0,11840.0,11834.802734375,2759514
2023-08-03 00:00:00+00:00,2023-08-04T00:00:00+00:00,2026-09-03T11:15:03.742310+00:00,12040.0,11911.0,11380.0,11566.0,11560.923828125,3229988
2023-08-04 00:00:00+00:00,2023-08-05T00:00:00+00:00,2026-09-03T11:15:03.742310+00:00,11642.0,11583.0,11286.0,11405.0,11399.994140625,3145314
2023-08-07 00:00:00+00:00,2023-08-08T00:00:00+00:00,2026-09-03T11:15:03.742310+00:00,11435.0,11582.0,11170.0,11360.0,11355.0146484375,2603453
2023-08-08 00:00:00+00:00,2023-08-09T00:00:00+00:00,2026-09-03T11:15:03.742310+00:00,11404.0,11442.0,11057.5,11129.0,11124.115234375,3837345
2023-08-10 00:00:00+00:00,2023-08-11T00:00:00+00:00,2026-09-03T11:15:03.742310+00:00,11200.0,11688.0,11050.0,11523.0,11517.9423828125,6534273
2023-08-11 00:00:00+00:00,2023-08-12T00:00:00+00:00,2026-09-03T11:15:03.742310+00:00,11698.0,11642.0,11250.0,11410.0,11404.9912109375,3089334
2023-08-14 00:00:00+00:00,2023-08-15T00:00:00+00:00,2026-09-03T11:15:03.742310+00:00,11420.0,11449.0,10244.0,10291.0,10286.4833984375,4834863
2023-08-15 00:00:00+00:00,2023-08-16T00:00:00+00:00,2026-09-03T11:15:03.742310+00:00,10390.0,10409.0,10022.0,10175.0,10170.5341796875,7478478
2023-08-16 00:00:00+00:00,2023-08-17T00:00:00+00:00,2026-09-03T11:15:03.742310+00:00,10136.0,10246.0,9770.0,9849.0,9844.6767578125,5050850
2023-08-17 00:00:00+00:00,2023-08-18T00:00:00+00:00,2026-09-03T11:15:03.742310+00:00,9983.0,9972.0,9483.0,9609.0,9604.7822265625,6587874
2023-08-18 00:00:00+00:00,2023-08-19T00:00:00+00:00,2026-09-03T11:15:03.742310+00:00,9600.0,9611.0,9490.0,9556.0,9551.8056640625,7703629
2023-08-21 00:00:00+00:00,2023-08-22T00:00:00+00:00,2026-09-03T11:15:03.742310+00:00,9570.0,9610.0,9190.0,9324.0,9319.9072265625,3998797
2023-08-22 00:00:00+00:00,2023-08-23T00:00:00+00:00,2026-09-03T11:15:03.742310+00:00,9400.0,9511.0,9287.0,9372.0,9367.88671875,7655185
2023-08-23 00:00:00+00:00,2023-08-24T00:00:00+00:00,2026-09-03T11:15:03.742310+00:00,9480.0,9846.0,9310.0,9846.0,9841.6787109375,3624398
2023-08-24 00:00:00+00:00,2023-08-25T00:00:00+00:00,2026-09-03T11:15:03.742310+00:00,9880.0,9927.0,9633.0,9680.0,9675.7509765625,5258355
2023-08-25 00:00:00+00:00,2023-08-26T00:00:00+00:00,2026-09-03T11:15:03.742310+00:00,9801.0,10136.0,9782.0,9782.0,9777.7060546875,6314418
2023-08-28 00:00:00+00:00,2023-08-29T00:00:00+00:00,2026-09-03T11:15:03.742310+00:00,10099.0,10430.0,9781.0,10295.0,10290.4814453125,2722147
2023-08-29 00:00:00+00:00,2023-08-30T00:00:00+00:00,2026-09-03T11:15:03.742310+00:00,10350.0,10450.0,10078.0,10307.0,10302.4755859375,3185509
2023-08-30 00:00:00+00:00,2023-08-31T00:00:00+00:00,2026-09-03T11:15:03.742310+00:00,10271.0,10358.0,9862.0,10115.0,10110.560546875,3870567
2023-08-31 00:00:00+00:00,2023-09-01T00:00:00+00:00,2026-09-03T11:15:03.742310+00:00,10000.0,10173.0,9662.0,9746.0,9741.72265625,9108261
2023-09-01 00:00:00+00:00,2023-09-02T00:00:00+00:00,2026-09-03T11:15:03.742310+00:00,9800.0,9786.0,9090.0,9290.0,9285.921875,6126954
2023-09-04 00:00:00+00:00,2023-09-05T00:00:00+00:00,2026-09-03T11:15:03.742310+00:00,9300.0,9377.0,8784.0,8838.0,8834.12109375,4448516
2023-09-05 00:00:00+00:00,2023-09-06T00:00:00+00:00,2026-09-03T11:15:03.742310+00:00,8690.0,8690.0,8263.0,8345.0,8341.3369140625,6927559
2023-09-06 00:00:00+00:00,2023-09-07T00:00:00+00:00,2026-09-03T11:15:03.742310+00:00,8370.0,8640.0,8150.0,8600.0,8596.224609375,10139185
2023-09-07 00:00:00+00:00,2023-09-08T00:00:00+00:00,2026-09-03T11:15:03.742310+00:00,8669.0,8604.0,8331.0,8508.0,8504.2666015625,8348605
2023-09-08 00:00:00+00:00,2023-09-09T00:00:00+00:00,2026-09-03T11:15:03.742310+00:00,8637.0,8600.0,8111.0,8299.0,8295.3564453125,9569501
2023-09-11 00:00:00+00:00,2023-09-12T00:00:00+00:00,2026-09-03T11:15:03.742310+00:00,8489.0,8754.0,8400.0,8575.0,8571.2353515625,5386220
2023-09-12 00:00:00+00:00,2023-09-13T00:00:00+00:00,2026-09-03T11:15:03.742310+00:00,8650.0,8689.0,8255.0,8337.0,8333.3408203125,6459617
2023-09-13 00:00:00+00:00,2023-09-14T00:00:00+00:00,2026-09-03T11:15:03.742310+00:00,8337.0,8559.0,8323.0,8464.0,8460.2841796875,5079916
2023-09-14 00:00:00+00:00,2023-09-15T00:00:00+00:00,2026-09-03T11:15:03.742310+00:00,8495.0,9235.0,8453.0,9235.0,9230.9462890625,4899546
2023-09-15 00:00:00+00:00,2023-09-16T00:00:00+00:00,2026-09-03T11:15:03.742310+00:00,9300.0,9724.0,9200.0,9713.0,9708.736328125,17324636
2023-09-18 00:00:00+00:00,2023-09-19T00:00:00+00:00,2026-09-03T11:15:03.742310+00:00,9680.0,9711.0,9394.0,9559.0,9554.8037109375,4321598
2023-09-19 00:00:00+00:00,2023-09-20T00:00:00+00:00,2026-09-03T11:15:03.742310+00:00,9750.0,10009.0,9516.0,9950.0,9945.6328125,3573994
2023-09-20 00:00:00+00:00,2023-09-21T00:00:00+00:00,2026-09-03T11:15:03.742310+00:00,9880.0,10110.0,9656.0,10100.0,10097.2412109375,4687220
2023-09-21 00:00:00+00:00,2023-09-22T00:00:00+00:00,2026-09-03T11:15:03.742310+00:00,9800.0,9874.0,9420.0,9831.0,9828.314453125,11066801
2023-09-22 00:00:00+00:00,2023-09-23T00:00:00+00:00,2026-09-03T11:15:03.742310+00:00,9704.0,10016.0,9600.0,9712.0,9709.3466796875,2918139
2023-09-26 00:00:00+00:00,2023-09-27T00:00:00+00:00,2026-09-03T11:15:03.742310+00:00,9377.0,9998.0,9381.0,9839.0,9836.3125,4200579
2023-09-27 00:00:00+00:00,2023-09-28T00:00:00+00:00,2026-09-03T11:15:03.742310+00:00,9949.0,9956.0,9577.0,9611.0,9608.375,3822014
2023-09-28 00:00:00+00:00,2023-09-29T00:00:00+00:00,2026-09-03T11:15:03.742310+00:00,9621.0,10000.0,9579.0,10000.0,9997.2685546875,6955849
2023-09-29 00:00:00+00:00,2023-09-30T00:00:00+00:00,2026-09-03T11:15:03.742310+00:00,10102.0,10129.0,9886.0,9886.0,9883.298828125,4980958
2023-10-02 00:00:00+00:00,2023-10-03T00:00:00+00:00,2026-09-03T11:15:03.742310+00:00,9886.0,9927.0,9591.0,9591.0,9588.3798828125,3696416
2023-10-03 00:00:00+00:00,2023-10-04T00:00:00+00:00,2026-09-03T11:15:03.742310+00:00,9526.0,9659.0,8902.0,8902.0,8899.568359375,5402479
2023-10-04 00:00:00+00:00,2023-10-05T00:00:00+00:00,2026-09-03T11:15:03.742310+00:00,8925.0,9025.0,8550.0,8760.0,8757.607421875,4106437
2023-10-05 00:00:00+00:00,2023-10-06T00:00:00+00:00,2026-09-03T11:15:03.742310+00:00,8760.0,8788.0,8023.0,8041.0,8038.8037109375,8346409
2023-10-06 00:00:00+00:00,2023-10-07T00:00:00+00:00,2026-09-03T11:15:03.742310+00:00,8115.0,8334.0,7860.5,8312.0,8309.7294921875,4542206
2023-10-09 00:00:00+00:00,2023-10-10T00:00:00+00:00,2026-09-03T11:15:03.742310+00:00,8450.0,8732.0,8194.0,8600.0,8597.650390625,5201608
2023-10-10 00:00:00+00:00,2023-10-11T00:00:00+00:00,2026-09-03T11:15:03.742310+00:00,8655.0,9243.0,8655.0,9243.0,9240.474609375,5361144
2023-10-11 00:00:00+00:00,2023-10-12T00:00:00+00:00,2026-09-03T11:15:03.742310+00:00,9141.0,9210.0,8760.0,9132.0,9129.5048828125,3930527
2023-10-12 00:00:00+00:00,2023-10-13T00:00:00+00:00,2026-09-03T11:15:03.742310+00:00,9100.0,9678.0,8997.0,8997.0,8994.5419921875,5116021
2023-10-13 00:00:00+00:00,2023-10-14T00:00:00+00:00,2026-09-03T11:15:03.742310+00:00,8925.0,9608.0,8723.0,9544.0,9541.392578125,5427347
2023-10-16 00:00:00+00:00,2023-10-17T00:00:00+00:00,2026-09-03T11:15:03.742310+00:00,9454.0,9697.0,9161.0,9696.0,9693.3515625,4419329
2023-10-17 00:00:00+00:00,2023-10-18T00:00:00+00:00,2026-09-03T11:15:03.742310+00:00,9566.0,9729.0,9339.0,9600.0,9597.3779296875,3269446
2023-10-18 00:00:00+00:00,2023-10-19T00:00:00+00:00,2026-09-03T11:15:03.742310+00:00,9503.0,9573.0,8858.0,8860.0,8857.580078125,5812897
2023-10-19 00:00:00+00:00,2023-10-20T00:00:00+00:00,2026-09-03T11:15:03.742310+00:00,8791.0,8847.0,8303.0,8303.0,8300.732421875,4236687
2023-10-20 00:00:00+00:00,2023-10-21T00:00:00+00:00,2026-09-03T11:15:03.742310+00:00,8307.0,8423.0,8013.0,8390.0,8387.7080078125,4152572
2023-10-23 00:00:00+00:00,2023-10-24T00:00:00+00:00,2026-09-03T11:15:03.742310+00:00,8484.0,8450.0,7886.0,7906.0,7903.8408203125,6107591
2023-10-24 00:00:00+00:00,2023-10-25T00:00:00+00:00,2026-09-03T11:15:03.742310+00:00,7990.0,8080.0,7257.0,7556.0,7553.93603515625,8005957
2023-10-25 00:00:00+00:00,2023-10-26T00:00:00+00:00,2026-09-03T11:15:03.742310+00:00,7600.0,7650.0,7330.0,7388.0,7385.98193359375,3448568
2023-10-26 00:00:00+00:00,2023-10-27T00:00:00+00:00,2026-09-03T11:15:03.742310+00:00,7301.0,7388.0,7002.0,7298.0,7296.00634765625,6408751
2023-10-27 00:00:00+00:00,2023-10-28T00:00:00+00:00,2026-09-03T11:15:03.742310+00:00,7300.0,7611.0,7318.0,7500.0,7497.95166015625,3697920
2023-10-30 00:00:00+00:00,2023-10-31T00:00:00+00:00,2026-09-03T11:15:03.742310+00:00,7450.0,7712.0,7350.0,7567.0,7564.93310546875,3063024
2023-10-31 00:00:00+00:00,2023-11-01T00:00:00+00:00,2026-09-03T11:15:03.742310+00:00,7537.0,8290.0,7359.0,7768.0,7765.8779296875,7089963
2023-11-01 00:00:00+00:00,2023-11-02T00:00:00+00:00,2026-09-03T11:15:03.742310+00:00,7705.0,7890.0,7475.0,7804.0,7801.8681640625,2727543
2023-11-02 00:00:00+00:00,2023-11-03T00:00:00+00:00,2026-09-03T11:15:03.742310+00:00,7810.0,8112.0,7695.0,7951.0,7948.828125,2296107
2023-11-03 00:00:00+00:00,2023-11-04T00:00:00+00:00,2026-09-03T11:15:03.742310+00:00,8150.0,8332.0,7951.0,8270.0,8267.7412109375,3482642
2023-11-06 00:00:00+00:00,2023-11-07T00:00:00+00:00,2026-09-03T11:15:03.742310+00:00,8300.0,8694.0,8319.0,8669.0,8666.6318359375,2781334
2023-11-07 00:00:00+00:00,2023-11-08T00:00:00+00:00,2026-09-03T11:15:03.742310+00:00,8535.0,8572.0,8168.0,8197.0,8194.76171875,4623919
2023-11-08 00:00:00+00:00,2023-11-09T00:00:00+00:00,2026-09-03T11:15:03.742310+00:00,8160.0,8247.0,7809.0,8101.0,8098.787109375,3901110
2023-11-09 00:00:00+00:00,2023-11-10T00:00:00+00:00,2026-09-03T11:15:03.742310+00:00,8129.0,8099.0,7679.0,8043.0,8040.80322265625,3988613
2023-11-10 00:00:00+00:00,2023-11-11T00:00:00+00:00,2026-09-03T11:15:03.742310+00:00,7875.0,7875.0,7246.0,7301.0,7299.005859375,3373722
2023-11-13 00:00:00+00:00,2023-11-14T00:00:00+00:00,2026-09-03T11:15:03.742310+00:00,7311.0,7625.0,7310.0,7584.0,7581.9287109375,4027986
2023-11-14 00:00:00+00:00,2023-11-15T00:00:00+00:00,2026-09-03T11:15:03.742310+00:00,7619.0,8127.0,7414.0,8039.0,8036.80419921875,5850117
2023-11-15 00:00:00+00:00,2023-11-16T00:00:00+00:00,2026-09-03T11:15:03.742310+00:00,8200.0,8478.0,8081.0,8081.0,8078.79248046875,4530760
2023-11-16 00:00:00+00:00,2023-11-17T00:00:00+00:00,2026-09-03T11:15:03.742310+00:00,8110.0,8374.0,7933.0,8263.0,8260.7431640625,4074695
2023-11-17 00:00:00+00:00,2023-11-18T00:00:00+00:00,2026-09-03T11:15:03.742310+00:00,8324.0,8272.0,7895.0,8131.0,8128.77880859375,3643991
2023-11-20 00:00:00+00:00,2023-11-21T00:00:00+00:00,2026-09-03T11:15:03.742310+00:00,8140.0,8188.0,7853.0,7943.0,7940.83056640625,3163422
2023-11-21 00:00:00+00:00,2023-11-22T00:00:00+00:00,2026-09-03T11:15:03.742310+00:00,8000.0,8038.0,7219.0,7365.0,7362.98828125,10395973
2023-11-22 00:00:00+00:00,2023-11-23T00:00:00+00:00,2026-09-03T11:15:03.742310+00:00,7445.0,7698.0,7365.0,7550.0,7547.93798828125,6372761
2023-11-23 00:00:00+00:00,2023-11-24T00:00:00+00:00,2026-09-03T11:15:03.742310+00:00,7655.0,8220.0,7621.0,8179.0,8176.765625,4481710
2023-11-24 00:00:00+00:00,2023-11-25T00:00:00+00:00,2026-09-03T11:15:03.742310+00:00,8130.0,8226.0,7972.0,8104.0,8101.78662109375,4772087
2023-11-27 00:00:00+00:00,2023-11-28T00:00:00+00:00,2026-09-03T11:15:03.742310+00:00,8232.0,8439.0,8035.0,8383.0,8380.7099609375,4844026
2023-11-28 00:00:00+00:00,2023-11-29T00:00:00+00:00,2026-09-03T11:15:03.742310+00:00,7805.0,8150.0,7450.0,7660.0,7657.90771484375,13078111
2023-11-29 00:00:00+00:00,2023-11-30T00:00:00+00:00,2026-09-03T11:15:03.742310+00:00,7800.0,8065.0,7644.0,7644.0,7641.912109375,5344609
2023-11-30 00:00:00+00:00,2023-12-01T00:00:00+00:00,2026-09-03T11:15:03.742310+00:00,7740.0,7862.0,7644.0,7663.0,7660.90673828125,10785507
2023-12-01 00:00:00+00:00,2023-12-02T00:00:00+00:00,2026-09-03T11:15:03.742310+00:00,7750.0,7798.0,7380.0,7422.0,7419.97265625,3164458
2023-12-04 00:00:00+00:00,2023-12-05T00:00:00+00:00,2026-09-03T11:15:03.742310+00:00,7649.0,7620.0,7125.0,7150.0,7148.046875,2729879
2023-12-05 00:00:00+00:00,2023-12-06T00:00:00+00:00,2026-09-03T11:15:03.742310+00:00,7100.0,7290.0,6741.0,6769.0,6767.15087890625,5007238
2023-12-06 00:00:00+00:00,2023-12-07T00:00:00+00:00,2026-09-03T11:15:03.742310+00:00,6863.0,7143.0,6801.0,6984.0,6982.09228515625,7220001
2023-12-07 00:00:00+00:00,2023-12-08T00:00:00+00:00,2026-09-03T11:15:03.742310+00:00,6940.0,7247.0,6861.0,7247.0,7245.0205078125,4953279
2023-12-08 00:00:00+00:00,2023-12-09T00:00:00+00:00,2026-09-03T11:15:03.742310+00:00,7150.0,7420.0,7098.0,7170.0,7168.04150390625,4970141
2023-12-11 00:00:00+00:00,2023-12-12T00:00:00+00:00,2026-09-03T11:15:03.742310+00:00,7199.0,7232.0,6954.0,7143.0,7141.048828125,3311434
2023-12-12 00:00:00+00:00,2023-12-13T00:00:00+00:00,2026-09-03T11:15:03.742310+00:00,7110.0,7263.0,6742.0,6748.0,6746.15673828125,5758228
2023-12-13 00:00:00+00:00,2023-12-14T00:00:00+00:00,2026-09-03T11:15:03.742310+00:00,6809.0,6773.0,6430.0,6521.0,6519.21875,5262573
2023-12-14 00:00:00+00:00,2023-12-15T00:00:00+00:00,2026-09-03T11:15:03.742310+00:00,6855.0,7490.0,6811.0,7382.0,7379.9833984375,16483946
2023-12-18 00:00:00+00:00,2023-12-19T00:00:00+00:00,2026-09-03T11:15:03.742310+00:00,7388.0,8311.0,7391.0,8202.0,8199.759765625,7183018
2023-12-19 00:00:00+00:00,2023-12-20T00:00:00+00:00,2026-09-03T11:15:03.742310+00:00,8198.0,8594.0,8023.0,8594.0,8591.65234375,4107819
2023-12-20 00:00:00+00:00,2023-12-21T00:00:00+00:00,2026-09-03T11:15:03.742310+00:00,8695.0,8905.0,8424.0,8563.0,8560.6611328125,4166005
2023-12-21 00:00:00+00:00,2023-12-22T00:00:00+00:00,2026-09-03T11:15:03.742310+00:00,8490.0,8647.0,8306.0,8630.0,8627.6435546875,7443111
2023-12-22 00:00:00+00:00,2023-12-23T00:00:00+00:00,2026-09-03T11:15:03.742310+00:00,8690.0,8880.0,8493.0,8528.0,8525.6708984375,1144502
2023-12-27 00:00:00+00:00,2023-12-28T00:00:00+00:00,2026-09-03T11:15:03.742310+00:00,8800.0,9250.0,8787.0,9188.0,9185.490234375,3423931
2023-12-28 00:00:00+00:00,2023-12-29T00:00:00+00:00,2026-09-03T11:15:03.742310+00:00,9290.0,9337.0,8789.0,8810.0,8807.5927734375,2838936
2023-12-29 00:00:00+00:00,2023-12-30T00:00:00+00:00,2026-09-03T11:15:03.742310+00:00,8900.0,9127.0,8800.0,9127.0,9124.5068359375,1876017
2024-01-02 00:00:00+00:00,2024-01-03T00:00:00+00:00,2026-09-03T11:15:03.742310+00:00,9065.0,9039.0,8549.0,8604.0,8601.650390625,3498442
2024-01-03 00:00:00+00:00,2024-01-04T00:00:00+00:00,2026-09-03T11:15:03.742310+00:00,8740.0,8622.0,8001.0,8065.0,8062.796875,2742134
2024-01-04 00:00:00+00:00,2024-01-05T00:00:00+00:00,2026-09-03T11:15:03.742310+00:00,8110.0,8407.0,8021.0,8021.0,8018.80908203125,2086575
2024-01-05 00:00:00+00:00,2024-01-06T00:00:00+00:00,2026-09-03T11:15:03.742310+00:00,8000.0,8389.0,8020.0,8389.0,8386.7080078125,2507469
2024-01-08 00:00:00+00:00,2024-01-09T00:00:00+00:00,2026-09-03T11:15:03.742310+00:00,8248.0,8338.0,8001.0,8100.0,8097.78759765625,2299193
2024-01-09 00:00:00+00:00,2024-01-10T00:00:00+00:00,2026-09-03T11:15:03.742310+00:00,8242.0,8314.0,8038.0,8049.0,8046.8017578125,2264050
2024-01-10 00:00:00+00:00,2024-01-11T00:00:00+00:00,2026-09-03T11:15:03.742310+00:00,8311.0,8311.0,7777.5,7780.0,7777.875,3340347
2024-01-11 00:00:00+00:00,2024-01-12T00:00:00+00:00,2026-09-03T11:15:03.742310+00:00,7911.0,8006.0,7640.0,7662.0,7659.90673828125,2575554
2024-01-12 00:00:00+00:00,2024-01-13T00:00:00+00:00,2026-09-03T11:15:03.742310+00:00,7700.0,7813.0,7386.0,7729.0,7726.888671875,4537750
2024-01-15 00:00:00+00:00,2024-01-16T00:00:00+00:00,2026-09-03T11:15:03.742310+00:00,7649.0,7661.0,7470.0,7544.0,7541.939453125,1572975
2024-01-16 00:00:00+00:00,2024-01-17T00:00:00+00:00,2026-09-03T11:15:03.742310+00:00,7544.0,7550.0,7373.0,7400.0,7397.97900390625,3069846
2024-01-17 00:00:00+00:00,2024-01-18T00:00:00+00:00,2026-09-03T11:15:03.742310+00:00,7295.0,7400.0,7171.0,7177.0,7175.03955078125,4114570
2024-01-18 00:00:00+00:00,2024-01-19T00:00:00+00:00,2026-09-03T11:15:03.742310+00:00,7390.0,7499.0,7277.0,7345.0,7342.99365234375,3698690
2024-01-19 00:00:00+00:00,2024-01-20T00:00:00+00:00,2026-09-03T11:15:03.742310+00:00,7368.0,7736.0,7223.0,7240.0,7238.0224609375,3500638
2024-01-22 00:00:00+00:00,2024-01-23T00:00:00+00:00,2026-09-03T11:15:03.742310+00:00,7240.0,7398.0,6991.0,7161.0,7159.0439453125,3526579
2024-01-23 00:00:00+00:00,2024-01-24T00:00:00+00:00,2026-09-03T11:15:03.742310+00:00,7161.0,7580.0,7170.0,7428.0,7425.97119140625,2545604
2024-01-24 00:00:00+00:00,2024-01-25T00:00:00+00:00,2026-09-03T11:15:03.742310+00:00,7407.0,7888.0,7407.0,7700.0,7697.89697265625,2982733
2024-01-25 00:00:00+00:00,2024-01-26T00:00:00+00:00,2026-09-03T11:15:03.742310+00:00,7802.0,7835.0,7604.0,7620.0,7617.91845703125,2279689
2024-01-26 00:00:00+00:00,2024-01-27T00:00:00+00:00,2026-09-03T11:15:03.742310+00:00,7542.0,7504.0,7262.5,7500.0,7497.95166015625,3027335
2024-01-29 00:00:00+00:00,2024-01-30T00:00:00+00:00,2026-09-03T11:15:03.742310+00:00,7466.0,7497.0,7106.0,7269.0,7267.01416015625,2764861
2024-01-30 00:00:00+00:00,2024-01-31T00:00:00+00:00,2026-09-03T11:15:03.742310+00:00,7399.0,7617.0,7226.0,7269.0,7267.01416015625,3352416
2024-01-31 00:00:00+00:00,2024-02-01T00:00:00+00:00,2026-09-03T11:15:03.742310+00:00,7215.0,7620.0,6911.0,7327.0,7324.99853515625,5210594
2024-02-01 00:00:00+00:00,2024-02-02T00:00:00+00:00,2026-09-03T11:15:03.742310+00:00,7299.0,7281.0,6858.0,7013.0,7011.083984375,3798792
2024-02-02 00:00:00+00:00,2024-02-03T00:00:00+00:00,2026-09-03T11:15:03.742310+00:00,7155.0,7237.0,6944.0,7023.0,7021.08203125,4822607
2024-02-05 00:00:00+00:00,2024-02-06T00:00:00+00:00,2026-09-03T11:15:03.742310+00:00,7042.0,7147.0,6748.0,6748.0,6746.15673828125,2618742
2024-02-06 00:00:00+00:00,2024-02-07T00:00:00+00:00,2026-09-03T11:15:03.742310+00:00,6855.0,6990.0,6653.0,6915.0,6913.111328125,2865208
2024-02-07 00:00:00+00:00,2024-02-08T00:00:00+00:00,2026-09-03T11:15:03.742310+00:00,7010.0,7106.0,6905.0,6905.0,6903.11376953125,6083059
2024-02-08 00:00:00+00:00,2024-02-09T00:00:00+00:00,2026-09-03T11:15:03.742310+00:00,6780.0,6870.0,6500.0,6752.0,6750.1552734375,5269223
2024-02-09 00:00:00+00:00,2024-02-10T00:00:00+00:00,2026-09-03T11:15:03.742310+00:00,6680.0,6799.0,6230.0,6231.0,6229.2978515625,5919984
2024-02-12 00:00:00+00:00,2024-02-13T00:00:00+00:00,2026-09-03T11:15:03.742310+00:00,6370.0,6425.0,6262.0,6381.0,6379.2568359375,4644629
2024-02-13 00:00:00+00:00,2024-02-14T00:00:00+00:00,2026-09-03T11:15:03.742310+00:00,6381.0,6644.0,6376.0,6415.0,6413.24755859375,5617448
2024-02-14 00:00:00+00:00,2024-02-15T00:00:00+00:00,2026-09-03T11:15:03.742310+00:00,6350.0,6500.0,6158.0,6444.0,6442.23974609375,5205253
2024-02-15 00:00:00+00:00,2024-02-16T00:00:00+00:00,2026-09-03T11:15:03.742310+00:00,6385.0,6799.0,6441.0,6797.0,6795.14306640625,4033984
2024-02-16 00:00:00+00:00,2024-02-17T00:00:00+00:00,2026-09-03T11:15:03.742310+00:00,6784.0,6926.0,6730.0,6807.0,6805.14111328125,3857254
2024-02-19 00:00:00+00:00,2024-02-20T00:00:00+00:00,2026-09-03T11:15:03.742310+00:00,6700.0,6832.0,6535.0,6588.0,6586.20068359375,2225781
2024-02-20 00:00:00+00:00,2024-02-21T00:00:00+00:00,2026-09-03T11:15:03.742310+00:00,6629.0,6629.0,6369.0,6564.0,6562.20703125,3253882
2024-02-21 00:00:00+00:00,2024-02-22T00:00:00+00:00,2026-09-03T11:15:03.742310+00:00,6586.0,6683.0,6262.0,6328.0,6326.271484375,4607980
2024-02-22 00:00:00+00:00,2024-02-23T00:00:00+00:00,2026-09-03T11:15:03.742310+00:00,6380.0,6770.0,6328.0,6700.0,6698.169921875,5150993
2024-02-23 00:00:00+00:00,2024-02-24T00:00:00+00:00,2026-09-03T11:15:03.742310+00:00,6650.0,6756.0,6555.0,6580.0,6578.20263671875,2282537
2024-02-26 00:00:00+00:00,2024-02-27T00:00:00+00:00,2026-09-03T11:15:03.742310+00:00,6661.0,6715.0,6412.0,6693.0,6691.171875,2559236
2024-02-27 00:00:00+00:00,2024-02-28T00:00:00+00:00,2026-09-03T11:15:03.742310+00:00,6405.0,6788.0,6520.0,6691.0,6689.17236328125,3676203
2024-02-28 00:00:00+00:00,2024-02-29T00:00:00+00:00,2026-09-03T11:15:03.742310+00:00,6680.0,6657.0,6481.0,6481.0,6479.2294921875,2600710
2024-02-29 00:00:00+00:00,2024-03-01T00:00:00+00:00,2026-09-03T11:15:03.742310+00:00,6500.0,6707.0,6433.0,6478.0,6476.23046875,7588298
2024-03-01 00:00:00+00:00,2024-03-02T00:00:00+00:00,2026-09-03T11:15:03.742310+00:00,6606.0,6705.0,6322.0,6451.0,6449.23828125,3329101
2024-03-04 00:00:00+00:00,2024-03-05T00:00:00+00:00,2026-09-03T11:15:03.742310+00:00,6510.0,6759.0,5949.0,5949.0,5947.375,5864036
2024-03-05 00:00:00+00:00,2024-03-06T00:00:00+00:00,2026-09-03T11:15:03.742310+00:00,6005.0,6078.0,5688.0,5736.0,5734.43359375,5310548
2024-03-06 00:00:00+00:00,2024-03-07T00:00:00+00:00,2026-09-03T11:15:03.742310+00:00,5730.0,6171.0,5686.0,6121.0,6119.328125,4809276
2024-03-07 00:00:00+00:00,2024-03-08T00:00:00+00:00,2026-09-03T11:15:03.742310+00:00,6165.0,6685.0,6069.0,6554.0,6552.20947265625,7508001
2024-03-08 00:00:00+00:00,2024-03-09T00:00:00+00:00,2026-09-03T11:15:03.742310+00:00,6650.0,6969.0,6525.0,6939.0,6937.1044921875,5980797
2024-03-11 00:00:00+00:00,2024-03-12T00:00:00+00:00,2026-09-03T11:15:03.742310+00:00,6930.0,6947.0,6766.0,6898.0,6896.11572265625,4677615
2024-03-12 00:00:00+00:00,2024-03-13T00:00:00+00:00,2026-09-03T11:15:03.742310+00:00,6900.0,7178.0,6752.0,6940.0,6938.1044921875,5973603
2024-03-13 00:00:00+00:00,2024-03-14T00:00:00+00:00,2026-09-03T11:15:03.742310+00:00,6776.0,7645.0,6820.0,7632.0,7629.91552734375,6458825
2024-03-14 00:00:00+00:00,2024-03-15T00:00:00+00:00,2026-09-03T11:15:03.742310+00:00,7573.0,7619.0,7248.0,7480.0,7477.95654296875,8924897
2024-03-15 00:00:00+00:00,2024-03-16T00:00:00+00:00,2026-09-03T11:15:03.742310+00:00,7411.0,7936.0,7244.0,7813.0,7810.86572265625,17104711
2024-03-18 00:00:00+00:00,2024-03-19T00:00:00+00:00,2026-09-03T11:15:03.742310+00:00,7780.0,7828.0,7121.0,7143.0,7141.048828125,5250767
2024-03-19 00:00:00+00:00,2024-03-20T00:00:00+00:00,2026-09-03T11:15:03.742310+00:00,7151.0,7217.0,6882.0,7008.0,7006.08544921875,5341707
2024-03-20 00:00:00+00:00,2024-03-21T00:00:00+00:00,2026-09-03T11:15:03.742310+00:00,7088.0,7450.0,7000.0,7345.0,7342.99365234375,13819280
2024-03-22 00:00:00+00:00,2024-03-23T00:00:00+00:00,2026-09-03T11:15:03.742310+00:00,7390.0,8184.0,7327.0,8147.0,8144.7744140625,11396173
2024-03-25 00:00:00+00:00,2024-03-26T00:00:00+00:00,2026-09-03T11:15:03.742310+00:00,8150.0,8127.0,7775.0,8050.0,8047.80126953125,5058865
2024-03-26 00:00:00+00:00,2024-03-27T00:00:00+00:00,2026-09-03T11:15:03.742310+00:00,7935.0,8317.0,7854.0,7913.0,7910.83837890625,4571858
2024-03-27 00:00:00+00:00,2024-03-28T00:00:00+00:00,2026-09-03T11:15:03.742310+00:00,7800.0,7902.0,7573.0,7617.0,7614.91943359375,2755082
2024-03-28 00:00:00+00:00,2024-03-29T00:00:00+00:00,2026-09-03T11:15:03.742310+00:00,7687.0,7898.0,7458.0,7831.0,7828.86083984375,4031278
2024-04-02 00:00:00+00:00,2024-04-03T00:00:00+00:00,2026-09-03T11:15:03.742310+00:00,7944.0,8232.0,7929.0,8143.0,8140.77587890625,5081774
2024-04-03 00:00:00+00:00,2024-04-04T00:00:00+00:00,2026-09-03T11:15:03.742310+00:00,8125.0,8223.0,7857.0,8081.0,8078.79248046875,4543251
2024-04-04 00:00:00+00:00,2024-04-05T00:00:00+00:00,2026-09-03T11:15:03.742310+00:00,8250.0,8893.0,8081.0,8893.0,8890.5712890625,7329209
2024-04-05 00:00:00+00:00,2024-04-06T00:00:00+00:00,2026-09-03T11:15:03.742310+00:00,8700.0,8857.0,8516.0,8733.0,8730.6142578125,6079804
2024-04-08 00:00:00+00:00,2024-04-09T00:00:00+00:00,2026-09-03T11:15:03.742310+00:00,8570.0,9379.0,8576.0,9379.0,9376.4384765625,7051089
2024-04-09 00:00:00+00:00,2024-04-10T00:00:00+00:00,2026-09-03T11:15:03.742310+00:00,9415.0,9870.0,9385.0,9634.0,9631.3681640625,10873725
2024-04-10 00:00:00+00:00,2024-04-11T00:00:00+00:00,2026-09-03T11:15:03.742310+00:00,9655.0,9725.0,8850.0,9229.0,9226.4794921875,9026008
2024-04-11 00:00:00+00:00,2024-04-12T00:00:00+00:00,2026-09-03T11:15:03.742310+00:00,9282.0,9595.0,9113.0,9556.0,9553.3896484375,6879030
2024-04-12 00:00:00+00:00,2024-04-13T00:00:00+00:00,2026-09-03T11:15:03.742310+00:00,9750.0,10600.0,9750.0,10485.0,10482.1357421875,8815900
2024-04-15 00:00:00+00:00,2024-04-16T00:00:00+00:00,2026-09-03T11:15:03.742310+00:00,10197.0,10294.0,9562.0,9622.0,9619.37109375,8282193
2024-04-16 00:00:00+00:00,2024-04-17T00:00:00+00:00,2026-09-03T11:15:03.742310+00:00,9432.0,9622.0,9000.0,9239.0,9236.4765625,6596525
2024-04-17 00:00:00+00:00,2024-04-18T00:00:00+00:00,2026-09-03T11:15:03.742310+00:00,9427.0,10165.0,9263.0,9968.0,9965.27734375,4813581
2024-04-18 00:00:00+00:00,2024-04-19T00:00:00+00:00,2026-09-03T11:15:03.742310+00:00,10055.0,10192.0,9593.0,9742.0,9739.3388671875,5020619
2024-04-19 00:00:00+00:00,2024-04-20T00:00:00+00:00,2026-09-03T11:15:03.742310+00:00,9652.0,9710.0,9372.0,9676.0,9673.3564453125,3912909
2024-04-22 00:00:00+00:00,2024-04-23T00:00:00+00:00,2026-09-03T11:15:03.742310+00:00,9545.0,9607.0,9025.0,9175.0,9172.4931640625,4410295
2024-04-23 00:00:00+00:00,2024-04-24T00:00:00+00:00,2026-09-03T11:15:03.742310+00:00,9090.0,9139.0,8818.0,8929.0,8926.5615234375,6125104
2024-04-24 00:00:00+00:00,2024-04-25T00:00:00+00:00,2026-09-03T11:15:03.742310+00:00,9055.0,9153.0,8794.0,8873.0,8870.5771484375,5868870
2024-04-25 00:00:00+00:00,2024-04-26T00:00:00+00:00,2026-09-03T11:15:03.742310+00:00,8881.0,9008.0,8432.0,8622.0,8619.64453125,4358163
2024-04-26 00:00:00+00:00,2024-04-27T00:00:00+00:00,2026-09-03T11:15:03.742310+00:00,8860.0,8979.0,8580.0,8603.0,8600.650390625,5438893
2024-04-29 00:00:00+00:00,2024-04-30T00:00:00+00:00,2026-09-03T11:15:03.742310+00:00,8620.0,9020.0,8600.0,8970.0,8967.5498046875,3892326
2024-04-30 00:00:00+00:00,2024-05-01T00:00:00+00:00,2026-09-03T11:15:03.742310+00:00,9083.0,9087.0,8474.0,8474.0,8471.685546875,8716261
2024-05-02 00:00:00+00:00,2024-05-03T00:00:00+00:00,2026-09-03T11:15:03.742310+00:00,8510.0,8790.0,8144.0,8332.0,8329.7236328125,5279651
2024-05-03 00:00:00+00:00,2024-05-04T00:00:00+00:00,2026-09-03T11:15:03.742310+00:00,8558.0,8609.0,8291.0,8513.0,8510.6748046875,4765968
2024-05-06 00:00:00+00:00,2024-05-07T00:00:00+00:00,2026-09-03T11:15:03.742310+00:00,8514.0,9021.0,8613.0,8980.0,8977.546875,3866800
2024-05-07 00:00:00+00:00,2024-05-08T00:00:00+00:00,2026-09-03T11:15:03.742310+00:00,9000.0,9189.0,8968.0,9129.0,9126.5068359375,4642259
2024-05-08 00:00:00+00:00,2024-05-09T00:00:00+00:00,2026-09-03T11:15:03.742310+00:00,9107.0,9135.0,8787.0,9011.0,9008.5380859375,8509684
2024-05-09 00:00:00+00:00,2024-05-10T00:00:00+00:00,2026-09-03T11:15:03.742310+00:00,9000.0,9375.0,8846.0,9149.0,9146.5009765625,5410180
2024-05-10 00:00:00+00:00,2024-05-11T00:00:00+00:00,2026-09-03T11:15:03.742310+00:00,9201.0,9782.0,9293.0,9680.0,9677.35546875,4003158
2024-05-13 00:00:00+00:00,2024-05-14T00:00:00+00:00,2026-09-03T11:15:03.742310+00:00,9601.0,10000.0,9561.0,9980.0,9977.2744140625,4681246
2024-05-14 00:00:00+00:00,2024-05-15T00:00:00+00:00,2026-09-03T11:15:03.742310+00:00,9970.0,15182.0,9662.0,9900.0,9897.2958984375,10839888
2024-05-15 00:00:00+00:00,2024-05-16T00:00:00+00:00,2026-09-03T11:15:03.742310+00:00,9960.0,10350.0,9969.0,10326.0,10323.1796875,7857014
2024-05-16 00:00:00+00:00,2024-05-17T00:00:00+00:00,2026-09-03T11:15:03.742310+00:00,10523.0,10763.0,10361.0,10734.0,10731.068359375,6245119
2024-05-17 00:00:00+00:00,2024-05-18T00:00:00+00:00,2026-09-03T11:15:03.742310+00:00,10750.0,11113.0,10429.0,11004.0,11000.994140625,5080990
2024-05-20 00:00:00+00:00,2024-05-21T00:00:00+00:00,2026-09-03T11:15:03.742310+00:00,11277.0,11598.0,11020.0,11254.0,11250.92578125,4588396
2024-05-21 00:00:00+00:00,2024-05-22T00:00:00+00:00,2026-09-03T11:15:03.742310+00:00,11037.0,11256.0,10654.0,11210.0,11206.9375,8299675
2024-05-22 00:00:00+00:00,2024-05-23T00:00:00+00:00,2026-09-03T11:15:03.742310+00:00,11010.0,11162.0,10720.0,10776.0,10773.056640625,4724848
2024-05-23 00:00:00+00:00,2024-05-24T00:00:00+00:00,2026-09-03T11:15:03.742310+00:00,10640.0,10658.0,10278.0,10278.0,10275.1923828125,4819586
2024-05-24 00:00:00+00:00,2024-05-25T00:00:00+00:00,2026-09-03T11:15:03.742310+00:00,10240.0,10686.0,10226.0,10578.0,10575.1103515625,2119954
2024-05-27 00:00:00+00:00,2024-05-28T00:00:00+00:00,2026-09-03T11:15:03.742310+00:00,10700.0,11081.0,10714.0,10967.0,10964.00390625,2740232
2024-05-28 00:00:00+00:00,2024-05-29T00:00:00+00:00,2026-09-03T11:15:03.742310+00:00,10967.0,11022.0,10445.0,10541.0,10538.1201171875,4137743
2024-05-30 00:00:00+00:00,2024-05-31T00:00:00+00:00,2026-09-03T11:15:03.742310+00:00,10340.0,10400.0,9710.0,9843.0,9840.3115234375,7901884
2024-05-31 00:00:00+00:00,2024-06-01T00:00:00+00:00,2026-09-03T11:15:03.742310+00:00,9725.0,9908.0,9621.0,9621.0,9618.3720703125,7861957
2024-06-03 00:00:00+00:00,2024-06-04T00:00:00+00:00,2026-09-03T11:15:03.742310+00:00,9611.0,9652.0,9305.0,9405.0,9402.431640625,4391970
2024-06-04 00:00:00+00:00,2024-06-05T00:00:00+00:00,2026-09-03T11:15:03.742310+00:00,9510.0,9642.0,8803.0,8857.0,8854.5810546875,5114815
2024-06-05 00:00:00+00:00,2024-06-06T00:00:00+00:00,2026-09-03T11:15:03.742310+00:00,8800.0,8919.0,8629.0,8896.0,8893.5703125,4046836
2024-06-06 00:00:00+00:00,2024-06-07T00:00:00+00:00,2026-09-03T11:15:03.742310+00:00,8965.0,9197.0,8877.0,9028.0,9025.5341796875,3715082
2024-06-07 00:00:00+00:00,2024-06-08T00:00:00+00:00,2026-09-03T11:15:03.742310+00:00,9055.0,9098.0,8707.0,8775.0,8772.6025390625,4367654
2024-06-10 00:00:00+00:00,2024-06-11T00:00:00+00:00,2026-09-03T11:15:03.742310+00:00,8800.0,8825.0,8562.0,8710.0,8707.6201171875,5119805
2024-06-11 00:00:00+00:00,2024-06-12T00:00:00+00:00,2026-09-03T11:15:03.742310+00:00,8600.0,8686.0,8400.0,8435.0,8432.6962890625,4726655
2024-06-12 00:00:00+00:00,2024-06-13T00:00:00+00:00,2026-09-03T11:15:03.742310+00:00,8420.0,8932.0,8363.0,8764.0,8761.60546875,3372751
2024-06-13 00:00:00+00:00,2024-06-14T00:00:00+00:00,2026-09-03T11:15:03.742310+00:00,8750.0,8846.0,8515.0,8626.0,8623.6435546875,4247527
2024-06-14 00:00:00+00:00,2024-06-15T00:00:00+00:00,2026-09-03T11:15:03.742310+00:00,8556.0,8708.0,8250.0,8410.0,8407.7021484375,5262616
2024-06-18 00:00:00+00:00,2024-06-19T00:00:00+00:00,2026-09-03T11:15:03.742310+00:00,8471.0,8927.0,8354.0,8752.0,8749.609375,5525894
2024-06-19 00:00:00+00:00,2024-06-20T00:00:00+00:00,2026-09-03T11:15:03.742310+00:00,8831.0,9357.0,8832.0,9052.0,9049.5283203125,4706311
2024-06-20 00:00:00+00:00,2024-06-21T00:00:00+00:00,2026-09-03T11:15:03.742310+00:00,9100.0,9371.0,8765.0,9059.0,9056.525390625,7839575
2024-06-21 00:00:00+00:00,2024-06-22T00:00:00+00:00,2026-09-03T11:15:03.742310+00:00,8899.0,9206.0,8625.0,9174.0,9171.494140625,10739117
2024-06-24 00:00:00+00:00,2024-06-25T00:00:00+00:00,2026-09-03T11:15:03.742310+00:00,9164.0,9463.0,9093.0,9440.0,9437.421875,4573953
2024-06-25 00:00:00+00:00,2024-06-26T00:00:00+00:00,2026-09-03T11:15:03.742310+00:00,9512.0,9506.0,8975.0,9104.0,9101.513671875,3039779
2024-06-26 00:00:00+00:00,2024-06-27T00:00:00+00:00,2026-09-03T11:15:03.742310+00:00,9141.0,9290.0,9028.0,9123.0,9120.5078125,4096198
2024-06-27 00:00:00+00:00,2024-06-28T00:00:00+00:00,2026-09-03T11:15:03.742310+00:00,9111.0,9163.0,8903.0,9026.0,9023.5341796875,3462831
2024-06-28 00:00:00+00:00,2024-06-29T00:00:00+00:00,2026-09-03T11:15:03.742310+00:00,8930.0,9238.0,8836.0,9077.0,9074.5205078125,3959561
2024-07-01 00:00:00+00:00,2024-07-02T00:00:00+00:00,2026-09-03T11:15:03.742310+00:00,9289.0,9267.0,8800.0,8800.0,8797.595703125,3574773
2024-07-02 00:00:00+00:00,2024-07-03T00:00:00+00:00,2026-09-03T11:15:03.742310+00:00,8990.0,8862.0,8417.0,8655.0,8652.6357421875,5441701
2024-07-03 00:00:00+00:00,2024-07-04T00:00:00+00:00,2026-09-03T11:15:03.742310+00:00,8503.0,9397.0,8580.0,9365.0,9362.44140625,4422107
2024-07-04 00:00:00+00:00,2024-07-05T00:00:00+00:00,2026-09-03T11:15:03.742310+00:00,9200.0,9923.0,9282.0,9607.0,9604.3759765625,3307223
2024-07-05 00:00:00+00:00,2024-07-06T00:00:00+00:00,2026-09-03T11:15:03.742310+00:00,9512.0,9854.0,9528.0,9854.0,9851.3076171875,1908192
2024-07-08 00:00:00+00:00,2024-07-09T00:00:00+00:00,2026-09-03T11:15:03.742310+00:00,9740.0,9734.0,9429.0,9530.0,9527.396484375,2262488
2024-07-09 00:00:00+00:00,2024-07-10T00:00:00+00:00,2026-09-03T11:15:03.742310+00:00,9517.0,9700.0,9376.0,9466.0,9463.4140625,1835205
2024-07-10 00:00:00+00:00,2024-07-11T00:00:00+00:00,2026-09-03T11:15:03.742310+00:00,9450.0,9687.0,9296.0,9610.0,9607.375,2508524
2024-07-11 00:00:00+00:00,2024-07-12T00:00:00+00:00,2026-09-03T11:15:03.742310+00:00,9580.0,9850.0,9334.0,9678.0,9675.3564453125,2637704
2024-07-12 00:00:00+00:00,2024-07-13T00:00:00+00:00,2026-09-03T11:15:03.742310+00:00,9678.0,9622.0,9216.0,9540.0,9537.39453125,2708764
2024-07-15 00:00:00+00:00,2024-07-16T00:00:00+00:00,2026-09-03T11:15:03.742310+00:00,9650.0,9536.0,9255.0,9618.0,9615.373046875,4095612
2024-07-16 00:00:00+00:00,2024-07-17T00:00:00+00:00,2026-09-03T11:15:03.742310+00:00,9450.0,9741.0,9363.0,9472.0,9469.4130859375,2969957
2024-07-17 00:00:00+00:00,2024-07-18T00:00:00+00:00,2026-09-03T11:15:03.742310+00:00,9519.0,9700.0,9091.0,9175.0,9172.4931640625,3874103
2024-07-18 00:00:00+00:00,2024-07-19T00:00:00+00:00,2026-09-03T11:15:03.742310+00:00,9186.0,9471.0,9200.0,9278.0,9275.4658203125,4006200
2024-07-19 00:00:00+00:00,2024-07-20T00:00:00+00:00,2026-09-03T11:15:03.742310+00:00,9050.0,9149.0,8850.0,9122.0,9119.5078125,2176579
2024-07-22 00:00:00+00:00,2024-07-23T00:00:00+00:00,2026-09-03T11:15:03.742310+00:00,8915.0,9188.0,8825.0,8825.0,8822.58984375,1941645
2024-07-23 00:00:00+00:00,2024-07-24T00:00:00+00:00,2026-09-03T11:15:03.742310+00:00,8800.0,9085.0,8670.0,9060.0,9057.525390625,2684751
2024-07-24 00:00:00+00:00,2024-07-25T00:00:00+00:00,2026-09-03T11:15:03.742310+00:00,8990.0,9451.0,8953.0,9211.0,9208.4833984375,4500307
2024-07-25 00:00:00+00:00,2024-07-26T00:00:00+00:00,2026-09-03T11:15:03.742310+00:00,9005.0,9215.0,8717.0,9202.0,9199.486328125,3753357
2024-07-26 00:00:00+00:00,2024-07-27T00:00:00+00:00,2026-09-03T11:15:03.742310+00:00,9072.0,9423.0,9019.0,9066.0,9063.5234375,3385908
2024-07-29 00:00:00+00:00,2024-07-30T00:00:00+00:00,2026-09-03T11:15:03.742310+00:00,9201.0,9312.0,8843.0,8843.0,8840.583984375,2382454
2024-07-30 00:00:00+00:00,2024-07-31T00:00:00+00:00,2026-09-03T11:15:03.742310+00:00,8980.0,8940.0,8629.0,8819.0,8816.591796875,3910152
2024-07-31 00:00:00+00:00,2024-08-01T00:00:00+00:00,2026-09-03T11:15:03.742310+00:00,9050.0,9338.0,8955.0,9320.0,9317.4541015625,4111470
2024-08-01 00:00:00+00:00,2024-08-02T00:00:00+00:00,2026-09-03T11:15:03.742310+00:00,9345.0,9302.0,8905.0,8921.0,8918.5625,3009182
2024-08-02 00:00:00+00:00,2024-08-03T00:00:00+00:00,2026-09-03T11:15:03.742310+00:00,8933.0,9044.0,8704.0,8810.0,8807.5927734375,5461257
2024-08-05 00:00:00+00:00,2024-08-06T00:00:00+00:00,2026-09-03T11:15:03.742310+00:00,8500.0,8475.0,7929.0,8301.0,8298.732421875,4478220
2024-08-06 00:00:00+00:00,2024-08-07T00:00:00+00:00,2026-09-03T11:15:03.742310+00:00,8350.0,8334.0,8003.0,8171.0,8168.76806640625,4809759
2024-08-07 00:00:00+00:00,2024-08-08T00:00:00+00:00,2026-09-03T11:15:03.742310+00:00,8200.0,8558.0,8060.0,8336.0,8333.72265625,4950672
2024-08-08 00:00:00+00:00,2024-08-09T00:00:00+00:00,2026-09-03T11:15:03.742310+00:00,8252.0,8363.0,8002.0,8250.0,8247.7470703125,4186512
2024-08-12 00:00:00+00:00,2024-08-13T00:00:00+00:00,2026-09-03T11:15:03.742310+00:00,8072.0,8440.0,8072.0,8212.0,8209.7568359375,2882573
2024-08-13 00:00:00+00:00,2024-08-14T00:00:00+00:00,2026-09-03T11:15:03.742310+00:00,8101.0,8230.0,8001.0,8208.0,8205.7587890625,3311800
2024-08-14 00:00:00+00:00,2024-08-15T00:00:00+00:00,2026-09-03T11:15:03.742310+00:00,8170.0,8260.0,7973.0,8190.0,8187.7626953125,3142424
2024-08-15 00:00:00+00:00,2024-08-16T00:00:00+00:00,2026-09-03T11:15:03.742310+00:00,8272.0,8462.0,8050.0,8354.0,8351.7177734375,2568007
2024-08-16 00:00:00+00:00,2024-08-17T00:00:00+00:00,2026-09-03T11:15:03.742310+00:00,8421.0,8718.0,8270.0,8611.0,8608.6474609375,4941016
2024-08-19 00:00:00+00:00,2024-08-20T00:00:00+00:00,2026-09-03T11:15:03.742310+00:00,8508.0,8986.0,8594.0,8845.0,8842.583984375,3070480
2024-08-20 00:00:00+00:00,2024-08-21T00:00:00+00:00,2026-09-03T11:15:03.742310+00:00,8899.0,9176.0,8759.0,9033.0,9030.5322265625,3228248
2024-08-21 00:00:00+00:00,2024-08-22T00:00:00+00:00,2026-09-03T11:15:03.742310+00:00,9000.0,9296.0,8908.0,9135.0,9132.5048828125,3857506
2024-08-22 00:00:00+00:00,2024-08-23T00:00:00+00:00,2026-09-03T11:15:03.742310+00:00,8910.0,9272.0,8607.0,8607.0,8604.6494140625,3651287
2024-08-23 00:00:00+00:00,2024-08-24T00:00:00+00:00,2026-09-03T11:15:03.742310+00:00,8800.0,8972.0,8594.0,8848.0,8845.5830078125,3096259
2024-08-26 00:00:00+00:00,2024-08-27T00:00:00+00:00,2026-09-03T11:15:03.742310+00:00,8875.0,9051.0,8735.0,8830.0,8827.5888671875,1024389
2024-08-27 00:00:00+00:00,2024-08-28T00:00:00+00:00,2026-09-03T11:15:03.742310+00:00,8739.0,9019.0,8788.0,8940.0,8937.55859375,1382772
2024-08-28 00:00:00+00:00,2024-08-29T00:00:00+00:00,2026-09-03T11:15:03.742310+00:00,8800.0,8883.0,8438.0,8450.0,8447.6923828125,2423097
2024-08-29 00:00:00+00:00,2024-08-30T00:00:00+00:00,2026-09-03T11:15:03.742310+00:00,8450.0,8700.0,8237.0,8237.0,8234.75,2171619
2024-08-30 00:00:00+00:00,2024-08-31T00:00:00+00:00,2026-09-03T11:15:03.742310+00:00,8228.0,8270.0,7605.0,7700.0,7697.89697265625,6983217
2024-09-02 00:00:00+00:00,2024-09-03T00:00:00+00:00,2026-09-03T11:15:03.742310+00:00,7700.0,8370.0,7656.0,8300.0,8297.732421875,3506327
2024-09-03 00:00:00+00:00,2024-09-04T00:00:00+00:00,2026-09-03T11:15:03.742310+00:00,8200.0,8339.0,7790.0,7802.0,7799.86865234375,3797404
2024-09-04 00:00:00+00:00,2024-09-05T00:00:00+00:00,2026-09-03T11:15:03.742310+00:00,7895.0,7880.0,7402.0,7522.0,7519.9453125,4551418
2024-09-05 00:00:00+00:00,2024-09-06T00:00:00+00:00,2026-09-03T11:15:03.742310+00:00,7595.0,7694.0,7373.0,7575.0,7572.9306640625,3868814
2024-09-06 00:00:00+00:00,2024-09-07T00:00:00+00:00,2026-09-03T11:15:03.742310+00:00,7650.0,7750.0,7283.0,7473.0,7470.958984375,5571184
2024-09-09 00:00:00+00:00,2024-09-10T00:00:00+00:00,2026-09-03T11:15:03.742310+00:00,7525.0,7600.0,7137.0,7137.0,7135.05029296875,4410322
2024-09-10 00:00:00+00:00,2024-09-11T00:00:00+00:00,2026-09-03T11:15:03.742310+00:00,7185.0,7350.0,7035.0,7350.0,7347.99267578125,5964181
2024-09-11 00:00:00+00:00,2024-09-12T00:00:00+00:00,2026-09-03T11:15:03.742310+00:00,7290.0,7607.0,7201.0,7274.0,7272.0126953125,9571360
2024-09-12 00:00:00+00:00,2024-09-13T00:00:00+00:00,2026-09-03T11:15:03.742310+00:00,7421.0,7830.0,7446.0,7732.0,7729.88818359375,5221095
2024-09-13 00:00:00+00:00,2024-09-14T00:00:00+00:00,2026-09-03T11:15:03.742310+00:00,7874.0,8949.0,7874.0,8652.0,8649.63671875,9623610
2024-09-16 00:00:00+00:00,2024-09-17T00:00:00+00:00,2026-09-03T11:15:03.742310+00:00,8835.0,9293.0,8582.0,9102.0,9099.513671875,7615835
2024-09-17 00:00:00+00:00,2024-09-18T00:00:00+00:00,2026-09-03T11:15:03.742310+00:00,9150.0,9449.0,9145.0,9436.0,9433.4228515625,3939120
2024-09-18 00:00:00+00:00,2024-09-19T00:00:00+00:00,2026-09-03T11:15:03.742310+00:00,9425.0,9424.0,9090.0,9238.0,9235.4765625,3618417
2024-09-19 00:00:00+00:00,2024-09-20T00:00:00+00:00,2026-09-03T11:15:03.742310+00:00,9310.0,9900.0,9044.0,9823.0,9820.31640625,10239354
2024-09-20 00:00:00+00:00,2024-09-21T00:00:00+00:00,2026-09-03T11:15:03.742310+00:00,9900.0,9999.0,9583.0,9686.0,9683.353515625,13849539
2024-09-23 00:00:00+00:00,2024-09-24T00:00:00+00:00,2026-09-03T11:15:03.742310+00:00,9610.0,10199.0,9711.0,10139.0,10136.23046875,5403639
2024-09-25 00:00:00+00:00,2024-09-26T00:00:00+00:00,2026-09-03T11:15:03.742310+00:00,10546.0,10700.0,10138.0,10293.0,10290.1884765625,7327518
2024-09-26 00:00:00+00:00,2024-09-27T00:00:00+00:00,2026-09-03T11:15:03.742310+00:00,10400.0,10620.0,10200.0,10323.0,10320.1806640625,4674456
2024-09-27 00:00:00+00:00,2024-09-28T00:00:00+00:00,2026-09-03T11:15:03.742310+00:00,10300.0,10381.0,9731.0,9965.0,9962.27734375,4579524
2024-09-30 00:00:00+00:00,2024-10-01T00:00:00+00:00,2026-09-03T11:15:03.742310+00:00,9900.0,9977.046875,9635.0,9676.0,9673.3564453125,11901863
2024-10-01 00:00:00+00:00,2024-10-02T00:00:00+00:00,2026-09-03T11:15:03.742310+00:00,9611.0,10246.0,9567.0,10100.0,10097.2412109375,5762640
2024-10-02 00:00:00+00:00,2024-10-03T00:00:00+00:00,2026-09-03T11:15:03.742310+00:00,10080.0,10600.0,10038.0,10481.0,10478.1376953125,6551273
2024-10-03 00:00:00+00:00,2024-10-04T00:00:00+00:00,2026-09-03T11:15:03.742310+00:00,10271.0,10508.0,9992.0,10402.0,10399.1591796875,6730786
2024-10-04 00:00:00+00:00,2024-10-05T00:00:00+00:00,2026-09-03T11:15:03.742310+00:00,10402.0,10683.0,10388.0,10683.0,10680.08203125,5470724
2024-10-07 00:00:00+00:00,2024-10-08T00:00:00+00:00,2026-09-03T11:15:03.742310+00:00,10580.0,10682.0,10281.0,10379.0,10376.1650390625,3793535
2024-10-08 00:00:00+00:00,2024-10-09T00:00:00+00:00,2026-09-03T11:15:03.742310+00:00,10040.0,10567.0,9826.0,10428.0,10425.15234375,5097614
2024-10-09 00:00:00+00:00,2024-10-10T00:00:00+00:00,2026-09-03T11:15:03.742310+00:00,10428.0,10742.0,10258.0,10631.0,10628.095703125,5875978
2024-10-10 00:00:00+00:00,2024-10-11T00:00:00+00:00,2026-09-03T11:15:03.742310+00:00,10550.0,10764.0,10450.0,10504.0,10501.130859375,7211765
2024-10-11 00:00:00+00:00,2024-10-12T00:00:00+00:00,2026-09-03T11:15:03.742310+00:00,10425.0,10758.0,10402.0,10662.0,10659.0869140625,2233607
2024-10-14 00:00:00+00:00,2024-10-15T00:00:00+00:00,2026-09-03T11:15:03.742310+00:00,10534.0,10867.0,10509.0,10731.0,10728.068359375,2392766
2024-10-15 00:00:00+00:00,2024-10-16T00:00:00+00:00,2026-09-03T11:15:03.742310+00:00,10550.0,10667.0,10157.0,10157.0,10154.2255859375,7680252
2024-10-16 00:00:00+00:00,2024-10-17T00:00:00+00:00,2026-09-03T11:15:03.742310+00:00,10234.0,10563.0,10235.0,10535.0,10532.1220703125,3468276
2024-10-17 00:00:00+00:00,2024-10-18T00:00:00+00:00,2026-09-03T11:15:03.742310+00:00,10531.0,10617.0,10378.0,10573.0,10570.1123046875,3021424
2024-10-18 00:00:00+00:00,2024-10-19T00:00:00+00:00,2026-09-03T11:15:03.742310+00:00,10621.0,11212.0,10621.0,11190.0,11186.943359375,4956499
2024-10-21 00:00:00+00:00,2024-10-22T00:00:00+00:00,2026-09-03T11:15:03.742310+00:00,11176.0,11456.0,11012.0,11155.0,11151.953125,4910563
2024-10-22 00:00:00+00:00,2024-10-23T00:00:00+00:00,2026-09-03T11:15:03.742310+00:00,11140.0,11188.0,10767.0,11127.0,11123.9609375,3469776
2024-10-23 00:00:00+00:00,2024-10-24T00:00:00+00:00,2026-09-03T11:15:03.742310+00:00,11291.0,11392.0,10892.0,10940.0,10937.01171875,3337094
2024-10-24 00:00:00+00:00,2024-10-25T00:00:00+00:00,2026-09-03T11:15:03.742310+00:00,11290.0,12324.0,11181.0,12033.0,12029.712890625,8986184
2024-10-25 00:00:00+00:00,2024-10-26T00:00:00+00:00,2026-09-03T11:15:03.742310+00:00,11954.0,12213.0,11660.0,12213.0,12209.6640625,5141162
2024-10-28 00:00:00+00:00,2024-10-29T00:00:00+00:00,2026-09-03T11:15:03.742310+00:00,12222.0,12678.0,11833.0,12602.0,12598.5576171875,5185486
2024-10-29 00:00:00+00:00,2024-10-30T00:00:00+00:00,2026-09-03T11:15:03.742310+00:00,12700.0,12986.0,12389.0,12743.0,12739.51953125,3736351
2024-10-30 00:00:00+00:00,2024-10-31T00:00:00+00:00,2026-09-03T11:15:03.742310+00:00,12490.0,12514.0,11843.0,12157.0,12153.6796875,6414812
2024-10-31 00:00:00+00:00,2024-11-01T00:00:00+00:00,2026-09-03T11:15:03.742310+00:00,12070.0,12250.0,11458.0,11536.0,11532.849609375,5297731
2024-11-01 00:00:00+00:00,2024-11-02T00:00:00+00:00,2026-09-03T11:15:03.742310+00:00,11565.0,12037.0,11477.0,11894.0,11890.7509765625,3945615
2024-11-04 00:00:00+00:00,2024-11-05T00:00:00+00:00,2026-09-03T11:15:03.742310+00:00,11990.0,11986.0,11550.0,11841.0,11837.765625,2944305
2024-11-05 00:00:00+00:00,2024-11-06T00:00:00+00:00,2026-09-03T11:15:03.742310+00:00,12068.0,12274.0,11952.0,12210.0,12206.6650390625,4355446
2024-11-06 00:00:00+00:00,2024-11-07T00:00:00+00:00,2026-09-03T11:15:03.742310+00:00,11900.0,12015.0,11000.0,11329.0,11325.9052734375,6420126
2024-11-07 00:00:00+00:00,2024-11-08T00:00:00+00:00,2026-09-03T11:15:03.742310+00:00,11470.0,12000.0,11315.0,11986.0,11982.7255859375,5222968
2024-11-08 00:00:00+00:00,2024-11-09T00:00:00+00:00,2026-09-03T11:15:03.742310+00:00,11900.0,11943.0,11300.0,11300.0,11296.9130859375,2962229
2024-11-11 00:00:00+00:00,2024-11-12T00:00:00+00:00,2026-09-03T11:15:03.742310+00:00,11450.0,11450.0,10929.0,11019.0,11015.990234375,3000386
2024-11-12 00:00:00+00:00,2024-11-13T00:00:00+00:00,2026-09-03T11:15:03.742310+00:00,10900.0,11086.0,10508.0,10900.0,10897.0224609375,4312339
2024-11-13 00:00:00+00:00,2024-11-14T00:00:00+00:00,2026-09-03T11:15:03.742310+00:00,10831.0,10880.0,10588.0,10673.0,10670.083984375,2097572
2024-11-14 00:00:00+00:00,2024-11-15T00:00:00+00:00,2026-09-03T11:15:03.742310+00:00,10604.0,10622.0,10144.0,10567.0,10564.11328125,2868481
2024-11-15 00:00:00+00:00,2024-11-16T00:00:00+00:00,2026-09-03T11:15:03.742310+00:00,10605.0,11038.0,10568.0,10703.0,10700.0771484375,1901421
2024-11-18 00:00:00+00:00,2024-11-19T00:00:00+00:00,2026-09-03T11:15:03.742310+00:00,10750.0,11128.0,10674.0,11070.0,11066.9765625,2058484
2024-11-19 00:00:00+00:00,2024-11-20T00:00:00+00:00,2026-09-03T11:15:03.742310+00:00,11200.0,11365.0,10968.0,11200.0,11196.9404296875,2612601
2024-11-20 00:00:00+00:00,2024-11-21T00:00:00+00:00,2026-09-03T11:15:03.742310+00:00,11200.0,11465.0,10807.0,11098.0,11094.96875,2604611
2024-11-21 00:00:00+00:00,2024-11-22T00:00:00+00:00,2026-09-03T11:15:03.742310+00:00,11065.0,11233.0,10866.0,10873.0,10870.029296875,2674633
2024-11-22 00:00:00+00:00,2024-11-23T00:00:00+00:00,2026-09-03T11:15:03.742310+00:00,10970.0,11299.0,10737.0,10903.0,10900.0224609375,2265068
2024-11-25 00:00:00+00:00,2024-11-26T00:00:00+00:00,2026-09-03T11:15:03.742310+00:00,10896.0,10896.0,10127.0,10127.0,10124.234375,7612757
2024-11-26 00:00:00+00:00,2024-11-27T00:00:00+00:00,2026-09-03T11:15:03.742310+00:00,10057.0,10581.0,10061.0,10512.0,10509.12890625,4112550
2024-11-27 00:00:00+00:00,2024-11-28T00:00:00+00:00,2026-09-03T11:15:03.742310+00:00,10700.0,10768.0,10127.0,10660.0,10657.0888671875,6283774
2024-11-28 00:00:00+00:00,2024-11-29T00:00:00+00:00,2026-09-03T11:15:03.742310+00:00,10498.0,10729.0,10430.0,10480.0,10477.1376953125,3443409
2024-11-29 00:00:00+00:00,2024-11-30T00:00:00+00:00,2026-09-03T11:15:03.742310+00:00,10410.0,10732.0,10169.0,10199.0,10196.2138671875,3921110
2024-12-02 00:00:00+00:00,2024-12-03T00:00:00+00:00,2026-09-03T11:15:03.742310+00:00,10100.0,10556.0,10058.0,10490.0,10487.134765625,2178183
2024-12-03 00:00:00+00:00,2024-12-04T00:00:00+00:00,2026-09-03T11:15:03.742310+00:00,10496.0,10984.0,10321.0,10775.0,10772.056640625,4131359
2024-12-04 00:00:00+00:00,2024-12-05T00:00:00+00:00,2026-09-03T11:15:03.742310+00:00,10655.0,11023.0,10510.0,10608.0,10605.1025390625,3224661
2024-12-05 00:00:00+00:00,2024-12-06T00:00:00+00:00,2026-09-03T11:15:03.742310+00:00,10401.0,10617.0,10175.0,10223.0,10220.2080078125,2521497
2024-12-06 00:00:00+00:00,2024-12-07T00:00:00+00:00,2026-09-03T11:15:03.742310+00:00,10309.0,10437.0,9979.0,10130.0,10127.232421875,3011107
2024-12-09 00:00:00+00:00,2024-12-10T00:00:00+00:00,2026-09-03T11:15:03.742310+00:00,10178.0,10436.0,9902.0,10372.0,10369.1669921875,2738211
2024-12-10 00:00:00+00:00,2024-12-11T00:00:00+00:00,2026-09-03T11:15:03.742310+00:00,10147.0,10468.0,10064.0,10266.0,10263.1953125,2170820
2024-12-11 00:00:00+00:00,2024-12-12T00:00:00+00:00,2026-09-03T11:15:03.742310+00:00,10350.0,10324.0,10081.0,10281.0,10278.1923828125,2784733
2024-12-12 00:00:00+00:00,2024-12-13T00:00:00+00:00,2026-09-03T11:15:03.742310+00:00,10300.0,10603.0,10215.0,10258.0,10255.1982421875,1882237
2024-12-13 00:00:00+00:00,2024-12-14T00:00:00+00:00,2026-09-03T11:15:03.742310+00:00,10460.0,10334.0,9917.0,10088.0,10085.244140625,1849858
2024-12-17 00:00:00+00:00,2024-12-18T00:00:00+00:00,2026-09-03T11:15:03.742310+00:00,9965.0,10028.0,9529.0,9652.0,9649.36328125,3578022
2024-12-18 00:00:00+00:00,2024-12-19T00:00:00+00:00,2026-09-03T11:15:03.742310+00:00,9868.0,9867.0,9586.0,9636.0,9633.3681640625,3535733
2024-12-19 00:00:00+00:00,2024-12-20T00:00:00+00:00,2026-09-03T11:15:03.742310+00:00,9450.0,9542.0,9183.0,9448.0,9445.4189453125,6946115
2024-12-20 00:00:00+00:00,2024-12-21T00:00:00+00:00,2026-09-03T11:15:03.742310+00:00,9400.0,9505.0,9027.0,9327.0,9324.4521484375,6115185
2024-12-23 00:00:00+00:00,2024-12-24T00:00:00+00:00,2026-09-03T11:15:03.742310+00:00,9328.0,9440.0,9232.0,9330.0,9327.451171875,1380345
2024-12-24 00:00:00+00:00,2024-12-25T00:00:00+00:00,2026-09-03T11:15:03.742310+00:00,9330.0,9472.0,9199.0,9288.0,9285.462890625,1165503
2024-12-27 00:00:00+00:00,2024-12-28T00:00:00+00:00,2026-09-03T11:15:03.742310+00:00,9200.0,9369.0,9044.0,9140.0,9137.50390625,1497318
2024-12-30 00:00:00+00:00,2024-12-31T00:00:00+00:00,2026-09-03T11:15:03.742310+00:00,9026.0,9152.0,8780.0,8833.0,8830.5869140625,2026754
2024-12-31 00:00:00+00:00,2025-01-01T00:00:00+00:00,2026-09-03T11:15:03.742310+00:00,8760.0,8914.0,8755.0,8775.0,8772.6025390625,1003944
2025-01-02 00:00:00+00:00,2025-01-03T00:00:00+00:00,2026-09-03T11:15:03.742310+00:00,8937.0,9429.0,8905.0,9337.0,9334.4501953125,3168961
2025-01-03 00:00:00+00:00,2025-01-04T00:00:00+00:00,2026-09-03T11:15:03.742310+00:00,9430.0,9435.0,9100.0,9200.0,9197.4873046875,2457020
2025-01-06 00:00:00+00:00,2025-01-07T00:00:00+00:00,2026-09-03T11:15:03.742310+00:00,9100.0,9659.0,9018.0,9398.0,9395.4326171875,1920466
2025-01-07 00:00:00+00:00,2025-01-08T00:00:00+00:00,2026-09-03T11:15:03.742310+00:00,9490.0,9916.0,9390.0,9875.0,9872.302734375,2667848
2025-01-08 00:00:00+00:00,2025-01-09T00:00:00+00:00,2026-09-03T11:15:03.742310+00:00,9950.0,10380.0,9846.0,9989.0,9986.271484375,3254931
2025-01-09 00:00:00+00:00,2025-01-10T00:00:00+00:00,2026-09-03T11:15:03.742310+00:00,10245.0,10457.0,9938.0,10119.0,10116.2353515625,2145545
2025-01-10 00:00:00+00:00,2025-01-11T00:00:00+00:00,2026-09-03T11:15:03.742310+00:00,10358.0,10633.0,10190.0,10445.0,10442.146484375,2698777
2025-01-13 00:00:00+00:00,2025-01-14T00:00:00+00:00,2026-09-03T11:15:03.742310+00:00,10202.0,10500.0,10100.0,10165.0,10162.2236328125,2131461
2025-01-14 00:00:00+00:00,2025-01-15T00:00:00+00:00,2026-09-03T11:15:03.742310+00:00,10315.0,10315.0,9964.0,9964.0,9961.2783203125,1828974
2025-01-15 00:00:00+00:00,2025-01-16T00:00:00+00:00,2026-09-03T11:15:03.742310+00:00,10200.0,10470.0,10000.0,10323.0,10320.1806640625,2488080
2025-01-16 00:00:00+00:00,2025-01-17T00:00:00+00:00,2026-09-03T11:15:03.742310+00:00,10290.0,10361.0,9849.0,9849.0,9846.3095703125,4000228
2025-01-17 00:00:00+00:00,2025-01-18T00:00:00+00:00,2026-09-03T11:15:03.742310+00:00,9800.0,10078.0,9836.0,9878.0,9875.3017578125,3431046
2025-01-20 00:00:00+00:00,2025-01-21T00:00:00+00:00,2026-09-03T11:15:03.742310+00:00,9860.0,10139.0,9813.0,9940.0,9937.28515625,2821673
2025-01-21 00:00:00+00:00,2025-01-22T00:00:00+00:00,2026-09-03T11:15:03.742310+00:00,9857.0,9994.0,9758.0,9819.0,9816.3173828125,6197801
2025-01-22 00:00:00+00:00,2025-01-23T00:00:00+00:00,2026-09-03T11:15:03.742310+00:00,9900.0,9953.0,9674.0,9750.0,9747.3369140625,2809181
2025-01-23 00:00:00+00:00,2025-01-24T00:00:00+00:00,2026-09-03T11:15:03.742310+00:00,9799.0,9890.0,9394.0,9545.0,9542.392578125,3274416
2025-01-24 00:00:00+00:00,2025-01-25T00:00:00+00:00,2026-09-03T11:15:03.742310+00:00,9701.0,10055.0,9700.0,9700.0,9697.3505859375,3641241
2025-01-27 00:00:00+00:00,2025-01-28T00:00:00+00:00,2026-09-03T11:15:03.742310+00:00,9649.0,9649.0,9071.0,9114.0,9111.5107421875,2671399
2025-01-28 00:00:00+00:00,2025-01-29T00:00:00+00:00,2026-09-03T11:15:03.742310+00:00,9132.0,9100.0,8843.0,8952.0,8949.5556640625,2502645
2025-01-29 00:00:00+00:00,2025-01-30T00:00:00+00:00,2026-09-03T11:15:03.742310+00:00,9002.0,9641.0,8956.0,9449.0,9446.4189453125,2404082
2025-01-30 00:00:00+00:00,2025-01-31T00:00:00+00:00,2026-09-03T11:15:03.742310+00:00,9600.0,9875.0,9649.0,9760.0,9757.333984375,3013006
2025-01-31 00:00:00+00:00,2025-02-01T00:00:00+00:00,2026-09-03T11:15:03.742310+00:00,10000.0,10347.0,9730.0,10265.0,10262.1962890625,7663159
2025-02-03 00:00:00+00:00,2025-02-04T00:00:00+00:00,2026-09-03T11:15:03.742310+00:00,9900.0,10118.0,9675.0,10000.0,9997.2685546875,5033356
2025-02-04 00:00:00+00:00,2025-02-05T00:00:00+00:00,2026-09-03T11:15:03.742310+00:00,10199.0,10304.0,9919.0,10100.0,10097.2412109375,3806144
2025-02-05 00:00:00+00:00,2025-02-06T00:00:00+00:00,2026-09-03T11:15:03.742310+00:00,10110.0,10223.0,9950.0,10175.0,10172.220703125,4097084
2025-02-06 00:00:00+00:00,2025-02-07T00:00:00+00:00,2026-09-03T11:15:03.742310+00:00,10199.0,10244.0,9850.0,9960.0,9957.279296875,5057177
2025-02-07 00:00:00+00:00,2025-02-08T00:00:00+00:00,2026-09-03T11:15:03.742310+00:00,9960.0,10037.0,9603.0,9720.0,9717.3447265625,3026373
2025-02-10 00:00:00+00:00,2025-02-11T00:00:00+00:00,2026-09-03T11:15:03.742310+00:00,9625.0,9986.0,9535.0,9921.0,9918.2900390625,2198512
2025-02-11 00:00:00+00:00,2025-02-12T00:00:00+00:00,2026-09-03T11:15:03.742310+00:00,10196.0,10182.0,9301.0,10000.0,9997.2685546875,3642078
2025-02-12 00:00:00+00:00,2025-02-13T00:00:00+00:00,2026-09-03T11:15:03.742310+00:00,10000.0,10673.0,9941.0,10262.0,10259.197265625,4354018
2025-02-13 00:00:00+00:00,2025-02-14T00:00:00+00:00,2026-09-03T11:15:03.742310+00:00,10411.0,10414.0,9791.0,9814.0,9811.3193359375,4652093
2025-02-14 00:00:00+00:00,2025-02-15T00:00:00+00:00,2026-09-03T11:15:03.742310+00:00,10080.0,10318.0,9982.0,10189.0,10186.216796875,4217634
2025-02-17 00:00:00+00:00,2025-02-18T00:00:00+00:00,2026-09-03T11:15:03.742310+00:00,10164.0,10324.0,9968.0,10190.0,10187.216796875,4000623
2025-02-18 00:00:00+00:00,2025-02-19T00:00:00+00:00,2026-09-03T11:15:03.742310+00:00,10015.0,10237.0,9877.0,9912.0,9909.2919921875,1898772
2025-02-19 00:00:00+00:00,2025-02-20T00:00:00+00:00,2026-09-03T11:15:03.742310+00:00,9815.0,10071.0,9685.0,9717.0,9714.345703125,2343152
2025-02-20 00:00:00+00:00,2025-02-21T00:00:00+00:00,2026-09-03T11:15:03.742310+00:00,9615.0,10130.0,9615.0,9892.0,9889.2978515625,2046942
2025-02-21 00:00:00+00:00,2025-02-22T00:00:00+00:00,2026-09-03T11:15:03.742310+00:00,9795.0,9887.0,9528.0,9785.0,9782.3271484375,1896285
2025-02-24 00:00:00+00:00,2025-02-25T00:00:00+00:00,2026-09-03T11:15:03.742310+00:00,9800.0,9892.0,9543.0,9550.0,9547.3916015625,2354404
2025-02-25 00:00:00+00:00,2025-02-26T00:00:00+00:00,2026-09-03T11:15:03.742310+00:00,9600.0,9671.0,9224.5,9356.0,9353.4443359375,3263396
2025-02-26 00:00:00+00:00,2025-02-27T00:00:00+00:00,2026-09-03T11:15:03.742310+00:00,9355.0,9575.0,9332.0,9410.0,9407.4296875,1707314
2025-02-27 00:00:00+00:00,2025-02-28T00:00:00+00:00,2026-09-03T11:15:03.742310+00:00,9260.0,9500.0,9043.0,9162.0,9159.498046875,5750128
2025-02-28 00:00:00+00:00,2025-03-01T00:00:00+00:00,2026-09-03T11:15:03.742310+00:00,9160.0,9176.0,8788.0,8813.0,8810.5927734375,4873656
2025-03-03 00:00:00+00:00,2025-03-04T00:00:00+00:00,2026-09-03T11:15:03.742310+00:00,9038.0,9647.0,8813.0,9479.0,9476.4111328125,4687090
2025-03-04 00:00:00+00:00,2025-03-05T00:00:00+00:00,2026-09-03T11:15:03.742310+00:00,9399.0,9590.0,9274.0,9475.0,9472.4111328125,4188944
2025-03-05 00:00:00+00:00,2025-03-06T00:00:00+00:00,2026-09-03T11:15:03.742310+00:00,9750.0,10374.0,9520.0,10374.0,10371.166015625,6634306
2025-03-06 00:00:00+00:00,2025-03-07T00:00:00+00:00,2026-09-03T11:15:03.742310+00:00,10325.0,11350.0,10344.5,11350.0,11346.900390625,7788667
2025-03-07 00:00:00+00:00,2025-03-08T00:00:00+00:00,2026-09-03T11:15:03.742310+00:00,11251.0,11966.0,11250.0,11754.0,11750.7890625,6976819
2025-03-10 00:00:00+00:00,2025-03-11T00:00:00+00:00,2026-09-03T11:15:03.742310+00:00,11700.0,11919.0,11361.0,11782.0,11778.7822265625,5399097
2025-03-11 00:00:00+00:00,2025-03-12T00:00:00+00:00,2026-09-03T11:15:03.742310+00:00,11556.0,12281.0,11557.0,12097.0,12093.6953125,6815068
2025-03-12 00:00:00+00:00,2025-03-13T00:00:00+00:00,2026-09-03T11:15:03.742310+00:00,12097.0,12173.0,11320.0,11381.0,11377.8916015625,5230812
2025-03-13 00:00:00+00:00,2025-03-14T00:00:00+00:00,2026-09-03T11:15:03.742310+00:00,11307.0,11490.0,10937.0,11391.0,11387.888671875,4158088
2025-03-14 00:00:00+00:00,2025-03-15T00:00:00+00:00,2026-09-03T11:15:03.742310+00:00,11360.0,11671.0,11241.0,11389.0,11385.888671875,3640981
2025-03-17 00:00:00+00:00,2025-03-18T00:00:00+00:00,2026-09-03T11:15:03.742310+00:00,11300.0,11734.0,11314.5,11664.0,11660.8134765625,3124751
2025-03-18 00:00:00+00:00,2025-03-19T00:00:00+00:00,2026-09-03T11:15:03.742310+00:00,11757.0,12192.0,11541.0,12128.0,12124.6865234375,5471714
2025-03-19 00:00:00+00:00,2025-03-20T00:00:00+00:00,2026-09-03T11:15:03.742310+00:00,12050.0,12836.0,11938.0,12836.0,12832.494140625,5601136
2025-03-20 00:00:00+00:00,2025-03-21T00:00:00+00:00,2026-09-03T11:15:03.742310+00:00,12705.0,12900.0,12269.0,12487.0,12483.5888671875,14934915
2025-03-24 00:00:00+00:00,2025-03-25T00:00:00+00:00,2026-09-03T11:15:03.742310+00:00,12150.0,12629.0,12155.0,12201.0,12197.6669921875,3649579
2025-03-25 00:00:00+00:00,2025-03-26T00:00:00+00:00,2026-09-03T11:15:03.742310+00:00,12180.0,12246.0,11681.0,12136.0,12132.685546875,3215722
2025-03-26 00:00:00+00:00,2025-03-27T00:00:00+00:00,2026-09-03T11:15:03.742310+00:00,12200.0,12521.0,11992.0,12366.0,12362.6220703125,3338268
2025-03-27 00:00:00+00:00,2025-03-28T00:00:00+00:00,2026-09-03T11:15:03.742310+00:00,12404.0,12375.0,11967.0,12250.0,12246.6533203125,2303249
2025-03-28 00:00:00+00:00,2025-03-29T00:00:00+00:00,2026-09-03T11:15:03.742310+00:00,12250.0,12666.0,11883.0,12570.0,12566.56640625,2897090
2025-03-31 00:00:00+00:00,2025-04-01T00:00:00+00:00,2026-09-03T11:15:03.742310+00:00,12475.0,12944.0,12178.0,12592.0,12588.560546875,4040433
2025-04-01 00:00:00+00:00,2025-04-02T00:00:00+00:00,2026-09-03T11:15:03.742310+00:00,12790.0,12691.5,12095.0,12182.0,12178.6728515625,4057921
2025-04-02 00:00:00+00:00,2025-04-03T00:00:00+00:00,2026-09-03T11:15:03.742310+00:00,12103.0,12181.0,11758.0,12098.0,12094.6953125,2847356
2025-04-03 00:00:00+00:00,2025-04-04T00:00:00+00:00,2026-09-03T11:15:03.742310+00:00,11860.0,11919.0,10718.0,11066.0,11062.9775390625,6618526
2025-04-04 00:00:00+00:00,2025-04-05T00:00:00+00:00,2026-09-03T11:15:03.742310+00:00,10997.0,10914.0,9123.0,9165.0,9162.49609375,7123422
2025-04-07 00:00:00+00:00,2025-04-08T00:00:00+00:00,2026-09-03T11:15:03.742310+00:00,8790.0,10264.0,8712.0,9707.0,9704.3486328125,7399658
2025-04-08 00:00:00+00:00,2025-04-09T00:00:00+00:00,2026-09-03T11:15:03.742310+00:00,9810.0,10329.0,9515.0,9921.0,9918.2900390625,5243667
2025-04-09 00:00:00+00:00,2025-04-10T00:00:00+00:00,2026-09-03T11:15:03.742310+00:00,9745.0,10570.0,9580.0,10236.0,10233.2041015625,7369981
2025-04-10 00:00:00+00:00,2025-04-11T00:00:00+00:00,2026-09-03T11:15:03.742310+00:00,11050.0,11550.0,10610.0,10901.0,10898.0224609375,4517574
2025-04-11 00:00:00+00:00,2025-04-12T00:00:00+00:00,2026-09-03T11:15:03.742310+00:00,11056.0,11575.0,11050.0,11408.0,11404.8837890625,2765370
2025-04-14 00:00:00+00:00,2025-04-15T00:00:00+00:00,2026-09-03T11:15:03.742310+00:00,11571.0,11949.0,11416.0,11915.0,11911.74609375,2691802
2025-04-15 00:00:00+00:00,2025-04-16T00:00:00+00:00,2026-09-03T11:15:03.742310+00:00,11677.0,12375.0,11677.0,12345.0,12341.6279296875,2846165
2025-04-16 00:00:00+00:00,2025-04-17T00:00:00+00:00,2026-09-03T11:15:03.742310+00:00,12294.0,13219.0,12164.0,12740.0,12736.51953125,4679643
2025-04-17 00:00:00+00:00,2025-04-18T00:00:00+00:00,2026-09-03T11:15:03.742310+00:00,12600.0,12739.0,12310.0,12599.0,12595.55859375,4111103
2025-04-22 00:00:00+00:00,2025-04-23T00:00:00+00:00,2026-09-03T11:15:03.742310+00:00,12413.0,12802.0,11889.0,11924.0,11920.7431640625,5943308
2025-04-23 00:00:00+00:00,2025-04-24T00:00:00+00:00,2026-09-03T11:15:03.742310+00:00,11884.0,12279.0,11582.0,12030.0,12026.7138671875,6035204
2025-04-24 00:00:00+00:00,2025-04-25T00:00:00+00:00,2026-09-03T11:15:03.742310+00:00,12099.0,12077.0,11550.0,11720.0,11716.798828125,3416510
2025-04-25 00:00:00+00:00,2025-04-26T00:00:00+00:00,2026-09-03T11:15:03.742310+00:00,11557.0,11749.0,10903.0,11014.0,11010.9921875,4933191
2025-04-29 00:00:00+00:00,2025-04-30T00:00:00+00:00,2026-09-03T11:15:03.742310+00:00,10905.0,11355.0,11026.0,11172.0,11168.94921875,2375038
2025-04-30 00:00:00+00:00,2025-05-01T00:00:00+00:00,2026-09-03T11:15:03.742310+00:00,11192.0,11209.0,10868.0,11087.0,11083.9716796875,2516174
2025-05-02 00:00:00+00:00,2025-05-03T00:00:00+00:00,2026-09-03T11:15:03.742310+00:00,10910.0,11510.0,10910.0,11265.0,11261.9228515625,2476932
2025-05-05 00:00:00+00:00,2025-05-06T00:00:00+00:00,2026-09-03T11:15:03.742310+00:00,11250.0,11707.0,11014.0,11350.0,11346.900390625,2778316
2025-05-06 00:00:00+00:00,2025-05-07T00:00:00+00:00,2026-09-03T11:15:03.742310+00:00,11365.0,11724.0,11214.0,11381.0,11377.8916015625,2778094
2025-05-07 00:00:00+00:00,2025-05-08T00:00:00+00:00,2026-09-03T11:15:03.742310+00:00,11331.0,11820.0,11202.0,11269.0,11265.921875,2813618
2025-05-08 00:00:00+00:00,2025-05-09T00:00:00+00:00,2026-09-03T11:15:03.742310+00:00,11100.0,11556.0,10998.0,11046.0,11042.982421875,2317122
2025-05-09 00:00:00+00:00,2025-05-10T00:00:00+00:00,2026-09-03T11:15:03.742310+00:00,11156.0,11575.0,11001.0,11421.0,11417.8798828125,2226360
2025-05-12 00:00:00+00:00,2025-05-13T00:00:00+00:00,2026-09-03T11:15:03.742310+00:00,11575.0,11843.0,10689.0,10739.0,10736.0673828125,3840675
2025-05-13 00:00:00+00:00,2025-05-14T00:00:00+00:00,2026-09-03T11:15:03.742310+00:00,10950.0,11231.0,10675.0,10903.0,10900.0224609375,2681584
2025-05-14 00:00:00+00:00,2025-05-15T00:00:00+00:00,2026-09-03T11:15:03.742310+00:00,10888.0,11167.0,10757.0,10870.0,10867.03125,5105229
2025-05-15 00:00:00+00:00,2025-05-16T00:00:00+00:00,2026-09-03T11:15:03.742310+00:00,10990.0,11250.0,10732.0,11127.0,11123.9609375,3272545
2025-05-16 00:00:00+00:00,2025-05-17T00:00:00+00:00,2026-09-03T11:15:03.742310+00:00,11149.0,11400.0,11012.0,11127.0,11123.9609375,2126301
2025-05-19 00:00:00+00:00,2025-05-20T00:00:00+00:00,2026-09-03T11:15:03.742310+00:00,11229.0,11550.0,11146.0,11336.0,11332.9033203125,2457382
2025-05-20 00:00:00+00:00,2025-05-21T00:00:00+00:00,2026-09-03T11:15:03.742310+00:00,11497.0,12687.0,11250.0,12687.0,12683.5341796875,6630987
2025-05-21 00:00:00+00:00,2025-05-22T00:00:00+00:00,2026-09-03T11:15:03.742310+00:00,12650.0,14197.0,12571.0,13600.0,13596.28515625,10041445
2025-05-22 00:00:00+00:00,2025-05-23T00:00:00+00:00,2026-09-03T11:15:03.742310+00:00,13920.0,13879.0,13215.0,13600.0,13596.28515625,8403329
2025-05-23 00:00:00+00:00,2025-05-24T00:00:00+00:00,2026-09-03T11:15:03.742310+00:00,13770.0,14553.0,13600.0,14528.0,14524.03125,5369122
2025-05-26 00:00:00+00:00,2025-05-27T00:00:00+00:00,2026-09-03T11:15:03.742310+00:00,14400.0,14450.0,13834.0,13834.0,13830.2216796875,2419515
2025-05-27 00:00:00+00:00,2025-05-28T00:00:00+00:00,2026-09-03T11:15:03.742310+00:00,13672.0,13724.0,12992.0,13395.0,13391.3408203125,5760128
2025-05-28 00:00:00+00:00,2025-05-29T00:00:00+00:00,2026-09-03T11:15:03.742310+00:00,13284.0,13823.0,13262.0,13339.0,13335.3564453125,3392301
2025-05-29 00:00:00+00:00,2025-05-30T00:00:00+00:00,2026-09-03T11:15:03.742310+00:00,13300.0,13567.0,13159.0,13358.0,13354.3515625,3592478
2025-05-30 00:00:00+00:00,2025-05-31T00:00:00+00:00,2026-09-03T11:15:03.742310+00:00,13450.0,13492.0,12912.0,12912.0,12908.4736328125,9133988
2025-06-02 00:00:00+00:00,2025-06-03T00:00:00+00:00,2026-09-03T11:15:03.742310+00:00,12960.0,13210.0,12514.0,12857.0,12853.48828125,4413296
2025-06-03 00:00:00+00:00,2025-06-04T00:00:00+00:00,2026-09-03T11:15:03.742310+00:00,12827.0,12854.0,12274.0,12609.0,12605.5556640625,5377652
2025-06-04 00:00:00+00:00,2025-06-05T00:00:00+00:00,2026-09-03T11:15:03.742310+00:00,12800.0,13093.0,12609.0,12767.0,12763.5126953125,6248455
2025-06-05 00:00:00+00:00,2025-06-06T00:00:00+00:00,2026-09-03T11:15:03.742310+00:00,12807.0,13881.0,12761.0,13459.0,13455.32421875,8897703
2025-06-06 00:00:00+00:00,2025-06-07T00:00:00+00:00,2026-09-03T11:15:03.742310+00:00,13820.0,14561.0,13730.0,14285.0,14281.09765625,5921013
2025-06-09 00:00:00+00:00,2025-06-10T00:00:00+00:00,2026-09-03T11:15:03.742310+00:00,14750.0,15482.0,14198.0,15021.0,15016.8974609375,9051726
2025-06-10 00:00:00+00:00,2025-06-11T00:00:00+00:00,2026-09-03T11:15:03.742310+00:00,14987.0,15099.0,14603.0,14891.0,14886.9326171875,6468668
2025-06-11 00:00:00+00:00,2025-06-12T00:00:00+00:00,2026-09-03T11:15:03.742310+00:00,15310.0,15812.0,15147.0,15621.0,15616.7333984375,5961639
2025-06-12 00:00:00+00:00,2025-06-13T00:00:00+00:00,2026-09-03T11:15:03.742310+00:00,15599.0,15699.0,15300.0,15620.0,15615.7333984375,5352370
2025-06-13 00:00:00+00:00,2025-06-14T00:00:00+00:00,2026-09-03T11:15:03.742310+00:00,15402.0,15800.0,14832.0,14915.0,14910.92578125,7052760
2025-06-17 00:00:00+00:00,2025-06-18T00:00:00+00:00,2026-09-03T11:15:03.742310+00:00,14701.0,14984.0,14365.0,14471.0,14467.046875,5224004
2025-06-18 00:00:00+00:00,2025-06-19T00:00:00+00:00,2026-09-03T11:15:03.742310+00:00,14300.0,15076.0,14278.0,15046.0,15041.890625,3859143
2025-06-19 00:00:00+00:00,2025-06-20T00:00:00+00:00,2026-09-03T11:15:03.742310+00:00,15050.0,15150.0,14758.0,14863.0,14858.9404296875,4981898
2025-06-20 00:00:00+00:00,2025-06-21T00:00:00+00:00,2026-09-03T11:15:03.742310+00:00,14851.0,14916.0,14380.0,14383.0,14379.0712890625,5677249
2025-06-23 00:00:00+00:00,2025-06-24T00:00:00+00:00,2026-09-03T11:15:03.742310+00:00,14311.0,15380.0,14205.0,15341.0,15336.8095703125,3004020
2025-06-24 00:00:00+00:00,2025-06-25T00:00:00+00:00,2026-09-03T11:15:03.742310+00:00,14998.0,16100.0,14933.0,15605.0,15600.7373046875,3939149
2025-06-25 00:00:00+00:00,2025-06-26T00:00:00+00:00,2026-09-03T11:15:03.742310+00:00,15725.0,16146.0,15210.0,15366.0,15361.802734375,3435532
2025-06-26 00:00:00+00:00,2025-06-27T00:00:00+00:00,2026-09-03T11:15:03.742310+00:00,15957.0,17128.0,15800.0,16418.0,16413.513671875,6642231
2025-06-27 00:00:00+00:00,2025-06-28T00:00:00+00:00,2026-09-03T11:15:03.742310+00:00,16418.0,16411.0,15441.0,15556.0,15551.7509765625,4902011
2025-06-30 00:00:00+00:00,2025-07-01T00:00:00+00:00,2026-09-03T11:15:03.742310+00:00,15866.0,16164.0,15784.0,15893.0,15888.658203125,4874398
2025-07-01 00:00:00+00:00,2025-07-02T00:00:00+00:00,2026-09-03T11:15:03.742310+00:00,15968.0,16245.0,15611.0,16177.0,16172.58203125,5569402
2025-07-02 00:00:00+00:00,2025-07-03T00:00:00+00:00,2026-09-03T11:15:03.742310+00:00,16187.0,16882.0,16163.0,16760.0,16755.421875,7865685
2025-07-03 00:00:00+00:00,2025-07-04T00:00:00+00:00,2026-09-03T11:15:03.742310+00:00,16936.0,17140.0,16294.0,16294.0,16289.548828125,4920001
2025-07-04 00:00:00+00:00,2025-07-05T00:00:00+00:00,2026-09-03T11:15:03.742310+00:00,16517.0,17110.0,15916.0,17110.0,17105.326171875,2887461
2025-07-07 00:00:00+00:00,2025-07-08T00:00:00+00:00,2026-09-03T11:15:03.742310+00:00,16689.0,17396.0,16481.0,17349.0,17344.26171875,6916648
2025-07-08 00:00:00+00:00,2025-07-09T00:00:00+00:00,2026-09-03T11:15:03.742310+00:00,17308.0,17730.0,16850.0,17067.0,17062.337890625,3552412
2025-07-09 00:00:00+00:00,2025-07-10T00:00:00+00:00,2026-09-03T11:15:03.742310+00:00,17000.0,17259.0,16486.0,16979.0,16974.361328125,2372849
2025-07-10 00:00:00+00:00,2025-07-11T00:00:00+00:00,2026-09-03T11:15:03.742310+00:00,16900.0,17469.0,16898.0,17106.0,17101.326171875,1999844
2025-07-11 00:00:00+00:00,2025-07-12T00:00:00+00:00,2026-09-03T11:15:03.742310+00:00,17100.0,17423.0,16796.0,17296.0,17291.275390625,4121710
2025-07-14 00:00:00+00:00,2025-07-15T00:00:00+00:00,2026-09-03T11:15:03.742310+00:00,17494.0,17950.0,17352.0,17376.0,17371.25390625,4498822
2025-07-15 00:00:00+00:00,2025-07-16T00:00:00+00:00,2026-09-03T11:15:03.742310+00:00,17176.0,17660.0,17100.0,17198.0,17193.30078125,2822402
2025-07-16 00:00:00+00:00,2025-07-17T00:00:00+00:00,2026-09-03T11:15:03.742310+00:00,17150.0,17364.0,16814.0,17103.0,17098.328125,2816891
2025-07-17 00:00:00+00:00,2025-07-18T00:00:00+00:00,2026-09-03T11:15:03.742310+00:00,17240.0,17622.0,17053.0,17360.0,17355.2578125,4818889
2025-07-18 00:00:00+00:00,2025-07-19T00:00:00+00:00,2026-09-03T11:15:03.742310+00:00,17500.0,18726.0,17500.0,18073.0,18068.064453125,4727954
2025-07-21 00:00:00+00:00,2025-07-22T00:00:00+00:00,2026-09-03T11:15:03.742310+00:00,18075.0,19042.0,17950.0,18875.0,18869.84375,3565402
2025-07-22 00:00:00+00:00,2025-07-23T00:00:00+00:00,2026-09-03T11:15:03.742310+00:00,18640.0,18851.0,18461.0,18750.0,18744.876953125,5420687
2025-07-23 00:00:00+00:00,2025-07-24T00:00:00+00:00,2026-09-03T11:15:03.742310+00:00,18899.0,19141.0,18601.0,18866.0,18860.845703125,5892321
2025-07-24 00:00:00+00:00,2025-07-25T00:00:00+00:00,2026-09-03T11:15:03.742310+00:00,18788.0,18919.0,18215.0,18623.0,18617.912109375,4326688
2025-07-25 00:00:00+00:00,2025-07-26T00:00:00+00:00,2026-09-03T11:15:03.742310+00:00,18444.0,18437.0,18074.0,18269.0,18264.009765625,3085569
2025-07-28 00:00:00+00:00,2025-07-29T00:00:00+00:00,2026-09-03T11:15:03.742310+00:00,18500.0,18693.0,17985.0,18368.0,18362.984375,3325258
2025-07-29 00:00:00+00:00,2025-07-30T00:00:00+00:00,2026-09-03T11:15:03.742310+00:00,18105.0,18465.0,17938.0,18282.0,18277.0078125,4861532
2025-07-30 00:00:00+00:00,2025-07-31T00:00:00+00:00,2026-09-03T11:15:03.742310+00:00,18163.0,18900.0,18200.0,18836.0,18830.85546875,4226237
2025-07-31 00:00:00+00:00,2025-08-01T00:00:00+00:00,2026-09-03T11:15:03.742310+00:00,18500.0,18700.0,17061.0,17191.0,17186.3046875,6940895
2025-08-01 00:00:00+00:00,2025-08-02T00:00:00+00:00,2026-09-03T11:15:03.742310+00:00,17191.0,17533.0,16716.0,17533.0,17528.2109375,4584194
2025-08-04 00:00:00+00:00,2025-08-05T00:00:00+00:00,2026-09-03T11:15:03.742310+00:00,17550.0,17745.0,17098.0,17516.0,17511.21484375,4517733
2025-08-05 00:00:00+00:00,2025-08-06T00:00:00+00:00,2026-09-03T11:15:03.742310+00:00,17735.0,17740.0,16800.0,16985.0,16980.361328125,3878029
2025-08-06 00:00:00+00:00,2025-08-07T00:00:00+00:00,2026-09-03T11:15:03.742310+00:00,17000.0,17254.0,16669.0,16965.0,16960.3671875,3080370
2025-08-07 00:00:00+00:00,2025-08-08T00:00:00+00:00,2026-09-03T11:15:03.742310+00:00,17200.0,17628.0,16938.0,17377.0,17372.251953125,5220863
2025-08-08 00:00:00+00:00,2025-08-09T00:00:00+00:00,2026-09-03T11:15:03.742310+00:00,17545.0,17943.0,17474.0,17573.0,17568.19921875,2549528
2025-08-11 00:00:00+00:00,2025-08-12T00:00:00+00:00,2026-09-03T11:15:03.742310+00:00,17280.0,17505.0,16819.0,16903.0,16898.3828125,3232559
2025-08-12 00:00:00+00:00,2025-08-13T00:00:00+00:00,2026-09-03T11:15:03.742310+00:00,16800.0,17156.0,16506.0,16722.0,16717.43359375,2886358
2025-08-13 00:00:00+00:00,2025-08-14T00:00:00+00:00,2026-09-03T11:15:03.742310+00:00,16730.0,17100.0,16635.0,16954.0,16949.369140625,3737598
2025-08-14 00:00:00+00:00,2025-08-15T00:00:00+00:00,2026-09-03T11:15:03.742310+00:00,16999.0,17126.0,16596.0,16761.0,16756.421875,2805437
2025-08-15 00:00:00+00:00,2025-08-16T00:00:00+00:00,2026-09-03T11:15:03.742310+00:00,16776.0,17273.0,16600.0,16744.0,16739.427734375,2121962
2025-08-18 00:00:00+00:00,2025-08-19T00:00:00+00:00,2026-09-03T11:15:03.742310+00:00,16900.0,16890.0,16581.0,16665.0,16660.447265625,3302943
2025-08-19 00:00:00+00:00,2025-08-20T00:00:00+00:00,2026-09-03T11:15:03.742310+00:00,16600.0,16693.0,16071.0,16200.0,16195.5751953125,2419312
2025-08-20 00:00:00+00:00,2025-08-21T00:00:00+00:00,2026-09-03T11:15:03.742310+00:00,16025.0,16302.0,16009.0,16150.0,16145.5888671875,3038803
2025-08-21 00:00:00+00:00,2025-08-22T00:00:00+00:00,2026-09-03T11:15:03.742310+00:00,16010.0,16602.0,16034.0,16548.0,16543.48046875,2819918
2025-08-22 00:00:00+00:00,2025-08-23T00:00:00+00:00,2026-09-03T11:15:03.742310+00:00,16750.0,16724.0,16165.0,16318.0,16313.54296875,2954175
2025-08-25 00:00:00+00:00,2025-08-26T00:00:00+00:00,2026-09-03T11:15:03.742310+00:00,16400.0,16586.0,16208.0,16340.0,16335.537109375,2695720
2025-08-26 00:00:00+00:00,2025-08-27T00:00:00+00:00,2026-09-03T11:15:03.742310+00:00,16339.0,16313.0,15670.0,16049.0,16044.6162109375,4363740
2025-08-27 00:00:00+00:00,2025-08-28T00:00:00+00:00,2026-09-03T11:15:03.742310+00:00,16250.0,16296.0,15188.0,15441.0,15436.7822265625,2810381
2025-08-28 00:00:00+00:00,2025-08-29T00:00:00+00:00,2026-09-03T11:15:03.742310+00:00,15500.0,15977.0,15254.0,15790.0,15785.6875,5994364
2025-08-29 00:00:00+00:00,2025-08-30T00:00:00+00:00,2026-09-03T11:15:03.742310+00:00,15850.0,16143.0,15669.0,15946.0,15941.6435546875,3561543
2025-09-01 00:00:00+00:00,2025-09-02T00:00:00+00:00,2026-09-03T11:15:03.742310+00:00,16220.0,17754.0,16288.0,17644.0,17639.1796875,4646424
2025-09-02 00:00:00+00:00,2025-09-03T00:00:00+00:00,2026-09-03T11:15:03.742310+00:00,17775.0,18009.0,17281.0,18009.0,18004.08203125,5506514
2025-09-03 00:00:00+00:00,2025-09-04T00:00:00+00:00,2026-09-03T11:15:03.742310+00:00,18100.0,18685.0,17140.0,18685.0,18679.89453125,6926552
2025-09-04 00:00:00+00:00,2025-09-05T00:00:00+00:00,2026-09-03T11:15:03.742310+00:00,18250.0,18521.080078125,17427.0,17500.0,17495.220703125,6572336
2025-09-05 00:00:00+00:00,2025-09-06T00:00:00+00:00,2026-09-03T11:15:03.742310+00:00,17650.0,19125.0,17648.0,18400.0,18394.974609375,4872268
2025-09-08 00:00:00+00:00,2025-09-09T00:00:00+00:00,2026-09-03T11:15:03.742310+00:00,18400.0,19600.0,18346.0,19600.0,19594.646484375,4585056
2025-09-09 00:00:00+00:00,2025-09-10T00:00:00+00:00,2026-09-03T11:15:03.742310+00:00,19500.0,19900.0,18700.0,18871.0,18865.845703125,9606573
2025-09-10 00:00:00+00:00,2025-09-11T00:00:00+00:00,2026-09-03T11:15:03.742310+00:00,19000.0,19328.0,18786.0,18970.0,18964.818359375,3686655
2025-09-11 00:00:00+00:00,2025-09-12T00:00:00+00:00,2026-09-03T11:15:03.742310+00:00,18976.0,19017.0,18447.0,18903.0,18897.837890625,1996822
2025-09-12 00:00:00+00:00,2025-09-13T00:00:00+00:00,2026-09-03T11:15:03.742310+00:00,18301.0,19291.0,18336.0,18405.0,18399.97265625,3003884
2025-09-15 00:00:00+00:00,2025-09-16T00:00:00+00:00,2026-09-03T11:15:03.742310+00:00,18405.0,18510.0,18014.0,18428.0,18422.966796875,1588231
2025-09-16 00:00:00+00:00,2025-09-17T00:00:00+00:00,2026-09-03T11:15:03.742310+00:00,18648.0,19183.0,18431.0,18760.0,18754.875,3866909
2025-09-17 00:00:00+00:00,2025-09-18T00:00:00+00:00,2026-09-03T11:15:03.742310+00:00,18600.0,18757.0,17900.0,18650.0,18646.546875,2925967
2025-09-18 00:00:00+00:00,2025-09-19T00:00:00+00:00,2026-09-03T11:15:03.742310+00:00,18399.0,19489.0,18177.0,19054.0,19050.470703125,8109589
2025-09-19 00:00:00+00:00,2025-09-20T00:00:00+00:00,2026-09-03T11:15:03.742310+00:00,19283.0,19680.0,18796.0,19430.0,19426.40234375,4967450
2025-09-22 00:00:00+00:00,2025-09-23T00:00:00+00:00,2026-09-03T11:15:03.742310+00:00,19797.0,19829.0,18951.0,19252.0,19248.435546875,3759392
2025-09-23 00:00:00+00:00,2025-09-24T00:00:00+00:00,2026-09-03T11:15:03.742310+00:00,19448.0,20530.0,19135.0,20530.0,20526.197265625,5867442
2025-09-25 00:00:00+00:00,2025-09-26T00:00:00+00:00,2026-09-03T11:15:03.742310+00:00,20167.0,21526.0,20104.0,21285.0,21281.05859375,4623485
2025-09-26 00:00:00+00:00,2025-09-27T00:00:00+00:00,2026-09-03T11:15:03.742310+00:00,21501.0,22353.0,21300.0,22315.0,22310.8671875,3921687
2025-09-29 00:00:00+00:00,2025-09-30T00:00:00+00:00,2026-09-03T11:15:03.742310+00:00,22900.0,22979.0,21566.0,21906.0,21901.943359375,7088150
2025-09-30 00:00:00+00:00,2025-10-01T00:00:00+00:00,2026-09-03T11:15:03.742310+00:00,21907.0,22184.0,21131.0,22055.0,22050.916015625,4540706
2025-10-01 00:00:00+00:00,2025-10-02T00:00:00+00:00,2026-09-03T11:15:03.742310+00:00,21809.0,23051.0,21658.0,22800.0,22795.77734375,3630839
2025-10-02 00:00:00+00:00,2025-10-03T00:00:00+00:00,2026-09-03T11:15:03.742310+00:00,22700.0,22912.0,21982.0,22006.0,22001.923828125,3227212
2025-10-03 00:00:00+00:00,2025-10-04T00:00:00+00:00,2026-09-03T11:15:03.742310+00:00,22050.0,22558.0,21700.0,22150.0,22145.8984375,3376592
2025-10-06 00:00:00+00:00,2025-10-07T00:00:00+00:00,2026-09-03T11:15:03.742310+00:00,22300.0,22799.0,21754.0,22148.0,22143.8984375,4939320
2025-10-07 00:00:00+00:00,2025-10-08T00:00:00+00:00,2026-09-03T11:15:03.742310+00:00,22151.0,22530.0,21757.0,22321.0,22316.8671875,5067307
2025-10-08 00:00:00+00:00,2025-10-09T00:00:00+00:00,2026-09-03T11:15:03.742310+00:00,22800.0,23748.0,22507.0,23600.0,23595.62890625,6146162
2025-10-09 00:00:00+00:00,2025-10-10T00:00:00+00:00,2026-09-03T11:15:03.742310+00:00,23400.0,23694.0,22349.0,22458.0,22453.841796875,4716109
2025-10-10 00:00:00+00:00,2025-10-11T00:00:00+00:00,2026-09-03T11:15:03.742310+00:00,21900.0,21993.0,20703.0,21709.0,21704.98046875,7358966
2025-10-13 00:00:00+00:00,2025-10-14T00:00:00+00:00,2026-09-03T11:15:03.742310+00:00,21985.0,22587.0,21888.0,22190.0,22185.890625,2592000
2025-10-14 00:00:00+00:00,2025-10-15T00:00:00+00:00,2026-09-03T11:15:03.742310+00:00,21840.0,22000.0,21489.0,21880.0,21875.947265625,3459783
2025-10-15 00:00:00+00:00,2025-10-16T00:00:00+00:00,2026-09-03T11:15:03.742310+00:00,22200.0,22400.0,21917.0,22298.0,22293.87109375,3796947
2025-10-16 00:00:00+00:00,2025-10-17T00:00:00+00:00,2026-09-03T11:15:03.742310+00:00,22396.0,23329.0,22050.0,23198.0,23193.703125,5660577
2025-10-17 00:00:00+00:00,2025-10-18T00:00:00+00:00,2026-09-03T11:15:03.742310+00:00,23147.0,23126.0,21514.0,21514.0,21510.015625,5276176
2025-10-20 00:00:00+00:00,2025-10-21T00:00:00+00:00,2026-09-03T11:15:03.742310+00:00,21500.0,21988.0,20908.0,21245.0,21241.06640625,4372611
2025-10-21 00:00:00+00:00,2025-10-22T00:00:00+00:00,2026-09-03T11:15:03.742310+00:00,20900.0,21357.0,18566.0,18980.0,18976.484375,9634853
2025-10-22 00:00:00+00:00,2025-10-23T00:00:00+00:00,2026-09-03T11:15:03.742310+00:00,19060.0,19618.0,18020.0,19191.0,19187.4453125,7904147
2025-10-23 00:00:00+00:00,2025-10-24T00:00:00+00:00,2026-09-03T11:15:03.742310+00:00,19700.0,20750.0,19710.0,20274.0,20270.24609375,3655753
2025-10-24 00:00:00+00:00,2025-10-25T00:00:00+00:00,2026-09-03T11:15:03.742310+00:00,20585.0,20716.0,19728.0,20204.0,20200.2578125,2412436
2025-10-27 00:00:00+00:00,2025-10-28T00:00:00+00:00,2026-09-03T11:15:03.742310+00:00,20204.0,20714.0,19091.0,19091.0,19087.46484375,4245910
2025-10-28 00:00:00+00:00,2025-10-29T00:00:00+00:00,2026-09-03T11:15:03.742310+00:00,19000.0,19314.0,18700.0,19224.0,19220.439453125,5595243
2025-10-29 00:00:00+00:00,2025-10-30T00:00:00+00:00,2026-09-03T11:15:03.742310+00:00,19350.0,20315.0,19225.0,19813.0,19809.330078125,3104142
2025-10-30 00:00:00+00:00,2025-10-31T00:00:00+00:00,2026-09-03T11:15:03.742310+00:00,19300.0,20150.0,19250.0,19567.0,19563.376953125,3274851
2025-10-31 00:00:00+00:00,2025-11-01T00:00:00+00:00,2026-09-03T11:15:03.742310+00:00,19958.0,20154.0,18458.0,18640.0,18636.548828125,5311719
2025-11-03 00:00:00+00:00,2025-11-04T00:00:00+00:00,2026-09-03T11:15:03.742310+00:00,18640.0,19084.0,18481.0,18981.0,18977.484375,2120479
2025-11-04 00:00:00+00:00,2025-11-05T00:00:00+00:00,2026-09-03T11:15:03.742310+00:00,18657.0,18866.0,17812.0,17950.0,17946.67578125,5123629
2025-11-05 00:00:00+00:00,2025-11-06T00:00:00+00:00,2026-09-03T11:15:03.742310+00:00,18200.0,18590.0,17980.0,18424.0,18420.587890625,2974984
2025-11-06 00:00:00+00:00,2025-11-07T00:00:00+00:00,2026-09-03T11:15:03.742310+00:00,18600.0,19174.0,18361.0,18860.0,18856.5078125,3487272
2025-11-07 00:00:00+00:00,2025-11-08T00:00:00+00:00,2026-09-03T11:15:03.742310+00:00,18700.0,18967.0,18306.0,18778.0,18774.5234375,1638476
2025-11-10 00:00:00+00:00,2025-11-11T00:00:00+00:00,2026-09-03T11:15:03.742310+00:00,19150.0,19825.0,19151.0,19612.0,19608.3671875,2761913
2025-11-11 00:00:00+00:00,2025-11-12T00:00:00+00:00,2026-09-03T11:15:03.742310+00:00,19899.0,19900.0,18926.0,18963.0,18959.48828125,2854022
2025-11-12 00:00:00+00:00,2025-11-13T00:00:00+00:00,2026-09-03T11:15:03.742310+00:00,19000.0,19397.0,18951.0,19380.0,19376.41015625,2282941
2025-11-13 00:00:00+00:00,2025-11-14T00:00:00+00:00,2026-09-03T11:15:03.742310+00:00,19540.0,20315.0,19376.0,19621.0,19617.3671875,1434443
2025-11-14 00:00:00+00:00,2025-11-15T00:00:00+00:00,2026-09-03T11:15:03.742310+00:00,19001.0,19483.0,18846.0,19187.0,19183.447265625,1943145
2025-11-17 00:00:00+00:00,2025-11-18T00:00:00+00:00,2026-09-03T11:15:03.742310+00:00,18911.0,19425.0,18924.0,19137.0,19133.455078125,1091222
2025-11-18 00:00:00+00:00,2025-11-19T00:00:00+00:00,2026-09-03T11:15:03.742310+00:00,18699.0,18750.0,17850.0,18300.0,18296.611328125,2403447
2025-11-19 00:00:00+00:00,2025-11-20T00:00:00+00:00,2026-09-03T11:15:03.742310+00:00,18500.0,19630.0,18369.0,19555.0,19551.37890625,1894408
2025-11-20 00:00:00+00:00,2025-11-21T00:00:00+00:00,2026-09-03T11:15:03.742310+00:00,19555.0,19838.0,19246.0,19612.0,19608.3671875,2267513
2025-11-21 00:00:00+00:00,2025-11-22T00:00:00+00:00,2026-09-03T11:15:03.742310+00:00,19100.0,19127.0,18200.0,18868.0,18864.505859375,2656090
2025-11-24 00:00:00+00:00,2025-11-25T00:00:00+00:00,2026-09-03T11:15:03.742310+00:00,18500.0,19840.0,18628.0,19409.0,19405.40625,4916859
2025-11-25 00:00:00+00:00,2025-11-26T00:00:00+00:00,2026-09-03T11:15:03.742310+00:00,19600.0,20037.0,19336.0,19357.0,19353.416015625,1989050
2025-11-26 00:00:00+00:00,2025-11-27T00:00:00+00:00,2026-09-03T11:15:03.742310+00:00,19401.0,20212.0,19694.0,20212.0,20208.2578125,2083735
2025-11-27 00:00:00+00:00,2025-11-28T00:00:00+00:00,2026-09-03T11:15:03.742310+00:00,20691.0,21010.0,20112.0,20112.0,20108.275390625,1942365
2025-11-28 00:00:00+00:00,2025-11-29T00:00:00+00:00,2026-09-03T11:15:03.742310+00:00,20300.0,21440.0,20275.0,21440.0,21436.029296875,4238986
2025-12-01 00:00:00+00:00,2025-12-02T00:00:00+00:00,2026-09-03T11:15:03.742310+00:00,21509.0,22574.0,21181.0,22242.0,22237.880859375,4482452
2025-12-02 00:00:00+00:00,2025-12-03T00:00:00+00:00,2026-09-03T11:15:03.742310+00:00,21650.0,21800.0,21425.0,21498.0,21494.01953125,2924525
2025-12-03 00:00:00+00:00,2025-12-04T00:00:00+00:00,2026-09-03T11:15:03.742310+00:00,21450.0,21833.0,21252.0,21470.0,21466.0234375,2464383
2025-12-04 00:00:00+00:00,2025-12-05T00:00:00+00:00,2026-09-03T11:15:03.742310+00:00,21225.0,21761.0,21013.0,21573.0,21569.00390625,3226779
2025-12-05 00:00:00+00:00,2025-12-06T00:00:00+00:00,2026-09-03T11:15:03.742310+00:00,21501.0,22430.0,21737.0,22338.0,22333.86328125,2749376
2025-12-08 00:00:00+00:00,2025-12-09T00:00:00+00:00,2026-09-03T11:15:03.742310+00:00,22288.0,22519.0,22044.0,22067.0,22062.9140625,4697379
2025-12-09 00:00:00+00:00,2025-12-10T00:00:00+00:00,2026-09-03T11:15:03.742310+00:00,21700.0,21937.0,21147.0,21395.0,21391.037109375,3121104
2025-12-10 00:00:00+00:00,2025-12-11T00:00:00+00:00,2026-09-03T11:15:03.742310+00:00,21500.0,21977.0,21500.0,21557.0,21553.0078125,2544964
2025-12-11 00:00:00+00:00,2025-12-12T00:00:00+00:00,2026-09-03T11:15:03.742310+00:00,21507.0,22556.0,21357.0,22370.0,22365.857421875,2321183
2025-12-12 00:00:00+00:00,2025-12-13T00:00:00+00:00,2026-09-03T11:15:03.742310+00:00,22824.0,23500.0,22822.5,23381.0,23376.669921875,11798916
2025-12-15 00:00:00+00:00,2025-12-16T00:00:00+00:00,2026-09-03T11:15:03.742310+00:00,23300.0,23500.0,22788.0,22860.0,22855.765625,2800980
2025-12-17 00:00:00+00:00,2025-12-18T00:00:00+00:00,2026-09-03T11:15:03.742310+00:00,23500.0,24989.0,23420.5,24415.0,24410.478515625,7385317
2025-12-18 00:00:00+00:00,2025-12-19T00:00:00+00:00,2026-09-03T11:15:03.742310+00:00,24907.0,25188.0,24225.0,24355.0,24350.490234375,7677715
2025-12-19 00:00:00+00:00,2025-12-20T00:00:00+00:00,2026-09-03T11:15:03.742310+00:00,23900.0,24687.0,24045.0,24410.0,24405.478515625,5929477
2025-12-22 00:00:00+00:00,2025-12-23T00:00:00+00:00,2026-09-03T11:15:03.742310+00:00,25200.0,26525.0,25178.0,26525.0,26520.087890625,3815032
2025-12-23 00:00:00+00:00,2025-12-24T00:00:00+00:00,2026-09-03T11:15:03.742310+00:00,26898.0,27307.0,26509.0,27162.0,27156.970703125,2774621
2025-12-24 00:00:00+00:00,2025-12-25T00:00:00+00:00,2026-09-03T11:15:03.742310+00:00,27812.0,28177.0,27021.0,27300.0,27294.943359375,1795426
2025-12-29 00:00:00+00:00,2025-12-30T00:00:00+00:00,2026-09-03T11:15:03.742310+00:00,27109.0,27348.0,25921.0,26064.0,26059.173828125,2021874
2025-12-30 00:00:00+00:00,2025-12-31T00:00:00+00:00,2026-09-03T11:15:03.742310+00:00,26000.0,26982.5,25821.0,26715.0,26710.052734375,1381814
2025-12-31 00:00:00+00:00,2026-01-01T00:00:00+00:00,2026-09-03T11:15:03.742310+00:00,25750.0,26200.0,25463.0,26200.0,26195.1484375,800790
2026-01-02 00:00:00+00:00,2026-01-03T00:00:00+00:00,2026-09-03T11:15:03.742310+00:00,26600.0,27138.0,26424.0,26961.0,26956.0078125,1247601
2026-01-05 00:00:00+00:00,2026-01-06T00:00:00+00:00,2026-09-03T11:15:03.742310+00:00,27276.0,27714.0,26321.0,27674.0,27668.875,3880075
2026-01-06 00:00:00+00:00,2026-01-07T00:00:00+00:00,2026-09-03T11:15:03.742310+00:00,27674.0,28850.0,27292.0,28850.0,28844.65625,3426557
2026-01-07 00:00:00+00:00,2026-01-08T00:00:00+00:00,2026-09-03T11:15:03.742310+00:00,28150.0,29313.0,27883.0,28772.0,28766.671875,3720389
2026-01-08 00:00:00+00:00,2026-01-09T00:00:00+00:00,2026-09-03T11:15:03.742310+00:00,28500.0,28591.0,26034.0,26413.0,26408.109375,5238315
2026-01-09 00:00:00+00:00,2026-01-10T00:00:00+00:00,2026-09-03T11:15:03.742310+00:00,26950.0,27890.0,26859.0,27656.0,27650.87890625,2270505
2026-01-12 00:00:00+00:00,2026-01-13T00:00:00+00:00,2026-09-03T11:15:03.742310+00:00,28206.0,30000.0,28141.0,30000.0,29994.443359375,2980920
2026-01-13 00:00:00+00:00,2026-01-14T00:00:00+00:00,2026-09-03T11:15:03.742310+00:00,29600.0,30450.0,29172.0,30243.0,30237.3984375,2504805
2026-01-14 00:00:00+00:00,2026-01-15T00:00:00+00:00,2026-09-03T11:15:03.742310+00:00,30320.0,31914.0,30274.0,31047.0,31041.25,4868961
2026-01-15 00:00:00+00:00,2026-01-16T00:00:00+00:00,2026-09-03T11:15:03.742310+00:00,30750.0,31152.0,30228.0,30716.0,30710.3125,4055866
2026-01-16 00:00:00+00:00,2026-01-17T00:00:00+00:00,2026-09-03T11:15:03.742310+00:00,30500.0,30554.0,28960.0,29760.0,29754.48828125,4433184
2026-01-19 00:00:00+00:00,2026-01-20T00:00:00+00:00,2026-09-03T11:15:03.742310+00:00,30100.0,30300.0,29311.0,30300.0,30294.388671875,2072322
2026-01-20 00:00:00+00:00,2026-01-21T00:00:00+00:00,2026-09-03T11:15:03.742310+00:00,30200.0,30813.0,29950.0,30657.0,30651.322265625,3089238
2026-01-21 00:00:00+00:00,2026-01-22T00:00:00+00:00,2026-09-03T11:15:03.742310+00:00,31345.0,31800.0,29878.0,31686.0,31680.1328125,5539434
2026-01-22 00:00:00+00:00,2026-01-23T00:00:00+00:00,2026-09-03T11:15:03.742310+00:00,31655.0,33984.0,31447.0,33361.0,33354.8203125,4430642
2026-01-23 00:00:00+00:00,2026-01-24T00:00:00+00:00,2026-09-03T11:15:03.742310+00:00,34232.0,36200.0,33496.0,34931.0,34924.53125,4786913
2026-01-26 00:00:00+00:00,2026-01-27T00:00:00+00:00,2026-09-03T11:15:03.742310+00:00,36190.0,37039.0,35061.0,36700.0,36693.203125,4504172
2026-01-27 00:00:00+00:00,2026-01-28T00:00:00+00:00,2026-09-03T11:15:03.742310+00:00,36118.0,37497.0,35710.0,35900.0,35893.3515625,4406127
2026-01-28 00:00:00+00:00,2026-01-29T00:00:00+00:00,2026-09-03T11:15:03.742310+00:00,37000.0,37778.0,35439.0,36620.0,36613.21875,5592284
2026-01-29 00:00:00+00:00,2026-01-30T00:00:00+00:00,2026-09-03T11:15:03.742310+00:00,37405.0,37948.0,36038.0,36438.0,36431.25390625,5132137
2026-01-30 00:00:00+00:00,2026-01-31T00:00:00+00:00,2026-09-03T11:15:03.742310+00:00,33520.0,34502.0,31406.0,31600.0,31594.1484375,8461551
2026-02-02 00:00:00+00:00,2026-02-03T00:00:00+00:00,2026-09-03T11:15:03.742310+00:00,26500.0,29680.0,26011.0,28900.0,28894.6484375,9636535
2026-02-03 00:00:00+00:00,2026-02-04T00:00:00+00:00,2026-09-03T11:15:03.742310+00:00,29550.0,30835.0,29346.0,30364.0,30358.376953125,6558644
2026-02-04 00:00:00+00:00,2026-02-05T00:00:00+00:00,2026-09-03T11:15:03.742310+00:00,30800.0,31815.0,30411.0,30994.0,30988.259765625,5426640
2026-02-05 00:00:00+00:00,2026-02-06T00:00:00+00:00,2026-09-03T11:15:03.742310+00:00,29300.0,29901.0,27613.0,28154.0,28148.78515625,4842823
2026-02-06 00:00:00+00:00,2026-02-07T00:00:00+00:00,2026-09-03T11:15:03.742310+00:00,27651.0,27923.0,27025.0,27525.0,27519.90234375,6441479
2026-02-09 00:00:00+00:00,2026-02-10T00:00:00+00:00,2026-09-03T11:15:03.742310+00:00,27899.0,28420.0,26625.0,28070.0,28064.80078125,2944100
2026-02-10 00:00:00+00:00,2026-02-11T00:00:00+00:00,2026-09-03T11:15:03.742310+00:00,27999.0,28550.0,27606.0,28376.0,28370.744140625,2062342
2026-02-11 00:00:00+00:00,2026-02-12T00:00:00+00:00,2026-09-03T11:15:03.742310+00:00,28500.0,30070.0,28500.0,29350.0,29344.564453125,2783648
2026-02-12 00:00:00+00:00,2026-02-13T00:00:00+00:00,2026-09-03T11:15:03.742310+00:00,29210.0,29641.0,28526.0,28961.0,28955.63671875,3541734
2026-02-13 00:00:00+00:00,2026-02-14T00:00:00+00:00,2026-09-03T11:15:03.742310+00:00,27867.0,28162.0,26695.0,27479.0,27473.91015625,3324749
2026-02-16 00:00:00+00:00,2026-02-17T00:00:00+00:00,2026-09-03T11:15:03.742310+00:00,27140.0,27881.0,26800.0,27251.0,27245.953125,1709098
2026-02-17 00:00:00+00:00,2026-02-18T00:00:00+00:00,2026-09-03T11:15:03.742310+00:00,26805.0,27181.0,26510.0,26842.0,26837.029296875,2353914
2026-02-18 00:00:00+00:00,2026-02-19T00:00:00+00:00,2026-09-03T11:15:03.742310+00:00,27109.0,28532.0,27017.0,28532.0,28526.716796875,3752667
2026-02-19 00:00:00+00:00,2026-02-20T00:00:00+00:00,2026-09-03T11:15:03.742310+00:00,28419.0,28809.0,27278.0,27822.0,27816.84765625,1804337
2026-02-20 00:00:00+00:00,2026-02-21T00:00:00+00:00,2026-09-03T11:15:03.742310+00:00,27901.0,29419.0,27919.0,28978.0,28972.6328125,2258949
2026-02-23 00:00:00+00:00,2026-02-24T00:00:00+00:00,2026-09-03T11:15:03.742310+00:00,29500.0,30469.0,29200.0,30469.0,30463.357421875,2997300
2026-02-24 00:00:00+00:00,2026-02-25T00:00:00+00:00,2026-09-03T11:15:03.742310+00:00,30399.0,31449.0,30000.0,30852.0,30846.287109375,4531556
2026-02-25 00:00:00+00:00,2026-02-26T00:00:00+00:00,2026-09-03T11:15:03.742310+00:00,31639.0,32924.0,31639.0,32300.0,32294.017578125,3297421
2026-02-26 00:00:00+00:00,2026-02-27T00:00:00+00:00,2026-09-03T11:15:03.742310+00:00,32600.0,33836.0,32309.0,33665.0,33658.765625,4563988
2026-02-27 00:00:00+00:00,2026-02-28T00:00:00+00:00,2026-09-03T11:15:03.742310+00:00,35000.0,35859.0,34074.0,35367.0,35360.44921875,6576803
2026-03-02 00:00:00+00:00,2026-03-03T00:00:00+00:00,2026-09-03T11:15:03.742310+00:00,35614.0,36514.0,34094.0,34428.0,34421.625,3875128
2026-03-03 00:00:00+00:00,2026-03-04T00:00:00+00:00,2026-09-03T11:15:03.742310+00:00,33900.0,33836.0,28257.0,28611.0,28605.701171875,6641275
2026-03-04 00:00:00+00:00,2026-03-05T00:00:00+00:00,2026-09-03T11:15:03.742310+00:00,29200.0,30633.0,28912.0,29456.0,29450.544921875,4769515
2026-03-05 00:00:00+00:00,2026-03-06T00:00:00+00:00,2026-09-03T11:15:03.742310+00:00,29456.0,30224.0,26406.0,27230.0,27224.95703125,5484089
2026-03-06 00:00:00+00:00,2026-03-07T00:00:00+00:00,2026-09-03T11:15:03.742310+00:00,27500.0,28400.0,26315.0,26700.0,26695.0546875,5576386
2026-03-09 00:00:00+00:00,2026-03-10T00:00:00+00:00,2026-09-03T11:15:03.742310+00:00,26699.0,26940.0,25036.0,26403.0,26398.111328125,6997933
2026-03-10 00:00:00+00:00,2026-03-11T00:00:00+00:00,2026-09-03T11:15:03.742310+00:00,27723.0,28001.0,26803.0,27781.0,27775.85546875,3341146
2026-03-11 00:00:00+00:00,2026-03-12T00:00:00+00:00,2026-09-03T11:15:03.742310+00:00,28000.0,27952.0,26475.0,27355.0,27349.93359375,4804008
2026-03-12 00:00:00+00:00,2026-03-13T00:00:00+00:00,2026-09-03T11:15:03.742310+00:00,26800.0,27668.0,26525.0,27100.0,27094.98046875,3002484
2026-03-13 00:00:00+00:00,2026-03-14T00:00:00+00:00,2026-09-03T11:15:03.742310+00:00,26500.0,27149.0,24034.0,24034.0,24029.548828125,7064144
2026-03-16 00:00:00+00:00,2026-03-17T00:00:00+00:00,2026-09-03T11:15:03.742310+00:00,24888.0,25863.0,24270.0,25689.0,25684.2421875,6876449
2026-03-17 00:00:00+00:00,2026-03-18T00:00:00+00:00,2026-09-03T11:15:03.742310+00:00,25501.0,27041.0,25244.0,26765.0,26760.04296875,3896056
2026-03-18 00:00:00+00:00,2026-03-19T00:00:00+00:00,2026-09-03T11:15:03.742310+00:00,26770.0,26860.0,24563.0,24815.0,24810.404296875,4516740
2026-03-19 00:00:00+00:00,2026-03-20T00:00:00+00:00,2026-09-03T11:15:03.742310+00:00,23950.0,24288.0,21127.0,22329.0,22324.865234375,12212764
2026-03-20 00:00:00+00:00,2026-03-21T00:00:00+00:00,2026-09-03T11:15:03.742310+00:00,22620.0,23571.0,21981.0,21983.0,21978.9296875,10643296
2026-03-23 00:00:00+00:00,2026-03-24T00:00:00+00:00,2026-09-03T11:15:03.742310+00:00,20687.0,22951.0,19700.0,22600.0,22595.814453125,7108302
2026-03-24 00:00:00+00:00,2026-03-25T00:00:00+00:00,2026-09-03T11:15:03.742310+00:00,22477.0,22931.0,21696.0,22136.0,22131.900390625,5652689
2026-03-25 00:00:00+00:00,2026-03-26T00:00:00+00:00,2026-09-03T11:15:03.742310+00:00,22920.0,23614.0,22361.0,23263.0,23263.0,4384951
2026-03-26 00:00:00+00:00,2026-03-27T00:00:00+00:00,2026-09-03T11:15:03.742310+00:00,22595.0,22548.0,21415.0,22524.0,22524.0,3110983
2026-03-27 00:00:00+00:00,2026-03-28T00:00:00+00:00,2026-09-03T11:15:03.742310+00:00,22820.0,22942.0,21403.0,22258.0,22258.0,4187233
2026-03-30 00:00:00+00:00,2026-03-31T00:00:00+00:00,2026-09-03T11:15:03.742310+00:00,22700.0,23510.0,21827.0,23510.0,23510.0,3977380
2026-03-31 00:00:00+00:00,2026-04-01T00:00:00+00:00,2026-09-03T11:15:03.742310+00:00,23555.0,24370.0,23231.0,23893.0,23893.0,5598709
2026-04-01 00:00:00+00:00,2026-04-02T00:00:00+00:00,2026-09-03T11:15:03.742310+00:00,25672.0,26200.0,24295.0,24554.0,24554.0,4591101
2026-04-02 00:00:00+00:00,2026-04-03T00:00:00+00:00,2026-09-03T11:15:03.742310+00:00,23250.0,24532.0,22389.0,24532.0,24532.0,2727105
2026-04-07 00:00:00+00:00,2026-04-08T00:00:00+00:00,2026-09-03T11:15:03.742310+00:00,24661.0,24695.0,23084.0,23084.0,23084.0,4097707
2026-04-08 00:00:00+00:00,2026-04-09T00:00:00+00:00,2026-09-03T11:15:03.742310+00:00,25715.0,26867.0,25484.0,26094.0,26094.0,8732977
2026-04-09 00:00:00+00:00,2026-04-10T00:00:00+00:00,2026-09-03T11:15:03.742310+00:00,25772.0,26105.0,25453.0,25600.0,25600.0,4835217
2026-04-10 00:00:00+00:00,2026-04-11T00:00:00+00:00,2026-09-03T11:15:03.742310+00:00,25580.0,25968.0,25031.0,25255.0,25255.0,2241424
2026-04-13 00:00:00+00:00,2026-04-14T00:00:00+00:00,2026-09-03T11:15:03.742310+00:00,25057.0,25544.0,24697.0,25121.0,25121.0,2318093
2026-04-14 00:00:00+00:00,2026-04-15T00:00:00+00:00,2026-09-03T11:15:03.742310+00:00,25735.0,26559.0,25610.0,26199.0,26199.0,2545376
2026-04-15 00:00:00+00:00,2026-04-16T00:00:00+00:00,2026-09-03T11:15:03.742310+00:00,26203.0,26410.0,25594.0,25594.0,25594.0,3683812
2026-04-16 00:00:00+00:00,2026-04-17T00:00:00+00:00,2026-09-03T11:15:03.742310+00:00,26100.0,26309.0,24862.0,25000.0,25000.0,2529484
2026-04-17 00:00:00+00:00,2026-04-18T00:00:00+00:00,2026-09-03T11:15:03.742310+00:00,24980.0,27661.0,24552.0,27311.0,27311.0,6072302
2026-04-20 00:00:00+00:00,2026-04-21T00:00:00+00:00,2026-09-03T11:15:03.742310+00:00,26262.0,26842.0,25700.0,26582.0,26582.0,2185632
2026-04-21 00:00:00+00:00,2026-04-22T00:00:00+00:00,2026-09-03T11:15:03.742310+00:00,26800.0,26547.0,25462.0,25462.0,25462.0,2089235
2026-04-22 00:00:00+00:00,2026-04-23T00:00:00+00:00,2026-09-03T11:15:03.742310+00:00,25800.0,26133.0,25118.0,25661.0,25661.0,1440566
2026-04-23 00:00:00+00:00,2026-04-24T00:00:00+00:00,2026-09-03T11:15:03.742310+00:00,25590.0,25808.0,24106.0,24441.0,24441.0,2710257
2026-04-24 00:00:00+00:00,2026-04-25T00:00:00+00:00,2026-09-03T11:15:03.742310+00:00,24300.0,24421.0,23628.0,24206.0,24206.0,1927458
2026-04-28 00:00:00+00:00,2026-04-29T00:00:00+00:00,2026-09-03T11:15:03.742310+00:00,24900.0,24398.0,22642.0,22672.0,22672.0,3560822
2026-04-29 00:00:00+00:00,2026-04-30T00:00:00+00:00,2026-09-03T11:15:03.742310+00:00,22745.0,23000.0,21839.0,22211.0,22211.0,3028138
2026-04-30 00:00:00+00:00,2026-05-01T00:00:00+00:00,2026-09-03T11:15:03.742310+00:00,22285.0,23732.0,22279.0,23226.0,23226.0,3301350
2026-05-04 00:00:00+00:00,2026-05-05T00:00:00+00:00,2026-09-03T11:15:03.742310+00:00,23250.0,23999.0,23062.0,23700.0,23700.0,3196736
2026-05-05 00:00:00+00:00,2026-05-06T00:00:00+00:00,2026-09-03T11:15:03.742310+00:00,23700.0,24885.0,23624.0,24517.0,24517.0,3210136
2026-05-06 00:00:00+00:00,2026-05-07T00:00:00+00:00,2026-09-03T11:15:03.742310+00:00,25100.0,26961.0,25100.0,26961.0,26961.0,4677486
2026-05-07 00:00:00+00:00,2026-05-08T00:00:00+00:00,2026-09-03T11:15:03.742310+00:00,27020.0,27974.0,26587.0,27244.0,27244.0,4315612
2026-05-08 00:00:00+00:00,2026-05-09T00:00:00+00:00,2026-09-03T11:15:03.742310+00:00,26879.0,27333.0,26190.0,26847.0,26847.0,2490532
2026-05-11 00:00:00+00:00,2026-05-12T00:00:00+00:00,2026-09-03T11:15:03.742310+00:00,26502.0,27442.0,26145.0,27211.0,27211.0,3959571
2026-05-12 00:00:00+00:00,2026-05-13T00:00:00+00:00,2026-09-03T11:15:03.742310+00:00,26700.0,26898.0,26317.0,26533.0,26533.0,1695100
2026-05-13 00:00:00+00:00,2026-05-14T00:00:00+00:00,2026-09-03T11:15:03.742310+00:00,26954.0,27752.0,26741.0,27450.0,27450.0,1532663
2026-05-14 00:00:00+00:00,2026-05-15T00:00:00+00:00,2026-09-03T11:15:03.742310+00:00,27273.0,27998.0,26090.0,26119.0,26119.0,1678539
2026-05-15 00:00:00+00:00,2026-05-16T00:00:00+00:00,2026-09-03T11:15:03.742310+00:00,25310.0,25623.0,24107.0,24246.0,24246.0,1614633
2026-05-18 00:00:00+00:00,2026-05-19T00:00:00+00:00,2026-09-03T11:15:03.742310+00:00,24411.0,24699.0,23569.0,23864.0,23864.0,2790562
2026-05-19 00:00:00+00:00,2026-05-20T00:00:00+00:00,2026-09-03T11:15:03.742310+00:00,24097.0,24210.0,22800.0,22895.0,22895.0,3574893
2026-05-20 00:00:00+00:00,2026-05-21T00:00:00+00:00,2026-09-03T11:15:03.742310+00:00,23263.0,23453.0,22570.0,23249.0,23249.0,3498899
2026-05-21 00:00:00+00:00,2026-05-22T00:00:00+00:00,2026-09-03T11:15:03.742310+00:00,23099.0,23140.0,22274.0,22694.0,22694.0,3835848
2026-05-22 00:00:00+00:00,2026-05-23T00:00:00+00:00,2026-09-03T11:15:03.742310+00:00,23000.0,23120.0,21935.0,22219.0,22219.0,4297753
2026-05-25 00:00:00+00:00,2026-05-26T00:00:00+00:00,2026-09-03T11:15:03.742310+00:00,23174.0,23727.0,22908.0,23380.0,23380.0,2718023
2026-05-26 00:00:00+00:00,2026-05-27T00:00:00+00:00,2026-09-03T11:15:03.742310+00:00,23250.0,23441.0,22746.0,23337.0,23337.0,3412102
2026-05-27 00:00:00+00:00,2026-05-28T00:00:00+00:00,2026-09-03T11:15:03.742310+00:00,22990.0,23200.0,22474.0,22900.0,22900.0,2490742
2026-05-28 00:00:00+00:00,2026-05-29T00:00:00+00:00,2026-09-03T11:15:03.742310+00:00,22399.0,23234.0,22106.0,23234.0,23234.0,3231748
2026-05-29 00:00:00+00:00,2026-05-30T00:00:00+00:00,2026-09-03T11:15:03.742310+00:00,23704.0,24095.0,22904.0,23184.0,23184.0,4559977
2026-06-01 00:00:00+00:00,2026-06-02T00:00:00+00:00,2026-09-03T11:15:03.742310+00:00,23250.0,23349.0,22104.0,22269.0,22269.0,2681111
2026-06-02 00:00:00+00:00,2026-06-03T00:00:00+00:00,2026-09-03T11:15:03.742310+00:00,22937.0,23337.0,22500.0,22809.0,22809.0,2102061
2026-06-03 00:00:00+00:00,2026-06-04T00:00:00+00:00,2026-09-03T11:15:03.742310+00:00,22636.0,22709.0,21684.0,21981.0,21981.0,2161937
2026-06-04 00:00:00+00:00,2026-06-05T00:00:00+00:00,2026-09-03T11:15:03.742310+00:00,21899.0,22172.0,21515.0,21701.0,21701.0,2235111
2026-06-05 00:00:00+00:00,2026-06-06T00:00:00+00:00,2026-09-03T11:15:03.742310+00:00,21455.0,21599.0,19835.0,20068.0,20068.0,3292592
2026-06-08 00:00:00+00:00,2026-06-09T00:00:00+00:00,2026-09-03T11:15:03.742310+00:00,19500.0,19804.0,18703.0,18981.0,18981.0,6154057
2026-06-09 00:00:00+00:00,2026-06-10T00:00:00+00:00,2026-09-03T11:15:03.742310+00:00,19090.0,19316.0,18800.0,19000.0,19000.0,4583539
2026-06-10 00:00:00+00:00,2026-06-11T00:00:00+00:00,2026-09-03T11:15:03.742310+00:00,18615.0,18615.0,17512.0,17962.0,17962.0,4406044
2026-06-11 00:00:00+00:00,2026-06-12T00:00:00+00:00,2026-09-03T11:15:03.742310+00:00,17900.0,18231.0,17583.0,18205.0,18205.0,5536569
2026-06-12 00:00:00+00:00,2026-06-13T00:00:00+00:00,2026-09-03T11:15:03.742310+00:00,19016.0,19737.0,18548.0,19728.0,19728.0,6368504
2026-06-15 00:00:00+00:00,2026-06-16T00:00:00+00:00,2026-09-03T11:15:03.742310+00:00,20505.0,22430.0,20505.0,21900.0,21900.0,6615501
2026-06-17 00:00:00+00:00,2026-06-18T00:00:00+00:00,2026-09-03T11:15:03.742310+00:00,21900.0,21956.0,20950.0,21350.0,21350.0,3290097
2026-06-18 00:00:00+00:00,2026-06-19T00:00:00+00:00,2026-09-03T11:15:03.742310+00:00,20949.0,20997.0,19719.0,19884.0,19884.0,9651326
2026-06-19 00:00:00+00:00,2026-06-20T00:00:00+00:00,2026-09-03T11:15:03.742310+00:00,19419.0,19755.0,17999.0,17999.0,17999.0,8629268
2026-06-22 00:00:00+00:00,2026-06-23T00:00:00+00:00,2026-09-03T11:15:03.742310+00:00,18511.0,18835.0,18308.0,18773.0,18773.0,3045792
2026-06-23 00:00:00+00:00,2026-06-24T00:00:00+00:00,2026-09-03T11:15:03.742310+00:00,17900.0,18746.0,17837.0,18639.0,18639.0,5552759
2026-06-24 00:00:00+00:00,2026-06-25T00:00:00+00:00,2026-09-03T11:15:03.742310+00:00,18900.0,18842.0,17082.0,17082.0,17082.0,6209723
2026-06-25 00:00:00+00:00,2026-06-26T00:00:00+00:00,2026-09-03T11:15:03.742310+00:00,17070.0,18076.0,17069.0,18076.0,18076.0,4794814
2026-06-26 00:00:00+00:00,2026-06-27T00:00:00+00:00,2026-09-03T11:15:03.742310+00:00,18250.0,18487.0,17973.0,18129.0,18129.0,3641930
2026-06-29 00:00:00+00:00,2026-06-30T00:00:00+00:00,2026-09-03T11:15:03.742310+00:00,18050.0,18454.0,17244.0,17430.0,17430.0,1764245
2026-06-30 00:00:00+00:00,2026-07-01T00:00:00+00:00,2026-09-03T11:15:03.742310+00:00,17311.0,17652.0,17090.0,17200.0,17200.0,3753161
2026-07-01 00:00:00+00:00,2026-07-02T00:00:00+00:00,2026-09-03T11:15:03.742310+00:00,16750.0,17951.0,16587.0,17666.0,17666.0,4010248
2026-07-02 00:00:00+00:00,2026-07-03T00:00:00+00:00,2026-09-03T11:15:03.742310+00:00,17700.0,17930.0,17104.0,17414.0,17414.0,5272366
2026-07-03 00:00:00+00:00,2026-07-04T00:00:00+00:00,2026-09-03T11:15:03.742310+00:00,17890.0,18529.0,17875.0,18397.0,18397.0,3229614
2026-07-06 00:00:00+00:00,2026-07-07T00:00:00+00:00,2026-09-03T11:15:03.742310+00:00,17917.0,18470.0,17867.0,18263.0,18263.0,2212599
2026-07-07 00:00:00+00:00,2026-07-08T00:00:00+00:00,2026-09-03T11:15:03.742310+00:00,18200.0,18385.0,17722.0,18023.0,18023.0,3410603
2026-07-08 00:00:00+00:00,2026-07-09T00:00:00+00:00,2026-09-03T11:15:03.742310+00:00,17745.0,17998.0,16427.0,16922.0,16922.0,5547344
2026-07-09 00:00:00+00:00,2026-07-10T00:00:00+00:00,2026-09-03T11:15:03.742310+00:00,17310.0,17894.0,17128.0,17860.0,17860.0,4878577
2026-07-10 00:00:00+00:00,2026-07-11T00:00:00+00:00,2026-09-03T11:15:03.742310+00:00,18000.0,18387.0,17842.0,18170.0,18170.0,4784884
2026-07-13 00:00:00+00:00,2026-07-14T00:00:00+00:00,2026-09-03T11:15:03.742310+00:00,17637.0,18423.0,17503.0,18260.0,18260.0,3179615
2026-07-14 00:00:00+00:00,2026-07-15T00:00:00+00:00,2026-09-03T11:15:03.742310+00:00,18250.0,18951.0,18210.0,18907.0,18907.0,4436445
2026-07-15 00:00:00+00:00,2026-07-16T00:00:00+00:00,2026-09-03T11:15:03.742310+00:00,18576.0,18628.0,18214.0,18314.0,18314.0,3685709
2026-07-16 00:00:00+00:00,2026-07-17T00:00:00+00:00,2026-09-03T11:15:03.742310+00:00,18558.0,18589.0,17841.0,17912.0,17912.0,2661942
2026-07-17 00:00:00+00:00,2026-07-18T00:00:00+00:00,2026-09-03T11:15:03.742310+00:00,17801.0,17899.0,17448.0,17679.0,17679.0,1654839
2026-07-20 00:00:00+00:00,2026-07-21T00:00:00+00:00,2026-09-03T11:15:03.742310+00:00,17401.0,17873.0,17344.0,17470.0,17470.0,2031666
2026-07-21 00:00:00+00:00,2026-07-22T00:00:00+00:00,2026-09-03T11:15:03.742310+00:00,18000.0,18552.0,17509.0,17742.0,17742.0,2120007
2026-07-22 00:00:00+00:00,2026-07-23T00:00:00+00:00,2026-09-03T11:15:03.742310+00:00,18000.0,18627.0,17943.0,18559.0,18559.0,2049210
2026-07-23 00:00:00+00:00,2026-07-24T00:00:00+00:00,2026-09-03T11:15:03.742310+00:00,18623.0,18625.0,17341.0,17597.0,17597.0,2029200
2026-07-24 00:00:00+00:00,2026-07-25T00:00:00+00:00,2026-09-03T11:15:03.742310+00:00,17302.0,17940.0,17156.0,17700.0,17700.0,1753964
2026-07-27 00:00:00+00:00,2026-07-28T00:00:00+00:00,2026-09-03T11:15:03.742310+00:00,18141.0,18620.0,17400.0,17506.0,17506.0,2047915
2026-07-28 00:00:00+00:00,2026-07-29T00:00:00+00:00,2026-09-03T11:15:03.742310+00:00,17400.0,17551.0,16740.0,16788.0,16788.0,2279385
2026-07-29 00:00:00+00:00,2026-07-30T00:00:00+00:00,2026-09-03T11:15:03.742310+00:00,17015.0,17598.0,16920.0,17388.0,17388.0,3250749
2026-07-30 00:00:00+00:00,2026-07-31T00:00:00+00:00,2026-09-03T11:15:03.742310+00:00,16888.0,18483.0,16977.0,18483.0,18483.0,2855046
2026-07-31 00:00:00+00:00,2026-08-01T00:00:00+00:00,2026-09-03T11:15:03.742310+00:00,18300.0,18699.0,17764.0,17958.0,17958.0,3565002
2026-08-03 00:00:00+00:00,2026-08-04T00:00:00+00:00,2026-09-03T11:15:03.742310+00:00,18299.0,18438.0,17619.0,18093.0,18093.0,1501068
2026-08-04 00:00:00+00:00,2026-08-05T00:00:00+00:00,2026-09-03T11:15:03.742310+00:00,18103.0,19287.0,18104.0,19116.0,19116.0,3002848
2026-08-05 00:00:00+00:00,2026-08-06T00:00:00+00:00,2026-09-03T11:15:03.742310+00:00,19700.0,20272.0,19496.0,20245.0,20245.0,5581650
2026-08-06 00:00:00+00:00,2026-08-07T00:00:00+00:00,2026-09-03T11:15:03.742310+00:00,20200.0,20457.0,19826.0,20061.0,20061.0,2158474
2026-08-07 00:00:00+00:00,2026-08-08T00:00:00+00:00,2026-09-03T11:15:03.742310+00:00,20111.0,21678.0,20111.0,21298.0,21298.0,3074554
2026-08-11 00:00:00+00:00,2026-08-12T00:00:00+00:00,2026-09-03T11:15:03.742310+00:00,21295.0,21530.0,21015.0,21216.0,21216.0,3889365
2026-08-12 00:00:00+00:00,2026-08-13T00:00:00+00:00,2026-09-03T11:15:03.742310+00:00,21480.0,22023.0,20568.0,21334.0,21334.0,8036268
2026-08-13 00:00:00+00:00,2026-08-14T00:00:00+00:00,2026-09-03T11:15:03.742310+00:00,21200.0,21029.0,19931.0,20388.0,20388.0,4020096
2026-08-14 00:00:00+00:00,2026-08-15T00:00:00+00:00,2026-09-03T11:15:03.742310+00:00,20388.0,21133.0,20091.0,20994.0,20994.0,1577422
2026-08-17 00:00:00+00:00,2026-08-18T00:00:00+00:00,2026-09-03T11:15:03.742310+00:00,20850.0,22293.0,20900.0,22150.0,22150.0,2489956
2026-08-18 00:00:00+00:00,2026-08-19T00:00:00+00:00,2026-09-03T11:15:03.742310+00:00,21950.0,22156.0,20925.0,20925.0,20925.0,2937309
2026-08-19 00:00:00+00:00,2026-08-20T00:00:00+00:00,2026-09-03T11:15:03.742310+00:00,20782.0,23040.0,20723.0,22873.0,22873.0,2746412
2026-08-20 00:00:00+00:00,2026-08-21T00:00:00+00:00,2026-09-03T11:15:03.742310+00:00,22432.0,23268.0,21886.0,22417.0,22417.0,2954541
2026-08-21 00:00:00+00:00,2026-08-22T00:00:00+00:00,2026-09-03T11:15:03.742310+00:00,23065.0,24350.0,23064.0,23700.0,23700.0,7425943
2026-08-24 00:00:00+00:00,2026-08-25T00:00:00+00:00,2026-09-03T11:15:03.742310+00:00,23690.0,24200.0,23203.0,23374.0,23374.0,3950714
2026-08-25 00:00:00+00:00,2026-08-26T00:00:00+00:00,2026-09-03T11:15:03.742310+00:00,23268.0,23647.0,22602.0,22963.0,22963.0,3542322
2026-08-26 00:00:00+00:00,2026-08-27T00:00:00+00:00,2026-09-03T11:15:03.742310+00:00,23128.0,23312.0,22647.0,22701.0,22701.0,2277000
2026-08-27 00:00:00+00:00,2026-08-28T00:00:00+00:00,2026-09-03T11:15:03.742310+00:00,22727.0,23047.0,22260.0,22926.0,22926.0,1935035
2026-08-28 00:00:00+00:00,2026-08-29T00:00:00+00:00,2026-09-03T11:15:03.742310+00:00,23200.0,24167.0,23150.5,23732.0,23732.0,3226628
2026-08-31 00:00:00+00:00,2026-09-01T00:00:00+00:00,2026-09-03T11:15:03.742310+00:00,23000.0,23410.0,22485.0,22485.0,22485.0,4859110
2026-09-01 00:00:00+00:00,2026-09-02T00:00:00+00:00,2026-09-03T11:15:03.742310+00:00,22950.0,22928.0,22001.0,22869.0,22869.0,3760503
2026-09-02 00:00:00+00:00,2026-09-03T00:00:00+00:00,2026-09-03T11:15:03.742310+00:00,22399.0,22892.0,22041.0,22525.0,22525.0,4720950
2026-09-03 00:00:00+00:00,2026-09-04T00:00:00+00:00,2026-09-03T11:15:03.742310+00:00,23200.0,24020.0,22963.0,23506.0,23506.0,1115379
