event_time,available_time,retrieval_time,open,high,low,close,adj_close,volume
2016-01-01 00:00:00+00:00,2016-01-02T00:00:00+00:00,2026-09-03T11:15:03.742310+00:00,26639.412109375,26639.412109375,26639.412109375,26639.412109375,26631.296875,0
2016-01-04 00:00:00+00:00,2016-01-05T00:00:00+00:00,2026-09-03T11:15:03.742310+00:00,26136.78125,26262.439453125,25508.494140625,25885.466796875,25877.58203125,14593291
2016-01-05 00:00:00+00:00,2016-01-06T00:00:00+00:00,2026-09-03T11:15:03.742310+00:00,26011.125,26073.828125,25383.087890625,25571.0703125,25563.283203125,12406586
2016-01-06 00:00:00+00:00,2016-01-07T00:00:00+00:00,2026-09-03T11:15:03.742310+00:00,25269.744140625,25753.77734375,24943.03515625,25131.39453125,25123.73828125,13206140
2016-01-07 00:00:00+00:00,2016-01-08T00:00:00+00:00,2026-09-03T11:15:03.742310+00:00,24628.890625,24753.166015625,24017.69140625,24138.826171875,24131.474609375,18309803
2016-01-08 00:00:00+00:00,2016-01-09T00:00:00+00:00,2026-09-03T11:15:03.742310+00:00,24628.890625,24696.87109375,24167.853515625,24314.74609375,24307.34375,13871949
2016-01-11 00:00:00+00:00,2016-01-12T00:00:00+00:00,2026-09-03T11:15:03.742310+00:00,24074.48828125,24502.85546875,23822.544921875,24136.564453125,24129.212890625,19171724
2016-01-12 00:00:00+00:00,2016-01-13T00:00:00+00:00,2026-09-03T11:15:03.742310+00:00,24074.740234375,24690.462890625,24023.59765625,24352.443359375,24345.02734375,11234879
2016-01-13 00:00:00+00:00,2016-01-14T00:00:00+00:00,2026-09-03T11:15:03.742310+00:00,24867.388671875,24917.90234375,23767.6328125,23767.6328125,23760.392578125,14933023
2016-01-14 00:00:00+00:00,2016-01-15T00:00:00+00:00,2026-09-03T11:15:03.742310+00:00,23969.1875,24038.173828125,22822.185546875,22995.08984375,22988.08984375,22098686
2016-01-15 00:00:00+00:00,2016-01-16T00:00:00+00:00,2026-09-03T11:15:03.742310+00:00,23220.896484375,23673.892578125,22718.89453125,22857.119140625,22850.16015625,24750845
2016-01-18 00:00:00+00:00,2016-01-19T00:00:00+00:00,2026-09-03T11:15:03.742310+00:00,23037.185546875,23560.548828125,22488.0625,22769.158203125,22762.224609375,11673069
2016-01-19 00:00:00+00:00,2016-01-20T00:00:00+00:00,2026-09-03T11:15:03.742310+00:00,23497.97265625,24159.685546875,23275.431640625,23945.81640625,23938.525390625,11642057
2016-01-20 00:00:00+00:00,2016-01-21T00:00:00+00:00,2026-09-03T11:15:03.742310+00:00,23133.69140625,23321.046875,22354.865234375,22354.865234375,22348.05859375,16581837
2016-01-21 00:00:00+00:00,2016-01-22T00:00:00+00:00,2026-09-03T11:15:03.742310+00:00,22492.7109375,22575.771484375,21751.33203125,22329.35546875,22322.5546875,20893060
2016-01-22 00:00:00+00:00,2016-01-23T00:00:00+00:00,2026-09-03T11:15:03.742310+00:00,23221.525390625,23520.716796875,23001.625,23520.716796875,23513.5546875,16019492
2016-01-25 00:00:00+00:00,2016-01-26T00:00:00+00:00,2026-09-03T11:15:03.742310+00:00,24063.431640625,24188.837890625,22808.36328125,22869.68359375,22862.71875,18676959
2016-01-26 00:00:00+00:00,2016-01-27T00:00:00+00:00,2026-09-03T11:15:03.742310+00:00,22492.7109375,23428.609375,22368.310546875,23215.1171875,23208.044921875,14263808
2016-01-27 00:00:00+00:00,2016-01-28T00:00:00+00:00,2026-09-03T11:15:03.742310+00:00,23202.048828125,23803.4453125,22995.59375,23497.97265625,23490.81640625,16489380
2016-01-28 00:00:00+00:00,2016-01-29T00:00:00+00:00,2026-09-03T11:15:03.742310+00:00,23497.97265625,24467.796875,23497.97265625,24327.3125,24319.90234375,27675626
2016-01-29 00:00:00+00:00,2016-01-30T00:00:00+00:00,2026-09-03T11:15:03.742310+00:00,24471.818359375,25081.2578125,24025.734375,25081.2578125,25073.623046875,19516884
2016-02-01 00:00:00+00:00,2016-02-02T00:00:00+00:00,2026-09-03T11:15:03.742310+00:00,25118.955078125,25131.26953125,24390.015625,24791.7421875,24784.1953125,15725399
2016-02-02 00:00:00+00:00,2016-02-03T00:00:00+00:00,2026-09-03T11:15:03.742310+00:00,24674.37890625,24836.98046875,24225.78125,24225.78125,24218.40625,6450146
2016-02-03 00:00:00+00:00,2016-02-04T00:00:00+00:00,2026-09-03T11:15:03.742310+00:00,23749.287109375,24503.232421875,23525.6171875,24000.6015625,23993.29296875,18887555
2016-02-04 00:00:00+00:00,2016-02-05T00:00:00+00:00,2026-09-03T11:15:03.742310+00:00,24666.587890625,24666.587890625,24030.1328125,24259.080078125,24251.689453125,13942944
2016-02-05 00:00:00+00:00,2016-02-06T00:00:00+00:00,2026-09-03T11:15:03.742310+00:00,24475.462890625,24500.34375,23882.861328125,24328.06640625,24320.65625,8167106
2016-02-08 00:00:00+00:00,2016-02-09T00:00:00+00:00,2026-09-03T11:15:03.742310+00:00,23875.0703125,24056.771484375,23162.591796875,23246.65625,23239.578125,15254556
2016-02-09 00:00:00+00:00,2016-02-10T00:00:00+00:00,2026-09-03T11:15:03.742310+00:00,22995.466796875,23121.0,21424.62109375,21782.619140625,21775.986328125,28000692
2016-02-10 00:00:00+00:00,2016-02-11T00:00:00+00:00,2026-09-03T11:15:03.742310+00:00,22020.23828125,22618.369140625,21839.291015625,22271.931640625,22265.1484375,21027593
2016-02-11 00:00:00+00:00,2016-02-12T00:00:00+00:00,2026-09-03T11:15:03.742310+00:00,21889.5546875,21916.947265625,21185.119140625,21261.267578125,21254.791015625,13555335
2016-02-12 00:00:00+00:00,2016-02-13T00:00:00+00:00,2026-09-03T11:15:03.742310+00:00,21550.279296875,22176.93359375,21380.892578125,21864.423828125,21857.767578125,10468709
2016-02-15 00:00:00+00:00,2016-02-16T00:00:00+00:00,2026-09-03T11:15:03.742310+00:00,22429.8828125,22555.5390625,22115.73828125,22492.7109375,22485.86328125,11727185
2016-02-16 00:00:00+00:00,2016-02-17T00:00:00+00:00,2026-09-03T11:15:03.742310+00:00,22618.369140625,22744.02734375,22367.4296875,22492.7109375,22485.86328125,6650620
2016-02-17 00:00:00+00:00,2016-02-18T00:00:00+00:00,2026-09-03T11:15:03.742310+00:00,22473.359375,23057.919921875,22254.212890625,22918.81640625,22911.837890625,8630134
2016-02-18 00:00:00+00:00,2016-02-19T00:00:00+00:00,2026-09-03T11:15:03.742310+00:00,23121.125,23246.40625,22779.96484375,22988.3046875,22981.3046875,10212680
2016-02-19 00:00:00+00:00,2016-02-20T00:00:00+00:00,2026-09-03T11:15:03.742310+00:00,22988.3046875,22988.3046875,22430.0078125,22869.68359375,22862.71875,8216764
2016-02-22 00:00:00+00:00,2016-02-23T00:00:00+00:00,2026-09-03T11:15:03.742310+00:00,22932.513671875,23246.53125,22869.68359375,23238.9921875,23231.9140625,7762395
2016-02-23 00:00:00+00:00,2016-02-24T00:00:00+00:00,2026-09-03T11:15:03.742310+00:00,23021.2265625,23212.85546875,22580.546875,22794.2890625,22787.34765625,12348914
2016-02-24 00:00:00+00:00,2016-02-25T00:00:00+00:00,2026-09-03T11:15:03.742310+00:00,22578.787109375,22951.486328125,22241.521484375,22804.08984375,22797.14453125,10106057
2016-02-25 00:00:00+00:00,2016-02-26T00:00:00+00:00,2026-09-03T11:15:03.742310+00:00,22994.587890625,23088.95703125,22493.841796875,22493.841796875,22486.994140625,8665786
2016-02-26 00:00:00+00:00,2016-02-27T00:00:00+00:00,2026-09-03T11:15:03.742310+00:00,22844.427734375,23498.474609375,22830.1015625,23372.314453125,23365.19921875,7043473
2016-02-29 00:00:00+00:00,2016-03-01T00:00:00+00:00,2026-09-03T11:15:03.742310+00:00,23008.033203125,23683.9453125,23008.033203125,23683.9453125,23676.734375,11705157
2016-03-01 00:00:00+00:00,2016-03-02T00:00:00+00:00,2026-09-03T11:15:03.742310+00:00,23611.189453125,24251.91796875,23591.837890625,24248.2734375,24240.890625,8114892
2016-03-02 00:00:00+00:00,2016-03-03T00:00:00+00:00,2026-09-03T11:15:03.742310+00:00,24754.421875,25118.955078125,24396.423828125,25118.955078125,25111.3046875,14807142
2016-03-03 00:00:00+00:00,2016-03-04T00:00:00+00:00,2026-09-03T11:15:03.742310+00:00,24923.556640625,25046.07421875,24493.431640625,24905.337890625,24897.751953125,10799632
2016-03-04 00:00:00+00:00,2016-03-05T00:00:00+00:00,2026-09-03T11:15:03.742310+00:00,24815.994140625,25312.46875,24689.20703125,25156.65234375,25148.9921875,11994069
2016-03-07 00:00:00+00:00,2016-03-08T00:00:00+00:00,2026-09-03T11:15:03.742310+00:00,24909.107421875,25005.98828125,24440.404296875,24679.154296875,24671.638671875,8288921
2016-03-08 00:00:00+00:00,2016-03-09T00:00:00+00:00,2026-09-03T11:15:03.742310+00:00,24679.154296875,24936.876953125,24383.857421875,24669.85546875,24662.341796875,8166350
2016-03-09 00:00:00+00:00,2016-03-10T00:00:00+00:00,2026-09-03T11:15:03.742310+00:00,24566.0625,24754.673828125,23606.4140625,23779.193359375,23771.951171875,11505376
2016-03-10 00:00:00+00:00,2016-03-11T00:00:00+00:00,2026-09-03T11:15:03.742310+00:00,24063.431640625,24365.009765625,23309.736328125,23600.634765625,23593.447265625,10220996
2016-03-11 00:00:00+00:00,2016-03-12T00:00:00+00:00,2026-09-03T11:15:03.742310+00:00,23950.46484375,24365.009765625,23688.34375,24364.5078125,24357.087890625,11071259
2016-03-14 00:00:00+00:00,2016-03-15T00:00:00+00:00,2026-09-03T11:15:03.742310+00:00,24973.568359375,25257.052734375,24641.45703125,25073.59375,25065.958984375,9885800
2016-03-15 00:00:00+00:00,2016-03-16T00:00:00+00:00,2026-09-03T11:15:03.742310+00:00,24887.1171875,25318.373046875,24738.58984375,25294.75,25287.044921875,12662950
2016-03-16 00:00:00+00:00,2016-03-17T00:00:00+00:00,2026-09-03T11:15:03.742310+00:00,25294.875,25818.994140625,25144.212890625,25713.818359375,25705.984375,9750337
2016-03-17 00:00:00+00:00,2016-03-18T00:00:00+00:00,2026-09-03T11:15:03.742310+00:00,25904.314453125,26626.720703125,25382.583984375,26388.09765625,26380.060546875,36051849
2016-03-18 00:00:00+00:00,2016-03-19T00:00:00+00:00,2026-09-03T11:15:03.742310+00:00,26639.537109375,27317.962890625,26389.353515625,27317.962890625,27309.638671875,20357892
2016-03-21 00:00:00+00:00,2016-03-22T00:00:00+00:00,2026-09-03T11:15:03.742310+00:00,27317.962890625,27317.962890625,27317.962890625,27317.962890625,27309.638671875,0
2016-03-22 00:00:00+00:00,2016-03-23T00:00:00+00:00,2026-09-03T11:15:03.742310+00:00,27389.462890625,27392.1015625,26617.923828125,27185.017578125,27176.73828125,14861615
2016-03-23 00:00:00+00:00,2016-03-24T00:00:00+00:00,2026-09-03T11:15:03.742310+00:00,26907.189453125,27175.08984375,26326.2734375,26849.51171875,26841.3359375,8834276
2016-03-24 00:00:00+00:00,2016-03-25T00:00:00+00:00,2026-09-03T11:15:03.742310+00:00,26765.0703125,26825.51171875,26352.787109375,26729.759765625,26721.619140625,8110826
2016-03-25 00:00:00+00:00,2016-03-26T00:00:00+00:00,2026-09-03T11:15:03.742310+00:00,26729.759765625,26729.759765625,26729.759765625,26729.759765625,26721.619140625,0
2016-03-28 00:00:00+00:00,2016-03-29T00:00:00+00:00,2026-09-03T11:15:03.742310+00:00,26729.759765625,26729.759765625,26729.759765625,26729.759765625,26721.619140625,0
2016-03-29 00:00:00+00:00,2016-03-30T00:00:00+00:00,2026-09-03T11:15:03.742310+00:00,26540.39453125,26754.513671875,25847.76953125,25847.76953125,25839.90234375,12529078
2016-03-30 00:00:00+00:00,2016-03-31T00:00:00+00:00,2026-09-03T11:15:03.742310+00:00,26026.078125,26249.873046875,25642.947265625,26011.125,26003.203125,11641038
2016-03-31 00:00:00+00:00,2016-04-01T00:00:00+00:00,2026-09-03T11:15:03.742310+00:00,25821.00390625,26073.576171875,25675.869140625,25898.033203125,25890.146484375,10377079
2016-04-01 00:00:00+00:00,2016-04-02T00:00:00+00:00,2026-09-03T11:15:03.742310+00:00,25699.619140625,25875.5390625,25194.349609375,25621.5859375,25613.787109375,9698402
2016-04-04 00:00:00+00:00,2016-04-05T00:00:00+00:00,2026-09-03T11:15:03.742310+00:00,25608.89453125,26042.7890625,25469.037109375,25885.466796875,25877.58203125,5647282
2016-04-05 00:00:00+00:00,2016-04-06T00:00:00+00:00,2026-09-03T11:15:03.742310+00:00,25508.494140625,25885.466796875,25290.3515625,25822.638671875,25814.7734375,8905477
2016-04-06 00:00:00+00:00,2016-04-07T00:00:00+00:00,2026-09-03T11:15:03.742310+00:00,26143.064453125,26229.767578125,25805.171875,26073.953125,26066.01171875,11441400
2016-04-07 00:00:00+00:00,2016-04-08T00:00:00+00:00,2026-09-03T11:15:03.742310+00:00,26364.599609375,26536.625,26018.9140625,26249.24609375,26241.25390625,7986806
2016-04-08 00:00:00+00:00,2016-04-09T00:00:00+00:00,2026-09-03T11:15:03.742310+00:00,26150.1015625,26500.8125,26016.65234375,26398.77734375,26390.73828125,5934714
2016-04-11 00:00:00+00:00,2016-04-12T00:00:00+00:00,2026-09-03T11:15:03.742310+00:00,26073.953125,26237.30859375,25773.630859375,25988.00390625,25980.087890625,6696466
2016-04-12 00:00:00+00:00,2016-04-13T00:00:00+00:00,2026-09-03T11:15:03.742310+00:00,25975.939453125,26130.498046875,25822.888671875,26122.205078125,26114.251953125,6430943
2016-04-13 00:00:00+00:00,2016-04-14T00:00:00+00:00,2026-09-03T11:15:03.742310+00:00,26601.0859375,27134.126953125,26272.4921875,26576.583984375,26568.48828125,8945013
2016-04-14 00:00:00+00:00,2016-04-15T00:00:00+00:00,2026-09-03T11:15:03.742310+00:00,26399.53125,26853.28125,26268.470703125,26689.67578125,26681.544921875,9848476
2016-04-15 00:00:00+00:00,2016-04-16T00:00:00+00:00,2026-09-03T11:15:03.742310+00:00,26682.13671875,26890.7265625,26427.427734375,26890.7265625,26882.5390625,5690789
2016-04-18 00:00:00+00:00,2016-04-19T00:00:00+00:00,2026-09-03T11:15:03.742310+00:00,26764.44140625,26865.21875,26427.8046875,26739.9375,26731.794921875,7250766
2016-04-19 00:00:00+00:00,2016-04-20T00:00:00+00:00,2026-09-03T11:15:03.742310+00:00,26538.88671875,26609.505859375,26212.17578125,26240.197265625,26232.20703125,10406357
2016-04-20 00:00:00+00:00,2016-04-21T00:00:00+00:00,2026-09-03T11:15:03.742310+00:00,25871.015625,25953.1953125,25175.501953125,25419.025390625,25411.283203125,10883264
2016-04-21 00:00:00+00:00,2016-04-22T00:00:00+00:00,2026-09-03T11:15:03.742310+00:00,25608.89453125,25742.216796875,25335.96484375,25382.8359375,25375.10546875,8235522
2016-04-22 00:00:00+00:00,2016-04-23T00:00:00+00:00,2026-09-03T11:15:03.742310+00:00,25131.521484375,25313.599609375,24767.11328125,24981.736328125,24974.12890625,7495734
2016-04-25 00:00:00+00:00,2016-04-26T00:00:00+00:00,2026-09-03T11:15:03.742310+00:00,24880.080078125,25304.802734375,24660.3046875,25278.4140625,25270.71875,6458725
2016-04-26 00:00:00+00:00,2016-04-27T00:00:00+00:00,2026-09-03T11:15:03.742310+00:00,25283.314453125,25759.80859375,25278.666015625,25508.494140625,25500.724609375,5409453
2016-04-27 00:00:00+00:00,2016-04-28T00:00:00+00:00,2026-09-03T11:15:03.742310+00:00,25508.494140625,25508.494140625,25508.494140625,25508.494140625,25500.724609375,0
2016-04-28 00:00:00+00:00,2016-04-29T00:00:00+00:00,2026-09-03T11:15:03.742310+00:00,25634.150390625,25833.443359375,25046.451171875,25156.65234375,25148.9921875,18545491
2016-04-29 00:00:00+00:00,2016-04-30T00:00:00+00:00,2026-09-03T11:15:03.742310+00:00,24826.046875,24943.03515625,24543.6953125,24543.6953125,24536.21875,8735786
2016-05-02 00:00:00+00:00,2016-05-03T00:00:00+00:00,2026-09-03T11:15:03.742310+00:00,24543.6953125,24543.6953125,24543.6953125,24543.6953125,24536.21875,0
2016-05-03 00:00:00+00:00,2016-05-04T00:00:00+00:00,2026-09-03T11:15:03.742310+00:00,24732.68359375,24817.376953125,23661.453125,23799.55078125,23792.302734375,14406959
2016-05-04 00:00:00+00:00,2016-05-05T00:00:00+00:00,2026-09-03T11:15:03.742310+00:00,23887.509765625,24369.78515625,23799.55078125,24369.78515625,24362.36328125,11175312
2016-05-05 00:00:00+00:00,2016-05-06T00:00:00+00:00,2026-09-03T11:15:03.742310+00:00,24239.3515625,24360.736328125,23949.8359375,24299.66796875,24292.26953125,7873363
2016-05-06 00:00:00+00:00,2016-05-07T00:00:00+00:00,2026-09-03T11:15:03.742310+00:00,24503.232421875,24503.609375,23903.21875,23903.21875,23895.9375,8593176
2016-05-09 00:00:00+00:00,2016-05-10T00:00:00+00:00,2026-09-03T11:15:03.742310+00:00,24076.123046875,24565.935546875,24025.859375,24248.021484375,24240.640625,5258416
2016-05-10 00:00:00+00:00,2016-05-11T00:00:00+00:00,2026-09-03T11:15:03.742310+00:00,24433.744140625,25151.375,24327.814453125,25151.375,25143.71875,9119288
2016-05-11 00:00:00+00:00,2016-05-12T00:00:00+00:00,2026-09-03T11:15:03.742310+00:00,25382.7109375,25382.7109375,24782.443359375,24880.205078125,24872.625,4978313
2016-05-12 00:00:00+00:00,2016-05-13T00:00:00+00:00,2026-09-03T11:15:03.742310+00:00,24628.890625,24808.95703125,24314.119140625,24314.119140625,24306.716796875,4012872
2016-05-13 00:00:00+00:00,2016-05-14T00:00:00+00:00,2026-09-03T11:15:03.742310+00:00,24691.71875,25168.46484375,24397.5546875,25168.46484375,25160.798828125,8914629
2016-05-16 00:00:00+00:00,2016-05-17T00:00:00+00:00,2026-09-03T11:15:03.742310+00:00,25759.935546875,26198.228515625,25614.046875,26161.537109375,26153.5703125,9876537
2016-05-17 00:00:00+00:00,2016-05-18T00:00:00+00:00,2026-09-03T11:15:03.742310+00:00,26576.708984375,26698.345703125,25944.525390625,26120.697265625,26112.744140625,12382394
2016-05-18 00:00:00+00:00,2016-05-19T00:00:00+00:00,2026-09-03T11:15:03.742310+00:00,26011.125,26827.7734375,25389.244140625,25634.27734375,25626.46875,25631365
2016-05-19 00:00:00+00:00,2016-05-20T00:00:00+00:00,2026-09-03T11:15:03.742310+00:00,25492.41015625,26245.09765625,25131.521484375,25857.6953125,25849.822265625,11314253
2016-05-20 00:00:00+00:00,2016-05-21T00:00:00+00:00,2026-09-03T11:15:03.742310+00:00,26136.908203125,26637.52734375,26136.908203125,26537.755859375,26529.677734375,9172727
2016-05-23 00:00:00+00:00,2016-05-24T00:00:00+00:00,2026-09-03T11:15:03.742310+00:00,26644.060546875,26761.173828125,26262.564453125,26689.171875,26681.041015625,4533915
2016-05-24 00:00:00+00:00,2016-05-25T00:00:00+00:00,2026-09-03T11:15:03.742310+00:00,26651.978515625,27572.921875,26593.421875,27447.642578125,27439.283203125,11016102
2016-05-25 00:00:00+00:00,2016-05-26T00:00:00+00:00,2026-09-03T11:15:03.742310+00:00,27569.279296875,28016.74609375,27489.611328125,27707.501953125,27699.064453125,9970618
2016-05-26 00:00:00+00:00,2016-05-27T00:00:00+00:00,2026-09-03T11:15:03.742310+00:00,27431.0546875,28161.0,27431.0546875,27644.673828125,27636.255859375,14631227
2016-05-27 00:00:00+00:00,2016-05-28T00:00:00+00:00,2026-09-03T11:15:03.742310+00:00,28398.619140625,28658.73046875,28172.560546875,28524.275390625,28515.58984375,10912853
2016-05-30 00:00:00+00:00,2016-05-31T00:00:00+00:00,2026-09-03T11:15:03.742310+00:00,28273.0859375,28644.908203125,28004.80859375,28520.00390625,28511.3203125,3949550
2016-05-31 00:00:00+00:00,2016-06-01T00:00:00+00:00,2026-09-03T11:15:03.742310+00:00,29026.90625,29329.8671875,28843.82421875,29046.634765625,29037.791015625,35590913
2016-06-01 00:00:00+00:00,2016-06-02T00:00:00+00:00,2026-09-03T11:15:03.742310+00:00,28524.275390625,28995.994140625,28524.275390625,28649.93359375,28641.208984375,10206011
2016-06-02 00:00:00+00:00,2016-06-03T00:00:00+00:00,2026-09-03T11:15:03.742310+00:00,28612.236328125,28838.419921875,28461.447265625,28653.578125,28644.849609375,5269868
2016-06-03 00:00:00+00:00,2016-06-04T00:00:00+00:00,2026-09-03T11:15:03.742310+00:00,28750.458984375,29152.1875,28649.431640625,28850.986328125,28842.19921875,9331452
2016-06-06 00:00:00+00:00,2016-06-07T00:00:00+00:00,2026-09-03T11:15:03.742310+00:00,28868.453125,29000.51953125,28637.494140625,28838.419921875,28829.638671875,8114892
2016-06-07 00:00:00+00:00,2016-06-08T00:00:00+00:00,2026-09-03T11:15:03.742310+00:00,28996.875,29089.736328125,28680.46875,29001.775390625,28992.94140625,7881544
2016-06-08 00:00:00+00:00,2016-06-09T00:00:00+00:00,2026-09-03T11:15:03.742310+00:00,28660.9921875,28838.419921875,28418.095703125,28712.63671875,28703.890625,10530297
2016-06-09 00:00:00+00:00,2016-06-10T00:00:00+00:00,2026-09-03T11:15:03.742310+00:00,28587.23046875,28888.431640625,28187.01171875,28273.0859375,28264.4765625,6905105
2016-06-10 00:00:00+00:00,2016-06-11T00:00:00+00:00,2026-09-03T11:15:03.742310+00:00,28462.201171875,28649.93359375,28084.8515625,28311.16015625,28302.537109375,7111412
2016-06-13 00:00:00+00:00,2016-06-14T00:00:00+00:00,2026-09-03T11:15:03.742310+00:00,27644.673828125,28084.349609375,27456.1875,27708.7578125,27700.3203125,10658113
2016-06-14 00:00:00+00:00,2016-06-15T00:00:00+00:00,2026-09-03T11:15:03.742310+00:00,27508.208984375,27592.90234375,26841.845703125,26902.916015625,26894.72265625,11132625
2016-06-15 00:00:00+00:00,2016-06-16T00:00:00+00:00,2026-09-03T11:15:03.742310+00:00,27343.47265625,27632.107421875,27028.57421875,27460.7109375,27452.34765625,29709869
2016-06-16 00:00:00+00:00,2016-06-17T00:00:00+00:00,2026-09-03T11:15:03.742310+00:00,27460.7109375,27460.7109375,27460.7109375,27460.7109375,27452.34765625,0
2016-06-17 00:00:00+00:00,2016-06-18T00:00:00+00:00,2026-09-03T11:15:03.742310+00:00,26911.4609375,27304.015625,26808.044921875,27028.322265625,27020.09375,14897633
2016-06-20 00:00:00+00:00,2016-06-21T00:00:00+00:00,2026-09-03T11:15:03.742310+00:00,27415.599609375,27868.97265625,27079.58984375,27770.205078125,27761.748046875,8738667
2016-06-21 00:00:00+00:00,2016-06-22T00:00:00+00:00,2026-09-03T11:15:03.742310+00:00,27644.673828125,27707.501953125,27188.158203125,27443.74609375,27435.38671875,7574328
2016-06-22 00:00:00+00:00,2016-06-23T00:00:00+00:00,2026-09-03T11:15:03.742310+00:00,27742.685546875,28264.1640625,27604.96484375,28046.1484375,28037.607421875,13565171
2016-06-23 00:00:00+00:00,2016-06-24T00:00:00+00:00,2026-09-03T11:15:03.742310+00:00,27709.51171875,28267.181640625,27657.23828125,28021.646484375,28013.107421875,4416963
2016-06-24 00:00:00+00:00,2016-06-25T00:00:00+00:00,2026-09-03T11:15:03.742310+00:00,27016.509765625,27581.71875,26705.3828125,27204.87109375,27196.583984375,20048002
2016-06-27 00:00:00+00:00,2016-06-28T00:00:00+00:00,2026-09-03T11:15:03.742310+00:00,27116.78515625,27541.634765625,26121.07421875,26400.662109375,26392.623046875,13989427
2016-06-28 00:00:00+00:00,2016-06-29T00:00:00+00:00,2026-09-03T11:15:03.742310+00:00,26699.978515625,27078.5859375,26388.09765625,26714.806640625,26706.669921875,10978332
2016-06-29 00:00:00+00:00,2016-06-30T00:00:00+00:00,2026-09-03T11:15:03.742310+00:00,26856.296875,27694.810546875,26727.373046875,27531.58203125,27523.197265625,7210992
2016-06-30 00:00:00+00:00,2016-07-01T00:00:00+00:00,2026-09-03T11:15:03.742310+00:00,27833.16015625,28373.109375,27635.5,28147.177734375,28138.60546875,12089089
2016-07-01 00:00:00+00:00,2016-07-02T00:00:00+00:00,2026-09-03T11:15:03.742310+00:00,28348.35546875,28390.07421875,27444.876953125,27908.5546875,27900.0546875,11262302
2016-07-04 00:00:00+00:00,2016-07-05T00:00:00+00:00,2026-09-03T11:15:03.742310+00:00,28147.177734375,28272.9609375,27876.888671875,27876.888671875,27868.3984375,5090069
2016-07-05 00:00:00+00:00,2016-07-06T00:00:00+00:00,2026-09-03T11:15:03.742310+00:00,27624.818359375,27731.251953125,27118.921875,27204.87109375,27196.583984375,8163596
2016-07-06 00:00:00+00:00,2016-07-07T00:00:00+00:00,2026-09-03T11:15:03.742310+00:00,27054.08203125,27116.78515625,26439.6171875,26551.451171875,26543.365234375,9724019
2016-07-07 00:00:00+00:00,2016-07-08T00:00:00+00:00,2026-09-03T11:15:03.742310+00:00,26853.783203125,27015.001953125,26283.298828125,26439.6171875,26431.564453125,12965542
2016-07-08 00:00:00+00:00,2016-07-09T00:00:00+00:00,2026-09-03T11:15:03.742310+00:00,26520.037109375,27087.7578125,26417.5,26953.556640625,26945.34765625,10381639
2016-07-11 00:00:00+00:00,2016-07-12T00:00:00+00:00,2026-09-03T11:15:03.742310+00:00,27231.888671875,27573.55078125,27053.203125,27457.19140625,27448.828125,8658584
2016-07-12 00:00:00+00:00,2016-07-13T00:00:00+00:00,2026-09-03T11:15:03.742310+00:00,27380.79296875,28021.646484375,27281.01953125,27833.16015625,27824.68359375,11509872
2016-07-13 00:00:00+00:00,2016-07-14T00:00:00+00:00,2026-09-03T11:15:03.742310+00:00,27640.525390625,27950.900390625,27437.966796875,27950.900390625,27942.384765625,7778749
2016-07-14 00:00:00+00:00,2016-07-15T00:00:00+00:00,2026-09-03T11:15:03.742310+00:00,27963.466796875,28121.919921875,27670.181640625,27895.86328125,27887.3671875,5701525
2016-07-15 00:00:00+00:00,2016-07-16T00:00:00+00:00,2026-09-03T11:15:03.742310+00:00,27838.060546875,28252.982421875,27653.845703125,28197.56640625,28188.978515625,5615330
2016-07-18 00:00:00+00:00,2016-07-19T00:00:00+00:00,2026-09-03T11:15:03.742310+00:00,28184.373046875,28309.025390625,27904.28125,28309.025390625,28300.40625,5475124
2016-07-19 00:00:00+00:00,2016-07-20T00:00:00+00:00,2026-09-03T11:15:03.742310+00:00,28021.646484375,28354.890625,27834.0390625,28335.7890625,28327.158203125,12671672
2016-07-20 00:00:00+00:00,2016-07-21T00:00:00+00:00,2026-09-03T11:15:03.742310+00:00,28335.6640625,28645.158203125,28199.07421875,28501.53125,28492.849609375,5609696
2016-07-21 00:00:00+00:00,2016-07-22T00:00:00+00:00,2026-09-03T11:15:03.742310+00:00,28398.744140625,28398.744140625,27949.517578125,27983.94921875,27975.4296875,5480281
2016-07-22 00:00:00+00:00,2016-07-23T00:00:00+00:00,2026-09-03T11:15:03.742310+00:00,28077.3125,28114.255859375,27770.958984375,28103.701171875,28095.142578125,7122131
2016-07-25 00:00:00+00:00,2016-07-26T00:00:00+00:00,2026-09-03T11:15:03.742310+00:00,28260.26953125,28593.388671875,28038.734375,28215.662109375,28207.0703125,6221087
2016-07-26 00:00:00+00:00,2016-07-27T00:00:00+00:00,2026-09-03T11:15:03.742310+00:00,28323.224609375,28558.078125,27967.865234375,28460.693359375,28452.0234375,7071279
2016-07-27 00:00:00+00:00,2016-07-28T00:00:00+00:00,2026-09-03T11:15:03.742310+00:00,28561.97265625,28632.08984375,28173.0625,28631.712890625,28622.994140625,7807661
2016-07-28 00:00:00+00:00,2016-07-29T00:00:00+00:00,2026-09-03T11:15:03.742310+00:00,28489.091796875,28558.078125,28059.34375,28148.056640625,28139.484375,7070905
2016-07-29 00:00:00+00:00,2016-07-30T00:00:00+00:00,2026-09-03T11:15:03.742310+00:00,28142.90625,28142.90625,27290.06640625,27390.59375,27382.248046875,9780012
2016-08-01 00:00:00+00:00,2016-08-02T00:00:00+00:00,2026-09-03T11:15:03.742310+00:00,27569.15234375,27644.673828125,27009.8515625,27263.552734375,27255.24609375,8060252
2016-08-02 00:00:00+00:00,2016-08-03T00:00:00+00:00,2026-09-03T11:15:03.742310+00:00,27044.029296875,27116.408203125,26586.259765625,26837.322265625,26829.1484375,7733340
2016-08-03 00:00:00+00:00,2016-08-04T00:00:00+00:00,2026-09-03T11:15:03.742310+00:00,26837.322265625,26837.322265625,26837.322265625,26837.322265625,26829.1484375,0
2016-08-04 00:00:00+00:00,2016-08-05T00:00:00+00:00,2026-09-03T11:15:03.742310+00:00,26890.6015625,27095.548828125,26528.958984375,26829.908203125,26821.736328125,6968850
2016-08-05 00:00:00+00:00,2016-08-06T00:00:00+00:00,2026-09-03T11:15:03.742310+00:00,26890.853515625,27047.673828125,26581.484375,26653.234375,26645.1171875,8920622
2016-08-08 00:00:00+00:00,2016-08-09T00:00:00+00:00,2026-09-03T11:15:03.742310+00:00,26905.5546875,27013.369140625,26547.80859375,26858.935546875,26850.755859375,5044756
2016-08-09 00:00:00+00:00,2016-08-10T00:00:00+00:00,2026-09-03T11:15:03.742310+00:00,26858.935546875,26858.935546875,26858.935546875,26858.935546875,26850.755859375,0
2016-08-10 00:00:00+00:00,2016-08-11T00:00:00+00:00,2026-09-03T11:15:03.742310+00:00,26797.11328125,27001.68359375,26593.294921875,26765.0703125,26756.91796875,11279619
2016-08-11 00:00:00+00:00,2016-08-12T00:00:00+00:00,2026-09-03T11:15:03.742310+00:00,26791.33203125,26952.048828125,26527.828125,26890.7265625,26882.5390625,7541907
2016-08-12 00:00:00+00:00,2016-08-13T00:00:00+00:00,2026-09-03T11:15:03.742310+00:00,26785.802734375,27086.25,26700.35546875,26702.240234375,26694.107421875,6602314
2016-08-15 00:00:00+00:00,2016-08-16T00:00:00+00:00,2026-09-03T11:15:03.742310+00:00,27016.384765625,27142.04296875,26739.9375,26873.134765625,26864.94921875,9900952
2016-08-16 00:00:00+00:00,2016-08-17T00:00:00+00:00,2026-09-03T11:15:03.742310+00:00,27242.568359375,27254.8828125,26815.458984375,26827.8984375,26819.728515625,17410685
2016-08-17 00:00:00+00:00,2016-08-18T00:00:00+00:00,2026-09-03T11:15:03.742310+00:00,26977.431640625,28486.578125,26244.21875,28021.646484375,28013.107421875,23737258
2016-08-18 00:00:00+00:00,2016-08-19T00:00:00+00:00,2026-09-03T11:15:03.742310+00:00,28021.51953125,28558.70703125,27826.876953125,28499.14453125,28490.462890625,14001174
2016-08-19 00:00:00+00:00,2016-08-20T00:00:00+00:00,2026-09-03T11:15:03.742310+00:00,28524.275390625,28938.947265625,28355.015625,28622.2890625,28613.57421875,9627471
2016-08-22 00:00:00+00:00,2016-08-23T00:00:00+00:00,2026-09-03T11:15:03.742310+00:00,28736.63671875,29341.05078125,28736.63671875,29341.05078125,29332.11328125,7878576
2016-08-23 00:00:00+00:00,2016-08-24T00:00:00+00:00,2026-09-03T11:15:03.742310+00:00,29321.447265625,29378.748046875,28901.876953125,29214.513671875,29205.6171875,8611536
2016-08-24 00:00:00+00:00,2016-08-25T00:00:00+00:00,2026-09-03T11:15:03.742310+00:00,29529.537109375,30368.17578125,29218.283203125,30179.689453125,30170.498046875,17304913
2016-08-25 00:00:00+00:00,2016-08-26T00:00:00+00:00,2026-09-03T11:15:03.742310+00:00,30132.693359375,30179.689453125,29529.537109375,29922.46875,29913.35546875,11815862
2016-08-26 00:00:00+00:00,2016-08-27T00:00:00+00:00,2026-09-03T11:15:03.742310+00:00,29993.46484375,30145.259765625,29703.94921875,29994.470703125,29985.3359375,8318684
2016-08-29 00:00:00+00:00,2016-08-30T00:00:00+00:00,2026-09-03T11:15:03.742310+00:00,29994.470703125,30721.650390625,29893.943359375,30555.40625,30546.103515625,7255541
2016-08-30 00:00:00+00:00,2016-08-31T00:00:00+00:00,2026-09-03T11:15:03.742310+00:00,30900.712890625,31012.044921875,30484.03125,30534.798828125,30525.498046875,7831559
2016-08-31 00:00:00+00:00,2016-09-01T00:00:00+00:00,2026-09-03T11:15:03.742310+00:00,30157.82421875,30559.30078125,30132.064453125,30233.21875,30224.013671875,10992299
2016-09-01 00:00:00+00:00,2016-09-02T00:00:00+00:00,2026-09-03T11:15:03.742310+00:00,30471.96875,30763.74609375,30254.70703125,30434.271484375,30425.00390625,10032739
2016-09-02 00:00:00+00:00,2016-09-03T00:00:00+00:00,2026-09-03T11:15:03.742310+00:00,30631.302734375,31301.30859375,30499.740234375,31301.30859375,31291.7734375,7369955
2016-09-05 00:00:00+00:00,2016-09-06T00:00:00+00:00,2026-09-03T11:15:03.742310+00:00,31967.294921875,32087.80078125,31427.46875,31664.458984375,31654.81640625,10762619
2016-09-06 00:00:00+00:00,2016-09-07T00:00:00+00:00,2026-09-03T11:15:03.742310+00:00,31916.78125,32011.1484375,31485.775390625,31756.44140625,31746.771484375,7476260
2016-09-07 00:00:00+00:00,2016-09-08T00:00:00+00:00,2026-09-03T11:15:03.742310+00:00,31526.865234375,31791.373046875,31242.375,31791.373046875,31781.69140625,8268389
2016-09-08 00:00:00+00:00,2016-09-09T00:00:00+00:00,2026-09-03T11:15:03.742310+00:00,31414.400390625,31728.544921875,31038.55859375,31728.544921875,31718.884765625,13742861
2016-09-09 00:00:00+00:00,2016-09-10T00:00:00+00:00,2026-09-03T11:15:03.742310+00:00,31472.203125,31602.63671875,31288.744140625,31313.875,31304.337890625,8127848
2016-09-12 00:00:00+00:00,2016-09-13T00:00:00+00:00,2026-09-03T11:15:03.742310+00:00,30581.919921875,30948.2109375,30299.31640625,30817.025390625,30807.640625,8637726
2016-09-13 00:00:00+00:00,2016-09-14T00:00:00+00:00,2026-09-03T11:15:03.742310+00:00,30974.599609375,31413.01953125,30624.89453125,30773.546875,30764.177734375,8827854
2016-09-14 00:00:00+00:00,2016-09-15T00:00:00+00:00,2026-09-03T11:15:03.742310+00:00,30655.806640625,30911.771484375,30417.056640625,30845.80078125,30837.44921875,8705672
2016-09-15 00:00:00+00:00,2016-09-16T00:00:00+00:00,2026-09-03T11:15:03.742310+00:00,30970.830078125,31180.9296875,30603.029296875,30899.205078125,30890.841796875,28926486
2016-09-16 00:00:00+00:00,2016-09-17T00:00:00+00:00,2026-09-03T11:15:03.742310+00:00,31012.171875,31140.466796875,30764.123046875,30861.5078125,30853.15234375,9943512
2016-09-19 00:00:00+00:00,2016-09-20T00:00:00+00:00,2026-09-03T11:15:03.742310+00:00,30773.546875,30823.810546875,30332.111328125,30769.0234375,30760.693359375,5977791
2016-09-20 00:00:00+00:00,2016-09-21T00:00:00+00:00,2026-09-03T11:15:03.742310+00:00,30604.537109375,30605.66796875,29732.09765625,29786.6328125,29778.568359375,8666884
2016-09-21 00:00:00+00:00,2016-09-22T00:00:00+00:00,2026-09-03T11:15:03.742310+00:00,30032.16796875,30144.630859375,28802.859375,28882.90234375,28875.083984375,17441244
2016-09-22 00:00:00+00:00,2016-09-23T00:00:00+00:00,2026-09-03T11:15:03.742310+00:00,29152.689453125,29466.58203125,28839.802734375,29429.01171875,29421.04296875,17073148
2016-09-23 00:00:00+00:00,2016-09-24T00:00:00+00:00,2026-09-03T11:15:03.742310+00:00,29638.859375,29841.544921875,29441.576171875,29529.537109375,29521.54296875,11604399
2016-09-26 00:00:00+00:00,2016-09-27T00:00:00+00:00,2026-09-03T11:15:03.742310+00:00,29165.255859375,29328.359375,28715.150390625,29197.298828125,29189.390625,7528847
2016-09-27 00:00:00+00:00,2016-09-28T00:00:00+00:00,2026-09-03T11:15:03.742310+00:00,29542.103515625,29542.857421875,28901.25,28901.25,28893.423828125,8433767
2016-09-28 00:00:00+00:00,2016-09-29T00:00:00+00:00,2026-09-03T11:15:03.742310+00:00,29152.439453125,30094.99609375,29152.3125,29856.24609375,29848.162109375,9564315
2016-09-29 00:00:00+00:00,2016-09-30T00:00:00+00:00,2026-09-03T11:15:03.742310+00:00,30113.59375,30645.251953125,29850.341796875,30339.1484375,30330.9375,15851941
2016-09-30 00:00:00+00:00,2016-10-01T00:00:00+00:00,2026-09-03T11:15:03.742310+00:00,30031.6640625,30126.662109375,29554.794921875,29846.4453125,29838.361328125,11575383
2016-10-03 00:00:00+00:00,2016-10-04T00:00:00+00:00,2026-09-03T11:15:03.742310+00:00,30169.888671875,30422.4609375,29256.986328125,29256.986328125,29249.064453125,7963497
2016-10-04 00:00:00+00:00,2016-10-05T00:00:00+00:00,2026-09-03T11:15:03.742310+00:00,29278.095703125,29830.990234375,29215.392578125,29504.279296875,29496.291015625,9929403
2016-10-05 00:00:00+00:00,2016-10-06T00:00:00+00:00,2026-09-03T11:15:03.742310+00:00,29411.04296875,29653.435546875,29278.22265625,29592.365234375,29584.35546875,15894636
2016-10-06 00:00:00+00:00,2016-10-07T00:00:00+00:00,2026-09-03T11:15:03.742310+00:00,29605.560546875,29843.681640625,29261.384765625,29267.416015625,29259.48828125,10476636
2016-10-07 00:00:00+00:00,2016-10-08T00:00:00+00:00,2026-09-03T11:15:03.742310+00:00,29427.376953125,29786.884765625,29091.74609375,29435.419921875,29427.44921875,7148862
2016-10-10 00:00:00+00:00,2016-10-11T00:00:00+00:00,2026-09-03T11:15:03.742310+00:00,29353.994140625,29516.970703125,29152.689453125,29232.10546875,29224.19140625,3935694
2016-10-11 00:00:00+00:00,2016-10-12T00:00:00+00:00,2026-09-03T11:15:03.742310+00:00,29177.6953125,29751.072265625,29064.603515625,29306.369140625,29298.43359375,8955645
2016-10-12 00:00:00+00:00,2016-10-13T00:00:00+00:00,2026-09-03T11:15:03.742310+00:00,29202.19921875,29588.72265625,28933.794921875,28933.794921875,28925.962890625,6968428
2016-10-13 00:00:00+00:00,2016-10-14T00:00:00+00:00,2026-09-03T11:15:03.742310+00:00,28737.89453125,28771.068359375,27531.455078125,27544.775390625,27537.318359375,15566650
2016-10-14 00:00:00+00:00,2016-10-15T00:00:00+00:00,2026-09-03T11:15:03.742310+00:00,28034.2109375,29306.369140625,27883.421875,28838.294921875,28830.48828125,13853391
2016-10-17 00:00:00+00:00,2016-10-18T00:00:00+00:00,2026-09-03T11:15:03.742310+00:00,28813.2890625,28911.17578125,28310.658203125,28424.251953125,28416.55859375,6367843
2016-10-18 00:00:00+00:00,2016-10-19T00:00:00+00:00,2026-09-03T11:15:03.742310+00:00,28627.943359375,28888.68359375,28330.51171875,28524.275390625,28516.5546875,24170506
2016-10-19 00:00:00+00:00,2016-10-20T00:00:00+00:00,2026-09-03T11:15:03.742310+00:00,28712.763671875,29395.5859375,28712.763671875,29341.05078125,29333.10546875,15460393
2016-10-20 00:00:00+00:00,2016-10-21T00:00:00+00:00,2026-09-03T11:15:03.742310+00:00,29529.537109375,29893.818359375,29414.05859375,29642.62890625,29634.603515625,11536476
2016-10-21 00:00:00+00:00,2016-10-22T00:00:00+00:00,2026-09-03T11:15:03.742310+00:00,29755.595703125,30278.080078125,29558.4375,29655.1953125,29647.166015625,8513595
2016-10-24 00:00:00+00:00,2016-10-25T00:00:00+00:00,2026-09-03T11:15:03.742310+00:00,29889.169921875,30406.87890625,29718.77734375,30218.76953125,30210.587890625,12536137
2016-10-25 00:00:00+00:00,2016-10-26T00:00:00+00:00,2026-09-03T11:15:03.742310+00:00,30283.482421875,30434.900390625,29743.53125,30154.181640625,30146.015625,9109810
2016-10-26 00:00:00+00:00,2016-10-27T00:00:00+00:00,2026-09-03T11:15:03.742310+00:00,30023.37109375,30023.37109375,29353.7421875,29534.060546875,29526.06640625,7051741
2016-10-27 00:00:00+00:00,2016-10-28T00:00:00+00:00,2026-09-03T11:15:03.742310+00:00,29402.498046875,29593.873046875,29054.30078125,29279.478515625,29271.55078125,9063398
2016-10-28 00:00:00+00:00,2016-10-29T00:00:00+00:00,2026-09-03T11:15:03.742310+00:00,29014.466796875,29126.302734375,28758.376953125,29105.31640625,29097.4375,7650901
2016-10-31 00:00:00+00:00,2016-11-01T00:00:00+00:00,2026-09-03T11:15:03.742310+00:00,29026.90625,29089.736328125,28316.1875,28397.361328125,28389.671875,8545841
2016-11-01 00:00:00+00:00,2016-11-02T00:00:00+00:00,2026-09-03T11:15:03.742310+00:00,28524.904296875,28697.0546875,28407.91796875,28587.10546875,28579.365234375,5495528
2016-11-02 00:00:00+00:00,2016-11-03T00:00:00+00:00,2026-09-03T11:15:03.742310+00:00,28084.474609375,28272.9609375,27726.4765625,27983.94921875,27976.375,8577594
2016-11-03 00:00:00+00:00,2016-11-04T00:00:00+00:00,2026-09-03T11:15:03.742310+00:00,27782.64453125,27858.166015625,27581.84375,27726.4765625,27718.970703125,8661147
2016-11-04 00:00:00+00:00,2016-11-05T00:00:00+00:00,2026-09-03T11:15:03.742310+00:00,27556.712890625,27556.712890625,26737.42578125,26805.65625,26798.3984375,10680857
2016-11-07 00:00:00+00:00,2016-11-08T00:00:00+00:00,2026-09-03T11:15:03.742310+00:00,27644.673828125,27719.69140625,27091.779296875,27719.69140625,27712.189453125,9319229
2016-11-08 00:00:00+00:00,2016-11-09T00:00:00+00:00,2026-09-03T11:15:03.742310+00:00,27770.330078125,28117.900390625,27463.22265625,27764.423828125,27756.90625,7960759
2016-11-09 00:00:00+00:00,2016-11-10T00:00:00+00:00,2026-09-03T11:15:03.742310+00:00,27104.345703125,27487.224609375,26752.50390625,27281.01953125,27273.6328125,10905078
2016-11-10 00:00:00+00:00,2016-11-11T00:00:00+00:00,2026-09-03T11:15:03.742310+00:00,27914.8359375,28048.537109375,27614.263671875,27824.865234375,27817.330078125,9460414
2016-11-11 00:00:00+00:00,2016-11-12T00:00:00+00:00,2026-09-03T11:15:03.742310+00:00,27089.89453125,27315.072265625,26325.267578125,26325.267578125,26318.140625,20492870
2016-11-14 00:00:00+00:00,2016-11-15T00:00:00+00:00,2026-09-03T11:15:03.742310+00:00,25772.248046875,26566.53125,25611.78515625,26117.3046875,26110.234375,16318248
2016-11-15 00:00:00+00:00,2016-11-16T00:00:00+00:00,2026-09-03T11:15:03.742310+00:00,26011.25,26281.791015625,25797.505859375,25998.55859375,25991.517578125,9970713
2016-11-16 00:00:00+00:00,2016-11-17T00:00:00+00:00,2026-09-03T11:15:03.742310+00:00,26655.244140625,27192.556640625,26463.4921875,26765.0703125,26757.822265625,13717522
2016-11-17 00:00:00+00:00,2016-11-18T00:00:00+00:00,2026-09-03T11:15:03.742310+00:00,26701.61328125,26984.845703125,26388.09765625,26942.623046875,26935.326171875,6333480
2016-11-18 00:00:00+00:00,2016-11-19T00:00:00+00:00,2026-09-03T11:15:03.742310+00:00,26953.556640625,27582.974609375,26953.556640625,27485.58984375,27478.1484375,6773175
2016-11-21 00:00:00+00:00,2016-11-22T00:00:00+00:00,2026-09-03T11:15:03.742310+00:00,27203.615234375,27499.5390625,26936.466796875,27192.3046875,27184.94140625,7305057
2016-11-22 00:00:00+00:00,2016-11-23T00:00:00+00:00,2026-09-03T11:15:03.742310+00:00,27493.884765625,27612.880859375,27300.623046875,27433.693359375,27426.271484375,8795281
2016-11-23 00:00:00+00:00,2016-11-24T00:00:00+00:00,2026-09-03T11:15:03.742310+00:00,27192.3046875,27242.568359375,26214.4375,26388.09765625,26380.953125,10932326
2016-11-24 00:00:00+00:00,2016-11-25T00:00:00+00:00,2026-09-03T11:15:03.742310+00:00,26450.92578125,26567.033203125,25772.5,25960.861328125,25953.833984375,8520733
2016-11-25 00:00:00+00:00,2016-11-26T00:00:00+00:00,2026-09-03T11:15:03.742310+00:00,26136.78125,26381.6875,25699.1171875,26232.15625,26225.0546875,7054320
2016-11-28 00:00:00+00:00,2016-11-29T00:00:00+00:00,2026-09-03T11:15:03.742310+00:00,26513.880859375,26702.115234375,25633.7734375,25633.7734375,25626.83203125,7855465
2016-11-29 00:00:00+00:00,2016-11-30T00:00:00+00:00,2026-09-03T11:15:03.742310+00:00,25741.71484375,26363.71875,25470.419921875,26023.689453125,26016.642578125,10742573
2016-11-30 00:00:00+00:00,2016-12-01T00:00:00+00:00,2026-09-03T11:15:03.742310+00:00,26181.892578125,26395.259765625,25820.87890625,25820.87890625,25813.88671875,12197940
2016-12-01 00:00:00+00:00,2016-12-02T00:00:00+00:00,2026-09-03T11:15:03.742310+00:00,25998.55859375,26048.822265625,25459.61328125,25575.091796875,25568.162109375,11318885
2016-12-02 00:00:00+00:00,2016-12-03T00:00:00+00:00,2026-09-03T11:15:03.742310+00:00,25230.037109375,25367.7578125,24590.1875,24880.205078125,24873.466796875,12559422
2016-12-05 00:00:00+00:00,2016-12-06T00:00:00+00:00,2026-09-03T11:15:03.742310+00:00,24892.771484375,25144.0859375,24691.71875,24878.94921875,24872.2109375,7859842
2016-12-06 00:00:00+00:00,2016-12-07T00:00:00+00:00,2026-09-03T11:15:03.742310+00:00,24880.080078125,25032.62890625,24413.765625,24413.765625,24407.15234375,10896165
2016-12-07 00:00:00+00:00,2016-12-08T00:00:00+00:00,2026-09-03T11:15:03.742310+00:00,24581.392578125,24691.71875,24201.40234375,24331.08203125,24324.494140625,6399111
2016-12-08 00:00:00+00:00,2016-12-09T00:00:00+00:00,2026-09-03T11:15:03.742310+00:00,24578.75390625,24930.970703125,24393.91015625,24930.970703125,24924.220703125,10405928
2016-12-09 00:00:00+00:00,2016-12-10T00:00:00+00:00,2026-09-03T11:15:03.742310+00:00,24623.361328125,25382.8359375,24464.279296875,25382.8359375,25375.962890625,9279772
2016-12-12 00:00:00+00:00,2016-12-13T00:00:00+00:00,2026-09-03T11:15:03.742310+00:00,24905.337890625,25196.736328125,24631.529296875,24649.875,24643.201171875,8668985
2016-12-13 00:00:00+00:00,2016-12-14T00:00:00+00:00,2026-09-03T11:15:03.742310+00:00,24767.11328125,25131.521484375,24595.96875,24754.548828125,24747.845703125,8897885
2016-12-14 00:00:00+00:00,2016-12-15T00:00:00+00:00,2026-09-03T11:15:03.742310+00:00,24968.166015625,25382.8359375,24706.421875,25257.177734375,25250.337890625,11942038
2016-12-15 00:00:00+00:00,2016-12-16T00:00:00+00:00,2026-09-03T11:15:03.742310+00:00,25054.869140625,25131.521484375,24736.201171875,24805.564453125,24798.84765625,40407653
2016-12-16 00:00:00+00:00,2016-12-17T00:00:00+00:00,2026-09-03T11:15:03.742310+00:00,24805.564453125,24805.564453125,24805.564453125,24805.564453125,24798.84765625,0
2016-12-19 00:00:00+00:00,2016-12-20T00:00:00+00:00,2026-09-03T11:15:03.742310+00:00,24595.841796875,24836.853515625,24516.427734375,24666.83984375,24660.162109375,8967002
2016-12-20 00:00:00+00:00,2016-12-21T00:00:00+00:00,2026-09-03T11:15:03.742310+00:00,24628.890625,25420.78515625,24530.375,25138.80859375,25132.001953125,8305529
2016-12-21 00:00:00+00:00,2016-12-22T00:00:00+00:00,2026-09-03T11:15:03.742310+00:00,25144.0859375,25285.07421875,24823.78515625,25144.0859375,25137.279296875,5517015
2016-12-22 00:00:00+00:00,2016-12-23T00:00:00+00:00,2026-09-03T11:15:03.742310+00:00,25130.263671875,25143.9609375,24754.548828125,24754.548828125,24747.845703125,6856632
2016-12-23 00:00:00+00:00,2016-12-24T00:00:00+00:00,2026-09-03T11:15:03.742310+00:00,24677.896484375,24677.896484375,24337.615234375,24337.615234375,24331.025390625,2578721
2016-12-26 00:00:00+00:00,2016-12-27T00:00:00+00:00,2026-09-03T11:15:03.742310+00:00,24337.615234375,24337.615234375,24337.615234375,24337.615234375,24331.025390625,0
2016-12-27 00:00:00+00:00,2016-12-28T00:00:00+00:00,2026-09-03T11:15:03.742310+00:00,24337.615234375,24337.615234375,24337.615234375,24337.615234375,24331.025390625,0
2016-12-28 00:00:00+00:00,2016-12-29T00:00:00+00:00,2026-09-03T11:15:03.742310+00:00,24754.548828125,25097.466796875,24654.1484375,24943.9140625,24937.158203125,4067561
2016-12-29 00:00:00+00:00,2016-12-30T00:00:00+00:00,2026-09-03T11:15:03.742310+00:00,25445.6640625,25921.90625,25282.6875,25759.68359375,25752.7109375,5273759
2016-12-30 00:00:00+00:00,2016-12-31T00:00:00+00:00,2026-09-03T11:15:03.742310+00:00,25907.833984375,25932.587890625,25087.91796875,25308.572265625,25301.720703125,3203140
2017-01-02 00:00:00+00:00,2017-01-03T00:00:00+00:00,2026-09-03T11:15:03.742310+00:00,25308.572265625,25308.572265625,25308.572265625,25308.572265625,25301.720703125,0
2017-01-03 00:00:00+00:00,2017-01-04T00:00:00+00:00,2026-09-03T11:15:03.742310+00:00,25597.8359375,25707.033203125,25309.955078125,25568.431640625,25561.509765625,3616008
2017-01-04 00:00:00+00:00,2017-01-05T00:00:00+00:00,2026-09-03T11:15:03.742310+00:00,25501.708984375,25568.431640625,24905.587890625,25353.431640625,25346.56640625,6065267
2017-01-05 00:00:00+00:00,2017-01-06T00:00:00+00:00,2026-09-03T11:15:03.742310+00:00,25634.40234375,25947.416015625,25194.474609375,25412.6171875,25405.736328125,5737877
2017-01-06 00:00:00+00:00,2017-01-07T00:00:00+00:00,2026-09-03T11:15:03.742310+00:00,25759.80859375,26704.376953125,25645.837890625,26658.26171875,26651.044921875,7562996
2017-01-09 00:00:00+00:00,2017-01-10T00:00:00+00:00,2026-09-03T11:15:03.742310+00:00,26639.412109375,27110.501953125,26590.65625,26697.08984375,26689.861328125,4760284
2017-01-10 00:00:00+00:00,2017-01-11T00:00:00+00:00,2026-09-03T11:15:03.742310+00:00,26834.181640625,27212.787109375,26697.21484375,27148.703125,27141.35546875,7880000
2017-01-11 00:00:00+00:00,2017-01-12T00:00:00+00:00,2026-09-03T11:15:03.742310+00:00,27380.79296875,28065.626953125,27192.681640625,28029.5625,28021.970703125,12188104
2017-01-12 00:00:00+00:00,2017-01-13T00:00:00+00:00,2026-09-03T11:15:03.742310+00:00,27581.84375,27644.673828125,26962.98046875,26962.98046875,26955.6796875,11018624
2017-01-13 00:00:00+00:00,2017-01-14T00:00:00+00:00,2026-09-03T11:15:03.742310+00:00,26991.25390625,27489.86328125,26991.25390625,27277.87890625,27270.4921875,4539836
2017-01-16 00:00:00+00:00,2017-01-17T00:00:00+00:00,2026-09-03T11:15:03.742310+00:00,26968.384765625,27380.79296875,26714.806640625,27343.095703125,27335.693359375,5226663
2017-01-17 00:00:00+00:00,2017-01-18T00:00:00+00:00,2026-09-03T11:15:03.742310+00:00,27349.251953125,27480.94140625,27022.66796875,27213.541015625,27206.173828125,8747357
2017-01-18 00:00:00+00:00,2017-01-19T00:00:00+00:00,2026-09-03T11:15:03.742310+00:00,27213.541015625,27514.115234375,27182.25390625,27479.55859375,27472.1171875,5576980
2017-01-19 00:00:00+00:00,2017-01-20T00:00:00+00:00,2026-09-03T11:15:03.742310+00:00,27405.798828125,27632.107421875,27230.001953125,27330.529296875,27323.126953125,6761890
2017-01-20 00:00:00+00:00,2017-01-21T00:00:00+00:00,2026-09-03T11:15:03.742310+00:00,27317.083984375,27329.900390625,26827.8984375,26953.556640625,26946.2578125,4468842
2017-01-23 00:00:00+00:00,2017-01-24T00:00:00+00:00,2026-09-03T11:15:03.742310+00:00,27120.052734375,27120.052734375,26601.71484375,26992.1328125,26984.826171875,5157085
2017-01-24 00:00:00+00:00,2017-01-25T00:00:00+00:00,2026-09-03T11:15:03.742310+00:00,26888.96875,27328.392578125,26834.181640625,27219.57421875,27212.20703125,10253322
2017-01-25 00:00:00+00:00,2017-01-26T00:00:00+00:00,2026-09-03T11:15:03.742310+00:00,27644.673828125,27644.673828125,26797.36328125,26834.181640625,26826.9140625,14485816
2017-01-26 00:00:00+00:00,2017-01-27T00:00:00+00:00,2026-09-03T11:15:03.742310+00:00,27265.4375,27380.541015625,26777.76171875,27142.04296875,27134.697265625,9884439
2017-01-27 00:00:00+00:00,2017-01-28T00:00:00+00:00,2026-09-03T11:15:03.742310+00:00,27141.916015625,27393.357421875,26685.025390625,26765.0703125,26757.822265625,9777569
2017-01-30 00:00:00+00:00,2017-01-31T00:00:00+00:00,2026-09-03T11:15:03.742310+00:00,26877.91015625,27100.953125,26721.84375,27100.953125,27093.615234375,7455847
2017-01-31 00:00:00+00:00,2017-02-01T00:00:00+00:00,2026-09-03T11:15:03.742310+00:00,26828.0234375,27073.935546875,26551.578125,26863.5859375,26856.3125,9551097
2017-02-01 00:00:00+00:00,2017-02-02T00:00:00+00:00,2026-09-03T11:15:03.742310+00:00,27081.099609375,27770.080078125,27034.103515625,27644.673828125,27637.189453125,10383239
2017-02-02 00:00:00+00:00,2017-02-03T00:00:00+00:00,2026-09-03T11:15:03.742310+00:00,27366.96875,27740.171875,27253.751953125,27622.431640625,27614.953125,8390888
2017-02-03 00:00:00+00:00,2017-02-04T00:00:00+00:00,2026-09-03T11:15:03.742310+00:00,27493.884765625,27700.841796875,27293.08203125,27489.234375,27481.79296875,7127479
2017-02-06 00:00:00+00:00,2017-02-07T00:00:00+00:00,2026-09-03T11:15:03.742310+00:00,27489.234375,28022.90234375,27432.4375,27830.771484375,27823.236328125,6031533
2017-02-07 00:00:00+00:00,2017-02-08T00:00:00+00:00,2026-09-03T11:15:03.742310+00:00,27544.146484375,27657.23828125,27225.60546875,27517.5078125,27510.0546875,5845957
2017-02-08 00:00:00+00:00,2017-02-09T00:00:00+00:00,2026-09-03T11:15:03.742310+00:00,27393.357421875,27499.162109375,26732.525390625,26827.8984375,26820.6328125,9065284
2017-02-09 00:00:00+00:00,2017-02-10T00:00:00+00:00,2026-09-03T11:15:03.742310+00:00,27016.384765625,27229.876953125,26824.380859375,26916.73828125,26909.451171875,6830394
2017-02-10 00:00:00+00:00,2017-02-11T00:00:00+00:00,2026-09-03T11:15:03.742310+00:00,27079.212890625,27410.322265625,26993.388671875,27362.4453125,27355.041015625,8437364
2017-02-13 00:00:00+00:00,2017-02-14T00:00:00+00:00,2026-09-03T11:15:03.742310+00:00,27481.318359375,27597.55078125,27179.990234375,27273.103515625,27265.71875,8154420
2017-02-14 00:00:00+00:00,2017-02-15T00:00:00+00:00,2026-09-03T11:15:03.742310+00:00,27163.404296875,27210.0234375,26353.416015625,26501.189453125,26494.013671875,12680497
2017-02-15 00:00:00+00:00,2017-02-16T00:00:00+00:00,2026-09-03T11:15:03.742310+00:00,26678.365234375,26890.7265625,26388.22265625,26626.845703125,26619.630859375,12485157
2017-02-16 00:00:00+00:00,2017-02-17T00:00:00+00:00,2026-09-03T11:15:03.742310+00:00,27142.04296875,27328.64453125,26931.943359375,27223.091796875,27215.72265625,6460564
2017-02-17 00:00:00+00:00,2017-02-18T00:00:00+00:00,2026-09-03T11:15:03.742310+00:00,27145.435546875,27276.748046875,26951.671875,27041.515625,27034.193359375,5701007
2017-02-20 00:00:00+00:00,2017-02-21T00:00:00+00:00,2026-09-03T11:15:03.742310+00:00,27155.48828125,27895.98828125,27155.48828125,27720.068359375,27712.564453125,6355325
2017-02-21 00:00:00+00:00,2017-02-22T00:00:00+00:00,2026-09-03T11:15:03.742310+00:00,27519.015625,27618.28515625,27161.017578125,27581.84375,27574.376953125,6166192
2017-02-22 00:00:00+00:00,2017-02-23T00:00:00+00:00,2026-09-03T11:15:03.742310+00:00,27820.59375,28006.44140625,27479.306640625,27673.322265625,27665.830078125,6482090
2017-02-23 00:00:00+00:00,2017-02-24T00:00:00+00:00,2026-09-03T11:15:03.742310+00:00,27598.556640625,27650.076171875,27004.447265625,27359.806640625,27352.40234375,11071880
2017-02-24 00:00:00+00:00,2017-02-25T00:00:00+00:00,2026-09-03T11:15:03.742310+00:00,26981.955078125,27175.970703125,26924.27734375,26937.849609375,26930.5546875,6796795
2017-02-27 00:00:00+00:00,2017-02-28T00:00:00+00:00,2026-09-03T11:15:03.742310+00:00,26890.7265625,26937.849609375,26526.068359375,26803.017578125,26795.76171875,5877829
2017-02-28 00:00:00+00:00,2017-03-01T00:00:00+00:00,2026-09-03T11:15:03.742310+00:00,26538.88671875,26749.236328125,26358.818359375,26358.818359375,26351.681640625,8374471
2017-03-01 00:00:00+00:00,2017-03-02T00:00:00+00:00,2026-09-03T11:15:03.742310+00:00,26513.75390625,26990.248046875,26388.474609375,26916.361328125,26909.07421875,6767628
2017-03-02 00:00:00+00:00,2017-03-03T00:00:00+00:00,2026-09-03T11:15:03.742310+00:00,27029.578125,27079.212890625,26591.662109375,26641.548828125,26634.333984375,7844841
2017-03-03 00:00:00+00:00,2017-03-04T00:00:00+00:00,2026-09-03T11:15:03.742310+00:00,26765.0703125,26778.138671875,26310.189453125,26434.58984375,26427.431640625,5429245
2017-03-06 00:00:00+00:00,2017-03-07T00:00:00+00:00,2026-09-03T11:15:03.742310+00:00,26626.845703125,26728.50390625,26383.82421875,26607.998046875,26600.798828125,4358844
2017-03-07 00:00:00+00:00,2017-03-08T00:00:00+00:00,2026-09-03T11:15:03.742310+00:00,26733.65625,26984.970703125,26608.626953125,26838.203125,26830.935546875,6831349
2017-03-08 00:00:00+00:00,2017-03-09T00:00:00+00:00,2026-09-03T11:15:03.742310+00:00,26890.7265625,27013.244140625,26615.412109375,26953.556640625,26946.2578125,4861440
2017-03-09 00:00:00+00:00,2017-03-10T00:00:00+00:00,2026-09-03T11:15:03.742310+00:00,26735.1640625,26818.474609375,26361.583984375,26488.623046875,26481.451171875,9011686
2017-03-10 00:00:00+00:00,2017-03-11T00:00:00+00:00,2026-09-03T11:15:03.742310+00:00,26802.767578125,27307.66015625,26739.9375,27204.87109375,27197.50390625,6488035
2017-03-13 00:00:00+00:00,2017-03-14T00:00:00+00:00,2026-09-03T11:15:03.742310+00:00,27393.357421875,27500.669921875,27143.55078125,27478.6796875,27471.23828125,6283248
2017-03-14 00:00:00+00:00,2017-03-15T00:00:00+00:00,2026-09-03T11:15:03.742310+00:00,27435.453125,27606.9765625,27208.390625,27378.78125,27371.365234375,8525739
2017-03-15 00:00:00+00:00,2017-03-16T00:00:00+00:00,2026-09-03T11:15:03.742310+00:00,27443.74609375,27519.140625,27255.134765625,27368.2265625,27360.818359375,7187491
2017-03-16 00:00:00+00:00,2017-03-17T00:00:00+00:00,2026-09-03T11:15:03.742310+00:00,27644.673828125,27895.98828125,27505.318359375,27833.16015625,27825.625,26267960
2017-03-17 00:00:00+00:00,2017-03-18T00:00:00+00:00,2026-09-03T11:15:03.742310+00:00,27833.16015625,27983.697265625,27644.673828125,27868.97265625,27861.4296875,10276369
2017-03-20 00:00:00+00:00,2017-03-21T00:00:00+00:00,2026-09-03T11:15:03.742310+00:00,28272.9609375,28822.2109375,28204.85546875,28790.669921875,28782.873046875,6564807
2017-03-22 00:00:00+00:00,2017-03-23T00:00:00+00:00,2026-09-03T11:15:03.742310+00:00,28084.474609375,28493.615234375,27618.28515625,28147.302734375,28139.681640625,14746906
2017-03-23 00:00:00+00:00,2017-03-24T00:00:00+00:00,2026-09-03T11:15:03.742310+00:00,27718.9375,28272.33203125,27644.798828125,28097.041015625,28089.431640625,8119413
2017-03-24 00:00:00+00:00,2017-03-25T00:00:00+00:00,2026-09-03T11:15:03.742310+00:00,28197.56640625,28272.708984375,27924.134765625,28009.080078125,28001.494140625,3817715
2017-03-27 00:00:00+00:00,2017-03-28T00:00:00+00:00,2026-09-03T11:15:03.742310+00:00,27746.078125,28202.59375,27657.23828125,28097.166015625,28089.556640625,5081586
2017-03-28 00:00:00+00:00,2017-03-29T00:00:00+00:00,2026-09-03T11:15:03.742310+00:00,28461.447265625,29023.26171875,28419.603515625,28970.234375,28962.392578125,7759856
2017-03-29 00:00:00+00:00,2017-03-30T00:00:00+00:00,2026-09-03T11:15:03.742310+00:00,29215.51953125,29873.96484375,29027.787109375,29493.095703125,29485.111328125,8837682
2017-03-30 00:00:00+00:00,2017-03-31T00:00:00+00:00,2026-09-03T11:15:03.742310+00:00,29216.2734375,29216.2734375,28731.234375,29001.775390625,28993.921875,6510055
2017-03-31 00:00:00+00:00,2017-04-01T00:00:00+00:00,2026-09-03T11:15:03.742310+00:00,29497.74609375,29655.1953125,29057.44140625,29089.736328125,29081.859375,15442376
2017-04-03 00:00:00+00:00,2017-04-04T00:00:00+00:00,2026-09-03T11:15:03.742310+00:00,29194.66015625,29687.740234375,29044.875,29529.537109375,29521.54296875,8028252
2017-04-04 00:00:00+00:00,2017-04-05T00:00:00+00:00,2026-09-03T11:15:03.742310+00:00,29970.97265625,30462.796875,29868.8125,29967.453125,29959.337890625,7781462
2017-04-05 00:00:00+00:00,2017-04-06T00:00:00+00:00,2026-09-03T11:15:03.742310+00:00,30010.052734375,30517.708984375,29872.080078125,30517.708984375,30509.447265625,8296807
2017-04-06 00:00:00+00:00,2017-04-07T00:00:00+00:00,2026-09-03T11:15:03.742310+00:00,30409.140625,30666.236328125,30255.712890625,30547.23828125,30538.96875,6072374
2017-04-07 00:00:00+00:00,2017-04-08T00:00:00+00:00,2026-09-03T11:15:03.742310+00:00,30395.947265625,30531.65625,30043.728515625,30283.482421875,30275.283203125,7121423
2017-04-10 00:00:00+00:00,2017-04-11T00:00:00+00:00,2026-09-03T11:15:03.742310+00:00,30431.6328125,30865.15234375,30239.62890625,30816.8984375,30808.5546875,7108395
2017-04-11 00:00:00+00:00,2017-04-12T00:00:00+00:00,2026-09-03T11:15:03.742310+00:00,30660.455078125,30904.859375,30566.0859375,30788.876953125,30780.541015625,6455407
2017-04-12 00:00:00+00:00,2017-04-13T00:00:00+00:00,2026-09-03T11:15:03.742310+00:00,30911.771484375,31640.583984375,30892.29296875,31057.408203125,31048.998046875,7913655
2017-04-13 00:00:00+00:00,2017-04-14T00:00:00+00:00,2026-09-03T11:15:03.742310+00:00,31012.296875,31122.75,30723.41015625,31032.654296875,31024.25390625,4694805
2017-04-18 00:00:00+00:00,2017-04-19T00:00:00+00:00,2026-09-03T11:15:03.742310+00:00,30597.626953125,30861.3828125,30585.3125,30723.28515625,30714.962890625,6475167
2017-04-19 00:00:00+00:00,2017-04-20T00:00:00+00:00,2026-09-03T11:15:03.742310+00:00,30936.90234375,31035.794921875,30723.28515625,30796.41796875,30788.078125,3836186
2017-04-20 00:00:00+00:00,2017-04-21T00:00:00+00:00,2026-09-03T11:15:03.742310+00:00,30975.228515625,31233.328125,30881.361328125,31149.515625,31141.080078125,6115013
2017-04-21 00:00:00+00:00,2017-04-22T00:00:00+00:00,2026-09-03T11:15:03.742310+00:00,31143.986328125,31143.986328125,30764.751953125,30974.599609375,30966.21484375,4086660
2017-04-24 00:00:00+00:00,2017-04-25T00:00:00+00:00,2026-09-03T11:15:03.742310+00:00,30732.080078125,31295.404296875,30607.552734375,31295.404296875,31286.927734375,7378351
2017-04-25 00:00:00+00:00,2017-04-26T00:00:00+00:00,2026-09-03T11:15:03.742310+00:00,31439.533203125,32148.744140625,31439.533203125,31875.81640625,31867.18359375,12056572
2017-04-26 00:00:00+00:00,2017-04-27T00:00:00+00:00,2026-09-03T11:15:03.742310+00:00,32017.55859375,32017.55859375,31607.412109375,31715.4765625,31706.890625,6991793
2017-04-28 00:00:00+00:00,2017-04-29T00:00:00+00:00,2026-09-03T11:15:03.742310+00:00,32030.123046875,32237.33203125,31840.8828125,31898.810546875,31890.173828125,9443869
2017-05-01 00:00:00+00:00,2017-05-02T00:00:00+00:00,2026-09-03T11:15:03.742310+00:00,31898.810546875,31898.810546875,31898.810546875,31898.810546875,31890.173828125,0
2017-05-02 00:00:00+00:00,2017-05-03T00:00:00+00:00,2026-09-03T11:15:03.742310+00:00,32042.689453125,32432.228515625,31899.439453125,32152.01171875,32143.306640625,10574131
2017-05-03 00:00:00+00:00,2017-05-04T00:00:00+00:00,2026-09-03T11:15:03.742310+00:00,32218.609375,32407.095703125,32091.318359375,32249.646484375,32240.9140625,6660528
2017-05-04 00:00:00+00:00,2017-05-05T00:00:00+00:00,2026-09-03T11:15:03.742310+00:00,32068.44921875,32331.576171875,31949.326171875,32168.34765625,32159.640625,6462696
2017-05-05 00:00:00+00:00,2017-05-06T00:00:00+00:00,2026-09-03T11:15:03.742310+00:00,32243.7421875,32720.109375,32199.384765625,32720.109375,32711.25390625,6434827
2017-05-08 00:00:00+00:00,2017-05-09T00:00:00+00:00,2026-09-03T11:15:03.742310+00:00,32597.08984375,32772.76171875,32356.958984375,32772.76171875,32763.884765625,4087185
2017-05-09 00:00:00+00:00,2017-05-10T00:00:00+00:00,2026-09-03T11:15:03.742310+00:00,33173.609375,33959.09375,33051.97265625,33798.125,33788.96875,10053908
2017-05-10 00:00:00+00:00,2017-05-11T00:00:00+00:00,2026-09-03T11:15:03.742310+00:00,34053.2109375,34103.47265625,33531.73046875,33685.9140625,33676.796875,15500024
2017-05-11 00:00:00+00:00,2017-05-12T00:00:00+00:00,2026-09-03T11:15:03.742310+00:00,33965.25,34034.36328125,33379.43359375,33676.23828125,33667.12109375,9189312
2017-05-12 00:00:00+00:00,2017-05-13T00:00:00+00:00,2026-09-03T11:15:03.742310+00:00,34028.078125,34309.17578125,33940.37109375,34285.55078125,34276.2734375,6915084
2017-05-15 00:00:00+00:00,2017-05-16T00:00:00+00:00,2026-09-03T11:15:03.742310+00:00,34493.01171875,34555.83984375,34194.07421875,34304.52734375,34295.234375,5258758
2017-05-16 00:00:00+00:00,2017-05-17T00:00:00+00:00,2026-09-03T11:15:03.742310+00:00,34302.01171875,34367.35546875,33413.23828125,33550.58203125,33541.4921875,10243693
2017-05-17 00:00:00+00:00,2017-05-18T00:00:00+00:00,2026-09-03T11:15:03.742310+00:00,33996.6640625,34430.30859375,33437.48828125,34241.69921875,34232.4296875,10767537
2017-05-18 00:00:00+00:00,2017-05-19T00:00:00+00:00,2026-09-03T11:15:03.742310+00:00,34446.51953125,34840.203125,34379.921875,34706.62890625,34697.234375,10972141
2017-05-19 00:00:00+00:00,2017-05-20T00:00:00+00:00,2026-09-03T11:15:03.742310+00:00,35334.91796875,35485.70703125,34706.62890625,34819.59765625,34810.16796875,11787889
2017-05-22 00:00:00+00:00,2017-05-23T00:00:00+00:00,2026-09-03T11:15:03.742310+00:00,35674.06640625,35768.4375,35078.19921875,35133.8671875,35124.36328125,7661653
2017-05-23 00:00:00+00:00,2017-05-24T00:00:00+00:00,2026-09-03T11:15:03.742310+00:00,35033.33984375,35358.41796875,34965.73828125,35240.67578125,35231.13671875,9976459
2017-05-24 00:00:00+00:00,2017-05-25T00:00:00+00:00,2026-09-03T11:15:03.742310+00:00,34811.9296875,35033.33984375,34486.73046875,34907.68359375,34898.234375,6920464
2017-05-25 00:00:00+00:00,2017-05-26T00:00:00+00:00,2026-09-03T11:15:03.742310+00:00,35246.70703125,35434.56640625,35007.078125,35062.1171875,35052.62109375,5803222
2017-05-26 00:00:00+00:00,2017-05-27T00:00:00+00:00,2026-09-03T11:15:03.742310+00:00,35062.1171875,35259.3984375,34813.56640625,35221.828125,35212.29296875,8227532
2017-05-29 00:00:00+00:00,2017-05-30T00:00:00+00:00,2026-09-03T11:15:03.742310+00:00,35020.7734375,35171.5625,34907.0546875,35171.5625,35162.03125,3181009
2017-05-30 00:00:00+00:00,2017-05-31T00:00:00+00:00,2026-09-03T11:15:03.742310+00:00,35061.61328125,35309.78515625,35024.16796875,35184.12890625,35174.59765625,3208361
2017-05-31 00:00:00+00:00,2017-06-01T00:00:00+00:00,2026-09-03T11:15:03.742310+00:00,34806.40234375,34920.25,33864.72265625,34123.078125,34113.84375,19958688
2017-06-01 00:00:00+00:00,2017-06-02T00:00:00+00:00,2026-09-03T11:15:03.742310+00:00,34302.515625,34430.18359375,33816.34765625,33864.72265625,33855.5546875,9882943
2017-06-02 00:00:00+00:00,2017-06-03T00:00:00+00:00,2026-09-03T11:15:03.742310+00:00,34016.39453125,34178.7421875,33299.390625,33547.1875,33538.09765625,8853829
2017-06-05 00:00:00+00:00,2017-06-06T00:00:00+00:00,2026-09-03T11:15:03.742310+00:00,33418.640625,33452.56640625,33186.171875,33242.84375,33233.84375,5964637
2017-06-06 00:00:00+00:00,2017-06-07T00:00:00+00:00,2026-09-03T11:15:03.742310+00:00,33299.390625,33342.3671875,32966.6484375,32966.6484375,32957.72265625,7223024
2017-06-07 00:00:00+00:00,2017-06-08T00:00:00+00:00,2026-09-03T11:15:03.742310+00:00,32990.1484375,33199.2421875,32875.80078125,32944.91015625,32935.98828125,8555136
2017-06-08 00:00:00+00:00,2017-06-09T00:00:00+00:00,2026-09-03T11:15:03.742310+00:00,32985.12109375,33521.17578125,32711.3125,33286.69921875,33277.6875,12025822
2017-06-09 00:00:00+00:00,2017-06-10T00:00:00+00:00,2026-09-03T11:15:03.742310+00:00,33927.5546875,34053.2109375,33239.703125,33714.3125,33705.18359375,12138190
2017-06-12 00:00:00+00:00,2017-06-13T00:00:00+00:00,2026-09-03T11:15:03.742310+00:00,32984.99609375,32984.99609375,31208.951171875,31728.544921875,31719.95703125,14412951
2017-06-13 00:00:00+00:00,2017-06-14T00:00:00+00:00,2026-09-03T11:15:03.742310+00:00,32268.873046875,32500.7109375,31935.0,31951.712890625,31943.0625,14140680
2017-06-14 00:00:00+00:00,2017-06-15T00:00:00+00:00,2026-09-03T11:15:03.742310+00:00,32482.490234375,32607.017578125,31904.33984375,32092.953125,32084.265625,12880804
2017-06-15 00:00:00+00:00,2017-06-16T00:00:00+00:00,2026-09-03T11:15:03.742310+00:00,32240.09765625,32240.8515625,31260.345703125,31387.63671875,31379.138671875,41824321
2017-06-16 00:00:00+00:00,2017-06-17T00:00:00+00:00,2026-09-03T11:15:03.742310+00:00,31387.63671875,31387.63671875,31387.63671875,31387.63671875,31379.138671875,0
2017-06-19 00:00:00+00:00,2017-06-20T00:00:00+00:00,2026-09-03T11:15:03.742310+00:00,32268.62109375,32671.48046875,31945.3046875,32607.017578125,32598.189453125,11120170
2017-06-20 00:00:00+00:00,2017-06-21T00:00:00+00:00,2026-09-03T11:15:03.742310+00:00,32859.46484375,32922.29296875,32306.5703125,32306.5703125,32297.8203125,10337042
2017-06-21 00:00:00+00:00,2017-06-22T00:00:00+00:00,2026-09-03T11:15:03.742310+00:00,32306.5703125,32606.01171875,32112.931640625,32606.01171875,32597.18359375,7027803
2017-06-22 00:00:00+00:00,2017-06-23T00:00:00+00:00,2026-09-03T11:15:03.742310+00:00,32611.541015625,32661.30078125,32041.431640625,32316.623046875,32307.873046875,9205913
2017-06-23 00:00:00+00:00,2017-06-24T00:00:00+00:00,2026-09-03T11:15:03.742310+00:00,32346.90625,33354.5546875,32346.90625,33156.140625,33147.16015625,8353549
2017-06-26 00:00:00+00:00,2017-06-27T00:00:00+00:00,2026-09-03T11:15:03.742310+00:00,33648.59375,33739.06640625,32483.119140625,32880.1953125,32871.30078125,8948610
2017-06-27 00:00:00+00:00,2017-06-28T00:00:00+00:00,2026-09-03T11:15:03.742310+00:00,33242.71875,33261.56640625,32683.54296875,32771.50390625,32762.62890625,7827707
2017-06-28 00:00:00+00:00,2017-06-29T00:00:00+00:00,2026-09-03T11:15:03.742310+00:00,32462.134765625,32733.4296875,32088.5546875,32419.662109375,32410.88671875,7679455
2017-06-29 00:00:00+00:00,2017-06-30T00:00:00+00:00,2026-09-03T11:15:03.742310+00:00,32608.1484375,32800.27734375,31669.611328125,32042.4375,32033.765625,6320882
2017-06-30 00:00:00+00:00,2017-07-01T00:00:00+00:00,2026-09-03T11:15:03.742310+00:00,32042.4375,32043.6953125,31583.16015625,31979.861328125,31971.201171875,10713287
2017-07-03 00:00:00+00:00,2017-07-04T00:00:00+00:00,2026-09-03T11:15:03.742310+00:00,32227.279296875,32752.15234375,32043.6953125,32691.208984375,32682.35546875,7843647
2017-07-04 00:00:00+00:00,2017-07-05T00:00:00+00:00,2026-09-03T11:15:03.742310+00:00,31929.59765625,31929.59765625,31080.779296875,31263.611328125,31255.1484375,11838933
2017-07-05 00:00:00+00:00,2017-07-06T00:00:00+00:00,2026-09-03T11:15:03.742310+00:00,31414.400390625,32008.1328125,31176.279296875,31787.73046875,31779.125,9334922
2017-07-06 00:00:00+00:00,2017-07-07T00:00:00+00:00,2026-09-03T11:15:03.742310+00:00,31879.333984375,32011.0234375,31215.861328125,31339.005859375,31330.5234375,10079461
2017-07-07 00:00:00+00:00,2017-07-08T00:00:00+00:00,2026-09-03T11:15:03.742310+00:00,31288.744140625,31385.248046875,30974.599609375,31096.61328125,31088.1953125,11874927
2017-07-10 00:00:00+00:00,2017-07-11T00:00:00+00:00,2026-09-03T11:15:03.742310+00:00,31464.412109375,31783.583984375,31318.146484375,31634.302734375,31625.73828125,15597114
2017-07-11 00:00:00+00:00,2017-07-12T00:00:00+00:00,2026-09-03T11:15:03.742310+00:00,32407.095703125,32752.654296875,32233.939453125,32482.490234375,32473.697265625,11275760
2017-07-12 00:00:00+00:00,2017-07-13T00:00:00+00:00,2026-09-03T11:15:03.742310+00:00,32921.2890625,33168.58203125,32621.216796875,33022.8203125,33013.88671875,7759983
2017-07-13 00:00:00+00:00,2017-07-14T00:00:00+00:00,2026-09-03T11:15:03.742310+00:00,33172.4765625,33762.56640625,33172.4765625,33752.38671875,33743.24609375,11557088
2017-07-14 00:00:00+00:00,2017-07-15T00:00:00+00:00,2026-09-03T11:15:03.742310+00:00,33663.546875,34078.34375,33594.5625,34078.34375,34069.1171875,8671054
2017-07-17 00:00:00+00:00,2017-07-18T00:00:00+00:00,2026-09-03T11:15:03.742310+00:00,33990.3828125,34120.0625,33701.49609375,34053.2109375,34043.984375,12299637
2017-07-18 00:00:00+00:00,2017-07-19T00:00:00+00:00,2026-09-03T11:15:03.742310+00:00,34002.94921875,34341.59375,33726.0,33864.59765625,33855.4296875,8267275
2017-07-19 00:00:00+00:00,2017-07-20T00:00:00+00:00,2026-09-03T11:15:03.742310+00:00,34995.64453125,35246.95703125,34685.015625,34920.25,34910.7890625,9776519
2017-07-20 00:00:00+00:00,2017-07-21T00:00:00+00:00,2026-09-03T11:15:03.742310+00:00,35045.90625,35435.4453125,34838.6953125,35047.03515625,35037.5390625,5481021
2017-07-21 00:00:00+00:00,2017-07-22T00:00:00+00:00,2026-09-03T11:15:03.742310+00:00,35246.95703125,35460.57421875,35072.921875,35262.6640625,35253.12109375,7284302
2017-07-24 00:00:00+00:00,2017-07-25T00:00:00+00:00,2026-09-03T11:15:03.742310+00:00,35593.14453125,36113.1171875,35525.4140625,35938.07421875,35928.34375,6673205
2017-07-25 00:00:00+00:00,2017-07-26T00:00:00+00:00,2026-09-03T11:15:03.742310+00:00,35726.96875,36189.390625,35726.96875,35965.84375,35956.11328125,5961525
2017-07-26 00:00:00+00:00,2017-07-27T00:00:00+00:00,2026-09-03T11:15:03.742310+00:00,35787.28515625,36189.390625,35724.45703125,36038.6015625,36028.84375,4939708
2017-07-27 00:00:00+00:00,2017-07-28T00:00:00+00:00,2026-09-03T11:15:03.742310+00:00,36571.01171875,36942.95703125,35865.06640625,35971.375,35961.640625,6755699
2017-07-28 00:00:00+00:00,2017-07-29T00:00:00+00:00,2026-09-03T11:15:03.742310+00:00,35498.2734375,35868.3359375,35258.89453125,35815.30859375,35805.61328125,5694323
2017-07-31 00:00:00+00:00,2017-08-01T00:00:00+00:00,2026-09-03T11:15:03.742310+00:00,36566.36328125,36629.19140625,36203.96484375,36547.515625,36537.6171875,9859236
2017-08-01 00:00:00+00:00,2017-08-02T00:00:00+00:00,2026-09-03T11:15:03.742310+00:00,36670.03125,36783.12109375,36377.75,36547.515625,36537.6171875,6110613
2017-08-02 00:00:00+00:00,2017-08-03T00:00:00+00:00,2026-09-03T11:15:03.742310+00:00,36616.625,36754.84765625,35812.41796875,35812.41796875,35802.72265625,9154137
2017-08-03 00:00:00+00:00,2017-08-04T00:00:00+00:00,2026-09-03T11:15:03.742310+00:00,35749.58984375,35937.3203125,35382.66796875,35499.02734375,35489.41796875,9064266
2017-08-04 00:00:00+00:00,2017-08-05T00:00:00+00:00,2026-09-03T11:15:03.742310+00:00,35848.859375,35938.07421875,35435.5703125,35635.7421875,35626.09765625,6718439
2017-08-07 00:00:00+00:00,2017-08-08T00:00:00+00:00,2026-09-03T11:15:03.742310+00:00,36692.01953125,36817.6796875,36122.0390625,36217.03515625,36207.2265625,13266654
2017-08-08 00:00:00+00:00,2017-08-09T00:00:00+00:00,2026-09-03T11:15:03.742310+00:00,36831.87890625,36867.94140625,36249.328125,36377.875,36368.03125,14404699
2017-08-09 00:00:00+00:00,2017-08-10T00:00:00+00:00,2026-09-03T11:15:03.742310+00:00,36377.875,36377.875,36377.875,36377.875,36368.03125,0
2017-08-10 00:00:00+00:00,2017-08-11T00:00:00+00:00,2026-09-03T11:15:03.742310+00:00,36754.84765625,36754.84765625,35679.84765625,35749.58984375,35739.90625,8442736
2017-08-11 00:00:00+00:00,2017-08-12T00:00:00+00:00,2026-09-03T11:15:03.742310+00:00,34643.80078125,34875.26171875,34317.09375,34738.421875,34729.015625,9001611
2017-08-14 00:00:00+00:00,2017-08-15T00:00:00+00:00,2026-09-03T11:15:03.742310+00:00,35499.53125,35892.5859375,35415.08984375,35749.58984375,35739.90625,7686856
2017-08-15 00:00:00+00:00,2017-08-16T00:00:00+00:00,2026-09-03T11:15:03.742310+00:00,35749.58984375,35840.81640625,35232.8828125,35246.95703125,35237.4140625,7566187
2017-08-16 00:00:00+00:00,2017-08-17T00:00:00+00:00,2026-09-03T11:15:03.742310+00:00,35498.2734375,36779.98046875,35121.30078125,36279.234375,36269.4140625,19625831
2017-08-17 00:00:00+00:00,2017-08-18T00:00:00+00:00,2026-09-03T11:15:03.742310+00:00,36290.16796875,36453.26953125,35965.97265625,36268.9296875,36259.11328125,11159849
2017-08-18 00:00:00+00:00,2017-08-19T00:00:00+00:00,2026-09-03T11:15:03.742310+00:00,36126.5625,36488.58203125,36038.6015625,36440.70703125,36430.84375,8481627
2017-08-21 00:00:00+00:00,2017-08-22T00:00:00+00:00,2026-09-03T11:15:03.742310+00:00,36629.6953125,36739.015625,36265.6640625,36425.5,36415.640625,9399208
2017-08-22 00:00:00+00:00,2017-08-23T00:00:00+00:00,2026-09-03T11:15:03.742310+00:00,36692.01953125,36859.26953125,36378.00390625,36772.9453125,36762.98828125,11082671
2017-08-23 00:00:00+00:00,2017-08-24T00:00:00+00:00,2026-09-03T11:15:03.742310+00:00,36943.3359375,37709.84765625,36884.90625,37609.3203125,37599.140625,12208668
2017-08-24 00:00:00+00:00,2017-08-25T00:00:00+00:00,2026-09-03T11:15:03.742310+00:00,37772.67578125,38026.8828125,37232.34765625,37914.0390625,37903.78125,8998261
2017-08-25 00:00:00+00:00,2017-08-26T00:00:00+00:00,2026-09-03T11:15:03.742310+00:00,37722.6640625,38156.30859375,37571.75,37822.9375,37812.69140625,5089059
2017-08-28 00:00:00+00:00,2017-08-29T00:00:00+00:00,2026-09-03T11:15:03.742310+00:00,37270.046875,37326.46484375,36787.7734375,37043.86328125,37033.8359375,6691270
2017-08-29 00:00:00+00:00,2017-08-30T00:00:00+00:00,2026-09-03T11:15:03.742310+00:00,36880.5078125,36999.12890625,36384.53515625,36659.4765625,36649.5546875,10331973
2017-08-30 00:00:00+00:00,2017-08-31T00:00:00+00:00,2026-09-03T11:15:03.742310+00:00,37257.48046875,37394.5703125,36659.7265625,36772.8203125,36762.86328125,11407904
2017-08-31 00:00:00+00:00,2017-09-01T00:00:00+00:00,2026-09-03T11:15:03.742310+00:00,36899.48046875,37194.65234375,36559.453125,36955.5234375,36945.5078125,11216503
2017-09-01 00:00:00+00:00,2017-09-02T00:00:00+00:00,2026-09-03T11:15:03.742310+00:00,36955.5234375,37066.23046875,36707.6015625,36805.11328125,36795.1484375,6943463
2017-09-04 00:00:00+00:00,2017-09-05T00:00:00+00:00,2026-09-03T11:15:03.742310+00:00,36440.70703125,36503.53515625,36177.07421875,36382.65234375,36372.8046875,4158602
2017-09-05 00:00:00+00:00,2017-09-06T00:00:00+00:00,2026-09-03T11:15:03.742310+00:00,36315.046875,36624.0390625,36137.1171875,36176.82421875,36167.02734375,10327922
2017-09-06 00:00:00+00:00,2017-09-07T00:00:00+00:00,2026-09-03T11:15:03.742310+00:00,36441.4609375,36566.36328125,35941.84375,36074.6640625,36064.8984375,10996978
2017-09-07 00:00:00+00:00,2017-09-08T00:00:00+00:00,2026-09-03T11:15:03.742310+00:00,36013.46875,36440.70703125,35692.0390625,36288.28125,36278.4609375,5137667
2017-09-08 00:00:00+00:00,2017-09-09T00:00:00+00:00,2026-09-03T11:15:03.742310+00:00,36440.83203125,36541.23046875,35887.05859375,35986.328125,35976.578125,5906534
2017-09-11 00:00:00+00:00,2017-09-12T00:00:00+00:00,2026-09-03T11:15:03.742310+00:00,36591.49609375,37347.953125,36482.92578125,37102.29296875,37092.24609375,10039066
2017-09-12 00:00:00+00:00,2017-09-13T00:00:00+00:00,2026-09-03T11:15:03.742310+00:00,37357.87890625,37887.0234375,37339.15625,37508.796875,37498.640625,5317895
2017-09-13 00:00:00+00:00,2017-09-14T00:00:00+00:00,2026-09-03T11:15:03.742310+00:00,37575.015625,37695.5234375,37250.06640625,37346.1953125,37337.24609375,5547232
2017-09-14 00:00:00+00:00,2017-09-15T00:00:00+00:00,2026-09-03T11:15:03.742310+00:00,37609.1953125,37683.5859375,37002.51953125,37260.74609375,37251.8125,9461695
2017-09-15 00:00:00+00:00,2017-09-16T00:00:00+00:00,2026-09-03T11:15:03.742310+00:00,37257.48046875,37257.48046875,36644.14453125,36742.28515625,36733.4765625,18807759
2017-09-18 00:00:00+00:00,2017-09-19T00:00:00+00:00,2026-09-03T11:15:03.742310+00:00,37156.19921875,37533.296875,36742.28515625,37143.1328125,37134.2265625,26095658
2017-09-19 00:00:00+00:00,2017-09-20T00:00:00+00:00,2026-09-03T11:15:03.742310+00:00,37300.078125,37508.796875,37076.53125,37383.13671875,37374.1640625,6669839
2017-09-20 00:00:00+00:00,2017-09-21T00:00:00+00:00,2026-09-03T11:15:03.742310+00:00,37529.06640625,37715.671875,37297.8203125,37377.0390625,37368.07421875,14386373
2017-09-21 00:00:00+00:00,2017-09-22T00:00:00+00:00,2026-09-03T11:15:03.742310+00:00,37452.73828125,37855.5,37195.46484375,37540.0078125,37531.0,29858488
2017-09-22 00:00:00+00:00,2017-09-23T00:00:00+00:00,2026-09-03T11:15:03.742310+00:00,37534.9765625,37673.296875,37176.09765625,37245.76171875,37236.828125,4623814
2017-09-25 00:00:00+00:00,2017-09-26T00:00:00+00:00,2026-09-03T11:15:03.742310+00:00,37245.76171875,37245.76171875,37245.76171875,37245.76171875,37236.828125,0
2017-09-26 00:00:00+00:00,2017-09-27T00:00:00+00:00,2026-09-03T11:15:03.742310+00:00,36327.8203125,36458.72265625,35901.16796875,36058.6015625,36049.953125,10181675
2017-09-27 00:00:00+00:00,2017-09-28T00:00:00+00:00,2026-09-03T11:15:03.742310+00:00,36227.2265625,36403.26953125,35945.6796875,36160.328125,36151.65234375,8393084
2017-09-28 00:00:00+00:00,2017-09-29T00:00:00+00:00,2026-09-03T11:15:03.742310+00:00,36164.3515625,36417.85546875,35911.60546875,36026.03125,36017.390625,7142150
2017-09-29 00:00:00+00:00,2017-09-30T00:00:00+00:00,2026-09-03T11:15:03.742310+00:00,36403.26953125,36943.97265625,36285.94921875,36717.6328125,36708.828125,11426747
2017-10-02 00:00:00+00:00,2017-10-03T00:00:00+00:00,2026-09-03T11:15:03.742310+00:00,37019.421875,37471.4765625,36908.26171875,37384.08203125,37375.109375,6159275
2017-10-03 00:00:00+00:00,2017-10-04T00:00:00+00:00,2026-09-03T11:15:03.742310+00:00,37790.23828125,38589.6015625,37771.87890625,38462.09765625,38452.875,8128040
2017-10-04 00:00:00+00:00,2017-10-05T00:00:00+00:00,2026-09-03T11:15:03.742310+00:00,38666.68359375,39021.5390625,38650.83984375,38918.17578125,38908.8359375,6241099
2017-10-05 00:00:00+00:00,2017-10-06T00:00:00+00:00,2026-09-03T11:15:03.742310+00:00,39057.25,39546.90234375,38880.578125,39440.01953125,39430.56640625,5002421
2017-10-06 00:00:00+00:00,2017-10-07T00:00:00+00:00,2026-09-03T11:15:03.742310+00:00,39779.78125,40037.30859375,39547.53125,39794.4921875,39784.94921875,5799564
2017-10-09 00:00:00+00:00,2017-10-10T00:00:00+00:00,2026-09-03T11:15:03.742310+00:00,39710.37109375,40419.69921875,39675.5390625,40118.2890625,40108.66796875,6804865
2017-10-10 00:00:00+00:00,2017-10-11T00:00:00+00:00,2026-09-03T11:15:03.742310+00:00,40129.73046875,40364.12109375,39823.66796875,40125.83203125,40116.2109375,6388277
2017-10-11 00:00:00+00:00,2017-10-12T00:00:00+00:00,2026-09-03T11:15:03.742310+00:00,40282.51171875,40516.3984375,39924.13671875,40489.9921875,40480.28515625,8301478
2017-10-12 00:00:00+00:00,2017-10-13T00:00:00+00:00,2026-09-03T11:15:03.742310+00:00,40438.43359375,40582.4140625,39990.15234375,40238.5,40228.8515625,8295999
2017-10-13 00:00:00+00:00,2017-10-14T00:00:00+00:00,2026-09-03T11:15:03.742310+00:00,40357.95703125,40357.95703125,39947.1484375,40238.5,40228.8515625,6947129
2017-10-16 00:00:00+00:00,2017-10-17T00:00:00+00:00,2026-09-03T11:15:03.742310+00:00,41445.65625,41445.65625,40743.2421875,40904.94921875,40895.13671875,12205432
2017-10-17 00:00:00+00:00,2017-10-18T00:00:00+00:00,2026-09-03T11:15:03.742310+00:00,41041.88671875,41074.70703125,40628.05859375,41074.70703125,41064.859375,6053561
2017-10-18 00:00:00+00:00,2017-10-19T00:00:00+00:00,2026-09-03T11:15:03.742310+00:00,40867.2265625,41235.41015625,40566.19140625,41117.96484375,41108.10546875,7426153
2017-10-19 00:00:00+00:00,2017-10-20T00:00:00+00:00,2026-09-03T11:15:03.742310+00:00,40992.97265625,41079.359375,40615.734375,40930.09765625,40920.28125,11917477
2017-10-20 00:00:00+00:00,2017-10-21T00:00:00+00:00,2026-09-03T11:15:03.742310+00:00,41401.140625,41684.5703125,41269.61328125,41458.23046875,41448.2890625,5855971
2017-10-23 00:00:00+00:00,2017-10-24T00:00:00+00:00,2026-09-03T11:15:03.742310+00:00,41458.23046875,41558.19921875,40961.9140625,41165.87109375,41155.99609375,6117317
2017-10-24 00:00:00+00:00,2017-10-25T00:00:00+00:00,2026-09-03T11:15:03.742310+00:00,41165.87109375,41272.50390625,40948.9609375,41181.58984375,41171.7109375,5353630
2017-10-25 00:00:00+00:00,2017-10-26T00:00:00+00:00,2026-09-03T11:15:03.742310+00:00,41526.76171875,42087.7109375,41443.51953125,41862.25,41852.2109375,7434869
2017-10-26 00:00:00+00:00,2017-10-27T00:00:00+00:00,2026-09-03T11:15:03.742310+00:00,41832.94921875,42860.0390625,41759.515625,42413.89453125,42403.71484375,10753291
2017-10-27 00:00:00+00:00,2017-10-28T00:00:00+00:00,2026-09-03T11:15:03.742310+00:00,42458.15625,43036.20703125,42458.15625,42850.859375,42840.5859375,10155845
2017-10-30 00:00:00+00:00,2017-10-31T00:00:00+00:00,2026-09-03T11:15:03.742310+00:00,43057.20703125,43557.80078125,42755.921875,43394.70703125,43384.296875,11290074
2017-10-31 00:00:00+00:00,2017-11-01T00:00:00+00:00,2026-09-03T11:15:03.742310+00:00,43677.6328125,43847.265625,43256.26171875,43319.26171875,43308.875,10572799
2017-11-01 00:00:00+00:00,2017-11-02T00:00:00+00:00,2026-09-03T11:15:03.742310+00:00,44086.30859375,44169.171875,43641.671875,43693.85546875,43683.375,9847667
2017-11-02 00:00:00+00:00,2017-11-03T00:00:00+00:00,2026-09-03T11:15:03.742310+00:00,44009.6015625,44009.6015625,43149.0,43149.0,43138.65234375,5512420
2017-11-03 00:00:00+00:00,2017-11-04T00:00:00+00:00,2026-09-03T11:15:03.742310+00:00,43533.02734375,43808.66015625,43218.6640625,43633.625,43623.15625,7448007
2017-11-06 00:00:00+00:00,2017-11-07T00:00:00+00:00,2026-09-03T11:15:03.742310+00:00,44828.203125,44828.203125,44338.6796875,44533.20703125,44522.52734375,6524433
2017-11-07 00:00:00+00:00,2017-11-08T00:00:00+00:00,2026-09-03T11:15:03.742310+00:00,45559.5390625,45897.0390625,45456.9296875,45678.87109375,45667.91796875,12366878
2017-11-08 00:00:00+00:00,2017-11-09T00:00:00+00:00,2026-09-03T11:15:03.742310+00:00,45582.67578125,45623.54296875,44590.796875,44752.6328125,44741.89453125,7748718
2017-11-09 00:00:00+00:00,2017-11-10T00:00:00+00:00,2026-09-03T11:15:03.742310+00:00,44891.078125,44953.94921875,44472.34375,44827.07421875,44816.328125,6512926
2017-11-10 00:00:00+00:00,2017-11-11T00:00:00+00:00,2026-09-03T11:15:03.742310+00:00,44715.03515625,45394.05859375,44526.4140625,44526.4140625,44515.734375,7498585
2017-11-13 00:00:00+00:00,2017-11-14T00:00:00+00:00,2026-09-03T11:15:03.742310+00:00,45117.41796875,45318.109375,44765.9609375,44940.2421875,44929.46484375,6698229
2017-11-14 00:00:00+00:00,2017-11-15T00:00:00+00:00,2026-09-03T11:15:03.742310+00:00,45155.140625,45484.34375,44964.0078125,45161.4296875,45150.59375,10077830
2017-11-15 00:00:00+00:00,2017-11-16T00:00:00+00:00,2026-09-03T11:15:03.742310+00:00,45142.44140625,47026.609375,44951.43359375,46040.640625,46029.59375,12480997
2017-11-16 00:00:00+00:00,2017-11-17T00:00:00+00:00,2026-09-03T11:15:03.742310+00:00,46225.73828125,47141.79296875,46120.48828125,46689.234375,46678.03515625,14404608
2017-11-17 00:00:00+00:00,2017-11-18T00:00:00+00:00,2026-09-03T11:15:03.742310+00:00,47856.52734375,48996.7890625,47695.44921875,48349.07421875,48337.484375,12838601
2017-11-20 00:00:00+00:00,2017-11-21T00:00:00+00:00,2026-09-03T11:15:03.742310+00:00,49631.67578125,50298.125,49341.95703125,50235.37890625,50223.33203125,13908534
2017-11-21 00:00:00+00:00,2017-11-22T00:00:00+00:00,2026-09-03T11:15:03.742310+00:00,51241.21484375,52096.15625,50926.8515625,51429.83203125,51417.4921875,31721595
2017-11-22 00:00:00+00:00,2017-11-23T00:00:00+00:00,2026-09-03T11:15:03.742310+00:00,51298.05078125,51304.08984375,48736.3671875,49041.9296875,49030.16796875,19619275
2017-11-23 00:00:00+00:00,2017-11-24T00:00:00+00:00,2026-09-03T11:15:03.742310+00:00,48968.87109375,49240.23046875,46996.1796875,47050.75390625,47039.46875,13267770
2017-11-24 00:00:00+00:00,2017-11-25T00:00:00+00:00,2026-09-03T11:15:03.742310+00:00,47380.8359375,47926.6953125,47292.8125,47292.8125,47281.46484375,9160834
2017-11-27 00:00:00+00:00,2017-11-28T00:00:00+00:00,2026-09-03T11:15:03.742310+00:00,47269.171875,48010.9453125,47269.171875,47705.76171875,47694.3203125,9823252
2017-11-28 00:00:00+00:00,2017-11-29T00:00:00+00:00,2026-09-03T11:15:03.742310+00:00,47358.19921875,48134.42578125,47228.5546875,47531.73046875,47520.32421875,10793443
2017-11-29 00:00:00+00:00,2017-11-30T00:00:00+00:00,2026-09-03T11:15:03.742310+00:00,47657.47265625,48425.77734375,47164.17578125,47896.390625,47884.90234375,11951403
2017-11-30 00:00:00+00:00,2017-12-01T00:00:00+00:00,2026-09-03T11:15:03.742310+00:00,46664.0859375,47154.4921875,46148.53125,46371.2265625,46360.109375,18871693
2017-12-01 00:00:00+00:00,2017-12-02T00:00:00+00:00,2026-09-03T11:15:03.742310+00:00,45897.0390625,46130.80078125,44408.46484375,44408.46484375,44397.8125,16654362
2017-12-04 00:00:00+00:00,2017-12-05T00:00:00+00:00,2026-09-03T11:15:03.742310+00:00,45268.3125,45645.171875,44768.22265625,45645.171875,45634.22265625,10332035
2017-12-05 00:00:00+00:00,2017-12-06T00:00:00+00:00,2026-09-03T11:15:03.742310+00:00,44639.5859375,44765.33203125,43382.1328125,44262.3515625,44251.73046875,10716319
2017-12-06 00:00:00+00:00,2017-12-07T00:00:00+00:00,2026-09-03T11:15:03.742310+00:00,43387.2890625,43633.5,42326.62890625,43320.140625,43309.75390625,11389330
2017-12-07 00:00:00+00:00,2017-12-08T00:00:00+00:00,2026-09-03T11:15:03.742310+00:00,44136.60546875,44667.25,43901.2109375,44413.49609375,44402.84375,9587323
2017-12-08 00:00:00+00:00,2017-12-09T00:00:00+00:00,2026-09-03T11:15:03.742310+00:00,45700.5,46010.2109375,45079.6953125,45509.7421875,45498.828125,10225756
2017-12-11 00:00:00+00:00,2017-12-12T00:00:00+00:00,2026-09-03T11:15:03.742310+00:00,46336.39453125,46336.39453125,45144.203125,45570.1015625,45559.17578125,10939111
2017-12-12 00:00:00+00:00,2017-12-13T00:00:00+00:00,2026-09-03T11:15:03.742310+00:00,45076.17578125,45079.31640625,43508.5078125,44010.859375,44000.3046875,11625148
2017-12-13 00:00:00+00:00,2017-12-14T00:00:00+00:00,2026-09-03T11:15:03.742310+00:00,44476.2421875,44579.73046875,42664.62890625,43751.69921875,43741.21484375,10733990
2017-12-14 00:00:00+00:00,2017-12-15T00:00:00+00:00,2026-09-03T11:15:03.742310+00:00,43696.37109375,43696.49609375,42569.0625,42948.1875,42937.890625,10317338
2017-12-15 00:00:00+00:00,2017-12-16T00:00:00+00:00,2026-09-03T11:15:03.742310+00:00,42376.171875,42948.1875,41510.5390625,41621.69921875,41611.72265625,24410826
2017-12-18 00:00:00+00:00,2017-12-19T00:00:00+00:00,2026-09-03T11:15:03.742310+00:00,41621.57421875,41671.99609375,40253.83984375,40741.48046875,40731.7109375,12582950
2017-12-19 00:00:00+00:00,2017-12-20T00:00:00+00:00,2026-09-03T11:15:03.742310+00:00,40927.33203125,41770.45703125,40271.0703125,40697.97265625,40688.21484375,15385861
2017-12-20 00:00:00+00:00,2017-12-21T00:00:00+00:00,2026-09-03T11:15:03.742310+00:00,40820.07421875,42226.91015625,40741.48046875,41509.78515625,41499.83203125,13818487
2017-12-21 00:00:00+00:00,2017-12-22T00:00:00+00:00,2026-09-03T11:15:03.742310+00:00,42124.6796875,43859.96484375,41908.77734375,43390.55859375,43380.1484375,47710064
2017-12-22 00:00:00+00:00,2017-12-23T00:00:00+00:00,2026-09-03T11:15:03.742310+00:00,43744.40625,43771.9453125,42963.90625,43399.98828125,43389.578125,2887073
2017-12-25 00:00:00+00:00,2017-12-26T00:00:00+00:00,2026-09-03T11:15:03.742310+00:00,43399.98828125,43399.98828125,43399.98828125,43399.98828125,43389.578125,0
2017-12-26 00:00:00+00:00,2017-12-27T00:00:00+00:00,2026-09-03T11:15:03.742310+00:00,43399.98828125,43399.98828125,43399.98828125,43399.98828125,43389.578125,0
2017-12-27 00:00:00+00:00,2017-12-28T00:00:00+00:00,2026-09-03T11:15:03.742310+00:00,43399.98828125,43634.25390625,42530.8359375,42946.30078125,42936.00390625,3448915
2017-12-28 00:00:00+00:00,2017-12-29T00:00:00+00:00,2026-09-03T11:15:03.742310+00:00,43408.4140625,43423.75390625,42389.5,43282.79296875,43272.41015625,2386705
2017-12-29 00:00:00+00:00,2017-12-30T00:00:00+00:00,2026-09-03T11:15:03.742310+00:00,43507.87890625,43947.98828125,42776.0390625,43394.70703125,43384.296875,2746981
2018-01-02 00:00:00+00:00,2018-01-03T00:00:00+00:00,2026-09-03T11:15:03.742310+00:00,44087.5625,45126.34765625,44010.23046875,45028.140625,45017.3359375,7402232
2018-01-03 00:00:00+00:00,2018-01-04T00:00:00+00:00,2026-09-03T11:15:03.742310+00:00,45620.3984375,46094.9609375,44683.09375,45897.0390625,45886.02734375,7974038
2018-01-04 00:00:00+00:00,2018-01-05T00:00:00+00:00,2026-09-03T11:15:03.742310+00:00,46624.8515625,46840.00390625,44747.6015625,45729.92578125,45718.9609375,9841050
2018-01-05 00:00:00+00:00,2018-01-06T00:00:00+00:00,2026-09-03T11:15:03.742310+00:00,45507.23046875,45702.1328125,44765.9609375,45475.0390625,45464.12890625,6273840
2018-01-08 00:00:00+00:00,2018-01-09T00:00:00+00:00,2026-09-03T11:15:03.742310+00:00,45651.8359375,45814.42578125,45053.1640625,45230.96484375,45220.1171875,5061349
2018-01-09 00:00:00+00:00,2018-01-10T00:00:00+00:00,2026-09-03T11:15:03.742310+00:00,45582.67578125,45658.125,45274.6015625,45658.125,45647.17578125,8091275
2018-01-10 00:00:00+00:00,2018-01-11T00:00:00+00:00,2026-09-03T11:15:03.742310+00:00,45542.5625,45894.5234375,45114.0234375,45457.18359375,45446.27734375,5332834
2018-01-11 00:00:00+00:00,2018-01-12T00:00:00+00:00,2026-09-03T11:15:03.742310+00:00,44967.53125,45148.1015625,44183.2578125,44791.234375,44780.4921875,5099681
2018-01-12 00:00:00+00:00,2018-01-13T00:00:00+00:00,2026-09-03T11:15:03.742310+00:00,45268.3125,45834.16796875,45264.0390625,45441.0859375,45430.1875,4943054
2018-01-15 00:00:00+00:00,2018-01-16T00:00:00+00:00,2026-09-03T11:15:03.742310+00:00,45386.38671875,45627.9453125,44686.9921875,45269.94921875,45259.09765625,4439322
2018-01-16 00:00:00+00:00,2018-01-17T00:00:00+00:00,2026-09-03T11:15:03.742310+00:00,45576.765625,46381.03125,45576.765625,46329.4765625,46318.3671875,5767475
2018-01-17 00:00:00+00:00,2018-01-18T00:00:00+00:00,2026-09-03T11:15:03.742310+00:00,46374.87109375,46735.88671875,46153.6875,46479.2421875,46468.09375,9803085
2018-01-18 00:00:00+00:00,2018-01-19T00:00:00+00:00,2026-09-03T11:15:03.742310+00:00,46682.94921875,47154.2421875,45527.8515625,46022.78515625,46011.74609375,8378570
2018-01-19 00:00:00+00:00,2018-01-20T00:00:00+00:00,2026-09-03T11:15:03.742310+00:00,46400.01953125,47153.73828125,46087.41796875,46749.71875,46738.51171875,6112259
2018-01-22 00:00:00+00:00,2018-01-23T00:00:00+00:00,2026-09-03T11:15:03.742310+00:00,47039.6875,47370.01953125,46752.73828125,46919.8515625,46908.6015625,6927049
2018-01-23 00:00:00+00:00,2018-01-24T00:00:00+00:00,2026-09-03T11:15:03.742310+00:00,47657.47265625,47657.47265625,46915.578125,47154.4921875,47143.18359375,16145913
2018-01-24 00:00:00+00:00,2018-01-25T00:00:00+00:00,2026-09-03T11:15:03.742310+00:00,47216.109375,47497.52734375,46061.26171875,46525.765625,46514.60546875,6518604
2018-01-25 00:00:00+00:00,2018-01-26T00:00:00+00:00,2026-09-03T11:15:03.742310+00:00,46022.78515625,46022.78515625,44892.7109375,45871.890625,45860.890625,19110008
2018-01-26 00:00:00+00:00,2018-01-27T00:00:00+00:00,2026-09-03T11:15:03.742310+00:00,46708.7265625,46708.47265625,46001.40625,46085.65625,46074.60546875,9006093
2018-01-29 00:00:00+00:00,2018-01-30T00:00:00+00:00,2026-09-03T11:15:03.742310+00:00,46211.40234375,46364.5625,45158.7890625,45519.8046875,45508.890625,10669940
2018-01-30 00:00:00+00:00,2018-01-31T00:00:00+00:00,2026-09-03T11:15:03.742310+00:00,44702.4609375,44953.82421875,42815.0234375,43196.66015625,43186.30078125,13067429
2018-01-31 00:00:00+00:00,2018-02-01T00:00:00+00:00,2026-09-03T11:15:03.742310+00:00,43884.98828125,44388.09375,42320.08984375,42533.1015625,42522.8984375,19615387
2018-02-01 00:00:00+00:00,2018-02-02T00:00:00+00:00,2026-09-03T11:15:03.742310+00:00,42693.8046875,43177.921875,40992.97265625,41660.05078125,41650.0625,12407038
2018-02-02 00:00:00+00:00,2018-02-03T00:00:00+00:00,2026-09-03T11:15:03.742310+00:00,41847.9140625,42413.76953125,40019.578125,40816.9296875,40807.140625,12276759
2018-02-05 00:00:00+00:00,2018-02-06T00:00:00+00:00,2026-09-03T11:15:03.742310+00:00,40000.83984375,40298.859375,38858.6953125,39232.5390625,39223.12890625,14637587
2018-02-06 00:00:00+00:00,2018-02-07T00:00:00+00:00,2026-09-03T11:15:03.742310+00:00,37711.01953125,39105.78515625,37430.35546875,39037.7578125,39028.39453125,20468062
2018-02-07 00:00:00+00:00,2018-02-08T00:00:00+00:00,2026-09-03T11:15:03.742310+00:00,39471.453125,39546.6484375,37811.23828125,38290.328125,38281.14453125,15352405
2018-02-08 00:00:00+00:00,2018-02-09T00:00:00+00:00,2026-09-03T11:15:03.742310+00:00,38603.8125,38667.4375,37632.3046875,38043.6171875,38034.49609375,11237420
2018-02-09 00:00:00+00:00,2018-02-10T00:00:00+00:00,2026-09-03T11:15:03.742310+00:00,37132.58984375,37797.28125,36783.8984375,37358.93359375,37349.9765625,9667867
2018-02-12 00:00:00+00:00,2018-02-13T00:00:00+00:00,2026-09-03T11:15:03.742310+00:00,37975.0859375,38475.046875,37327.37109375,38037.95703125,38028.8359375,10696271
2018-02-13 00:00:00+00:00,2018-02-14T00:00:00+00:00,2026-09-03T11:15:03.742310+00:00,38540.9375,39295.28515625,38353.828125,39124.8984375,39115.51953125,12611865
2018-02-14 00:00:00+00:00,2018-02-15T00:00:00+00:00,2026-09-03T11:15:03.742310+00:00,39924.13671875,40200.65234375,39059.0078125,39861.140625,39851.5859375,15411079
2018-02-15 00:00:00+00:00,2018-02-16T00:00:00+00:00,2026-09-03T11:15:03.742310+00:00,40867.2265625,43173.01953125,40866.47265625,42645.265625,42635.0390625,14089582
2018-02-16 00:00:00+00:00,2018-02-17T00:00:00+00:00,2026-09-03T11:15:03.742310+00:00,42753.40625,43874.30078125,41989.50390625,42570.57421875,42560.359375,7420157
2018-02-19 00:00:00+00:00,2018-02-20T00:00:00+00:00,2026-09-03T11:15:03.742310+00:00,42564.6640625,42753.40625,41235.9140625,41495.953125,41486.0,6022991
2018-02-20 00:00:00+00:00,2018-02-21T00:00:00+00:00,2026-09-03T11:15:03.742310+00:00,41508.65234375,41751.59375,39924.01171875,40689.046875,40679.2890625,11049946
2018-02-21 00:00:00+00:00,2018-02-22T00:00:00+00:00,2026-09-03T11:15:03.742310+00:00,41483.37890625,42932.97265625,41250.75,42286.890625,42276.74609375,13221741
2018-02-22 00:00:00+00:00,2018-02-23T00:00:00+00:00,2026-09-03T11:15:03.742310+00:00,41747.4453125,42019.80859375,40741.60546875,41973.78515625,41963.71875,9122463
2018-02-23 00:00:00+00:00,2018-02-24T00:00:00+00:00,2026-09-03T11:15:03.742310+00:00,42352.90625,42376.171875,41498.97265625,41932.1640625,41922.109375,8786116
2018-02-26 00:00:00+00:00,2018-02-27T00:00:00+00:00,2026-09-03T11:15:03.742310+00:00,41625.47265625,41966.87109375,41352.3515625,41747.3203125,41737.30859375,6418752
2018-02-27 00:00:00+00:00,2018-02-28T00:00:00+00:00,2026-09-03T11:15:03.742310+00:00,41659.421875,41976.55078125,40994.48046875,41643.703125,41633.71875,9790368
2018-02-28 00:00:00+00:00,2018-03-01T00:00:00+00:00,2026-09-03T11:15:03.742310+00:00,40489.9921875,41244.2109375,40489.9921875,41131.29296875,41121.42578125,12658467
2018-03-01 00:00:00+00:00,2018-03-02T00:00:00+00:00,2026-09-03T11:15:03.742310+00:00,41747.3203125,42296.69921875,41118.71875,41453.07421875,41443.1328125,9789263
2018-03-02 00:00:00+00:00,2018-03-03T00:00:00+00:00,2026-09-03T11:15:03.742310+00:00,40854.65234375,41051.4453125,40416.6796875,40887.09375,40877.28515625,9386282
2018-03-05 00:00:00+00:00,2018-03-06T00:00:00+00:00,2026-09-03T11:15:03.742310+00:00,40698.7265625,41957.3125,40696.33984375,41676.01953125,41666.02734375,8759706
2018-03-06 00:00:00+00:00,2018-03-07T00:00:00+00:00,2026-09-03T11:15:03.742310+00:00,43004.8984375,43602.4375,42279.47265625,43445.0078125,43434.5859375,11930766
2018-03-07 00:00:00+00:00,2018-03-08T00:00:00+00:00,2026-09-03T11:15:03.742310+00:00,42780.6953125,44004.4453125,42376.80078125,43734.21875,43723.734375,9367720
2018-03-08 00:00:00+00:00,2018-03-09T00:00:00+00:00,2026-09-03T11:15:03.742310+00:00,44010.859375,44639.5859375,43482.73046875,43482.73046875,43472.3046875,8337487
2018-03-09 00:00:00+00:00,2018-03-10T00:00:00+00:00,2026-09-03T11:15:03.742310+00:00,43734.21875,44601.609375,43424.0078125,44601.609375,44590.9140625,5587222
2018-03-12 00:00:00+00:00,2018-03-13T00:00:00+00:00,2026-09-03T11:15:03.742310+00:00,45205.44140625,45443.6015625,44647.5078125,44702.4609375,44691.7421875,6958175
2018-03-13 00:00:00+00:00,2018-03-14T00:00:00+00:00,2026-09-03T11:15:03.742310+00:00,44703.0859375,45355.203125,44302.71484375,45029.01953125,45018.21484375,8696658
2018-03-14 00:00:00+00:00,2018-03-15T00:00:00+00:00,2026-09-03T11:15:03.742310+00:00,44262.3515625,44590.921875,44075.74609375,44488.69140625,44478.0234375,7227354
2018-03-15 00:00:00+00:00,2018-03-16T00:00:00+00:00,2026-09-03T11:15:03.742310+00:00,44898.49609375,45138.41796875,43158.3046875,43577.0390625,43566.58984375,21549940
2018-03-16 00:00:00+00:00,2018-03-17T00:00:00+00:00,2026-09-03T11:15:03.742310+00:00,43501.58984375,43754.33984375,42585.41015625,42854.00390625,42843.73046875,16268789
2018-03-19 00:00:00+00:00,2018-03-20T00:00:00+00:00,2026-09-03T11:15:03.742310+00:00,43000.62109375,43506.1171875,42605.15234375,42979.75,42969.44140625,7410884
2018-03-20 00:00:00+00:00,2018-03-21T00:00:00+00:00,2026-09-03T11:15:03.742310+00:00,43395.2109375,43604.32421875,42816.53125,43493.29296875,43482.859375,13591782
2018-03-22 00:00:00+00:00,2018-03-23T00:00:00+00:00,2026-09-03T11:15:03.742310+00:00,41992.6484375,44467.19140625,39323.32421875,41495.953125,41486.0,42467705
2018-03-23 00:00:00+00:00,2018-03-24T00:00:00+00:00,2026-09-03T11:15:03.742310+00:00,40364.24609375,41244.46484375,38616.38671875,39609.7734375,39600.2734375,20263554
2018-03-26 00:00:00+00:00,2018-03-27T00:00:00+00:00,2026-09-03T11:15:03.742310+00:00,40339.09765625,40470.25,38838.328125,39358.28125,39348.84375,9008160
2018-03-27 00:00:00+00:00,2018-03-28T00:00:00+00:00,2026-09-03T11:15:03.742310+00:00,40293.07421875,40652.328125,39084.28515625,39358.28125,39348.84375,10455069
2018-03-28 00:00:00+00:00,2018-03-29T00:00:00+00:00,2026-09-03T11:15:03.742310+00:00,38100.828125,38415.19140625,36867.64453125,36867.64453125,36858.8046875,16354215
2018-03-29 00:00:00+00:00,2018-03-30T00:00:00+00:00,2026-09-03T11:15:03.742310+00:00,37346.484375,37409.23046875,36156.80859375,36363.53125,36354.8125,16506364
2018-04-03 00:00:00+00:00,2018-04-04T00:00:00+00:00,2026-09-03T11:15:03.742310+00:00,36755.35546875,37102.6640625,36239.80078125,36239.80078125,36231.11328125,18354950
2018-04-04 00:00:00+00:00,2018-04-05T00:00:00+00:00,2026-09-03T11:15:03.742310+00:00,35774.54296875,37180.87890625,33699.87109375,37180.87890625,37171.96484375,20325083
2018-04-05 00:00:00+00:00,2018-04-06T00:00:00+00:00,2026-09-03T11:15:03.742310+00:00,37446.953125,38309.19140625,37220.61328125,38198.41015625,38189.25,10867657
2018-04-06 00:00:00+00:00,2018-04-07T00:00:00+00:00,2026-09-03T11:15:03.742310+00:00,37479.6484375,38207.0859375,37188.04296875,37560.125,37551.1171875,8361082
2018-04-09 00:00:00+00:00,2018-04-10T00:00:00+00:00,2026-09-03T11:15:03.742310+00:00,37829.72265625,38072.41015625,37396.65625,37847.703125,37838.62109375,11975802
2018-04-10 00:00:00+00:00,2018-04-11T00:00:00+00:00,2026-09-03T11:15:03.742310+00:00,38990.98046875,39358.28125,38065.62109375,38352.3203125,38343.1171875,8273397
2018-04-11 00:00:00+00:00,2018-04-12T00:00:00+00:00,2026-09-03T11:15:03.742310+00:00,38169.98828125,38339.74609375,37237.3359375,37764.0859375,37755.03515625,7100232
2018-04-12 00:00:00+00:00,2018-04-13T00:00:00+00:00,2026-09-03T11:15:03.742310+00:00,37396.65625,38846.87890625,37309.13671875,38603.8125,38594.55859375,9648828
2018-04-13 00:00:00+00:00,2018-04-14T00:00:00+00:00,2026-09-03T11:15:03.742310+00:00,37975.0859375,38289.44921875,37612.30859375,37660.72265625,37651.6875,4485439
2018-04-16 00:00:00+00:00,2018-04-17T00:00:00+00:00,2026-09-03T11:15:03.742310+00:00,37347.6171875,38325.16015625,37195.71484375,38226.57421875,38217.40625,4661263
2018-04-17 00:00:00+00:00,2018-04-18T00:00:00+00:00,2026-09-03T11:15:03.742310+00:00,37912.2109375,38000.234375,37310.51953125,37835.3828125,37826.30859375,6730644
2018-04-18 00:00:00+00:00,2018-04-19T00:00:00+00:00,2026-09-03T11:15:03.742310+00:00,38037.95703125,38477.94140625,37597.97265625,38317.7421875,38308.5546875,7376712
2018-04-19 00:00:00+00:00,2018-04-20T00:00:00+00:00,2026-09-03T11:15:03.742310+00:00,38831.41015625,39171.9296875,37975.0859375,38188.8515625,38179.69921875,6038897
2018-04-20 00:00:00+00:00,2018-04-21T00:00:00+00:00,2026-09-03T11:15:03.742310+00:00,38025.3828125,38405.88671875,37487.8203125,38226.57421875,38217.40625,6455230
2018-04-23 00:00:00+00:00,2018-04-24T00:00:00+00:00,2026-09-03T11:15:03.742310+00:00,38100.828125,38337.35546875,37736.29296875,38081.58984375,38072.453125,4445088
2018-04-24 00:00:00+00:00,2018-04-25T00:00:00+00:00,2026-09-03T11:15:03.742310+00:00,38665.42578125,38933.765625,38053.67578125,38053.67578125,38044.5546875,4718450
2018-04-25 00:00:00+00:00,2018-04-26T00:00:00+00:00,2026-09-03T11:15:03.742310+00:00,37145.1640625,37723.59375,37031.99609375,37114.98828125,37106.0859375,8419073
2018-04-26 00:00:00+00:00,2018-04-27T00:00:00+00:00,2026-09-03T11:15:03.742310+00:00,36466.140625,37680.46484375,36466.140625,37660.72265625,37651.6875,7713440
2018-04-30 00:00:00+00:00,2018-05-01T00:00:00+00:00,2026-09-03T11:15:03.742310+00:00,38429.78125,38603.9375,37914.22265625,38471.0234375,38461.80078125,8410396
2018-05-02 00:00:00+00:00,2018-05-03T00:00:00+00:00,2026-09-03T11:15:03.742310+00:00,38890.63671875,38981.046875,37533.46875,37883.79296875,37874.7109375,10801515
2018-05-03 00:00:00+00:00,2018-05-04T00:00:00+00:00,2026-09-03T11:15:03.742310+00:00,37157.73828125,37443.68359375,35956.87109375,36199.18359375,36190.50390625,15001966
2018-05-04 00:00:00+00:00,2018-05-05T00:00:00+00:00,2026-09-03T11:15:03.742310+00:00,36746.05078125,37966.66015625,36315.24609375,37966.66015625,37957.5546875,11917851
2018-05-07 00:00:00+00:00,2018-05-08T00:00:00+00:00,2026-09-03T11:15:03.742310+00:00,37660.72265625,38163.703125,37640.3515625,38163.703125,38154.55078125,4430654
2018-05-08 00:00:00+00:00,2018-05-09T00:00:00+00:00,2026-09-03T11:15:03.742310+00:00,38981.046875,39106.79296875,38260.90234375,38660.26953125,38650.99609375,7766301
2018-05-09 00:00:00+00:00,2018-05-10T00:00:00+00:00,2026-09-03T11:15:03.742310+00:00,38974.76171875,39447.8125,38340.625,38679.88671875,38670.60546875,10450099
2018-05-10 00:00:00+00:00,2018-05-11T00:00:00+00:00,2026-09-03T11:15:03.742310+00:00,39232.6640625,40092.0078125,39232.6640625,40050.88671875,40041.28125,7277988
2018-05-11 00:00:00+00:00,2018-05-12T00:00:00+00:00,2026-09-03T11:15:03.742310+00:00,40238.625,40435.79296875,39609.8984375,40227.43359375,40217.7890625,5451582
2018-05-14 00:00:00+00:00,2018-05-15T00:00:00+00:00,2026-09-03T11:15:03.742310+00:00,40225.92578125,40640.88671875,39966.13671875,40580.65234375,40570.91796875,4360655
2018-05-15 00:00:00+00:00,2018-05-16T00:00:00+00:00,2026-09-03T11:15:03.742310+00:00,39358.28125,39861.265625,38981.046875,38981.046875,38971.69921875,9167403
2018-05-16 00:00:00+00:00,2018-05-17T00:00:00+00:00,2026-09-03T11:15:03.742310+00:00,38691.45703125,41549.14453125,37723.59375,40992.97265625,40983.14453125,26566182
2018-05-17 00:00:00+00:00,2018-05-18T00:00:00+00:00,2026-09-03T11:15:03.742310+00:00,40615.734375,40914.8828125,39828.8203125,40288.671875,40279.0078125,24956285
2018-05-18 00:00:00+00:00,2018-05-19T00:00:00+00:00,2026-09-03T11:15:03.742310+00:00,40590.5859375,40663.51953125,40144.19140625,40259.25,40249.6015625,9593152
2018-05-21 00:00:00+00:00,2018-05-22T00:00:00+00:00,2026-09-03T11:15:03.742310+00:00,40552.86328125,40842.078125,39886.16015625,39988.64453125,39979.0546875,5017721
2018-05-22 00:00:00+00:00,2018-05-23T00:00:00+00:00,2026-09-03T11:15:03.742310+00:00,39961.859375,40377.19921875,39749.2265625,40175.62890625,40165.9921875,5455089
2018-05-23 00:00:00+00:00,2018-05-24T00:00:00+00:00,2026-09-03T11:15:03.742310+00:00,40364.24609375,40368.39453125,39919.734375,39987.0078125,39977.41796875,6185908
2018-05-24 00:00:00+00:00,2018-05-25T00:00:00+00:00,2026-09-03T11:15:03.742310+00:00,40112.75390625,40552.86328125,39913.44921875,40552.86328125,40543.140625,6224780
2018-05-25 00:00:00+00:00,2018-05-26T00:00:00+00:00,2026-09-03T11:15:03.742310+00:00,40301.37109375,40552.86328125,39872.45703125,40225.92578125,40216.28125,5904689
2018-05-28 00:00:00+00:00,2018-05-29T00:00:00+00:00,2026-09-03T11:15:03.742310+00:00,40614.3515625,40835.5390625,40112.62890625,40303.88671875,40294.21484375,3191236
2018-05-29 00:00:00+00:00,2018-05-30T00:00:00+00:00,2026-09-03T11:15:03.742310+00:00,40049.8828125,40158.0234375,38616.76171875,38832.79296875,38823.48046875,6709236
2018-05-30 00:00:00+00:00,2018-05-31T00:00:00+00:00,2026-09-03T11:15:03.742310+00:00,38666.80859375,38826.37890625,37389.7421875,37980.6171875,37971.5078125,10968750
2018-05-31 00:00:00+00:00,2018-06-01T00:00:00+00:00,2026-09-03T11:15:03.742310+00:00,38478.19140625,38701.765625,37987.91015625,38050.53125,38041.41015625,16728838
2018-06-01 00:00:00+00:00,2018-06-02T00:00:00+00:00,2026-09-03T11:15:03.742310+00:00,38591.23828125,40298.10546875,38490.26171875,40225.296875,40215.65234375,6352968
2018-06-04 00:00:00+00:00,2018-06-05T00:00:00+00:00,2026-09-03T11:15:03.742310+00:00,41018.12109375,41599.8203125,40866.8515625,41103.0,41093.1484375,6714301
2018-06-05 00:00:00+00:00,2018-06-06T00:00:00+00:00,2026-09-03T11:15:03.742310+00:00,41495.953125,41681.9296875,40902.5625,41458.23046875,41448.2890625,5214142
2018-06-06 00:00:00+00:00,2018-06-07T00:00:00+00:00,2026-09-03T11:15:03.742310+00:00,41665.58203125,42571.83203125,41634.3984375,42571.83203125,42561.6171875,5938074
2018-06-07 00:00:00+00:00,2018-06-08T00:00:00+00:00,2026-09-03T11:15:03.742310+00:00,43192.2578125,43250.85546875,42636.58984375,43030.046875,43019.72265625,7394160
2018-06-08 00:00:00+00:00,2018-06-09T00:00:00+00:00,2026-09-03T11:15:03.742310+00:00,41583.9765625,42252.94140625,41118.71875,41998.80859375,41988.734375,8951315
2018-06-11 00:00:00+00:00,2018-06-12T00:00:00+00:00,2026-09-03T11:15:03.742310+00:00,42501.9140625,42728.1328125,41970.01171875,41970.01171875,41959.9453125,5364883
2018-06-12 00:00:00+00:00,2018-06-13T00:00:00+00:00,2026-09-03T11:15:03.742310+00:00,42077.3984375,42323.23046875,41607.36328125,42145.6796875,42135.56640625,6134065
2018-06-13 00:00:00+00:00,2018-06-14T00:00:00+00:00,2026-09-03T11:15:03.742310+00:00,42187.42578125,44295.421875,42030.37109375,42665.38671875,42655.15234375,13724089
2018-06-14 00:00:00+00:00,2018-06-15T00:00:00+00:00,2026-09-03T11:15:03.742310+00:00,41560.08203125,42328.640625,40857.16796875,41936.0625,41926.0078125,8516532
2018-06-15 00:00:00+00:00,2018-06-16T00:00:00+00:00,2026-09-03T11:15:03.742310+00:00,42275.57421875,42413.140625,41338.7734375,41484.88671875,41474.9375,16763264
2018-06-18 00:00:00+00:00,2018-06-19T00:00:00+00:00,2026-09-03T11:15:03.742310+00:00,41860.23828125,41986.109375,41118.84375,41616.41796875,41606.44140625,6467914
2018-06-19 00:00:00+00:00,2018-06-20T00:00:00+00:00,2026-09-03T11:15:03.742310+00:00,40364.24609375,41361.40625,40040.703125,40364.24609375,40354.5703125,10557944
2018-06-20 00:00:00+00:00,2018-06-21T00:00:00+00:00,2026-09-03T11:15:03.742310+00:00,40987.69140625,42030.37109375,40759.71484375,41252.51171875,41242.6171875,9462539
2018-06-21 00:00:00+00:00,2018-06-22T00:00:00+00:00,2026-09-03T11:15:03.742310+00:00,41252.51171875,41870.296875,40337.4609375,40337.4609375,40327.7890625,19259103
2018-06-22 00:00:00+00:00,2018-06-23T00:00:00+00:00,2026-09-03T11:15:03.742310+00:00,40842.078125,42403.8359375,40552.86328125,41589.3828125,41579.40625,9928632
2018-06-25 00:00:00+00:00,2018-06-26T00:00:00+00:00,2026-09-03T11:15:03.742310+00:00,40491.87890625,41150.78125,39823.5390625,40326.5234375,40316.8515625,7060644
2018-06-26 00:00:00+00:00,2018-06-27T00:00:00+00:00,2026-09-03T11:15:03.742310+00:00,41244.46484375,41370.20703125,38962.18359375,38962.18359375,38952.83984375,11054765
2018-06-27 00:00:00+00:00,2018-06-28T00:00:00+00:00,2026-09-03T11:15:03.742310+00:00,38867.875,40178.39453125,37861.16015625,39961.734375,39952.14453125,12618935
2018-06-28 00:00:00+00:00,2018-06-29T00:00:00+00:00,2026-09-03T11:15:03.742310+00:00,39232.5390625,41319.28125,38981.046875,41141.6015625,41131.73046875,13306873
2018-06-29 00:00:00+00:00,2018-06-30T00:00:00+00:00,2026-09-03T11:15:03.742310+00:00,41920.59375,43822.2421875,41496.58203125,43822.2421875,43811.73046875,14625483
2018-07-02 00:00:00+00:00,2018-07-03T00:00:00+00:00,2026-09-03T11:15:03.742310+00:00,42128.453125,43781.5,42128.453125,42850.609375,42840.3359375,9435039
2018-07-03 00:00:00+00:00,2018-07-04T00:00:00+00:00,2026-09-03T11:15:03.742310+00:00,42753.40625,42943.40625,41810.31640625,42942.0234375,42931.7265625,6760506
2018-07-04 00:00:00+00:00,2018-07-05T00:00:00+00:00,2026-09-03T11:15:03.742310+00:00,42061.93359375,42878.3984375,41779.2578125,42854.00390625,42843.73046875,4463291
2018-07-05 00:00:00+00:00,2018-07-06T00:00:00+00:00,2026-09-03T11:15:03.742310+00:00,42313.296875,43243.05859375,42099.53125,42613.328125,42603.11328125,5917922
2018-07-06 00:00:00+00:00,2018-07-07T00:00:00+00:00,2026-09-03T11:15:03.742310+00:00,42938.0,43382.1328125,42313.92578125,43237.90234375,43227.53125,7048366
2018-07-09 00:00:00+00:00,2018-07-10T00:00:00+00:00,2026-09-03T11:15:03.742310+00:00,44136.48046875,44387.21484375,42968.3046875,44136.60546875,44126.0234375,7752893
2018-07-10 00:00:00+00:00,2018-07-11T00:00:00+00:00,2026-09-03T11:15:03.742310+00:00,43442.23828125,44010.859375,43319.26171875,43960.5625,43950.01953125,7545513
2018-07-11 00:00:00+00:00,2018-07-12T00:00:00+00:00,2026-09-03T11:15:03.742310+00:00,43005.0234375,43343.27734375,42807.3515625,43256.38671875,43246.015625,9682674
2018-07-12 00:00:00+00:00,2018-07-13T00:00:00+00:00,2026-09-03T11:15:03.742310+00:00,43433.3125,43583.32421875,42826.21484375,43316.1171875,43305.73046875,7400856
2018-07-13 00:00:00+00:00,2018-07-14T00:00:00+00:00,2026-09-03T11:15:03.742310+00:00,43081.6015625,43127.875,42124.6796875,42413.89453125,42403.71484375,7604466
2018-07-16 00:00:00+00:00,2018-07-17T00:00:00+00:00,2026-09-03T11:15:03.742310+00:00,42187.55078125,42738.6953125,41513.80859375,41513.80859375,41503.8515625,5907051
2018-07-17 00:00:00+00:00,2018-07-18T00:00:00+00:00,2026-09-03T11:15:03.742310+00:00,41370.20703125,42400.0625,40433.40625,42400.0625,42389.88671875,6527137
2018-07-18 00:00:00+00:00,2018-07-19T00:00:00+00:00,2026-09-03T11:15:03.742310+00:00,42362.33984375,42388.74609375,41421.26171875,42313.296875,42303.14453125,7630908
2018-07-19 00:00:00+00:00,2018-07-20T00:00:00+00:00,2026-09-03T11:15:03.742310+00:00,42054.26171875,42602.51171875,41558.69921875,42602.51171875,42592.296875,6652709
2018-07-20 00:00:00+00:00,2018-07-21T00:00:00+00:00,2026-09-03T11:15:03.742310+00:00,42630.17578125,43643.3046875,42386.734375,43363.26953125,43352.8671875,10158565
2018-07-23 00:00:00+00:00,2018-07-24T00:00:00+00:00,2026-09-03T11:15:03.742310+00:00,42796.16015625,42906.81640625,41788.6875,42635.33203125,42625.109375,8221992
2018-07-24 00:00:00+00:00,2018-07-25T00:00:00+00:00,2026-09-03T11:15:03.742310+00:00,42935.73828125,43382.0078125,42515.24609375,43003.640625,42993.328125,9320951
2018-07-25 00:00:00+00:00,2018-07-26T00:00:00+00:00,2026-09-03T11:15:03.742310+00:00,43003.640625,43003.640625,41623.33203125,41623.33203125,41613.35546875,5945804
2018-07-26 00:00:00+00:00,2018-07-27T00:00:00+00:00,2026-09-03T11:15:03.742310+00:00,41131.29296875,41923.36328125,40804.2265625,41688.09375,41678.08984375,6120108
2018-07-27 00:00:00+00:00,2018-07-28T00:00:00+00:00,2026-09-03T11:15:03.742310+00:00,41308.59375,42437.78515625,41308.59375,42225.27734375,42215.15625,4127143
2018-07-30 00:00:00+00:00,2018-07-31T00:00:00+00:00,2026-09-03T11:15:03.742310+00:00,41269.109375,42003.0859375,40879.80078125,41685.578125,41675.57421875,6106104
2018-07-31 00:00:00+00:00,2018-08-01T00:00:00+00:00,2026-09-03T11:15:03.742310+00:00,40587.6953125,41244.3359375,40380.46875,40766.62890625,40756.84765625,13504988
2018-08-01 00:00:00+00:00,2018-08-02T00:00:00+00:00,2026-09-03T11:15:03.742310+00:00,40915.51171875,41550.65234375,40733.43359375,41107.90234375,41098.046875,8730384
2018-08-02 00:00:00+00:00,2018-08-03T00:00:00+00:00,2026-09-03T11:15:03.742310+00:00,39955.69921875,40334.9453125,39610.90625,39928.16015625,39918.58984375,11178555
2018-08-03 00:00:00+00:00,2018-08-04T00:00:00+00:00,2026-09-03T11:15:03.742310+00:00,40326.5234375,40691.05859375,39752.87109375,40691.05859375,40681.30078125,6757707
2018-08-06 00:00:00+00:00,2018-08-07T00:00:00+00:00,2026-09-03T11:15:03.742310+00:00,40791.78125,40908.84765625,40316.71484375,40867.2265625,40857.42578125,4262862
2018-08-07 00:00:00+00:00,2018-08-08T00:00:00+00:00,2026-09-03T11:15:03.742310+00:00,40998.00390625,41910.7890625,40905.453125,41860.23828125,41850.19921875,8037031
2018-08-08 00:00:00+00:00,2018-08-09T00:00:00+00:00,2026-09-03T11:15:03.742310+00:00,41968.12890625,42375.66796875,41402.90234375,42147.69140625,42137.578125,6774717
2018-08-10 00:00:00+00:00,2018-08-11T00:00:00+00:00,2026-09-03T11:15:03.742310+00:00,42263.0,42452.37109375,41910.66015625,42394.90625,42384.734375,7669160
2018-08-13 00:00:00+00:00,2018-08-14T00:00:00+00:00,2026-09-03T11:15:03.742310+00:00,42124.6796875,43049.16015625,42123.92578125,42816.28125,42806.01171875,5528667
2018-08-14 00:00:00+00:00,2018-08-15T00:00:00+00:00,2026-09-03T11:15:03.742310+00:00,41244.46484375,42011.5078125,41181.58984375,41936.0625,41926.0078125,11635471
2018-08-15 00:00:00+00:00,2018-08-16T00:00:00+00:00,2026-09-03T11:15:03.742310+00:00,41055.84375,41607.11328125,37723.59375,38489.1328125,38479.8984375,18250994
2018-08-16 00:00:00+00:00,2018-08-17T00:00:00+00:00,2026-09-03T11:15:03.742310+00:00,38007.65234375,39766.828125,37730.0078125,39561.234375,39551.74609375,14464626
2018-08-17 00:00:00+00:00,2018-08-18T00:00:00+00:00,2026-09-03T11:15:03.742310+00:00,40326.5234375,40758.33203125,39851.203125,39987.0078125,39977.41796875,7753060
2018-08-20 00:00:00+00:00,2018-08-21T00:00:00+00:00,2026-09-03T11:15:03.742310+00:00,40956.8828125,41848.16796875,40760.97265625,40842.078125,40832.28125,7666218
2018-08-21 00:00:00+00:00,2018-08-22T00:00:00+00:00,2026-09-03T11:15:03.742310+00:00,40804.35546875,41734.87109375,40803.7265625,41552.5390625,41542.5703125,6424120
2018-08-22 00:00:00+00:00,2018-08-23T00:00:00+00:00,2026-09-03T11:15:03.742310+00:00,41495.953125,43130.64453125,41370.20703125,43130.64453125,43120.3046875,5974170
2018-08-23 00:00:00+00:00,2018-08-24T00:00:00+00:00,2026-09-03T11:15:03.742310+00:00,42909.83203125,43628.34375,42659.09765625,43268.9609375,43258.5859375,6839594
2018-08-24 00:00:00+00:00,2018-08-25T00:00:00+00:00,2026-09-03T11:15:03.742310+00:00,42690.53515625,44905.6640625,42537.125,44489.4453125,44478.7734375,11881381
2018-08-27 00:00:00+00:00,2018-08-28T00:00:00+00:00,2026-09-03T11:15:03.742310+00:00,44388.09375,45418.328125,44262.3515625,44890.953125,44880.1796875,8226350
2018-08-28 00:00:00+00:00,2018-08-29T00:00:00+00:00,2026-09-03T11:15:03.742310+00:00,44890.953125,45243.0390625,44518.3671875,44765.33203125,44754.58984375,6962645
2018-08-29 00:00:00+00:00,2018-08-30T00:00:00+00:00,2026-09-03T11:15:03.742310+00:00,44353.765625,45268.3125,44199.6015625,45016.82421875,45006.02734375,5508793
2018-08-30 00:00:00+00:00,2018-08-31T00:00:00+00:00,2026-09-03T11:15:03.742310+00:00,44512.45703125,45273.59375,42124.6796875,42124.6796875,42114.57421875,12731687
2018-08-31 00:00:00+00:00,2018-09-01T00:00:00+00:00,2026-09-03T11:15:03.742310+00:00,41684.5703125,41910.9140625,40898.7890625,41065.52734375,41055.6796875,15560365
2018-09-03 00:00:00+00:00,2018-09-04T00:00:00+00:00,2026-09-03T11:15:03.742310+00:00,40653.4609375,40894.01171875,40062.9609375,40301.37109375,40291.69921875,8710948
2018-09-04 00:00:00+00:00,2018-09-05T00:00:00+00:00,2026-09-03T11:15:03.742310+00:00,41219.0625,41589.2578125,39773.2421875,40032.40234375,40022.796875,11155047
2018-09-05 00:00:00+00:00,2018-09-06T00:00:00+00:00,2026-09-03T11:15:03.742310+00:00,39231.78515625,39924.26171875,38422.73828125,38422.73828125,38413.52734375,18535322
2018-09-06 00:00:00+00:00,2018-09-07T00:00:00+00:00,2026-09-03T11:15:03.742310+00:00,37585.2734375,38901.828125,37287.88671875,38503.21484375,38493.9765625,16154780
2018-09-07 00:00:00+00:00,2018-09-08T00:00:00+00:00,2026-09-03T11:15:03.742310+00:00,38503.21484375,39721.6875,38163.703125,39626.37109375,39616.8671875,8784375
2018-09-10 00:00:00+00:00,2018-09-11T00:00:00+00:00,2026-09-03T11:15:03.742310+00:00,39295.41015625,39609.26953125,38899.0625,39194.8125,39185.41015625,7964097
2018-09-11 00:00:00+00:00,2018-09-12T00:00:00+00:00,2026-09-03T11:15:03.742310+00:00,38100.828125,38830.02734375,37723.71875,38830.02734375,38820.71484375,13873598
2018-09-12 00:00:00+00:00,2018-09-13T00:00:00+00:00,2026-09-03T11:15:03.742310+00:00,38578.6640625,39379.66015625,38110.63671875,38402.6171875,38394.6953125,10381786
2018-09-13 00:00:00+00:00,2018-09-14T00:00:00+00:00,2026-09-03T11:15:03.742310+00:00,39672.6484375,40159.03125,38858.5703125,39672.6484375,39664.4609375,10141491
2018-09-14 00:00:00+00:00,2018-09-15T00:00:00+00:00,2026-09-03T11:15:03.742310+00:00,40251.07421875,40605.046875,39987.13671875,40045.10546875,40036.83984375,8893937
2018-09-17 00:00:00+00:00,2018-09-18T00:00:00+00:00,2026-09-03T11:15:03.742310+00:00,38981.046875,41433.08203125,38760.23828125,40319.23046875,40310.91015625,10088455
2018-09-18 00:00:00+00:00,2018-09-19T00:00:00+00:00,2026-09-03T11:15:03.742310+00:00,40769.14453125,40769.14453125,39253.7890625,39985.5,39977.25,9555083
2018-09-19 00:00:00+00:00,2018-09-20T00:00:00+00:00,2026-09-03T11:15:03.742310+00:00,40658.7421875,40775.30859375,39421.15625,39798.390625,39790.1796875,6928305
2018-09-20 00:00:00+00:00,2018-09-21T00:00:00+00:00,2026-09-03T11:15:03.742310+00:00,40029.890625,40333.69140625,39186.26171875,39961.10546875,39952.85546875,23780265
2018-09-21 00:00:00+00:00,2018-09-22T00:00:00+00:00,2026-09-03T11:15:03.742310+00:00,40541.04296875,40996.1171875,40303.2578125,40842.95703125,40834.52734375,14834843
2018-09-25 00:00:00+00:00,2018-09-26T00:00:00+00:00,2026-09-03T11:15:03.742310+00:00,40452.265625,40452.265625,38861.71484375,40045.984375,40037.71875,8741868
2018-09-26 00:00:00+00:00,2018-09-27T00:00:00+00:00,2026-09-03T11:15:03.742310+00:00,40364.24609375,40364.24609375,39761.546875,40005.1171875,39996.8671875,6403705
2018-09-27 00:00:00+00:00,2018-09-28T00:00:00+00:00,2026-09-03T11:15:03.742310+00:00,39773.1171875,39773.2421875,38718.7421875,38718.7421875,38710.7578125,9499375
2018-09-28 00:00:00+00:00,2018-09-29T00:00:00+00:00,2026-09-03T11:15:03.742310+00:00,38716.60546875,39120.75,37516.23828125,38372.94140625,38365.0234375,10469304
2018-10-01 00:00:00+00:00,2018-10-02T00:00:00+00:00,2026-09-03T11:15:03.742310+00:00,38042.484375,38855.5546875,37754.27734375,38569.859375,38561.90234375,5833505
2018-10-02 00:00:00+00:00,2018-10-03T00:00:00+00:00,2026-09-03T11:15:03.742310+00:00,37748.7421875,38339.74609375,37234.6953125,37723.59375,37715.8125,9256209
2018-10-03 00:00:00+00:00,2018-10-04T00:00:00+00:00,2026-09-03T11:15:03.742310+00:00,37793.1328125,38269.203125,37220.61328125,37346.359375,37338.66015625,9966319
2018-10-04 00:00:00+00:00,2018-10-05T00:00:00+00:00,2026-09-03T11:15:03.742310+00:00,36599.4296875,37279.96484375,36277.6484375,36767.9296875,36760.33984375,11093399
2018-10-05 00:00:00+00:00,2018-10-06T00:00:00+00:00,2026-09-03T11:15:03.742310+00:00,36567.3671875,36781.0078125,35994.59765625,36340.26953125,36332.76953125,8366617
2018-10-08 00:00:00+00:00,2018-10-09T00:00:00+00:00,2026-09-03T11:15:03.742310+00:00,36124.4921875,36363.40625,35804.46875,36278.15234375,36270.66796875,5692991
2018-10-09 00:00:00+00:00,2018-10-10T00:00:00+00:00,2026-09-03T11:15:03.742310+00:00,35900.4140625,36195.53515625,35135.25390625,35721.3515625,35713.98046875,9124403
2018-10-10 00:00:00+00:00,2018-10-11T00:00:00+00:00,2026-09-03T11:15:03.742310+00:00,35208.6875,35353.546875,33410.27734375,33410.27734375,33403.3828125,12780659
2018-10-11 00:00:00+00:00,2018-10-12T00:00:00+00:00,2026-09-03T11:15:03.742310+00:00,31826.138671875,34073.9609375,31436.328125,33715.83984375,33708.8828125,18335092
2018-10-12 00:00:00+00:00,2018-10-13T00:00:00+00:00,2026-09-03T11:15:03.742310+00:00,35154.6171875,36717.6328125,34030.95703125,36566.73828125,36559.19140625,15461124
2018-10-15 00:00:00+00:00,2018-10-16T00:00:00+00:00,2026-09-03T11:15:03.742310+00:00,35837.4140625,35939.26953125,34554.30859375,34582.2265625,34575.09375,9128976
2018-10-16 00:00:00+00:00,2018-10-17T00:00:00+00:00,2026-09-03T11:15:03.742310+00:00,34202.7265625,35473.2578125,33765.5078125,35473.2578125,35465.9375,12862125
2018-10-17 00:00:00+00:00,2018-10-18T00:00:00+00:00,2026-09-03T11:15:03.742310+00:00,35799.4375,35799.4375,34287.2265625,34669.8671875,34662.71484375,8051735
2018-10-18 00:00:00+00:00,2018-10-19T00:00:00+00:00,2026-09-03T11:15:03.742310+00:00,33982.671875,34441.13671875,33797.69921875,34264.84375,34257.78125,12880599
2018-10-19 00:00:00+00:00,2018-10-20T00:00:00+00:00,2026-09-03T11:15:03.742310+00:00,34567.38671875,34710.359375,34070.9453125,34240.44921875,34233.38671875,6688424
2018-10-22 00:00:00+00:00,2018-10-23T00:00:00+00:00,2026-09-03T11:15:03.742310+00:00,34988.6328125,35393.78515625,34711.9921875,35334.43359375,35327.140625,7785657
2018-10-23 00:00:00+00:00,2018-10-24T00:00:00+00:00,2026-09-03T11:15:03.742310+00:00,34133.56640625,34642.83203125,33701.37890625,33712.94921875,33705.9921875,12834712
2018-10-24 00:00:00+00:00,2018-10-25T00:00:00+00:00,2026-09-03T11:15:03.742310+00:00,33712.94921875,33798.83203125,32379.41796875,32379.41796875,32372.73828125,17843130
2018-10-25 00:00:00+00:00,2018-10-26T00:00:00+00:00,2026-09-03T11:15:03.742310+00:00,31775.83984375,33322.5078125,31310.583984375,33266.8046875,33259.9453125,11795771
2018-10-26 00:00:00+00:00,2018-10-27T00:00:00+00:00,2026-09-03T11:15:03.742310+00:00,32442.291015625,32606.890625,31755.84765625,32178.2265625,32171.591796875,8912014
2018-10-29 00:00:00+00:00,2018-10-30T00:00:00+00:00,2026-09-03T11:15:03.742310+00:00,32064.9296875,32065.0546875,30898.515625,30898.515625,30892.142578125,13661614
2018-10-30 00:00:00+00:00,2018-10-31T00:00:00+00:00,2026-09-03T11:15:03.742310+00:00,30581.259765625,30805.0859375,29709.341796875,29801.638671875,29795.4921875,20531763
2018-10-31 00:00:00+00:00,2018-11-01T00:00:00+00:00,2026-09-03T11:15:03.742310+00:00,32065.0546875,32693.78125,31834.814453125,32601.736328125,32595.0078125,20230304
2018-11-01 00:00:00+00:00,2018-11-02T00:00:00+00:00,2026-09-03T11:15:03.742310+00:00,33951.234375,35393.78515625,33624.546875,35393.78515625,35386.484375,14275522
2018-11-02 00:00:00+00:00,2018-11-03T00:00:00+00:00,2026-09-03T11:15:03.742310+00:00,36843.375,37494.86328125,35463.3203125,36453.1875,36445.66796875,20724311
2018-11-05 00:00:00+00:00,2018-11-06T00:00:00+00:00,2026-09-03T11:15:03.742310+00:00,35397.3046875,36791.4453125,35397.3046875,36791.4453125,36783.8515625,9155307
2018-11-06 00:00:00+00:00,2018-11-07T00:00:00+00:00,2026-09-03T11:15:03.742310+00:00,36214.6484375,36591.88671875,35403.46875,36591.88671875,36584.33984375,9127075
2018-11-07 00:00:00+00:00,2018-11-08T00:00:00+00:00,2026-09-03T11:15:03.742310+00:00,36091.41796875,36787.421875,35909.33984375,36195.28515625,36187.81640625,9368953
2018-11-08 00:00:00+00:00,2018-11-09T00:00:00+00:00,2026-09-03T11:15:03.742310+00:00,36717.6328125,36780.37890625,35082.94140625,35159.51953125,35152.265625,7532209
2018-11-09 00:00:00+00:00,2018-11-10T00:00:00+00:00,2026-09-03T11:15:03.742310+00:00,34146.140625,34516.08203125,33398.20703125,34516.08203125,34508.9609375,11520484
2018-11-12 00:00:00+00:00,2018-11-13T00:00:00+00:00,2026-09-03T11:15:03.742310+00:00,33689.68359375,33944.6953125,32873.97265625,33326.91015625,33320.03515625,8091084
2018-11-13 00:00:00+00:00,2018-11-14T00:00:00+00:00,2026-09-03T11:15:03.742310+00:00,33327.5390625,33605.9375,32667.5,32693.78125,32687.03515625,13013638
2018-11-14 00:00:00+00:00,2018-11-15T00:00:00+00:00,2026-09-03T11:15:03.742310+00:00,32316.544921875,34202.7265625,31688.0703125,34082.13671875,34075.10546875,19463492
2018-11-15 00:00:00+00:00,2018-11-16T00:00:00+00:00,2026-09-03T11:15:03.742310+00:00,33850.63671875,34993.28515625,33574.75390625,34993.28515625,34986.07421875,12364413
2018-11-16 00:00:00+00:00,2018-11-17T00:00:00+00:00,2026-09-03T11:15:03.742310+00:00,35207.0546875,35511.984375,34655.03125,34938.96484375,34931.75390625,7668420
2018-11-19 00:00:00+00:00,2018-11-20T00:00:00+00:00,2026-09-03T11:15:03.742310+00:00,34938.96484375,35947.31640625,34764.05078125,35523.05078125,35515.71875,8748389
2018-11-20 00:00:00+00:00,2018-11-21T00:00:00+00:00,2026-09-03T11:15:03.742310+00:00,34680.55859375,34806.05078125,32691.517578125,32912.203125,32905.41015625,11807119
2018-11-21 00:00:00+00:00,2018-11-22T00:00:00+00:00,2026-09-03T11:15:03.742310+00:00,33951.73828125,34507.40625,33494.27734375,34152.42578125,34145.37890625,6934453
2018-11-22 00:00:00+00:00,2018-11-23T00:00:00+00:00,2026-09-03T11:15:03.742310+00:00,34323.56640625,35081.55859375,34323.44140625,34630.51171875,34623.36328125,4123851
2018-11-23 00:00:00+00:00,2018-11-24T00:00:00+00:00,2026-09-03T11:15:03.742310+00:00,34152.42578125,34286.21875,33215.75,34169.02734375,34161.96875,4489773
2018-11-26 00:00:00+00:00,2018-11-27T00:00:00+00:00,2026-09-03T11:15:03.742310+00:00,34705.70703125,35774.54296875,34270.125,35487.58984375,35480.265625,6365302
2018-11-27 00:00:00+00:00,2018-11-28T00:00:00+00:00,2026-09-03T11:15:03.742310+00:00,35837.4140625,36189.5,34934.4375,35082.94140625,35075.69921875,5398197
2018-11-28 00:00:00+00:00,2018-11-29T00:00:00+00:00,2026-09-03T11:15:03.742310+00:00,36215.02734375,36891.28515625,36215.02734375,36397.359375,36389.84375,13293688
2018-11-29 00:00:00+00:00,2018-11-30T00:00:00+00:00,2026-09-03T11:15:03.742310+00:00,36214.3984375,36277.5234375,35242.13671875,35460.1796875,35452.859375,7077377
2018-11-30 00:00:00+00:00,2018-12-01T00:00:00+00:00,2026-09-03T11:15:03.742310+00:00,35623.8984375,35955.7421875,34743.4296875,34743.4296875,34736.26171875,10793730
2018-12-03 00:00:00+00:00,2018-12-04T00:00:00+00:00,2026-09-03T11:15:03.742310+00:00,36598.171875,37608.03515625,36321.66015625,36321.66015625,36314.16015625,15358345
2018-12-04 00:00:00+00:00,2018-12-05T00:00:00+00:00,2026-09-03T11:15:03.742310+00:00,36466.140625,37069.08984375,36324.42578125,36843.375,36835.7734375,9286453
2018-12-05 00:00:00+00:00,2018-12-06T00:00:00+00:00,2026-09-03T11:15:03.742310+00:00,36046.90625,36308.83203125,35739.7109375,36121.8515625,36114.3984375,7293353
2018-12-06 00:00:00+00:00,2018-12-07T00:00:00+00:00,2026-09-03T11:15:03.742310+00:00,34705.70703125,34910.546875,34328.59765625,34642.83203125,34635.68359375,10732837
2018-12-07 00:00:00+00:00,2018-12-08T00:00:00+00:00,2026-09-03T11:15:03.742310+00:00,35447.60546875,35642.5078125,34976.6875,35384.73046875,35377.43359375,11802332
2018-12-10 00:00:00+00:00,2018-12-11T00:00:00+00:00,2026-09-03T11:15:03.742310+00:00,34831.453125,35241.7578125,34159.97265625,34579.9609375,34572.83203125,14957623
2018-12-11 00:00:00+00:00,2018-12-12T00:00:00+00:00,2026-09-03T11:15:03.742310+00:00,35121.546875,36191.38671875,34999.0703125,35851.37109375,35843.97265625,12544268
2018-12-12 00:00:00+00:00,2018-12-13T00:00:00+00:00,2026-09-03T11:15:03.742310+00:00,36214.6484375,36694.2421875,35927.32421875,35927.32421875,35919.91015625,7144950
2018-12-13 00:00:00+00:00,2018-12-14T00:00:00+00:00,2026-09-03T11:15:03.742310+00:00,36151.77734375,36534.04296875,35208.6875,35460.3046875,35452.984375,7676039
2018-12-14 00:00:00+00:00,2018-12-15T00:00:00+00:00,2026-09-03T11:15:03.742310+00:00,34831.453125,35576.74609375,34336.015625,35438.42578125,35431.11328125,9664360
2018-12-18 00:00:00+00:00,2018-12-19T00:00:00+00:00,2026-09-03T11:15:03.742310+00:00,34460.0,35504.44140625,34240.44921875,35504.44140625,35497.1171875,10600546
2018-12-19 00:00:00+00:00,2018-12-20T00:00:00+00:00,2026-09-03T11:15:03.742310+00:00,35320.22265625,35733.296875,34978.44921875,35460.1796875,35452.859375,7039761
2018-12-20 00:00:00+00:00,2018-12-21T00:00:00+00:00,2026-09-03T11:15:03.742310+00:00,34831.453125,35774.54296875,34454.21484375,35239.62109375,35232.3515625,17370476
2018-12-21 00:00:00+00:00,2018-12-22T00:00:00+00:00,2026-09-03T11:15:03.742310+00:00,36679.90625,36905.74609375,36214.6484375,36214.6484375,36207.1796875,16244128
2018-12-24 00:00:00+00:00,2018-12-25T00:00:00+00:00,2026-09-03T11:15:03.742310+00:00,36214.5234375,37174.0859375,36135.5546875,37174.0859375,37166.41796875,1671632
2018-12-27 00:00:00+00:00,2018-12-28T00:00:00+00:00,2026-09-03T11:15:03.742310+00:00,37174.0859375,37182.890625,35510.6015625,36047.41015625,36039.97265625,6656931
2018-12-28 00:00:00+00:00,2018-12-29T00:00:00+00:00,2026-09-03T11:15:03.742310+00:00,35599.12890625,36930.76953125,35585.921875,36466.140625,36458.61328125,6000645
2018-12-31 00:00:00+00:00,2019-01-01T00:00:00+00:00,2026-09-03T11:15:03.742310+00:00,36968.99609375,37094.8671875,36023.76953125,36368.94140625,36361.44140625,1921852
2019-01-02 00:00:00+00:00,2019-01-03T00:00:00+00:00,2026-09-03T11:15:03.742310+00:00,35208.6875,35341.6015625,34360.03125,35020.1953125,35012.96484375,5903623
2019-01-03 00:00:00+00:00,2019-01-04T00:00:00+00:00,2026-09-03T11:15:03.742310+00:00,34529.6640625,35736.81640625,34529.6640625,35070.4921875,35063.25390625,5767666
2019-01-04 00:00:00+00:00,2019-01-05T00:00:00+00:00,2026-09-03T11:15:03.742310+00:00,35404.09765625,36384.28125,35247.54296875,35881.55078125,35874.1484375,4617961
2019-01-07 00:00:00+00:00,2019-01-08T00:00:00+00:00,2026-09-03T11:15:03.742310+00:00,36207.609375,36889.65234375,35208.6875,35482.9375,35475.6171875,6896638
2019-01-08 00:00:00+00:00,2019-01-09T00:00:00+00:00,2026-09-03T11:15:03.742310+00:00,35447.60546875,36026.03125,35147.828125,35654.95703125,35647.6015625,5976302
2019-01-09 00:00:00+00:00,2019-01-10T00:00:00+00:00,2026-09-03T11:15:03.742310+00:00,36280.0390625,37384.20703125,36215.53125,37384.20703125,37376.48828125,8010342
2019-01-10 00:00:00+00:00,2019-01-11T00:00:00+00:00,2026-09-03T11:15:03.742310+00:00,36981.6953125,37213.6953125,36536.30859375,37147.17578125,37139.51171875,7438519
2019-01-11 00:00:00+00:00,2019-01-12T00:00:00+00:00,2026-09-03T11:15:03.742310+00:00,37421.9296875,37927.9296875,37359.5625,37531.83203125,37524.08203125,6286604
2019-01-14 00:00:00+00:00,2019-01-15T00:00:00+00:00,2026-09-03T11:15:03.742310+00:00,36491.54296875,37213.94921875,36101.60546875,37213.94921875,37206.26953125,5970345
2019-01-15 00:00:00+00:00,2019-01-16T00:00:00+00:00,2026-09-03T11:15:03.742310+00:00,37792.25,37881.02734375,37182.0078125,37518.50390625,37510.75390625,6967408
2019-01-16 00:00:00+00:00,2019-01-17T00:00:00+00:00,2026-09-03T11:15:03.742310+00:00,37597.72265625,38253.484375,37472.23046875,38253.484375,38245.58984375,6406703
2019-01-17 00:00:00+00:00,2019-01-18T00:00:00+00:00,2026-09-03T11:15:03.742310+00:00,38188.7265625,38636.7578125,37849.33984375,38273.60546875,38265.703125,9660471
2019-01-18 00:00:00+00:00,2019-01-19T00:00:00+00:00,2026-09-03T11:15:03.742310+00:00,38603.55859375,38875.296875,38216.13671875,38509.75390625,38501.8046875,6993167
2019-01-21 00:00:00+00:00,2019-01-22T00:00:00+00:00,2026-09-03T11:15:03.742310+00:00,38785.765625,39796.50390625,38640.78125,39796.50390625,39788.29296875,6635897
2019-01-22 00:00:00+00:00,2019-01-23T00:00:00+00:00,2026-09-03T11:15:03.742310+00:00,39169.6640625,39796.37890625,38488.75390625,39610.0234375,39601.8515625,8634802
2019-01-23 00:00:00+00:00,2019-01-24T00:00:00+00:00,2026-09-03T11:15:03.742310+00:00,39130.0546875,39207.26171875,38107.87109375,38352.3203125,38344.40234375,10751772
2019-01-24 00:00:00+00:00,2019-01-25T00:00:00+00:00,2026-09-03T11:15:03.742310+00:00,38289.32421875,38650.2109375,37620.10546875,38100.828125,38092.96484375,9157041
2019-01-25 00:00:00+00:00,2019-01-26T00:00:00+00:00,2026-09-03T11:15:03.742310+00:00,38855.17578125,39068.69140625,37768.98828125,38226.57421875,38218.6875,14938019
2019-01-28 00:00:00+00:00,2019-01-29T00:00:00+00:00,2026-09-03T11:15:03.742310+00:00,37975.0859375,38254.36328125,37687.7578125,37912.2109375,37904.39453125,5469205
2019-01-29 00:00:00+00:00,2019-01-30T00:00:00+00:00,2026-09-03T11:15:03.742310+00:00,38075.6796875,39055.109375,37932.20703125,38786.015625,38778.0078125,8573623
2019-01-30 00:00:00+00:00,2019-01-31T00:00:00+00:00,2026-09-03T11:15:03.742310+00:00,38190.109375,38958.6640625,37811.7421875,38019.8515625,38012.0078125,13709767
2019-01-31 00:00:00+00:00,2019-02-01T00:00:00+00:00,2026-09-03T11:15:03.742310+00:00,38451.78515625,38632.35546875,38133.6484375,38226.57421875,38218.6875,12845798
2019-02-01 00:00:00+00:00,2019-02-02T00:00:00+00:00,2026-09-03T11:15:03.742310+00:00,38415.06640625,38415.06640625,36985.59375,37031.99609375,37024.35546875,8728794
2019-02-04 00:00:00+00:00,2019-02-05T00:00:00+00:00,2026-09-03T11:15:03.742310+00:00,36933.53515625,37489.58203125,36844.00390625,37157.73828125,37150.07421875,5850476
2019-02-05 00:00:00+00:00,2019-02-06T00:00:00+00:00,2026-09-03T11:15:03.742310+00:00,37157.73828125,38167.8515625,37157.73828125,38167.8515625,38159.9765625,4687395
2019-02-06 00:00:00+00:00,2019-02-07T00:00:00+00:00,2026-09-03T11:15:03.742310+00:00,38289.1953125,39100.37890625,38191.11328125,38877.55859375,38869.546875,4997490
2019-02-07 00:00:00+00:00,2019-02-08T00:00:00+00:00,2026-09-03T11:15:03.742310+00:00,38415.19140625,38666.0546875,37756.2890625,38214.0,38206.11328125,5382697
2019-02-08 00:00:00+00:00,2019-02-09T00:00:00+00:00,2026-09-03T11:15:03.742310+00:00,37849.33984375,38671.2109375,37547.171875,37597.84765625,37590.08984375,5307855
2019-02-11 00:00:00+00:00,2019-02-12T00:00:00+00:00,2026-09-03T11:15:03.742310+00:00,38289.32421875,38824.1171875,38100.07421875,38100.95703125,38093.09375,5620018
2019-02-12 00:00:00+00:00,2019-02-13T00:00:00+00:00,2026-09-03T11:15:03.742310+00:00,38377.59375,38741.62890625,38377.59375,38540.9375,38532.984375,4486369
2019-02-13 00:00:00+00:00,2019-02-14T00:00:00+00:00,2026-09-03T11:15:03.742310+00:00,38100.95703125,38421.35546875,37185.40234375,37849.33984375,37841.52734375,8025404
2019-02-14 00:00:00+00:00,2019-02-15T00:00:00+00:00,2026-09-03T11:15:03.742310+00:00,37534.9765625,38908.11328125,37409.23046875,38597.3984375,38589.4375,7077035
2019-02-15 00:00:00+00:00,2019-02-16T00:00:00+00:00,2026-09-03T11:15:03.742310+00:00,37723.46875,38585.95703125,37409.48046875,38427.01171875,38419.08203125,6340474
2019-02-18 00:00:00+00:00,2019-02-19T00:00:00+00:00,2026-09-03T11:15:03.742310+00:00,39079.25390625,39342.0625,38682.78125,39169.6640625,39161.5859375,4963540
2019-02-19 00:00:00+00:00,2019-02-20T00:00:00+00:00,2026-09-03T11:15:03.742310+00:00,38727.04296875,39547.27734375,38727.04296875,39081.64453125,39073.578125,6879707
2019-02-20 00:00:00+00:00,2019-02-21T00:00:00+00:00,2026-09-03T11:15:03.742310+00:00,39106.79296875,40049.8828125,39034.7421875,39605.5,39597.328125,9999577
2019-02-21 00:00:00+00:00,2019-02-22T00:00:00+00:00,2026-09-03T11:15:03.742310+00:00,39595.0625,39651.26953125,38981.046875,38981.046875,38973.00390625,9411022
2019-02-22 00:00:00+00:00,2019-02-23T00:00:00+00:00,2026-09-03T11:15:03.742310+00:00,38856.0546875,39637.4375,38856.0546875,39456.7421875,39448.6015625,7801213
2019-02-25 00:00:00+00:00,2019-02-26T00:00:00+00:00,2026-09-03T11:15:03.742310+00:00,39456.7421875,39829.578125,39001.921875,39422.7890625,39414.65625,8227932
2019-02-26 00:00:00+00:00,2019-02-27T00:00:00+00:00,2026-09-03T11:15:03.742310+00:00,38879.5703125,39650.01171875,38798.84375,39509.93359375,39501.78515625,21069787
2019-02-27 00:00:00+00:00,2019-02-28T00:00:00+00:00,2026-09-03T11:15:03.742310+00:00,39567.51953125,40073.16796875,38776.55859375,39126.58203125,39118.51171875,7576731
2019-02-28 00:00:00+00:00,2019-03-01T00:00:00+00:00,2026-09-03T11:15:03.742310+00:00,38776.30078125,39877.9921875,38611.59765625,39494.765625,39486.62109375,10679400
2019-03-01 00:00:00+00:00,2019-03-02T00:00:00+00:00,2026-09-03T11:15:03.742310+00:00,39424.86328125,40018.9609375,39231.62890625,39619.39453125,39611.22265625,7670657
2019-03-04 00:00:00+00:00,2019-03-05T00:00:00+00:00,2026-09-03T11:15:03.742310+00:00,40559.75390625,41275.7578125,40420.47265625,40942.203125,40933.7578125,7082827
2019-03-05 00:00:00+00:00,2019-03-06T00:00:00+00:00,2026-09-03T11:15:03.742310+00:00,42148.29296875,42537.09375,40851.421875,40916.265625,40907.82421875,10262905
2019-03-06 00:00:00+00:00,2019-03-07T00:00:00+00:00,2026-09-03T11:15:03.742310+00:00,41629.28515625,42453.0546875,41240.3515625,41698.796875,41690.1875,9214605
2019-03-07 00:00:00+00:00,2019-03-08T00:00:00+00:00,2026-09-03T11:15:03.742310+00:00,41240.484375,41499.85546875,40339.15625,40592.046875,40583.671875,8320337
2019-03-08 00:00:00+00:00,2019-03-09T00:00:00+00:00,2026-09-03T11:15:03.742310+00:00,39957.87890625,40437.84765625,39593.45703125,39834.546875,39826.328125,6682378
2019-03-11 00:00:00+00:00,2019-03-12T00:00:00+00:00,2026-09-03T11:15:03.742310+00:00,40851.421875,41110.796875,40310.88671875,40806.421875,40798.0078125,6448145
2019-03-12 00:00:00+00:00,2019-03-13T00:00:00+00:00,2026-09-03T11:15:03.742310+00:00,41357.0703125,41424.76953125,40203.50390625,40548.21484375,40539.8515625,9083312
2019-03-13 00:00:00+00:00,2019-03-14T00:00:00+00:00,2026-09-03T11:15:03.742310+00:00,40630.953125,41240.3515625,40423.58203125,41004.58203125,40996.12109375,7064552
2019-03-14 00:00:00+00:00,2019-03-15T00:00:00+00:00,2026-09-03T11:15:03.742310+00:00,40854.015625,41191.58984375,40656.890625,40776.203125,40767.7890625,7615895
2019-03-15 00:00:00+00:00,2019-03-16T00:00:00+00:00,2026-09-03T11:15:03.742310+00:00,41305.32421875,41694.515625,40799.546875,40799.546875,40791.1328125,13731178
2019-03-18 00:00:00+00:00,2019-03-19T00:00:00+00:00,2026-09-03T11:15:03.742310+00:00,41564.69921875,42059.5859375,41329.8359375,41938.0703125,41929.421875,10887848
2019-03-19 00:00:00+00:00,2019-03-20T00:00:00+00:00,2026-09-03T11:15:03.742310+00:00,41746.26171875,42373.81640625,41600.36328125,42277.98046875,42269.25390625,8644964
2019-03-20 00:00:00+00:00,2019-03-21T00:00:00+00:00,2026-09-03T11:15:03.742310+00:00,42277.98046875,42789.59375,41521.64453125,41521.64453125,41513.078125,15465206
2019-03-22 00:00:00+00:00,2019-03-23T00:00:00+00:00,2026-09-03T11:15:03.742310+00:00,41175.640625,42511.4140625,40851.421875,42511.4140625,42502.64453125,11951085
2019-03-25 00:00:00+00:00,2019-03-26T00:00:00+00:00,2026-09-03T11:15:03.742310+00:00,42148.29296875,43055.97265625,41503.74609375,41831.59765625,41822.9609375,12242170
2019-03-26 00:00:00+00:00,2019-03-27T00:00:00+00:00,2026-09-03T11:15:03.742310+00:00,41629.54296875,41965.69140625,40946.87109375,41759.23046875,41750.6171875,7177478
2019-03-27 00:00:00+00:00,2019-03-28T00:00:00+00:00,2026-09-03T11:15:03.742310+00:00,42384.32421875,43277.4765625,41557.4375,42777.14453125,42768.3203125,9909385
2019-03-28 00:00:00+00:00,2019-03-29T00:00:00+00:00,2026-09-03T11:15:03.742310+00:00,42472.5078125,42932.12109375,42187.328125,42848.47265625,42839.6328125,6068385
2019-03-29 00:00:00+00:00,2019-03-30T00:00:00+00:00,2026-09-03T11:15:03.742310+00:00,43395.36328125,43815.9375,42922.78125,43213.54296875,43204.62109375,9289940
2019-04-01 00:00:00+00:00,2019-04-02T00:00:00+00:00,2026-09-03T11:15:03.742310+00:00,43834.22265625,43841.35546875,43315.4765625,43393.02734375,43384.0703125,7273285
2019-04-02 00:00:00+00:00,2019-04-03T00:00:00+00:00,2026-09-03T11:15:03.742310+00:00,43673.0234375,43937.97265625,43049.6171875,43937.97265625,43928.90234375,6767807
2019-04-03 00:00:00+00:00,2019-04-04T00:00:00+00:00,2026-09-03T11:15:03.742310+00:00,44547.6328125,45305.9140625,44353.359375,44871.71875,44862.46875,8446810
2019-04-04 00:00:00+00:00,2019-04-05T00:00:00+00:00,2026-09-03T11:15:03.742310+00:00,44502.11328125,45057.94921875,44482.66015625,45001.40625,44992.125,6611084
2019-04-05 00:00:00+00:00,2019-04-06T00:00:00+00:00,2026-09-03T11:15:03.742310+00:00,45105.15625,45364.7890625,45001.40625,45153.01171875,45143.6953125,4715281
2019-04-08 00:00:00+00:00,2019-04-09T00:00:00+00:00,2026-09-03T11:15:03.742310+00:00,45389.04296875,45448.828125,45091.9296875,45364.53125,45355.171875,6473645
2019-04-09 00:00:00+00:00,2019-04-10T00:00:00+00:00,2026-09-03T11:15:03.742310+00:00,45351.04296875,45747.109375,45350.265625,45715.07421875,45705.64453125,7708942
2019-04-10 00:00:00+00:00,2019-04-11T00:00:00+00:00,2026-09-03T11:15:03.742310+00:00,46038.90234375,46708.8671875,45909.21484375,46708.8671875,46699.2265625,12116922
2019-04-11 00:00:00+00:00,2019-04-12T00:00:00+00:00,2026-09-03T11:15:03.742310+00:00,47011.5546875,47063.30078125,45736.9921875,46362.73046875,46353.16796875,4302796
2019-04-12 00:00:00+00:00,2019-04-13T00:00:00+00:00,2026-09-03T11:15:03.742310+00:00,46052.26171875,46752.3125,45999.48046875,46557.65234375,46548.04296875,4544378
2019-04-15 00:00:00+00:00,2019-04-16T00:00:00+00:00,2026-09-03T11:15:03.742310+00:00,46311.24609375,46470.2421875,45292.68359375,45520.15625,45510.76171875,6899524
2019-04-16 00:00:00+00:00,2019-04-17T00:00:00+00:00,2026-09-03T11:15:03.742310+00:00,46032.2890625,46728.19140625,45922.83203125,46564.13671875,46554.52734375,6717093
2019-04-17 00:00:00+00:00,2019-04-18T00:00:00+00:00,2026-09-03T11:15:03.742310+00:00,46665.1640625,47140.984375,46215.5390625,46947.4921875,46937.80859375,4852774
2019-04-18 00:00:00+00:00,2019-04-19T00:00:00+00:00,2026-09-03T11:15:03.742310+00:00,46392.55859375,46972.51953125,46392.55859375,46951.25,46941.56640625,8454490
2019-04-23 00:00:00+00:00,2019-04-24T00:00:00+00:00,2026-09-03T11:15:03.742310+00:00,46951.25,47647.0234375,46736.23046875,47647.0234375,47637.1953125,5511321
2019-04-24 00:00:00+00:00,2019-04-25T00:00:00+00:00,2026-09-03T11:15:03.742310+00:00,47465.58984375,48118.953125,47348.7421875,48118.953125,48109.0234375,7190471
2019-04-25 00:00:00+00:00,2019-04-26T00:00:00+00:00,2026-09-03T11:15:03.742310+00:00,47595.1484375,47826.640625,46946.7109375,47522.39453125,47512.5859375,6946622
2019-04-26 00:00:00+00:00,2019-04-27T00:00:00+00:00,2026-09-03T11:15:03.742310+00:00,47516.0390625,47931.16796875,47120.10546875,47893.4296875,47883.55078125,3273156
2019-04-29 00:00:00+00:00,2019-04-30T00:00:00+00:00,2026-09-03T11:15:03.742310+00:00,48113.89453125,48632.7734375,47396.46875,47795.25390625,47785.39453125,5660819
2019-04-30 00:00:00+00:00,2019-05-01T00:00:00+00:00,2026-09-03T11:15:03.742310+00:00,47530.3046875,48144.6328125,47335.25390625,47401.9140625,47392.1328125,8251880
2019-05-02 00:00:00+00:00,2019-05-03T00:00:00+00:00,2026-09-03T11:15:03.742310+00:00,47706.55078125,48084.5859375,47172.3671875,47864.8984375,47855.02734375,8072810
2019-05-03 00:00:00+00:00,2019-05-04T00:00:00+00:00,2026-09-03T11:15:03.742310+00:00,47724.05859375,48598.40625,47681.77734375,48274.05859375,48264.09765625,6067506
2019-05-06 00:00:00+00:00,2019-05-07T00:00:00+00:00,2026-09-03T11:15:03.742310+00:00,46623.921875,46940.2265625,46048.109375,46674.5,46664.875,7511374
2019-05-07 00:00:00+00:00,2019-05-08T00:00:00+00:00,2026-09-03T11:15:03.742310+00:00,47076.3984375,47257.9609375,45662.8125,45952.40234375,45942.91796875,6621563
2019-05-09 00:00:00+00:00,2019-05-10T00:00:00+00:00,2026-09-03T11:15:03.742310+00:00,45727.65625,45938.265625,44106.56640625,44223.28515625,44214.1640625,13517263
2019-05-10 00:00:00+00:00,2019-05-11T00:00:00+00:00,2026-09-03T11:15:03.742310+00:00,45779.53125,45844.37109375,44237.6796875,44419.11328125,44409.94921875,9777868
2019-05-13 00:00:00+00:00,2019-05-14T00:00:00+00:00,2026-09-03T11:15:03.742310+00:00,44729.84375,44935.265625,43062.5859375,43510.0078125,43501.02734375,9275174
2019-05-14 00:00:00+00:00,2019-05-15T00:00:00+00:00,2026-09-03T11:15:03.742310+00:00,43386.8046875,44195.921875,43369.296875,43445.55078125,43436.5859375,8003065
2019-05-15 00:00:00+00:00,2019-05-16T00:00:00+00:00,2026-09-03T11:15:03.742310+00:00,43977.0078125,45386.70703125,42190.05078125,42978.2890625,42969.421875,15980091
2019-05-16 00:00:00+00:00,2019-05-17T00:00:00+00:00,2026-09-03T11:15:03.742310+00:00,43311.32421875,44011.63671875,42945.4765625,43769.37890625,43760.34375,8710206
2019-05-17 00:00:00+00:00,2019-05-18T00:00:00+00:00,2026-09-03T11:15:03.742310+00:00,42893.9921875,43281.7578125,42602.328125,43044.4296875,43035.546875,8363302
2019-05-20 00:00:00+00:00,2019-05-21T00:00:00+00:00,2026-09-03T11:15:03.742310+00:00,41986.18359375,42139.6015625,41370.16796875,41629.54296875,41620.9609375,9165086
2019-05-21 00:00:00+00:00,2019-05-22T00:00:00+00:00,2026-09-03T11:15:03.742310+00:00,41862.98046875,42198.73828125,41367.8359375,41664.0390625,41655.44140625,11031926
2019-05-22 00:00:00+00:00,2019-05-23T00:00:00+00:00,2026-09-03T11:15:03.742310+00:00,41681.41796875,41827.05859375,41201.8359375,41538.76171875,41530.19140625,10518821
2019-05-23 00:00:00+00:00,2019-05-24T00:00:00+00:00,2026-09-03T11:15:03.742310+00:00,39684.88671875,40851.421875,39557.2734375,40540.171875,40531.80859375,13643127
2019-05-24 00:00:00+00:00,2019-05-25T00:00:00+00:00,2026-09-03T11:15:03.742310+00:00,40916.265625,41033.37109375,40445.5,40562.8671875,40554.50390625,7443472
2019-05-27 00:00:00+00:00,2019-05-28T00:00:00+00:00,2026-09-03T11:15:03.742310+00:00,40669.98828125,40726.015625,40319.96484375,40518.90234375,40510.54296875,3400131
2019-05-28 00:00:00+00:00,2019-05-29T00:00:00+00:00,2026-09-03T11:15:03.742310+00:00,41126.74609375,41235.9453125,40141.125,40142.1640625,40133.8828125,19267652
2019-05-29 00:00:00+00:00,2019-05-30T00:00:00+00:00,2026-09-03T11:15:03.742310+00:00,40398.1640625,41999.15234375,40138.14453125,41776.08984375,41767.47265625,9095996
2019-05-30 00:00:00+00:00,2019-05-31T00:00:00+00:00,2026-09-03T11:15:03.742310+00:00,42144.921875,42584.55859375,41646.40234375,42409.7421875,42400.98828125,8863020
2019-05-31 00:00:00+00:00,2019-06-01T00:00:00+00:00,2026-09-03T11:15:03.742310+00:00,42501.171875,42617.7578125,41801.63671875,42480.421875,42471.66015625,8392441
2019-06-03 00:00:00+00:00,2019-06-04T00:00:00+00:00,2026-09-03T11:15:03.742310+00:00,43185.7890625,43496.0,42993.4609375,43445.1640625,43436.19921875,9964055
2019-06-04 00:00:00+00:00,2019-06-05T00:00:00+00:00,2026-09-03T11:15:03.742310+00:00,42589.875,43834.09375,42423.6171875,43736.828125,43727.80859375,15065968
2019-06-05 00:00:00+00:00,2019-06-06T00:00:00+00:00,2026-09-03T11:15:03.742310+00:00,44002.9453125,44173.09765625,43566.80859375,44028.10546875,44019.01953125,6454877
2019-06-06 00:00:00+00:00,2019-06-07T00:00:00+00:00,2026-09-03T11:15:03.742310+00:00,43808.8046875,44223.02734375,43478.8828125,43769.37890625,43760.34375,7488781
2019-06-07 00:00:00+00:00,2019-06-08T00:00:00+00:00,2026-09-03T11:15:03.742310+00:00,43769.37890625,45053.28125,43653.30859375,44868.4765625,44859.2265625,7600581
2019-06-10 00:00:00+00:00,2019-06-11T00:00:00+00:00,2026-09-03T11:15:03.742310+00:00,45714.6875,45857.2109375,45260.65234375,45583.703125,45574.296875,6870169
2019-06-11 00:00:00+00:00,2019-06-12T00:00:00+00:00,2026-09-03T11:15:03.742310+00:00,45585.12890625,45709.62890625,45328.609375,45390.46875,45381.1015625,6690274
2019-06-12 00:00:00+00:00,2019-06-13T00:00:00+00:00,2026-09-03T11:15:03.742310+00:00,44620.90625,45242.234375,44288.12890625,44890.78515625,44881.515625,9072493
2019-06-13 00:00:00+00:00,2019-06-14T00:00:00+00:00,2026-09-03T11:15:03.742310+00:00,44093.59765625,45496.94140625,44093.59765625,45195.9375,45186.609375,7315610
2019-06-14 00:00:00+00:00,2019-06-15T00:00:00+00:00,2026-09-03T11:15:03.742310+00:00,44690.15625,45390.46875,44450.23828125,44721.671875,44712.44921875,9259505
2019-06-18 00:00:00+00:00,2019-06-19T00:00:00+00:00,2026-09-03T11:15:03.742310+00:00,45363.8828125,45602.63671875,44414.703125,45602.63671875,45593.2265625,14111755
2019-06-19 00:00:00+00:00,2019-06-20T00:00:00+00:00,2026-09-03T11:15:03.742310+00:00,46411.49609375,46411.49609375,44788.33203125,44925.66796875,44916.39453125,11228152
2019-06-20 00:00:00+00:00,2019-06-21T00:00:00+00:00,2026-09-03T11:15:03.742310+00:00,45611.97265625,45843.984375,44485.640625,45105.15625,45095.8515625,26463921
2019-06-21 00:00:00+00:00,2019-06-22T00:00:00+00:00,2026-09-03T11:15:03.742310+00:00,44900.8984375,45389.04296875,43697.79296875,44632.96484375,44623.75390625,19558637
2019-06-24 00:00:00+00:00,2019-06-25T00:00:00+00:00,2026-09-03T11:15:03.742310+00:00,44871.71875,44967.81640625,44015.0078125,44528.1796875,44518.9921875,4825655
2019-06-25 00:00:00+00:00,2019-06-26T00:00:00+00:00,2026-09-03T11:15:03.742310+00:00,43694.94140625,44149.10546875,43224.6953125,43704.53515625,43695.51953125,5650564
2019-06-26 00:00:00+00:00,2019-06-27T00:00:00+00:00,2026-09-03T11:15:03.742310+00:00,43639.5625,44574.8671875,43574.84765625,44360.10546875,44350.953125,6134698
2019-06-27 00:00:00+00:00,2019-06-28T00:00:00+00:00,2026-09-03T11:15:03.742310+00:00,44612.34765625,44862.3828125,43668.61328125,43699.99609375,43690.98046875,5144476
2019-06-28 00:00:00+00:00,2019-06-29T00:00:00+00:00,2026-09-03T11:15:03.742310+00:00,43704.66796875,44404.0703125,43510.13671875,44346.74609375,44337.59375,10786843
2019-07-01 00:00:00+00:00,2019-07-02T00:00:00+00:00,2026-09-03T11:15:03.742310+00:00,45011.91015625,45924.12890625,44745.921875,45639.46875,45630.046875,9746578
2019-07-02 00:00:00+00:00,2019-07-03T00:00:00+00:00,2026-09-03T11:15:03.742310+00:00,45416.40625,45819.21484375,45040.57421875,45066.25,45056.94921875,9626273
2019-07-03 00:00:00+00:00,2019-07-04T00:00:00+00:00,2026-09-03T11:15:03.742310+00:00,45066.25,45252.87109375,44743.71875,45131.09375,45121.78515625,6269762
2019-07-04 00:00:00+00:00,2019-07-05T00:00:00+00:00,2026-09-03T11:15:03.742310+00:00,45247.8125,45329.90625,44450.23828125,44720.6328125,44711.41015625,3494180
2019-07-05 00:00:00+00:00,2019-07-06T00:00:00+00:00,2026-09-03T11:15:03.742310+00:00,44759.28125,45586.03515625,44662.14453125,45155.21484375,45145.89453125,3502184
2019-07-08 00:00:00+00:00,2019-07-09T00:00:00+00:00,2026-09-03T11:15:03.742310+00:00,44759.9296875,44928.65234375,44448.55078125,44780.9375,44771.6953125,4934871
2019-07-09 00:00:00+00:00,2019-07-10T00:00:00+00:00,2026-09-03T11:15:03.742310+00:00,44553.7265625,44620.2578125,43899.06640625,44093.59765625,44084.49609375,5163345
2019-07-10 00:00:00+00:00,2019-07-11T00:00:00+00:00,2026-09-03T11:15:03.742310+00:00,44475.52734375,45325.625,44398.75,45015.671875,45006.38671875,4402806
2019-07-11 00:00:00+00:00,2019-07-12T00:00:00+00:00,2026-09-03T11:15:03.742310+00:00,45097.63671875,45390.46875,43720.09765625,44921.6484375,44912.375,4075911
2019-07-12 00:00:00+00:00,2019-07-13T00:00:00+00:00,2026-09-03T11:15:03.742310+00:00,44499.90625,44716.484375,44028.75390625,44167.390625,44158.27734375,3413841
2019-07-15 00:00:00+00:00,2019-07-16T00:00:00+00:00,2026-09-03T11:15:03.742310+00:00,44482.66015625,45242.75390625,44352.97265625,45242.75390625,45233.421875,5404163
2019-07-16 00:00:00+00:00,2019-07-17T00:00:00+00:00,2026-09-03T11:15:03.742310+00:00,45230.5625,45483.58203125,45035.38671875,45312.65625,45303.296875,4361029
2019-07-17 00:00:00+00:00,2019-07-18T00:00:00+00:00,2026-09-03T11:15:03.742310+00:00,45357.3984375,45357.52734375,44455.1640625,44647.62109375,44638.41015625,6238764
2019-07-18 00:00:00+00:00,2019-07-19T00:00:00+00:00,2026-09-03T11:15:03.742310+00:00,44158.5703125,44558.78515625,44023.046875,44523.12109375,44513.93359375,5084532
2019-07-19 00:00:00+00:00,2019-07-20T00:00:00+00:00,2026-09-03T11:15:03.742310+00:00,44690.15625,45390.59765625,44600.8046875,44871.8515625,44862.6015625,4787694
2019-07-22 00:00:00+00:00,2019-07-23T00:00:00+00:00,2026-09-03T11:15:03.742310+00:00,44677.1875,45024.75,44093.59765625,44986.4921875,44977.21484375,3886000
2019-07-23 00:00:00+00:00,2019-07-24T00:00:00+00:00,2026-09-03T11:15:03.742310+00:00,45066.25,45636.875,44915.03515625,45290.3515625,45281.015625,7020762
2019-07-24 00:00:00+00:00,2019-07-25T00:00:00+00:00,2026-09-03T11:15:03.742310+00:00,46038.90234375,46168.58984375,45247.8125,45504.98046875,45495.59375,6584173
2019-07-25 00:00:00+00:00,2019-07-26T00:00:00+00:00,2026-09-03T11:15:03.742310+00:00,45983.91796875,46604.2109375,45548.42578125,46168.58984375,46159.0625,6512423
2019-07-26 00:00:00+00:00,2019-07-27T00:00:00+00:00,2026-09-03T11:15:03.742310+00:00,46168.58984375,46795.62890625,45875.23828125,46357.02734375,46347.46484375,3863354
2019-07-29 00:00:00+00:00,2019-07-30T00:00:00+00:00,2026-09-03T11:15:03.742310+00:00,46474.00390625,47049.8125,46422.12890625,46849.8359375,46840.1640625,3463614
2019-07-30 00:00:00+00:00,2019-07-31T00:00:00+00:00,2026-09-03T11:15:03.742310+00:00,47076.26953125,47076.26953125,45639.59765625,45958.49609375,45949.01171875,6301353
2019-07-31 00:00:00+00:00,2019-08-01T00:00:00+00:00,2026-09-03T11:15:03.742310+00:00,45619.234375,45718.1875,45223.8203125,45486.82421875,45477.4375,4328481
2019-08-01 00:00:00+00:00,2019-08-02T00:00:00+00:00,2026-09-03T11:15:03.742310+00:00,45390.33984375,47244.9921875,45014.63671875,47244.9921875,47235.24609375,7624693
2019-08-02 00:00:00+00:00,2019-08-03T00:00:00+00:00,2026-09-03T11:15:03.742310+00:00,45818.953125,46088.3125,45170.6484375,45532.34765625,45522.953125,6744119
2019-08-05 00:00:00+00:00,2019-08-06T00:00:00+00:00,2026-09-03T11:15:03.742310+00:00,44333.0,44806.875,43285.0,43445.1640625,43436.19921875,7921106
2019-08-06 00:00:00+00:00,2019-08-07T00:00:00+00:00,2026-09-03T11:15:03.742310+00:00,44085.81640625,44114.60546875,43214.70703125,43289.5390625,43280.60546875,7027077
2019-08-07 00:00:00+00:00,2019-08-08T00:00:00+00:00,2026-09-03T11:15:03.742310+00:00,43591.05859375,44209.01953125,43510.265625,43704.53515625,43695.51953125,8867107
2019-08-08 00:00:00+00:00,2019-08-09T00:00:00+00:00,2026-09-03T11:15:03.742310+00:00,44612.21484375,45049.51953125,44417.81640625,44741.90234375,44732.6640625,7937446
2019-08-12 00:00:00+00:00,2019-08-13T00:00:00+00:00,2026-09-03T11:15:03.742310+00:00,45390.46875,45731.4140625,44482.66015625,44649.6953125,44640.484375,7455447
2019-08-13 00:00:00+00:00,2019-08-14T00:00:00+00:00,2026-09-03T11:15:03.742310+00:00,44508.7265625,45759.81640625,44223.28515625,45292.5546875,45283.21875,8365746
2019-08-14 00:00:00+00:00,2019-08-15T00:00:00+00:00,2026-09-03T11:15:03.742310+00:00,45390.46875,46038.90234375,43072.9609375,43498.3359375,43489.359375,12995283
2019-08-15 00:00:00+00:00,2019-08-16T00:00:00+00:00,2026-09-03T11:15:03.742310+00:00,43669.91015625,44093.59765625,42472.5078125,43457.87109375,43448.90625,6877232
2019-08-16 00:00:00+00:00,2019-08-17T00:00:00+00:00,2026-09-03T11:15:03.742310+00:00,43691.56640625,43832.92578125,42972.1953125,43704.53515625,43695.51953125,4433025
2019-08-19 00:00:00+00:00,2019-08-20T00:00:00+00:00,2026-09-03T11:15:03.742310+00:00,44612.34765625,44742.03125,44080.62890625,44080.62890625,44071.53125,6030177
2019-08-20 00:00:00+00:00,2019-08-21T00:00:00+00:00,2026-09-03T11:15:03.742310+00:00,44352.97265625,44599.765625,44002.9453125,44352.97265625,44343.8203125,7541739
2019-08-21 00:00:00+00:00,2019-08-22T00:00:00+00:00,2026-09-03T11:15:03.742310+00:00,44417.81640625,44742.03125,44171.41015625,44548.15234375,44538.9609375,5376033
2019-08-22 00:00:00+00:00,2019-08-23T00:00:00+00:00,2026-09-03T11:15:03.742310+00:00,44547.50390625,44949.66015625,43797.5234375,44480.71484375,44471.53515625,5584327
2019-08-23 00:00:00+00:00,2019-08-24T00:00:00+00:00,2026-09-03T11:15:03.742310+00:00,44677.1875,44872.5,44030.30859375,44340.00390625,44330.8515625,3944295
2019-08-26 00:00:00+00:00,2019-08-27T00:00:00+00:00,2026-09-03T11:15:03.742310+00:00,43471.1015625,44471.24609375,43444.90234375,43834.22265625,43825.1796875,3948497
2019-08-27 00:00:00+00:00,2019-08-28T00:00:00+00:00,2026-09-03T11:15:03.742310+00:00,43963.91015625,44422.484375,43575.3671875,44241.44140625,44232.3125,14139399
2019-08-28 00:00:00+00:00,2019-08-29T00:00:00+00:00,2026-09-03T11:15:03.742310+00:00,43574.84765625,44026.16015625,43218.59765625,43880.5234375,43871.47265625,7427217
2019-08-29 00:00:00+00:00,2019-08-30T00:00:00+00:00,2026-09-03T11:15:03.742310+00:00,43599.359375,44988.4375,43483.2890625,44389.8046875,44380.64453125,8003620
2019-08-30 00:00:00+00:00,2019-08-31T00:00:00+00:00,2026-09-03T11:15:03.742310+00:00,44968.59765625,45234.97265625,44417.81640625,44791.3125,44782.0703125,9197009
2019-09-02 00:00:00+00:00,2019-09-03T00:00:00+00:00,2026-09-03T11:15:03.742310+00:00,45148.34375,45988.45703125,45050.16796875,45260.78125,45251.4453125,7451869
2019-09-03 00:00:00+00:00,2019-09-04T00:00:00+00:00,2026-09-03T11:15:03.742310+00:00,44949.79296875,45595.6328125,44793.2578125,45390.46875,45381.1015625,6670457
2019-09-04 00:00:00+00:00,2019-09-05T00:00:00+00:00,2026-09-03T11:15:03.742310+00:00,46761.0,46785.12109375,45908.4375,46609.52734375,46599.91015625,11875811
2019-09-05 00:00:00+00:00,2019-09-06T00:00:00+00:00,2026-09-03T11:15:03.742310+00:00,46157.95703125,47206.0859375,46039.29296875,46557.65234375,46548.04296875,14221851
2019-09-06 00:00:00+00:00,2019-09-07T00:00:00+00:00,2026-09-03T11:15:03.742310+00:00,46557.5234375,46782.26953125,46038.90234375,46233.43359375,46223.89453125,10662159
2019-09-09 00:00:00+00:00,2019-09-10T00:00:00+00:00,2026-09-03T11:15:03.742310+00:00,46145.765625,46567.37890625,45325.625,45758.0,45748.5546875,18645816
2019-09-10 00:00:00+00:00,2019-09-11T00:00:00+00:00,2026-09-03T11:15:03.742310+00:00,45403.4375,46473.484375,45148.6015625,45686.4140625,45676.9921875,14469486
2019-09-11 00:00:00+00:00,2019-09-12T00:00:00+00:00,2026-09-03T11:15:03.742310+00:00,48000.0,49300.0,45400.0,49300.0,49291.37109375,17039155
2019-09-12 00:00:00+00:00,2019-09-13T00:00:00+00:00,2026-09-03T11:15:03.742310+00:00,49700.19921875,51131.0,49700.0,50399.6015625,50390.78125,11165765
2019-09-13 00:00:00+00:00,2019-09-14T00:00:00+00:00,2026-09-03T11:15:03.742310+00:00,50380.0,50906.0,49841.19921875,49939.0,49930.2578125,7917970
2019-09-16 00:00:00+00:00,2019-09-17T00:00:00+00:00,2026-09-03T11:15:03.742310+00:00,49427.6015625,51359.0,49226.0,50898.80078125,50889.88671875,15779765
2019-09-17 00:00:00+00:00,2019-09-18T00:00:00+00:00,2026-09-03T11:15:03.742310+00:00,50030.0,50600.0,49527.80078125,49771.6015625,49762.88671875,10795555
2019-09-18 00:00:00+00:00,2019-09-19T00:00:00+00:00,2026-09-03T11:15:03.742310+00:00,49525.3984375,49599.80078125,47834.19921875,48096.80078125,48088.375,9776015
2019-09-19 00:00:00+00:00,2019-09-20T00:00:00+00:00,2026-09-03T11:15:03.742310+00:00,47300.0,48113.19921875,47068.80078125,47640.6015625,47632.265625,20515825
2019-09-20 00:00:00+00:00,2019-09-21T00:00:00+00:00,2026-09-03T11:15:03.742310+00:00,48000.0,49000.0,47200.0,49000.0,48991.421875,25063715
2019-09-23 00:00:00+00:00,2019-09-24T00:00:00+00:00,2026-09-03T11:15:03.742310+00:00,48600.0,48800.0,47611.0,47700.6015625,47692.25,6751700
2019-09-25 00:00:00+00:00,2019-09-26T00:00:00+00:00,2026-09-03T11:15:03.742310+00:00,46521.19921875,47540.0,46426.19921875,46764.3984375,46756.2109375,8519330
2019-09-26 00:00:00+00:00,2019-09-27T00:00:00+00:00,2026-09-03T11:15:03.742310+00:00,47000.0,47260.0,46511.3984375,46606.3984375,46598.23828125,8200050
2019-09-27 00:00:00+00:00,2019-09-28T00:00:00+00:00,2026-09-03T11:15:03.742310+00:00,46363.80078125,46841.6015625,46116.6015625,46390.6015625,46382.48046875,5605505
2019-09-30 00:00:00+00:00,2019-10-01T00:00:00+00:00,2026-09-03T11:15:03.742310+00:00,45406.80078125,46600.0,45406.80078125,45901.0,45892.96484375,7676320
2019-10-01 00:00:00+00:00,2019-10-02T00:00:00+00:00,2026-09-03T11:15:03.742310+00:00,45760.0,46262.0,45500.0,46020.0,46011.9453125,5711055
2019-10-02 00:00:00+00:00,2019-10-03T00:00:00+00:00,2026-09-03T11:15:03.742310+00:00,46100.0,46154.6015625,44901.19921875,45000.0,44992.125,8156580
2019-10-03 00:00:00+00:00,2019-10-04T00:00:00+00:00,2026-09-03T11:15:03.742310+00:00,45151.0,45500.0,44899.80078125,44997.0,44989.125,5234215
2019-10-04 00:00:00+00:00,2019-10-05T00:00:00+00:00,2026-09-03T11:15:03.742310+00:00,44700.0,45332.3984375,44642.3984375,45098.0,45090.10546875,6426915
2019-10-07 00:00:00+00:00,2019-10-08T00:00:00+00:00,2026-09-03T11:15:03.742310+00:00,45098.0,45515.3984375,44759.3984375,45453.3984375,45445.44140625,4460815
2019-10-08 00:00:00+00:00,2019-10-09T00:00:00+00:00,2026-09-03T11:15:03.742310+00:00,45467.19921875,45840.0,45032.0,45175.0,45167.0859375,7514890
2019-10-09 00:00:00+00:00,2019-10-10T00:00:00+00:00,2026-09-03T11:15:03.742310+00:00,44720.0,45080.0,44460.19921875,44809.0,44801.16015625,6913920
2019-10-10 00:00:00+00:00,2019-10-11T00:00:00+00:00,2026-09-03T11:15:03.742310+00:00,44820.0,45540.19921875,44800.0,45200.0,45192.0859375,8846855
2019-10-11 00:00:00+00:00,2019-10-12T00:00:00+00:00,2026-09-03T11:15:03.742310+00:00,45470.0,45706.6015625,45231.6015625,45369.80078125,45361.859375,6293040
2019-10-14 00:00:00+00:00,2019-10-15T00:00:00+00:00,2026-09-03T11:15:03.742310+00:00,45530.3984375,45600.0,44900.19921875,45364.0,45356.05859375,3820805
2019-10-15 00:00:00+00:00,2019-10-16T00:00:00+00:00,2026-09-03T11:15:03.742310+00:00,45384.0,45692.6015625,45129.6015625,45380.0,45372.05859375,5723410
2019-10-16 00:00:00+00:00,2019-10-17T00:00:00+00:00,2026-09-03T11:15:03.742310+00:00,45440.0,46080.3984375,45380.80078125,46080.3984375,46072.33203125,6829070
2019-10-17 00:00:00+00:00,2019-10-18T00:00:00+00:00,2026-09-03T11:15:03.742310+00:00,46017.0,47000.0,45804.0,46390.0,46381.87890625,7325095
2019-10-18 00:00:00+00:00,2019-10-19T00:00:00+00:00,2026-09-03T11:15:03.742310+00:00,46080.0,46391.3984375,45722.0,45986.6015625,45978.5546875,2812690
2019-10-21 00:00:00+00:00,2019-10-22T00:00:00+00:00,2026-09-03T11:15:03.742310+00:00,45800.0,46085.80078125,45503.0,45780.0,45771.984375,3129265
2019-10-22 00:00:00+00:00,2019-10-23T00:00:00+00:00,2026-09-03T11:15:03.742310+00:00,45726.6015625,46096.80078125,45240.0,45240.0,45232.08203125,5584970
2019-10-23 00:00:00+00:00,2019-10-24T00:00:00+00:00,2026-09-03T11:15:03.742310+00:00,44600.0,44592.6015625,42670.3984375,42830.0,42822.50390625,8117530
2019-10-24 00:00:00+00:00,2019-10-25T00:00:00+00:00,2026-09-03T11:15:03.742310+00:00,43100.0,43874.0,42571.0,43050.0,43042.46484375,12430120
2019-10-25 00:00:00+00:00,2019-10-26T00:00:00+00:00,2026-09-03T11:15:03.742310+00:00,43000.0,42893.80078125,41553.0,41850.0,41842.671875,12373085
2019-10-28 00:00:00+00:00,2019-10-29T00:00:00+00:00,2026-09-03T11:15:03.742310+00:00,42506.6015625,42579.80078125,41740.19921875,41918.19921875,41910.86328125,6803130
2019-10-29 00:00:00+00:00,2019-10-30T00:00:00+00:00,2026-09-03T11:15:03.742310+00:00,41539.80078125,41987.6015625,41139.3984375,41800.0,41792.6875,7748975
2019-10-30 00:00:00+00:00,2019-10-31T00:00:00+00:00,2026-09-03T11:15:03.742310+00:00,41402.6015625,42506.0,40840.19921875,42192.0,42184.6171875,11555485
2019-10-31 00:00:00+00:00,2019-11-01T00:00:00+00:00,2026-09-03T11:15:03.742310+00:00,42500.3984375,43375.6015625,42365.0,42912.6015625,42905.09375,10480120
2019-11-01 00:00:00+00:00,2019-11-02T00:00:00+00:00,2026-09-03T11:15:03.742310+00:00,43000.0,43229.3984375,42722.19921875,43060.0,43052.46484375,4917470
2019-11-04 00:00:00+00:00,2019-11-05T00:00:00+00:00,2026-09-03T11:15:03.742310+00:00,43100.0,43600.0,43000.0,43480.0,43472.390625,4007630
2019-11-05 00:00:00+00:00,2019-11-06T00:00:00+00:00,2026-09-03T11:15:03.742310+00:00,43622.0,44000.0,43420.0,43691.80078125,43684.15234375,5372280
2019-11-06 00:00:00+00:00,2019-11-07T00:00:00+00:00,2026-09-03T11:15:03.742310+00:00,43420.0,44359.80078125,43448.3984375,43930.0,43922.3046875,4654530
2019-11-07 00:00:00+00:00,2019-11-08T00:00:00+00:00,2026-09-03T11:15:03.742310+00:00,43400.0,44000.0,43120.19921875,44000.0,43992.3046875,5907770
2019-11-08 00:00:00+00:00,2019-11-09T00:00:00+00:00,2026-09-03T11:15:03.742310+00:00,43441.19921875,43701.19921875,42899.80078125,43000.0,42992.47265625,6578795
2019-11-11 00:00:00+00:00,2019-11-12T00:00:00+00:00,2026-09-03T11:15:03.742310+00:00,42472.0,42926.80078125,41955.0,42634.6015625,42627.140625,3996045
2019-11-12 00:00:00+00:00,2019-11-13T00:00:00+00:00,2026-09-03T11:15:03.742310+00:00,43500.0,43484.6015625,42810.0,43100.0,43092.45703125,4456650
2019-11-13 00:00:00+00:00,2019-11-14T00:00:00+00:00,2026-09-03T11:15:03.742310+00:00,42820.0,43166.6015625,41185.0,42130.6015625,42123.22265625,6863970
2019-11-14 00:00:00+00:00,2019-11-15T00:00:00+00:00,2026-09-03T11:15:03.742310+00:00,41990.0,42839.6015625,41691.0,42500.0,42492.56640625,4213300
2019-11-15 00:00:00+00:00,2019-11-16T00:00:00+00:00,2026-09-03T11:15:03.742310+00:00,42642.19921875,42996.19921875,41860.6015625,42200.19921875,42192.81640625,4607745
2019-11-18 00:00:00+00:00,2019-11-19T00:00:00+00:00,2026-09-03T11:15:03.742310+00:00,43127.0,43615.6015625,42840.19921875,43200.0,43192.4375,3965760
2019-11-19 00:00:00+00:00,2019-11-20T00:00:00+00:00,2026-09-03T11:15:03.742310+00:00,43700.0,44960.3984375,43569.0,44960.3984375,44952.53125,7345865
2019-11-20 00:00:00+00:00,2019-11-21T00:00:00+00:00,2026-09-03T11:15:03.742310+00:00,44488.3984375,44900.0,44160.0,44460.0,44452.21484375,3965370
2019-11-21 00:00:00+00:00,2019-11-22T00:00:00+00:00,2026-09-03T11:15:03.742310+00:00,43493.0,44837.19921875,43493.19921875,44140.0,44132.27734375,5603535
2019-11-22 00:00:00+00:00,2019-11-23T00:00:00+00:00,2026-09-03T11:15:03.742310+00:00,44021.19921875,45191.80078125,44000.0,44663.0,44655.1796875,3775580
2019-11-25 00:00:00+00:00,2019-11-26T00:00:00+00:00,2026-09-03T11:15:03.742310+00:00,44840.3984375,45153.3984375,43910.19921875,44600.0,44592.19140625,5107960
2019-11-26 00:00:00+00:00,2019-11-27T00:00:00+00:00,2026-09-03T11:15:03.742310+00:00,44400.0,44475.6015625,43314.3984375,43550.0,43542.37890625,13045825
2019-11-27 00:00:00+00:00,2019-11-28T00:00:00+00:00,2026-09-03T11:15:03.742310+00:00,43470.0,43989.80078125,42783.3984375,43000.0,42992.47265625,5981175
2019-11-28 00:00:00+00:00,2019-11-29T00:00:00+00:00,2026-09-03T11:15:03.742310+00:00,43280.0,43360.3984375,42352.6015625,42352.6015625,42345.19140625,6404135
2019-11-29 00:00:00+00:00,2019-11-30T00:00:00+00:00,2026-09-03T11:15:03.742310+00:00,41900.0,42205.6015625,41640.0,41897.6015625,41890.265625,5789445
2019-12-02 00:00:00+00:00,2019-12-03T00:00:00+00:00,2026-09-03T11:15:03.742310+00:00,41897.6015625,41978.3984375,40811.3984375,40939.6015625,40932.4375,6352455
2019-12-03 00:00:00+00:00,2019-12-04T00:00:00+00:00,2026-09-03T11:15:03.742310+00:00,41080.0,41131.19921875,40255.80078125,40420.0,40412.92578125,7471105
2019-12-04 00:00:00+00:00,2019-12-05T00:00:00+00:00,2026-09-03T11:15:03.742310+00:00,40144.3984375,41559.6015625,40020.6015625,41300.0,41292.76953125,5447875
2019-12-05 00:00:00+00:00,2019-12-06T00:00:00+00:00,2026-09-03T11:15:03.742310+00:00,41300.0,41500.0,40630.0,40735.3984375,40728.265625,7111920
2019-12-06 00:00:00+00:00,2019-12-07T00:00:00+00:00,2026-09-03T11:15:03.742310+00:00,41200.0,41573.3984375,40888.19921875,41101.80078125,41094.609375,5404840
2019-12-09 00:00:00+00:00,2019-12-10T00:00:00+00:00,2026-09-03T11:15:03.742310+00:00,40780.0,41393.0,40595.80078125,41045.6015625,41038.4140625,3553095
2019-12-10 00:00:00+00:00,2019-12-11T00:00:00+00:00,2026-09-03T11:15:03.742310+00:00,41100.0,41343.80078125,40003.19921875,40600.0,40592.88671875,5520865
2019-12-11 00:00:00+00:00,2019-12-12T00:00:00+00:00,2026-09-03T11:15:03.742310+00:00,41023.19921875,41356.80078125,40800.0,41000.0,40992.82421875,6623135
2019-12-12 00:00:00+00:00,2019-12-13T00:00:00+00:00,2026-09-03T11:15:03.742310+00:00,42000.0,42150.6015625,41389.3984375,41500.0,41492.734375,10714840
2019-12-13 00:00:00+00:00,2019-12-14T00:00:00+00:00,2026-09-03T11:15:03.742310+00:00,42500.0,43323.19921875,42000.0,42720.0,42712.51953125,8355445
2019-12-17 00:00:00+00:00,2019-12-18T00:00:00+00:00,2026-09-03T11:15:03.742310+00:00,43360.80078125,44297.3984375,43198.80078125,44119.6015625,44111.87890625,9218465
2019-12-18 00:00:00+00:00,2019-12-19T00:00:00+00:00,2026-09-03T11:15:03.742310+00:00,44127.19921875,45800.0,43967.0,45237.19921875,45229.28125,9038575
2019-12-19 00:00:00+00:00,2019-12-20T00:00:00+00:00,2026-09-03T11:15:03.742310+00:00,45000.0,46000.0,44632.0,45756.0,45747.98828125,15046295
2019-12-20 00:00:00+00:00,2019-12-21T00:00:00+00:00,2026-09-03T11:15:03.742310+00:00,45634.0,46968.6015625,45073.0,46968.6015625,46960.37890625,16963390
2019-12-23 00:00:00+00:00,2019-12-24T00:00:00+00:00,2026-09-03T11:15:03.742310+00:00,46400.0,46571.80078125,45725.0,46459.0,46450.8671875,3755320
2019-12-24 00:00:00+00:00,2019-12-25T00:00:00+00:00,2026-09-03T11:15:03.742310+00:00,46709.3984375,46459.0,45431.80078125,46520.0,46511.859375,1320300
2019-12-27 00:00:00+00:00,2019-12-28T00:00:00+00:00,2026-09-03T11:15:03.742310+00:00,46600.0,46767.3984375,45800.0,46330.19921875,46322.08984375,3625805
2019-12-30 00:00:00+00:00,2019-12-31T00:00:00+00:00,2026-09-03T11:15:03.742310+00:00,46331.19921875,46759.80078125,46123.3984375,46680.0,46671.828125,2816515
2019-12-31 00:00:00+00:00,2020-01-01T00:00:00+00:00,2026-09-03T11:15:03.742310+00:00,46099.80078125,46306.19921875,45735.80078125,45815.80078125,45807.78125,1569765
2020-01-02 00:00:00+00:00,2020-01-03T00:00:00+00:00,2026-09-03T11:15:03.742310+00:00,46136.6015625,46882.3984375,46136.80078125,46750.0,46741.8203125,2034195
2020-01-03 00:00:00+00:00,2020-01-04T00:00:00+00:00,2026-09-03T11:15:03.742310+00:00,46400.0,47375.0,46400.0,47080.0,47071.76171875,3707500
2020-01-06 00:00:00+00:00,2020-01-07T00:00:00+00:00,2026-09-03T11:15:03.742310+00:00,46500.0,46881.3984375,45929.0,46876.0,46867.79296875,3353755
2020-01-07 00:00:00+00:00,2020-01-08T00:00:00+00:00,2026-09-03T11:15:03.742310+00:00,47413.3984375,47572.19921875,46785.0,47162.0,47153.74609375,4510315
2020-01-08 00:00:00+00:00,2020-01-09T00:00:00+00:00,2026-09-03T11:15:03.742310+00:00,46777.3984375,47135.3984375,46392.3984375,46500.0,46491.86328125,4652855
2020-01-09 00:00:00+00:00,2020-01-10T00:00:00+00:00,2026-09-03T11:15:03.742310+00:00,47000.0,47572.19921875,46418.19921875,46823.80078125,46815.609375,5539985
2020-01-10 00:00:00+00:00,2020-01-11T00:00:00+00:00,2026-09-03T11:15:03.742310+00:00,47540.0,47840.0,47197.6015625,47510.0,47501.68359375,3600730
2020-01-13 00:00:00+00:00,2020-01-14T00:00:00+00:00,2026-09-03T11:15:03.742310+00:00,47750.0,48200.0,47603.0,47780.6015625,47772.23828125,5227415
2020-01-14 00:00:00+00:00,2020-01-15T00:00:00+00:00,2026-09-03T11:15:03.742310+00:00,47596.6015625,48525.19921875,47662.19921875,48525.19921875,48516.69921875,6647415
2020-01-15 00:00:00+00:00,2020-01-16T00:00:00+00:00,2026-09-03T11:15:03.742310+00:00,48399.80078125,49342.80078125,48149.19921875,49000.0,48991.421875,4510365
2020-01-16 00:00:00+00:00,2020-01-17T00:00:00+00:00,2026-09-03T11:15:03.742310+00:00,49140.0,49139.0,48342.19921875,49010.0,49001.421875,4259970
2020-01-17 00:00:00+00:00,2020-01-18T00:00:00+00:00,2026-09-03T11:15:03.742310+00:00,48688.3984375,50363.0,48653.80078125,50210.19921875,50201.41015625,5022880
2020-01-20 00:00:00+00:00,2020-01-21T00:00:00+00:00,2026-09-03T11:15:03.742310+00:00,50200.0,50481.6015625,49889.80078125,50400.0,50391.1796875,3379465
2020-01-21 00:00:00+00:00,2020-01-22T00:00:00+00:00,2026-09-03T11:15:03.742310+00:00,49400.80078125,49451.3984375,48880.0,49413.19921875,49404.55078125,5667795
2020-01-22 00:00:00+00:00,2020-01-23T00:00:00+00:00,2026-09-03T11:15:03.742310+00:00,50398.0,50915.19921875,49487.19921875,49727.0,49718.30078125,9580090
2020-01-23 00:00:00+00:00,2020-01-24T00:00:00+00:00,2026-09-03T11:15:03.742310+00:00,48400.0,49283.80078125,48428.0,48600.0,48591.49609375,10574610
2020-01-24 00:00:00+00:00,2020-01-25T00:00:00+00:00,2026-09-03T11:15:03.742310+00:00,49018.19921875,49592.80078125,48482.19921875,49341.80078125,49333.1640625,3919730
2020-01-27 00:00:00+00:00,2020-01-28T00:00:00+00:00,2026-09-03T11:15:03.742310+00:00,47720.3984375,48483.6015625,47136.0,47549.19921875,47540.875,5825465
2020-01-28 00:00:00+00:00,2020-01-29T00:00:00+00:00,2026-09-03T11:15:03.742310+00:00,47704.19921875,48012.80078125,46989.6015625,47535.3984375,47527.07421875,4953210
2020-01-29 00:00:00+00:00,2020-01-30T00:00:00+00:00,2026-09-03T11:15:03.742310+00:00,48606.6015625,49507.80078125,48485.80078125,49035.80078125,49027.21875,4093330
2020-01-30 00:00:00+00:00,2020-01-31T00:00:00+00:00,2026-09-03T11:15:03.742310+00:00,48152.6015625,49199.80078125,47792.3984375,49199.0,49190.3828125,3796670
2020-01-31 00:00:00+00:00,2020-02-01T00:00:00+00:00,2026-09-03T11:15:03.742310+00:00,49318.0,49282.19921875,48549.0,49214.3984375,49205.78125,6406495
2020-02-03 00:00:00+00:00,2020-02-04T00:00:00+00:00,2026-09-03T11:15:03.742310+00:00,50100.0,50300.0,49620.0,49911.6015625,49902.86328125,4355360
2020-02-04 00:00:00+00:00,2020-02-05T00:00:00+00:00,2026-09-03T11:15:03.742310+00:00,51113.6015625,51765.0,50600.0,51765.0,51755.9375,6870260
2020-02-05 00:00:00+00:00,2020-02-06T00:00:00+00:00,2026-09-03T11:15:03.742310+00:00,51126.0,52700.0,51162.19921875,52303.19921875,52294.04296875,5072840
2020-02-06 00:00:00+00:00,2020-02-07T00:00:00+00:00,2026-09-03T11:15:03.742310+00:00,52620.0,52903.80078125,52193.0,52390.0,52380.83203125,4126870
2020-02-07 00:00:00+00:00,2020-02-08T00:00:00+00:00,2026-09-03T11:15:03.742310+00:00,52100.0,52785.19921875,51906.3984375,52480.80078125,52471.61328125,4582495
2020-02-10 00:00:00+00:00,2020-02-11T00:00:00+00:00,2026-09-03T11:15:03.742310+00:00,52066.6015625,52399.80078125,51840.0,52111.80078125,52102.6875,4616935
2020-02-11 00:00:00+00:00,2020-02-12T00:00:00+00:00,2026-09-03T11:15:03.742310+00:00,52882.0,53159.80078125,52417.19921875,52860.0,52850.7421875,4092790
2020-02-12 00:00:00+00:00,2020-02-13T00:00:00+00:00,2026-09-03T11:15:03.742310+00:00,53022.19921875,53862.19921875,52860.0,53252.0,53242.671875,5967785
2020-02-13 00:00:00+00:00,2020-02-14T00:00:00+00:00,2026-09-03T11:15:03.742310+00:00,53400.0,54401.19921875,53270.19921875,53888.3984375,53878.96484375,4970155
2020-02-14 00:00:00+00:00,2020-02-15T00:00:00+00:00,2026-09-03T11:15:03.742310+00:00,53500.0,54193.0,53500.80078125,54150.0,54140.5234375,4044715
2020-02-17 00:00:00+00:00,2020-02-18T00:00:00+00:00,2026-09-03T11:15:03.742310+00:00,54667.0,54718.3984375,53936.6015625,54560.0,54550.44921875,3075180
2020-02-18 00:00:00+00:00,2020-02-19T00:00:00+00:00,2026-09-03T11:15:03.742310+00:00,53999.6015625,54421.3984375,53440.0,54125.0,54115.52734375,7240275
2020-02-19 00:00:00+00:00,2020-02-20T00:00:00+00:00,2026-09-03T11:15:03.742310+00:00,54020.0,54225.6015625,53724.6015625,54027.3984375,54017.94140625,3715820
2020-02-20 00:00:00+00:00,2020-02-21T00:00:00+00:00,2026-09-03T11:15:03.742310+00:00,54340.0,54554.3984375,53758.6015625,54080.0,54070.53125,3702060
2020-02-21 00:00:00+00:00,2020-02-22T00:00:00+00:00,2026-09-03T11:15:03.742310+00:00,53799.6015625,53667.19921875,52726.19921875,53292.19921875,53282.8671875,4549290
2020-02-24 00:00:00+00:00,2020-02-25T00:00:00+00:00,2026-09-03T11:15:03.742310+00:00,51701.0,52392.6015625,50513.3984375,51031.80078125,51022.8671875,6303470
2020-02-25 00:00:00+00:00,2020-02-26T00:00:00+00:00,2026-09-03T11:15:03.742310+00:00,52218.19921875,52225.3984375,51196.6015625,52139.19921875,52130.0703125,5637460
2020-02-26 00:00:00+00:00,2020-02-27T00:00:00+00:00,2026-09-03T11:15:03.742310+00:00,51280.0,52501.19921875,50758.80078125,51898.19921875,51889.11328125,6928315
2020-02-27 00:00:00+00:00,2020-02-28T00:00:00+00:00,2026-09-03T11:15:03.742310+00:00,51000.19921875,51800.6015625,50100.0,50400.0,50391.1796875,6792855
2020-02-28 00:00:00+00:00,2020-02-29T00:00:00+00:00,2026-09-03T11:15:03.742310+00:00,48594.80078125,49793.3984375,47618.80078125,47618.80078125,47610.46875,13891840
2020-03-02 00:00:00+00:00,2020-03-03T00:00:00+00:00,2026-09-03T11:15:03.742310+00:00,49880.0,50800.19921875,48630.19921875,49000.0,48991.421875,12590410
2020-03-03 00:00:00+00:00,2020-03-04T00:00:00+00:00,2026-09-03T11:15:03.742310+00:00,50000.0,50356.19921875,48912.0,49000.0,48991.421875,11958230
2020-03-04 00:00:00+00:00,2020-03-05T00:00:00+00:00,2026-09-03T11:15:03.742310+00:00,49400.0,49962.0,48842.19921875,49000.0,48991.421875,7169345
2020-03-05 00:00:00+00:00,2020-03-06T00:00:00+00:00,2026-09-03T11:15:03.742310+00:00,50059.0,50600.0,49159.6015625,49993.0,49984.25390625,7915540
2020-03-06 00:00:00+00:00,2020-03-07T00:00:00+00:00,2026-09-03T11:15:03.742310+00:00,48564.6015625,49523.19921875,48220.3984375,49395.0,49386.3515625,10373875
2020-03-09 00:00:00+00:00,2020-03-10T00:00:00+00:00,2026-09-03T11:15:03.742310+00:00,47500.0,48159.3984375,46000.0,47236.80078125,47228.53515625,8598950
2020-03-10 00:00:00+00:00,2020-03-11T00:00:00+00:00,2026-09-03T11:15:03.742310+00:00,49800.0,50707.0,48050.0,49319.0,49310.37109375,11302050
2020-03-11 00:00:00+00:00,2020-03-12T00:00:00+00:00,2026-09-03T11:15:03.742310+00:00,49180.0,50305.80078125,48700.19921875,49619.3984375,49610.70703125,9404920
2020-03-12 00:00:00+00:00,2020-03-13T00:00:00+00:00,2026-09-03T11:15:03.742310+00:00,47525.0,48609.80078125,44900.19921875,45662.6015625,45654.609375,12643415
2020-03-13 00:00:00+00:00,2020-03-14T00:00:00+00:00,2026-09-03T11:15:03.742310+00:00,47000.0,47600.0,44069.0,44440.0,44432.22265625,15541025
2020-03-16 00:00:00+00:00,2020-03-17T00:00:00+00:00,2026-09-03T11:15:03.742310+00:00,41400.3984375,42397.19921875,38451.0,40611.80078125,40604.6875,15267060
2020-03-17 00:00:00+00:00,2020-03-18T00:00:00+00:00,2026-09-03T11:15:03.742310+00:00,42334.19921875,42700.0,38539.80078125,40908.19921875,40901.0390625,13038215
2020-03-18 00:00:00+00:00,2020-03-19T00:00:00+00:00,2026-09-03T11:15:03.742310+00:00,38900.0,40639.19921875,36876.0,38414.0,38407.27734375,14378845
2020-03-19 00:00:00+00:00,2020-03-20T00:00:00+00:00,2026-09-03T11:15:03.742310+00:00,39000.80078125,41941.3984375,38803.0,40985.80078125,40978.625,27530125
2020-03-20 00:00:00+00:00,2020-03-21T00:00:00+00:00,2026-09-03T11:15:03.742310+00:00,42899.80078125,45627.80078125,42450.0,43100.0,43092.45703125,27097695
2020-03-23 00:00:00+00:00,2020-03-24T00:00:00+00:00,2026-09-03T11:15:03.742310+00:00,40768.19921875,44435.6015625,40562.6015625,42897.19921875,42889.69140625,12671110
2020-03-24 00:00:00+00:00,2020-03-25T00:00:00+00:00,2026-09-03T11:15:03.742310+00:00,46000.0,47998.6015625,45237.19921875,46600.0,46591.83984375,16618100
2020-03-25 00:00:00+00:00,2020-03-26T00:00:00+00:00,2026-09-03T11:15:03.742310+00:00,48000.0,49740.3984375,47303.0,49059.6015625,49051.01171875,11223290
2020-03-26 00:00:00+00:00,2020-03-27T00:00:00+00:00,2026-09-03T11:15:03.742310+00:00,48980.0,52154.80078125,48081.0,51553.6015625,51544.578125,10999145
2020-03-27 00:00:00+00:00,2020-03-28T00:00:00+00:00,2026-09-03T11:15:03.742310+00:00,51280.0,51479.3984375,47888.6015625,48767.3984375,48758.8671875,8583275
2020-03-30 00:00:00+00:00,2020-03-31T00:00:00+00:00,2026-09-03T11:15:03.742310+00:00,48841.6015625,51064.80078125,48101.19921875,50177.6015625,50168.81640625,5561245
2020-03-31 00:00:00+00:00,2020-04-01T00:00:00+00:00,2026-09-03T11:15:03.742310+00:00,50600.0,51390.6015625,49350.3984375,51074.19921875,51065.26171875,7923060
2020-04-01 00:00:00+00:00,2020-04-02T00:00:00+00:00,2026-09-03T11:15:03.742310+00:00,50180.0,50466.3984375,48193.3984375,49829.80078125,49821.078125,5609470
2020-04-02 00:00:00+00:00,2020-04-03T00:00:00+00:00,2026-09-03T11:15:03.742310+00:00,50700.0,52366.0,50069.3984375,51010.3984375,51001.46484375,4971365
2020-04-03 00:00:00+00:00,2020-04-04T00:00:00+00:00,2026-09-03T11:15:03.742310+00:00,50420.0,51592.0,49722.19921875,50808.6015625,50799.7109375,6722355
2020-04-06 00:00:00+00:00,2020-04-07T00:00:00+00:00,2026-09-03T11:15:03.742310+00:00,52000.0,53587.0,51263.19921875,52365.19921875,52356.03515625,6213460
2020-04-07 00:00:00+00:00,2020-04-08T00:00:00+00:00,2026-09-03T11:15:03.742310+00:00,52800.0,53131.3984375,51800.0,52319.0,52309.84375,5063795
2020-04-08 00:00:00+00:00,2020-04-09T00:00:00+00:00,2026-09-03T11:15:03.742310+00:00,52512.6015625,52752.3984375,51070.6015625,51833.19921875,51824.1328125,4377495
2020-04-09 00:00:00+00:00,2020-04-10T00:00:00+00:00,2026-09-03T11:15:03.742310+00:00,52350.0,52460.3984375,50617.3984375,51772.0,51762.9375,5026905
2020-04-14 00:00:00+00:00,2020-04-15T00:00:00+00:00,2026-09-03T11:15:03.742310+00:00,52860.0,53000.0,51814.19921875,52806.80078125,52797.55859375,6950020
2020-04-15 00:00:00+00:00,2020-04-16T00:00:00+00:00,2026-09-03T11:15:03.742310+00:00,53160.0,53698.19921875,52623.80078125,53698.19921875,53688.80078125,7991785
2020-04-16 00:00:00+00:00,2020-04-17T00:00:00+00:00,2026-09-03T11:15:03.742310+00:00,55000.0,56289.0,54102.0,55884.0,55874.21484375,9355540
2020-04-17 00:00:00+00:00,2020-04-18T00:00:00+00:00,2026-09-03T11:15:03.742310+00:00,57000.0,56959.80078125,55243.80078125,55510.80078125,55501.0859375,6723100
2020-04-20 00:00:00+00:00,2020-04-21T00:00:00+00:00,2026-09-03T11:15:03.742310+00:00,55160.3984375,56609.80078125,55160.6015625,56306.19921875,56296.33984375,3817630
2020-04-21 00:00:00+00:00,2020-04-22T00:00:00+00:00,2026-09-03T11:15:03.742310+00:00,55700.0,56460.0,55577.19921875,55825.6015625,55815.83203125,3872445
2020-04-22 00:00:00+00:00,2020-04-23T00:00:00+00:00,2026-09-03T11:15:03.742310+00:00,56400.0,57087.3984375,56299.6015625,57087.3984375,57077.40234375,5274835
2020-04-23 00:00:00+00:00,2020-04-24T00:00:00+00:00,2026-09-03T11:15:03.742310+00:00,56980.0,58739.80078125,56702.6015625,58238.3984375,58228.203125,5185735
2020-04-24 00:00:00+00:00,2020-04-25T00:00:00+00:00,2026-09-03T11:15:03.742310+00:00,57517.0,58367.19921875,57400.0,58080.0,58069.8359375,6301650
2020-04-28 00:00:00+00:00,2020-04-29T00:00:00+00:00,2026-09-03T11:15:03.742310+00:00,58100.0,59482.0,57967.80078125,59000.0,58989.67578125,7361430
2020-04-29 00:00:00+00:00,2020-04-30T00:00:00+00:00,2026-09-03T11:15:03.742310+00:00,58960.0,59297.6015625,57408.0,58460.0,58449.765625,6038305
2020-04-30 00:00:00+00:00,2020-05-01T00:00:00+00:00,2026-09-03T11:15:03.742310+00:00,59458.0,59779.6015625,57307.3984375,57977.19921875,57967.046875,6187425
2020-05-04 00:00:00+00:00,2020-05-05T00:00:00+00:00,2026-09-03T11:15:03.742310+00:00,56700.0,57529.0,56013.6015625,57378.6015625,57368.55859375,9065270
2020-05-05 00:00:00+00:00,2020-05-06T00:00:00+00:00,2026-09-03T11:15:03.742310+00:00,57760.80078125,57799.80078125,56723.3984375,57320.0,57309.96484375,5176680
2020-05-06 00:00:00+00:00,2020-05-07T00:00:00+00:00,2026-09-03T11:15:03.742310+00:00,57760.0,58564.3984375,57533.6015625,58489.19921875,58478.96484375,6021510
2020-05-07 00:00:00+00:00,2020-05-08T00:00:00+00:00,2026-09-03T11:15:03.742310+00:00,58400.0,58999.80078125,58104.0,58157.19921875,58147.015625,3004890
2020-05-08 00:00:00+00:00,2020-05-09T00:00:00+00:00,2026-09-03T11:15:03.742310+00:00,59620.0,60171.80078125,59043.3984375,59600.0,59589.5703125,5672840
2020-05-11 00:00:00+00:00,2020-05-12T00:00:00+00:00,2026-09-03T11:15:03.742310+00:00,60500.19921875,61601.6015625,60405.0,61228.0,61217.28125,6166045
2020-05-12 00:00:00+00:00,2020-05-13T00:00:00+00:00,2026-09-03T11:15:03.742310+00:00,60700.0,63312.6015625,60707.6015625,61993.19921875,61982.34765625,6970695
2020-05-13 00:00:00+00:00,2020-05-14T00:00:00+00:00,2026-09-03T11:15:03.742310+00:00,61993.19921875,65554.0,60851.3984375,64403.19921875,64391.921875,9146660
2020-05-14 00:00:00+00:00,2020-05-15T00:00:00+00:00,2026-09-03T11:15:03.742310+00:00,61691.0,64120.0,61369.0,62913.0,62901.984375,6454600
2020-05-15 00:00:00+00:00,2020-05-16T00:00:00+00:00,2026-09-03T11:15:03.742310+00:00,62400.0,62781.19921875,61462.0,61462.0,61451.23828125,5001210
2020-05-18 00:00:00+00:00,2020-05-19T00:00:00+00:00,2026-09-03T11:15:03.742310+00:00,61462.0,62576.3984375,61480.0,62200.0,62189.11328125,4584305
2020-05-19 00:00:00+00:00,2020-05-20T00:00:00+00:00,2026-09-03T11:15:03.742310+00:00,62786.6015625,63589.80078125,62116.0,62752.3984375,62741.41015625,5403580
2020-05-20 00:00:00+00:00,2020-05-21T00:00:00+00:00,2026-09-03T11:15:03.742310+00:00,63221.19921875,64484.80078125,63239.80078125,64271.19921875,64259.94921875,5294000
2020-05-21 00:00:00+00:00,2020-05-22T00:00:00+00:00,2026-09-03T11:15:03.742310+00:00,63300.0,63839.6015625,62000.0,62000.0,61989.14453125,6725230
2020-05-22 00:00:00+00:00,2020-05-23T00:00:00+00:00,2026-09-03T11:15:03.742310+00:00,59800.0,61241.80078125,59299.80078125,61241.80078125,61231.08203125,7272110
2020-05-25 00:00:00+00:00,2020-05-26T00:00:00+00:00,2026-09-03T11:15:03.742310+00:00,61500.0,61780.80078125,60336.0,60600.0,60589.39453125,3257590
2020-05-26 00:00:00+00:00,2020-05-27T00:00:00+00:00,2026-09-03T11:15:03.742310+00:00,61466.6015625,61691.3984375,60508.6015625,60508.6015625,60498.01171875,5455550
2020-05-27 00:00:00+00:00,2020-05-28T00:00:00+00:00,2026-09-03T11:15:03.742310+00:00,60000.0,60508.6015625,58297.0,59180.0,59169.64453125,6586750
2020-05-28 00:00:00+00:00,2020-05-29T00:00:00+00:00,2026-09-03T11:15:03.742310+00:00,58282.19921875,58574.0,57280.19921875,58401.3984375,58391.171875,8704335
2020-05-29 00:00:00+00:00,2020-05-30T00:00:00+00:00,2026-09-03T11:15:03.742310+00:00,57775.0,58360.6015625,55765.80078125,55765.80078125,55756.03515625,17888095
2020-06-01 00:00:00+00:00,2020-06-02T00:00:00+00:00,2026-09-03T11:15:03.742310+00:00,58399.6015625,58644.6015625,56655.19921875,57000.0,56990.01953125,6126465
2020-06-02 00:00:00+00:00,2020-06-03T00:00:00+00:00,2026-09-03T11:15:03.742310+00:00,57599.80078125,58869.19921875,57200.0,58300.0,58289.79296875,6650945
2020-06-03 00:00:00+00:00,2020-06-04T00:00:00+00:00,2026-09-03T11:15:03.742310+00:00,58883.0,59023.19921875,57204.3984375,58698.0,58687.72265625,5488335
2020-06-04 00:00:00+00:00,2020-06-05T00:00:00+00:00,2026-09-03T11:15:03.742310+00:00,58160.0,58799.6015625,57011.3984375,57500.0,57489.9375,5959485
2020-06-05 00:00:00+00:00,2020-06-06T00:00:00+00:00,2026-09-03T11:15:03.742310+00:00,57875.6015625,58779.80078125,56788.0,58464.0,58453.765625,6851825
2020-06-08 00:00:00+00:00,2020-06-09T00:00:00+00:00,2026-09-03T11:15:03.742310+00:00,57611.3984375,58200.0,57023.0,58200.0,58189.8125,6740560
2020-06-09 00:00:00+00:00,2020-06-10T00:00:00+00:00,2026-09-03T11:15:03.742310+00:00,58680.0,58795.19921875,57469.6015625,57820.0,57809.87890625,6823325
2020-06-10 00:00:00+00:00,2020-06-11T00:00:00+00:00,2026-09-03T11:15:03.742310+00:00,58870.0,59562.3984375,57800.0,58526.80078125,58516.55078125,8758385
2020-06-11 00:00:00+00:00,2020-06-12T00:00:00+00:00,2026-09-03T11:15:03.742310+00:00,58200.0,58954.3984375,56870.0,58884.0,58873.6953125,5161375
2020-06-12 00:00:00+00:00,2020-06-13T00:00:00+00:00,2026-09-03T11:15:03.742310+00:00,58100.19921875,59649.19921875,58194.3984375,59600.0,59589.5703125,6724035
2020-06-15 00:00:00+00:00,2020-06-16T00:00:00+00:00,2026-09-03T11:15:03.742310+00:00,58600.0,58600.0,56867.3984375,57521.19921875,57511.1328125,7199855
2020-06-17 00:00:00+00:00,2020-06-18T00:00:00+00:00,2026-09-03T11:15:03.742310+00:00,59600.0,61377.6015625,59025.80078125,61377.6015625,61366.85546875,12657845
2020-06-18 00:00:00+00:00,2020-06-19T00:00:00+00:00,2026-09-03T11:15:03.742310+00:00,61377.6015625,62470.80078125,60895.0,62214.80078125,62203.9140625,14545795
2020-06-19 00:00:00+00:00,2020-06-20T00:00:00+00:00,2026-09-03T11:15:03.742310+00:00,62800.0,63386.80078125,60648.6015625,61000.0,60989.32421875,17547580
2020-06-22 00:00:00+00:00,2020-06-23T00:00:00+00:00,2026-09-03T11:15:03.742310+00:00,62086.3984375,63101.0,61798.3984375,62700.0,62689.0234375,5393590
2020-06-23 00:00:00+00:00,2020-06-24T00:00:00+00:00,2026-09-03T11:15:03.742310+00:00,65000.0,65560.0,64440.3984375,64750.0,64738.66796875,6284500
2020-06-24 00:00:00+00:00,2020-06-25T00:00:00+00:00,2026-09-03T11:15:03.742310+00:00,64220.19921875,64576.80078125,62677.19921875,63350.19921875,63339.109375,5620895
2020-06-25 00:00:00+00:00,2020-06-26T00:00:00+00:00,2026-09-03T11:15:03.742310+00:00,63300.0,63497.80078125,61850.0,62297.0,62286.08984375,4916065
2020-06-26 00:00:00+00:00,2020-06-27T00:00:00+00:00,2026-09-03T11:15:03.742310+00:00,63000.0,63000.0,61527.0,62069.3984375,62058.53515625,3053905
2020-06-29 00:00:00+00:00,2020-06-30T00:00:00+00:00,2026-09-03T11:15:03.742310+00:00,62364.6015625,62822.19921875,61800.0,62269.6015625,62258.703125,3492825
2020-06-30 00:00:00+00:00,2020-07-01T00:00:00+00:00,2026-09-03T11:15:03.742310+00:00,63031.19921875,64609.3984375,62992.6015625,63262.19921875,63251.125,6872510
2020-07-01 00:00:00+00:00,2020-07-02T00:00:00+00:00,2026-09-03T11:15:03.742310+00:00,63700.0,63924.6015625,62102.19921875,63170.19921875,63159.140625,5089090
2020-07-02 00:00:00+00:00,2020-07-03T00:00:00+00:00,2026-09-03T11:15:03.742310+00:00,64873.6015625,65000.0,63730.19921875,63800.3984375,63789.23046875,8095535
2020-07-03 00:00:00+00:00,2020-07-04T00:00:00+00:00,2026-09-03T11:15:03.742310+00:00,64309.80078125,64900.0,63959.0,64121.0,64109.7734375,4249605
2020-07-06 00:00:00+00:00,2020-07-07T00:00:00+00:00,2026-09-03T11:15:03.742310+00:00,64400.0,64400.0,63121.0,63600.0,63588.8671875,5369420
2020-07-07 00:00:00+00:00,2020-07-08T00:00:00+00:00,2026-09-03T11:15:03.742310+00:00,63700.19921875,64240.0,63690.6015625,63840.0,63828.82421875,4426635
2020-07-08 00:00:00+00:00,2020-07-09T00:00:00+00:00,2026-09-03T11:15:03.742310+00:00,66000.0,66438.203125,65179.19921875,65500.6015625,65489.12890625,6186425
2020-07-09 00:00:00+00:00,2020-07-10T00:00:00+00:00,2026-09-03T11:15:03.742310+00:00,66960.0,67345.203125,66375.203125,66375.203125,66363.59375,5006295
2020-07-10 00:00:00+00:00,2020-07-11T00:00:00+00:00,2026-09-03T11:15:03.742310+00:00,65661.6015625,66293.0,64619.19921875,64798.0,64786.65234375,7758070
2020-07-13 00:00:00+00:00,2020-07-14T00:00:00+00:00,2026-09-03T11:15:03.742310+00:00,65780.0,65539.3984375,64381.3984375,65200.0,65188.58203125,4466470
2020-07-14 00:00:00+00:00,2020-07-15T00:00:00+00:00,2026-09-03T11:15:03.742310+00:00,64000.0,64000.19921875,62340.19921875,63080.0,63068.9609375,4437315
2020-07-15 00:00:00+00:00,2020-07-16T00:00:00+00:00,2026-09-03T11:15:03.742310+00:00,64100.0,64392.0,63462.19921875,63962.80078125,63951.59765625,4985785
2020-07-16 00:00:00+00:00,2020-07-17T00:00:00+00:00,2026-09-03T11:15:03.742310+00:00,61724.0,62942.3984375,61400.0,62610.19921875,62599.23828125,4073600
2020-07-17 00:00:00+00:00,2020-07-18T00:00:00+00:00,2026-09-03T11:15:03.742310+00:00,63600.0,63600.0,62406.0,62704.0,62693.0234375,2624320
2020-07-20 00:00:00+00:00,2020-07-21T00:00:00+00:00,2026-09-03T11:15:03.742310+00:00,63020.0,63526.3984375,61826.6015625,63062.0,63050.96484375,3394010
2020-07-21 00:00:00+00:00,2020-07-22T00:00:00+00:00,2026-09-03T11:15:03.742310+00:00,66000.0,67000.0,65383.80078125,65713.203125,65701.703125,5005645
2020-07-22 00:00:00+00:00,2020-07-23T00:00:00+00:00,2026-09-03T11:15:03.742310+00:00,65120.0,65262.80078125,63729.80078125,64000.0,63988.796875,5242470
2020-07-23 00:00:00+00:00,2020-07-24T00:00:00+00:00,2026-09-03T11:15:03.742310+00:00,64900.19921875,65196.80078125,64100.80078125,64420.0,64408.72265625,2962855
2020-07-24 00:00:00+00:00,2020-07-25T00:00:00+00:00,2026-09-03T11:15:03.742310+00:00,62412.3984375,62620.0,61484.80078125,61590.0,61579.21484375,4950770
2020-07-27 00:00:00+00:00,2020-07-28T00:00:00+00:00,2026-09-03T11:15:03.742310+00:00,61100.0,61878.0,60906.6015625,61600.0,61589.21484375,3878630
2020-07-28 00:00:00+00:00,2020-07-29T00:00:00+00:00,2026-09-03T11:15:03.742310+00:00,62600.0,62697.80078125,61838.3984375,62318.0,62307.08984375,3442710
2020-07-29 00:00:00+00:00,2020-07-30T00:00:00+00:00,2026-09-03T11:15:03.742310+00:00,62259.80078125,62873.3984375,62117.19921875,62873.3984375,62862.38671875,3288720
2020-07-30 00:00:00+00:00,2020-07-31T00:00:00+00:00,2026-09-03T11:15:03.742310+00:00,62879.80078125,63128.6015625,62051.19921875,62425.19921875,62414.265625,3159435
2020-07-31 00:00:00+00:00,2020-08-01T00:00:00+00:00,2026-09-03T11:15:03.742310+00:00,63200.0,64002.6015625,62632.80078125,62947.80078125,62936.78515625,5400285
2020-08-03 00:00:00+00:00,2020-08-04T00:00:00+00:00,2026-09-03T11:15:03.742310+00:00,63260.0,64440.0,63046.3984375,63736.19921875,63725.0390625,8064270
2020-08-04 00:00:00+00:00,2020-08-05T00:00:00+00:00,2026-09-03T11:15:03.742310+00:00,64600.0,64599.80078125,63279.3984375,63480.0,63468.890625,4083415
2020-08-05 00:00:00+00:00,2020-08-06T00:00:00+00:00,2026-09-03T11:15:03.742310+00:00,64399.80078125,65500.0,64020.0,65000.0,64988.62890625,6981940
2020-08-06 00:00:00+00:00,2020-08-07T00:00:00+00:00,2026-09-03T11:15:03.742310+00:00,64292.6015625,65312.3984375,64235.0,64460.19921875,64448.9140625,5985495
2020-08-07 00:00:00+00:00,2020-08-08T00:00:00+00:00,2026-09-03T11:15:03.742310+00:00,61645.6015625,62000.0,61020.3984375,61767.80078125,61756.98828125,6445580
2020-08-11 00:00:00+00:00,2020-08-12T00:00:00+00:00,2026-09-03T11:15:03.742310+00:00,60300.0,61739.19921875,59800.0,61457.80078125,61447.0390625,4674275
2020-08-12 00:00:00+00:00,2020-08-13T00:00:00+00:00,2026-09-03T11:15:03.742310+00:00,61717.0,63197.6015625,61208.3984375,62376.6015625,62365.6875,3833785
2020-08-13 00:00:00+00:00,2020-08-14T00:00:00+00:00,2026-09-03T11:15:03.742310+00:00,61120.0,61638.0,60660.6015625,60940.0,60929.3359375,4441740
2020-08-14 00:00:00+00:00,2020-08-15T00:00:00+00:00,2026-09-03T11:15:03.742310+00:00,60851.6015625,60940.0,59780.19921875,60168.0,60157.46875,4440550
2020-08-17 00:00:00+00:00,2020-08-18T00:00:00+00:00,2026-09-03T11:15:03.742310+00:00,60200.0,61038.19921875,59655.19921875,60600.0,60589.39453125,4426360
2020-08-18 00:00:00+00:00,2020-08-19T00:00:00+00:00,2026-09-03T11:15:03.742310+00:00,60800.0,60930.6015625,59600.0,60200.0,60189.4609375,4771540
2020-08-19 00:00:00+00:00,2020-08-20T00:00:00+00:00,2026-09-03T11:15:03.742310+00:00,59668.3984375,59872.0,58937.0,59035.6015625,59025.26953125,4029970
2020-08-20 00:00:00+00:00,2020-08-21T00:00:00+00:00,2026-09-03T11:15:03.742310+00:00,59080.0,59167.0,58261.80078125,59000.0,58989.67578125,5250550
2020-08-21 00:00:00+00:00,2020-08-22T00:00:00+00:00,2026-09-03T11:15:03.742310+00:00,60000.0,60782.19921875,59638.3984375,60642.0,60631.3828125,4296370
2020-08-24 00:00:00+00:00,2020-08-25T00:00:00+00:00,2026-09-03T11:15:03.742310+00:00,62180.19921875,62373.6015625,61376.80078125,61376.80078125,61366.0546875,4236555
2020-08-25 00:00:00+00:00,2020-08-26T00:00:00+00:00,2026-09-03T11:15:03.742310+00:00,61120.0,62392.0,61102.19921875,62270.80078125,62259.90234375,5040155
2020-08-26 00:00:00+00:00,2020-08-27T00:00:00+00:00,2026-09-03T11:15:03.742310+00:00,62160.0,63904.6015625,61969.3984375,63632.3984375,63621.26171875,5097215
2020-08-27 00:00:00+00:00,2020-08-28T00:00:00+00:00,2026-09-03T11:15:03.742310+00:00,63986.3984375,65327.0,63632.3984375,64719.19921875,64707.87109375,7093220
2020-08-28 00:00:00+00:00,2020-08-29T00:00:00+00:00,2026-09-03T11:15:03.742310+00:00,63780.0,64416.3984375,62367.80078125,62794.3984375,62783.41015625,4928075
2020-08-31 00:00:00+00:00,2020-09-01T00:00:00+00:00,2026-09-03T11:15:03.742310+00:00,62714.6015625,63359.6015625,61512.19921875,61855.0,61844.16796875,13983690
2020-09-01 00:00:00+00:00,2020-09-02T00:00:00+00:00,2026-09-03T11:15:03.742310+00:00,63399.3984375,63606.0,62875.80078125,63128.19921875,63117.1484375,6400995
2020-09-02 00:00:00+00:00,2020-09-03T00:00:00+00:00,2026-09-03T11:15:03.742310+00:00,64124.0,64300.0,63071.3984375,63492.80078125,63481.6875,4229900
2020-09-03 00:00:00+00:00,2020-09-04T00:00:00+00:00,2026-09-03T11:15:03.742310+00:00,62440.0,62899.80078125,60578.3984375,61000.0,60989.32421875,6405700
2020-09-04 00:00:00+00:00,2020-09-05T00:00:00+00:00,2026-09-03T11:15:03.742310+00:00,60000.0,60340.6015625,58265.80078125,58668.3984375,58658.125,5851620
2020-09-07 00:00:00+00:00,2020-09-08T00:00:00+00:00,2026-09-03T11:15:03.742310+00:00,58100.0,59000.0,57642.0,57996.3984375,57986.2421875,3536945
2020-09-08 00:00:00+00:00,2020-09-09T00:00:00+00:00,2026-09-03T11:15:03.742310+00:00,57760.0,58100.19921875,56423.3984375,57080.0,57070.0078125,7320175
2020-09-09 00:00:00+00:00,2020-09-10T00:00:00+00:00,2026-09-03T11:15:03.742310+00:00,56904.6015625,57810.80078125,56904.6015625,57649.80078125,57639.7109375,6114730
2020-09-10 00:00:00+00:00,2020-09-11T00:00:00+00:00,2026-09-03T11:15:03.742310+00:00,58049.0,59455.19921875,57835.19921875,58800.3984375,58790.09765625,5585795
2020-09-11 00:00:00+00:00,2020-09-12T00:00:00+00:00,2026-09-03T11:15:03.742310+00:00,59098.3984375,59855.19921875,58938.0,58997.0,58986.67578125,4791855
2020-09-14 00:00:00+00:00,2020-09-15T00:00:00+00:00,2026-09-03T11:15:03.742310+00:00,60400.0,60694.80078125,58889.0,59160.0,59149.6484375,6443000
2020-09-15 00:00:00+00:00,2020-09-16T00:00:00+00:00,2026-09-03T11:15:03.742310+00:00,59400.0,59980.0,58642.80078125,59342.19921875,59331.81640625,4290345
2020-09-16 00:00:00+00:00,2020-09-17T00:00:00+00:00,2026-09-03T11:15:03.742310+00:00,59661.0,59844.6015625,58680.0,59100.0,59089.6484375,4959185
2020-09-17 00:00:00+00:00,2020-09-18T00:00:00+00:00,2026-09-03T11:15:03.742310+00:00,58000.0,58171.80078125,57247.80078125,58171.80078125,58161.6171875,9307090
2020-09-18 00:00:00+00:00,2020-09-19T00:00:00+00:00,2026-09-03T11:15:03.742310+00:00,58000.0,59044.6015625,57640.80078125,57900.0,57889.8671875,11320535
2020-09-21 00:00:00+00:00,2020-09-22T00:00:00+00:00,2026-09-03T11:15:03.742310+00:00,57580.0,57912.0,55993.6015625,56557.6015625,56547.70703125,5368795
2020-09-22 00:00:00+00:00,2020-09-23T00:00:00+00:00,2026-09-03T11:15:03.742310+00:00,57439.80078125,58656.3984375,57106.6015625,57930.0,57919.86328125,5116280
2020-09-23 00:00:00+00:00,2020-09-24T00:00:00+00:00,2026-09-03T11:15:03.742310+00:00,57799.80078125,61480.0,57729.6015625,60896.3984375,60885.734375,7369455
2020-09-25 00:00:00+00:00,2020-09-26T00:00:00+00:00,2026-09-03T11:15:03.742310+00:00,60339.6015625,60600.0,58218.0,59580.0,59569.5703125,5825675
2020-09-28 00:00:00+00:00,2020-09-29T00:00:00+00:00,2026-09-03T11:15:03.742310+00:00,59600.6015625,60000.0,59220.0,59919.3984375,59908.90625,3204830
2020-09-29 00:00:00+00:00,2020-09-30T00:00:00+00:00,2026-09-03T11:15:03.742310+00:00,60012.0,60028.80078125,59045.0,59209.3984375,59199.0390625,5934935
2020-09-30 00:00:00+00:00,2020-10-01T00:00:00+00:00,2026-09-03T11:15:03.742310+00:00,59323.80078125,60437.19921875,58387.6015625,59200.0,59189.64453125,8994620
2020-10-01 00:00:00+00:00,2020-10-02T00:00:00+00:00,2026-09-03T11:15:03.742310+00:00,59793.19921875,60290.80078125,59137.80078125,60230.80078125,60220.2578125,2833140
2020-10-02 00:00:00+00:00,2020-10-03T00:00:00+00:00,2026-09-03T11:15:03.742310+00:00,59780.0,60493.6015625,59532.3984375,60000.0,59989.49609375,4476995
2020-10-05 00:00:00+00:00,2020-10-06T00:00:00+00:00,2026-09-03T11:15:03.742310+00:00,60376.6015625,60509.80078125,59024.3984375,59890.19921875,59879.71875,5363370
2020-10-06 00:00:00+00:00,2020-10-07T00:00:00+00:00,2026-09-03T11:15:03.742310+00:00,60509.80078125,60602.6015625,59605.6015625,60370.0,60359.43359375,3310885
2020-10-07 00:00:00+00:00,2020-10-08T00:00:00+00:00,2026-09-03T11:15:03.742310+00:00,60540.0,61358.6015625,60149.80078125,61318.0,61307.265625,4675305
2020-10-08 00:00:00+00:00,2020-10-09T00:00:00+00:00,2026-09-03T11:15:03.742310+00:00,61140.0,61331.80078125,59456.0,59748.6015625,59738.14453125,5961590
2020-10-09 00:00:00+00:00,2020-10-10T00:00:00+00:00,2026-09-03T11:15:03.742310+00:00,60080.0,61199.6015625,59455.19921875,61104.3984375,61093.70703125,7754905
2020-10-12 00:00:00+00:00,2020-10-13T00:00:00+00:00,2026-09-03T11:15:03.742310+00:00,62167.80078125,62190.19921875,61160.0,61701.19921875,61690.3984375,6112810
2020-10-13 00:00:00+00:00,2020-10-14T00:00:00+00:00,2026-09-03T11:15:03.742310+00:00,61600.0,62839.19921875,61306.80078125,62445.0,62434.0625,4553200
2020-10-14 00:00:00+00:00,2020-10-15T00:00:00+00:00,2026-09-03T11:15:03.742310+00:00,63322.0,63635.19921875,62545.19921875,62859.3984375,62848.39453125,3650605
2020-10-15 00:00:00+00:00,2020-10-16T00:00:00+00:00,2026-09-03T11:15:03.742310+00:00,60843.0,62292.19921875,60521.0,61895.0,61884.1640625,6067210
2020-10-16 00:00:00+00:00,2020-10-17T00:00:00+00:00,2026-09-03T11:15:03.742310+00:00,62300.0,62953.6015625,61834.6015625,62716.3984375,62705.4140625,3797055
2020-10-19 00:00:00+00:00,2020-10-20T00:00:00+00:00,2026-09-03T11:15:03.742310+00:00,63000.0,63189.6015625,62008.19921875,62199.80078125,62188.9140625,3682460
2020-10-20 00:00:00+00:00,2020-10-21T00:00:00+00:00,2026-09-03T11:15:03.742310+00:00,61993.6015625,62797.6015625,61980.0,62500.0,62489.05859375,2771825
2020-10-21 00:00:00+00:00,2020-10-22T00:00:00+00:00,2026-09-03T11:15:03.742310+00:00,62501.0,62706.3984375,61555.3984375,61575.6015625,61564.82421875,3935670
2020-10-22 00:00:00+00:00,2020-10-23T00:00:00+00:00,2026-09-03T11:15:03.742310+00:00,61575.3984375,61589.19921875,60626.80078125,60760.0,60749.359375,3351405
2020-10-23 00:00:00+00:00,2020-10-24T00:00:00+00:00,2026-09-03T11:15:03.742310+00:00,61043.3984375,61289.80078125,59629.19921875,60258.6015625,60248.0546875,5901920
2020-10-26 00:00:00+00:00,2020-10-27T00:00:00+00:00,2026-09-03T11:15:03.742310+00:00,60000.0,60536.6015625,59657.80078125,60360.0,60349.43359375,3432860
2020-10-27 00:00:00+00:00,2020-10-28T00:00:00+00:00,2026-09-03T11:15:03.742310+00:00,62103.0,62335.19921875,61076.19921875,61319.0,61308.265625,4371515
2020-10-28 00:00:00+00:00,2020-10-29T00:00:00+00:00,2026-09-03T11:15:03.742310+00:00,62540.0,62780.0,60470.80078125,60766.80078125,60756.16015625,5150725
2020-10-29 00:00:00+00:00,2020-10-30T00:00:00+00:00,2026-09-03T11:15:03.742310+00:00,61900.0,62634.3984375,60231.80078125,60809.19921875,60798.5546875,6251045
2020-10-30 00:00:00+00:00,2020-10-31T00:00:00+00:00,2026-09-03T11:15:03.742310+00:00,62400.0,63947.3984375,60809.19921875,63226.3984375,63215.33203125,15012930
2020-11-02 00:00:00+00:00,2020-11-03T00:00:00+00:00,2026-09-03T11:15:03.742310+00:00,65116.80078125,65116.80078125,62600.0,63945.0,63933.80078125,6296225
2020-11-03 00:00:00+00:00,2020-11-04T00:00:00+00:00,2026-09-03T11:15:03.742310+00:00,63945.0,63944.80078125,60645.19921875,61286.3984375,61275.671875,8402035
2020-11-04 00:00:00+00:00,2020-11-05T00:00:00+00:00,2026-09-03T11:15:03.742310+00:00,61700.0,64145.6015625,61747.19921875,63375.3984375,63364.30859375,6439005
2020-11-05 00:00:00+00:00,2020-11-06T00:00:00+00:00,2026-09-03T11:15:03.742310+00:00,66500.0,67500.0,64000.0,67319.203125,67307.421875,8617880
2020-11-06 00:00:00+00:00,2020-11-07T00:00:00+00:00,2026-09-03T11:15:03.742310+00:00,66314.3984375,69207.203125,65770.3984375,68861.6015625,68849.5625,7852750
2020-11-09 00:00:00+00:00,2020-11-10T00:00:00+00:00,2026-09-03T11:15:03.742310+00:00,69800.203125,69989.0,66800.3984375,67341.6015625,67329.8203125,8346735
2020-11-10 00:00:00+00:00,2020-11-11T00:00:00+00:00,2026-09-03T11:15:03.742310+00:00,64808.6015625,66077.6015625,63115.0,63500.0,63488.88671875,9923900
2020-11-11 00:00:00+00:00,2020-11-12T00:00:00+00:00,2026-09-03T11:15:03.742310+00:00,61800.0,62000.0,59262.80078125,60491.0,60480.41015625,10744265
2020-11-12 00:00:00+00:00,2020-11-13T00:00:00+00:00,2026-09-03T11:15:03.742310+00:00,62000.0,63800.0,61700.19921875,62926.80078125,62915.78515625,8832115
2020-11-13 00:00:00+00:00,2020-11-14T00:00:00+00:00,2026-09-03T11:15:03.742310+00:00,63220.0,64311.3984375,63050.19921875,63560.0,63548.87109375,3972240
2020-11-16 00:00:00+00:00,2020-11-17T00:00:00+00:00,2026-09-03T11:15:03.742310+00:00,63680.0,63783.80078125,62303.0,62830.3984375,62819.40234375,5646170
2020-11-17 00:00:00+00:00,2020-11-18T00:00:00+00:00,2026-09-03T11:15:03.742310+00:00,62000.0,62292.3984375,61267.3984375,61560.80078125,61550.02734375,5264505
2020-11-18 00:00:00+00:00,2020-11-19T00:00:00+00:00,2026-09-03T11:15:03.742310+00:00,61250.19921875,62800.0,61046.0,61933.80078125,61922.9609375,6061620
2020-11-19 00:00:00+00:00,2020-11-20T00:00:00+00:00,2026-09-03T11:15:03.742310+00:00,61560.0,61937.3984375,60668.0,60825.0,60814.3515625,5560670
2020-11-20 00:00:00+00:00,2020-11-21T00:00:00+00:00,2026-09-03T11:15:03.742310+00:00,62124.19921875,63007.19921875,61662.0,62427.19921875,62416.265625,5932585
2020-11-23 00:00:00+00:00,2020-11-24T00:00:00+00:00,2026-09-03T11:15:03.742310+00:00,62700.0,64703.3984375,62349.19921875,63924.0,63912.81640625,5758785
2020-11-24 00:00:00+00:00,2020-11-25T00:00:00+00:00,2026-09-03T11:15:03.742310+00:00,64005.0,68036.4296875,63286.19921875,63620.0,63608.8671875,6369560
2020-11-25 00:00:00+00:00,2020-11-26T00:00:00+00:00,2026-09-03T11:15:03.742310+00:00,63200.0,63786.19921875,62992.0,63148.0,63138.09375,6795815
2020-11-26 00:00:00+00:00,2020-11-27T00:00:00+00:00,2026-09-03T11:15:03.742310+00:00,63900.0,64133.6015625,63000.0,63680.19921875,63670.2109375,3159455
2020-11-27 00:00:00+00:00,2020-11-28T00:00:00+00:00,2026-09-03T11:15:03.742310+00:00,63800.0,64262.3984375,62909.3984375,63282.19921875,63272.27734375,4039105
2020-11-30 00:00:00+00:00,2020-12-01T00:00:00+00:00,2026-09-03T11:15:03.742310+00:00,62999.80078125,63068.0,61960.3984375,62579.0,62569.1796875,12913850
2020-12-01 00:00:00+00:00,2020-12-02T00:00:00+00:00,2026-09-03T11:15:03.742310+00:00,63154.3984375,63885.19921875,62462.19921875,63219.80078125,63209.890625,6207000
2020-12-02 00:00:00+00:00,2020-12-03T00:00:00+00:00,2026-09-03T11:15:03.742310+00:00,63300.0,63569.3984375,62818.0,62985.6015625,62975.72265625,6081330
2020-12-03 00:00:00+00:00,2020-12-04T00:00:00+00:00,2026-09-03T11:15:03.742310+00:00,63620.0,64992.3984375,63561.19921875,64020.0,64009.9609375,6233560
2020-12-04 00:00:00+00:00,2020-12-05T00:00:00+00:00,2026-09-03T11:15:03.742310+00:00,64399.80078125,64557.19921875,63301.3984375,63740.80078125,63730.8046875,4343035
2020-12-07 00:00:00+00:00,2020-12-08T00:00:00+00:00,2026-09-03T11:15:03.742310+00:00,63240.0,64139.19921875,63150.19921875,63540.0,63530.03515625,3194255
2020-12-08 00:00:00+00:00,2020-12-09T00:00:00+00:00,2026-09-03T11:15:03.742310+00:00,63540.0,63801.0,62562.80078125,62711.3984375,62701.5625,4613610
2020-12-09 00:00:00+00:00,2020-12-10T00:00:00+00:00,2026-09-03T11:15:03.742310+00:00,62700.0,63377.3984375,62601.6015625,62832.6015625,62822.74609375,3697805
2020-12-10 00:00:00+00:00,2020-12-11T00:00:00+00:00,2026-09-03T11:15:03.742310+00:00,62491.3984375,62989.3984375,61485.3984375,62236.6015625,62226.84765625,6008235
2020-12-11 00:00:00+00:00,2020-12-12T00:00:00+00:00,2026-09-03T11:15:03.742310+00:00,62595.3984375,63713.80078125,62290.0,63536.3984375,63526.43359375,5764180
2020-12-14 00:00:00+00:00,2020-12-15T00:00:00+00:00,2026-09-03T11:15:03.742310+00:00,62799.0,62766.6015625,61601.19921875,61827.80078125,61818.109375,3637635
2020-12-15 00:00:00+00:00,2020-12-16T00:00:00+00:00,2026-09-03T11:15:03.742310+00:00,61520.0,61750.3984375,60791.19921875,61161.19921875,61151.60546875,5592270
2020-12-17 00:00:00+00:00,2020-12-18T00:00:00+00:00,2026-09-03T11:15:03.742310+00:00,61923.19921875,63141.3984375,61541.0,63141.3984375,63131.5,15637875
2020-12-18 00:00:00+00:00,2020-12-19T00:00:00+00:00,2026-09-03T11:15:03.742310+00:00,62320.0,62688.6015625,60141.6015625,60175.6015625,60166.16796875,11294730
2020-12-21 00:00:00+00:00,2020-12-22T00:00:00+00:00,2026-09-03T11:15:03.742310+00:00,60980.0,61767.19921875,60120.0,61486.6015625,61476.9609375,4804285
2020-12-22 00:00:00+00:00,2020-12-23T00:00:00+00:00,2026-09-03T11:15:03.742310+00:00,61900.0,61799.80078125,60225.6015625,60800.0,60790.46484375,3258255
2020-12-23 00:00:00+00:00,2020-12-24T00:00:00+00:00,2026-09-03T11:15:03.742310+00:00,60440.19921875,61324.19921875,60240.0,60944.80078125,60935.24609375,2073340
2020-12-24 00:00:00+00:00,2020-12-25T00:00:00+00:00,2026-09-03T11:15:03.742310+00:00,60120.0,60120.19921875,59382.3984375,59834.3984375,59825.01171875,1357980
2020-12-28 00:00:00+00:00,2020-12-29T00:00:00+00:00,2026-09-03T11:15:03.742310+00:00,58000.0,58600.0,56243.80078125,57574.3984375,57565.3671875,5007515
2020-12-29 00:00:00+00:00,2020-12-30T00:00:00+00:00,2026-09-03T11:15:03.742310+00:00,58599.80078125,59092.6015625,57560.0,58600.0,58590.8125,4239145
2020-12-30 00:00:00+00:00,2020-12-31T00:00:00+00:00,2026-09-03T11:15:03.742310+00:00,60440.0,61201.19921875,60080.19921875,60102.80078125,60093.375,2719160
2020-12-31 00:00:00+00:00,2021-01-01T00:00:00+00:00,2026-09-03T11:15:03.742310+00:00,60273.3984375,60599.19921875,59292.80078125,60387.0,60377.53515625,1375405
2021-01-04 00:00:00+00:00,2021-01-05T00:00:00+00:00,2026-09-03T11:15:03.742310+00:00,61140.0,61574.0,60269.0,60739.0,60729.4765625,2415180
2021-01-05 00:00:00+00:00,2021-01-06T00:00:00+00:00,2026-09-03T11:15:03.742310+00:00,60998.0,62632.6015625,60840.80078125,62333.3984375,62323.625,3130430
2021-01-06 00:00:00+00:00,2021-01-07T00:00:00+00:00,2026-09-03T11:15:03.742310+00:00,63040.0,63478.3984375,61837.0,62020.0,62010.26953125,2904655
2021-01-07 00:00:00+00:00,2021-01-08T00:00:00+00:00,2026-09-03T11:15:03.742310+00:00,60600.0,61344.19921875,60159.19921875,60275.0,60265.546875,6046960
2021-01-08 00:00:00+00:00,2021-01-09T00:00:00+00:00,2026-09-03T11:15:03.742310+00:00,61400.0,62544.19921875,60928.80078125,61405.3984375,61395.76953125,6293570
2021-01-11 00:00:00+00:00,2021-01-12T00:00:00+00:00,2026-09-03T11:15:03.742310+00:00,62480.0,64477.3984375,62200.19921875,64051.6015625,64041.55859375,6164565
2021-01-12 00:00:00+00:00,2021-01-13T00:00:00+00:00,2026-09-03T11:15:03.742310+00:00,64500.0,64590.6015625,63702.6015625,63888.19921875,63878.1796875,6792535
2021-01-13 00:00:00+00:00,2021-01-14T00:00:00+00:00,2026-09-03T11:15:03.742310+00:00,64400.0,65117.0,63782.3984375,63975.6015625,63965.56640625,6281655
2021-01-14 00:00:00+00:00,2021-01-15T00:00:00+00:00,2026-09-03T11:15:03.742310+00:00,65400.0,67219.796875,65020.19921875,66653.3984375,66642.953125,7370970
2021-01-15 00:00:00+00:00,2021-01-16T00:00:00+00:00,2026-09-03T11:15:03.742310+00:00,67900.0,68002.0,67298.3984375,67298.3984375,67287.84375,6720635
2021-01-18 00:00:00+00:00,2021-01-19T00:00:00+00:00,2026-09-03T11:15:03.742310+00:00,68200.203125,68949.3984375,67779.3984375,68172.0,68161.3125,4108645
2021-01-19 00:00:00+00:00,2021-01-20T00:00:00+00:00,2026-09-03T11:15:03.742310+00:00,66580.3984375,70435.0,66580.3984375,69000.0,68989.1796875,7625745
2021-01-20 00:00:00+00:00,2021-01-21T00:00:00+00:00,2026-09-03T11:15:03.742310+00:00,70200.0,71360.0,69690.6015625,70000.0,69989.015625,8103715
2021-01-21 00:00:00+00:00,2021-01-22T00:00:00+00:00,2026-09-03T11:15:03.742310+00:00,70000.203125,70689.3984375,69748.0,70000.0,69989.015625,7617110
2021-01-22 00:00:00+00:00,2021-01-23T00:00:00+00:00,2026-09-03T11:15:03.742310+00:00,70800.0,72200.0,70799.796875,71280.0,71268.828125,6673190
2021-01-25 00:00:00+00:00,2021-01-26T00:00:00+00:00,2026-09-03T11:15:03.742310+00:00,76280.0,77760.0,75622.0,75753.6015625,75741.7265625,11609445
2021-01-26 00:00:00+00:00,2021-01-27T00:00:00+00:00,2026-09-03T11:15:03.742310+00:00,73300.0,73836.796875,71889.203125,72000.0,71988.703125,7492415
2021-01-27 00:00:00+00:00,2021-01-28T00:00:00+00:00,2026-09-03T11:15:03.742310+00:00,71775.796875,72403.0,70499.3984375,70700.0,70688.9140625,6991195
2021-01-28 00:00:00+00:00,2021-01-29T00:00:00+00:00,2026-09-03T11:15:03.742310+00:00,69400.0,70454.0,69460.0,70240.0,70228.9921875,4690645
2021-01-29 00:00:00+00:00,2021-01-30T00:00:00+00:00,2026-09-03T11:15:03.742310+00:00,70990.0,71699.203125,69308.3984375,69560.0,69549.0859375,9649440
2021-02-01 00:00:00+00:00,2021-02-02T00:00:00+00:00,2026-09-03T11:15:03.742310+00:00,72201.0,72705.203125,70650.0,70650.0,70638.9140625,5979830
2021-02-02 00:00:00+00:00,2021-02-03T00:00:00+00:00,2026-09-03T11:15:03.742310+00:00,72460.0,72400.3984375,70989.796875,71300.0,71288.8203125,4635530
2021-02-03 00:00:00+00:00,2021-02-04T00:00:00+00:00,2026-09-03T11:15:03.742310+00:00,71800.0,72629.796875,71435.796875,71840.0,71828.734375,5234095
2021-02-04 00:00:00+00:00,2021-02-05T00:00:00+00:00,2026-09-03T11:15:03.742310+00:00,72223.203125,72535.0,71256.6015625,71936.6015625,71925.3359375,4820765
2021-02-05 00:00:00+00:00,2021-02-06T00:00:00+00:00,2026-09-03T11:15:03.742310+00:00,72580.0,72579.796875,70815.6015625,71367.0,71355.8125,4608270
2021-02-08 00:00:00+00:00,2021-02-09T00:00:00+00:00,2026-09-03T11:15:03.742310+00:00,71660.0,72576.3984375,71800.0,71800.0,71788.734375,3676510
2021-02-09 00:00:00+00:00,2021-02-10T00:00:00+00:00,2026-09-03T11:15:03.742310+00:00,71600.3984375,72366.0,71300.0,71839.6015625,71828.3359375,5713085
2021-02-10 00:00:00+00:00,2021-02-11T00:00:00+00:00,2026-09-03T11:15:03.742310+00:00,73000.0,73408.3984375,72692.6015625,73246.203125,73234.7109375,5433675
2021-02-11 00:00:00+00:00,2021-02-12T00:00:00+00:00,2026-09-03T11:15:03.742310+00:00,73399.0,74301.796875,72672.3984375,74196.796875,74185.15625,4908365
2021-02-12 00:00:00+00:00,2021-02-13T00:00:00+00:00,2026-09-03T11:15:03.742310+00:00,73600.3984375,74520.203125,73540.203125,74220.0,74208.3515625,3343440
2021-02-15 00:00:00+00:00,2021-02-16T00:00:00+00:00,2026-09-03T11:15:03.742310+00:00,74905.3984375,75700.0,73831.6015625,74711.203125,74699.484375,3626285
2021-02-16 00:00:00+00:00,2021-02-17T00:00:00+00:00,2026-09-03T11:15:03.742310+00:00,74200.0,74590.203125,73291.3984375,73984.796875,73973.1953125,3793925
2021-02-17 00:00:00+00:00,2021-02-18T00:00:00+00:00,2026-09-03T11:15:03.742310+00:00,74720.0,76885.0,74485.796875,76239.203125,76227.2421875,7140170
2021-02-18 00:00:00+00:00,2021-02-19T00:00:00+00:00,2026-09-03T11:15:03.742310+00:00,75620.0,76308.6015625,75296.0,75615.0,75603.140625,5963260
2021-02-19 00:00:00+00:00,2021-02-20T00:00:00+00:00,2026-09-03T11:15:03.742310+00:00,75020.0,76707.796875,75010.203125,76697.203125,76685.171875,5317200
2021-02-22 00:00:00+00:00,2021-02-23T00:00:00+00:00,2026-09-03T11:15:03.742310+00:00,75000.0,75960.6015625,74001.6015625,74830.0,74818.265625,4716565
2021-02-23 00:00:00+00:00,2021-02-24T00:00:00+00:00,2026-09-03T11:15:03.742310+00:00,74400.0,74697.796875,71841.796875,71903.796875,71892.53125,5078765
2021-02-24 00:00:00+00:00,2021-02-25T00:00:00+00:00,2026-09-03T11:15:03.742310+00:00,71600.0,72973.3984375,71306.6015625,71306.6015625,71295.421875,6996575
2021-02-25 00:00:00+00:00,2021-02-26T00:00:00+00:00,2026-09-03T11:15:03.742310+00:00,72459.796875,72461.203125,70546.0,71237.6015625,71226.4296875,5245165
2021-02-26 00:00:00+00:00,2021-02-27T00:00:00+00:00,2026-09-03T11:15:03.742310+00:00,69000.0,70906.796875,69000.203125,70359.6015625,70348.5625,8952975
2021-03-01 00:00:00+00:00,2021-03-02T00:00:00+00:00,2026-09-03T11:15:03.742310+00:00,72480.0,73553.6015625,72323.6015625,72979.796875,72968.3515625,5924245
2021-03-02 00:00:00+00:00,2021-03-03T00:00:00+00:00,2026-09-03T11:15:03.742310+00:00,73041.0,74562.3984375,73000.0,74280.6015625,74268.953125,6708365
2021-03-03 00:00:00+00:00,2021-03-04T00:00:00+00:00,2026-09-03T11:15:03.742310+00:00,75042.3984375,75804.203125,74973.203125,75129.0,75117.21875,4773210
2021-03-04 00:00:00+00:00,2021-03-05T00:00:00+00:00,2026-09-03T11:15:03.742310+00:00,73200.0,73725.6015625,72193.796875,72193.796875,72182.484375,5977680
2021-03-05 00:00:00+00:00,2021-03-06T00:00:00+00:00,2026-09-03T11:15:03.742310+00:00,72900.0,73468.0,71817.3984375,71912.6015625,71901.3359375,3829155
2021-03-08 00:00:00+00:00,2021-03-09T00:00:00+00:00,2026-09-03T11:15:03.742310+00:00,70390.3984375,70551.0,69756.0,70060.0,70049.0078125,6936055
2021-03-09 00:00:00+00:00,2021-03-10T00:00:00+00:00,2026-09-03T11:15:03.742310+00:00,69100.0,71530.0,68652.0,71177.203125,71166.0390625,5151095
2021-03-10 00:00:00+00:00,2021-03-11T00:00:00+00:00,2026-09-03T11:15:03.742310+00:00,71500.0,71550.796875,70397.0,71200.0,71188.828125,4452450
2021-03-11 00:00:00+00:00,2021-03-12T00:00:00+00:00,2026-09-03T11:15:03.742310+00:00,71977.6015625,73264.6015625,71561.796875,72650.0,72638.6015625,7299395
2021-03-12 00:00:00+00:00,2021-03-13T00:00:00+00:00,2026-09-03T11:15:03.742310+00:00,71960.0,72167.0,68273.203125,68998.6015625,68987.78125,11988055
2021-03-15 00:00:00+00:00,2021-03-16T00:00:00+00:00,2026-09-03T11:15:03.742310+00:00,67740.0,68529.6015625,67255.0,67998.6015625,67987.9453125,7468640
2021-03-16 00:00:00+00:00,2021-03-17T00:00:00+00:00,2026-09-03T11:15:03.742310+00:00,68671.796875,68945.3984375,67863.3984375,68400.0,68389.265625,5154780
2021-03-17 00:00:00+00:00,2021-03-18T00:00:00+00:00,2026-09-03T11:15:03.742310+00:00,68000.0,68420.0,66743.796875,67670.3984375,67659.796875,6744960
2021-03-18 00:00:00+00:00,2021-03-19T00:00:00+00:00,2026-09-03T11:15:03.742310+00:00,69201.0,69470.3984375,67453.203125,67922.796875,67912.1484375,12332415
2021-03-19 00:00:00+00:00,2021-03-20T00:00:00+00:00,2026-09-03T11:15:03.742310+00:00,67400.0,69071.203125,67001.0,69071.203125,69060.375,9072850
2021-03-23 00:00:00+00:00,2021-03-24T00:00:00+00:00,2026-09-03T11:15:03.742310+00:00,68100.0,70919.0,68100.0,69956.0,69945.0390625,7829275
2021-03-24 00:00:00+00:00,2021-03-25T00:00:00+00:00,2026-09-03T11:15:03.742310+00:00,68700.0,71000.0,68487.203125,69428.6015625,69417.7265625,8931355
2021-03-25 00:00:00+00:00,2021-03-26T00:00:00+00:00,2026-09-03T11:15:03.742310+00:00,68200.0,69148.796875,68068.6015625,68877.796875,68867.0,7664920
2021-03-26 00:00:00+00:00,2021-03-27T00:00:00+00:00,2026-09-03T11:15:03.742310+00:00,70020.0,70800.0,69853.0,70540.0,70528.9453125,6195050
2021-03-29 00:00:00+00:00,2021-03-30T00:00:00+00:00,2026-09-03T11:15:03.742310+00:00,69387.203125,71314.203125,69415.3984375,70929.796875,70918.671875,4461065
2021-03-30 00:00:00+00:00,2021-03-31T00:00:00+00:00,2026-09-03T11:15:03.742310+00:00,70900.0,71136.6015625,70545.796875,70810.0,70798.8984375,5520770
2021-03-31 00:00:00+00:00,2021-04-01T00:00:00+00:00,2026-09-03T11:15:03.742310+00:00,70600.0,71251.0,70100.0,70634.203125,70623.125,6152415
2021-04-01 00:00:00+00:00,2021-04-02T00:00:00+00:00,2026-09-03T11:15:03.742310+00:00,72746.0,75130.6015625,72610.0,74380.0,74368.34375,4296815
2021-04-06 00:00:00+00:00,2021-04-07T00:00:00+00:00,2026-09-03T11:15:03.742310+00:00,74150.0,74260.0,72744.796875,73390.6015625,73379.09375,3290115
2021-04-07 00:00:00+00:00,2021-04-08T00:00:00+00:00,2026-09-03T11:15:03.742310+00:00,72500.0,74799.796875,69400.0,69700.0,69689.078125,11215475
2021-04-08 00:00:00+00:00,2021-04-09T00:00:00+00:00,2026-09-03T11:15:03.742310+00:00,71784.0,71790.3984375,69112.0,70067.203125,70056.2109375,6371085
2021-04-09 00:00:00+00:00,2021-04-10T00:00:00+00:00,2026-09-03T11:15:03.742310+00:00,69554.0,70052.3984375,69013.6015625,69720.0,69709.0625,3313675
2021-04-12 00:00:00+00:00,2021-04-13T00:00:00+00:00,2026-09-03T11:15:03.742310+00:00,69000.0,69321.5,68238.203125,68267.0,68256.3046875,3068715
2021-04-13 00:00:00+00:00,2021-04-14T00:00:00+00:00,2026-09-03T11:15:03.742310+00:00,68482.6015625,70314.6015625,67974.0,70088.3984375,70077.40625,4981295
2021-04-14 00:00:00+00:00,2021-04-15T00:00:00+00:00,2026-09-03T11:15:03.742310+00:00,70420.0,71500.203125,69601.203125,70923.0,70911.875,9687095
2021-04-15 00:00:00+00:00,2021-04-16T00:00:00+00:00,2026-09-03T11:15:03.742310+00:00,70399.203125,70970.796875,70000.0,70860.0,70848.8828125,4790725
2021-04-16 00:00:00+00:00,2021-04-17T00:00:00+00:00,2026-09-03T11:15:03.742310+00:00,71200.0,71593.0,70846.3984375,71000.0,70988.8671875,4193335
2021-04-19 00:00:00+00:00,2021-04-20T00:00:00+00:00,2026-09-03T11:15:03.742310+00:00,70645.0,71266.796875,69375.796875,69548.203125,69537.2890625,3027975
2021-04-20 00:00:00+00:00,2021-04-21T00:00:00+00:00,2026-09-03T11:15:03.742310+00:00,69200.3984375,69841.203125,68035.203125,68279.3984375,68268.703125,5017005
2021-04-21 00:00:00+00:00,2021-04-22T00:00:00+00:00,2026-09-03T11:15:03.742310+00:00,68000.0,68184.796875,66822.3984375,67772.796875,67762.15625,4687075
2021-04-22 00:00:00+00:00,2021-04-23T00:00:00+00:00,2026-09-03T11:15:03.742310+00:00,68000.0,68079.796875,67402.0,67954.796875,67944.1484375,2635845
2021-04-23 00:00:00+00:00,2021-04-24T00:00:00+00:00,2026-09-03T11:15:03.742310+00:00,67683.0,68443.3984375,67349.3984375,68443.3984375,68432.6640625,2619325
2021-04-26 00:00:00+00:00,2021-04-27T00:00:00+00:00,2026-09-03T11:15:03.742310+00:00,68460.0,68460.0,66868.6015625,67268.3984375,67257.84375,3415335
2021-04-28 00:00:00+00:00,2021-04-29T00:00:00+00:00,2026-09-03T11:15:03.742310+00:00,68275.0,68461.0,67430.0,67430.0,67419.421875,6463915
2021-04-29 00:00:00+00:00,2021-04-30T00:00:00+00:00,2026-09-03T11:15:03.742310+00:00,67828.796875,68379.796875,66415.203125,66527.0,66516.5703125,4638925
2021-04-30 00:00:00+00:00,2021-05-01T00:00:00+00:00,2026-09-03T11:15:03.742310+00:00,66400.0,67380.0,65556.0,66208.203125,66197.8203125,5632475
2021-05-03 00:00:00+00:00,2021-05-04T00:00:00+00:00,2026-09-03T11:15:03.742310+00:00,66590.0,66895.796875,65569.203125,66220.0,66209.6171875,3287005
2021-05-04 00:00:00+00:00,2021-05-05T00:00:00+00:00,2026-09-03T11:15:03.742310+00:00,65940.0,66417.6015625,64480.3984375,64936.6015625,64926.4140625,3964170
2021-05-05 00:00:00+00:00,2021-05-06T00:00:00+00:00,2026-09-03T11:15:03.742310+00:00,65832.6015625,65720.6015625,64663.80078125,64800.0,64789.8359375,3834725
2021-05-06 00:00:00+00:00,2021-05-07T00:00:00+00:00,2026-09-03T11:15:03.742310+00:00,64500.0,65768.0,64237.6015625,65768.0,65757.6953125,5658865
2021-05-07 00:00:00+00:00,2021-05-08T00:00:00+00:00,2026-09-03T11:15:03.742310+00:00,65079.80078125,67209.3984375,65008.19921875,66753.0,66742.5390625,4328105
2021-05-10 00:00:00+00:00,2021-05-11T00:00:00+00:00,2026-09-03T11:15:03.742310+00:00,65990.203125,66458.3984375,64518.80078125,64672.3984375,64662.2578125,6933230
2021-05-11 00:00:00+00:00,2021-05-12T00:00:00+00:00,2026-09-03T11:15:03.742310+00:00,64660.0,64942.19921875,62973.6015625,63491.80078125,63481.84375,5986220
2021-05-12 00:00:00+00:00,2021-05-13T00:00:00+00:00,2026-09-03T11:15:03.742310+00:00,66000.0,66967.3984375,62477.6015625,62477.6015625,62467.8046875,11250685
2021-05-13 00:00:00+00:00,2021-05-14T00:00:00+00:00,2026-09-03T11:15:03.742310+00:00,62000.0,62097.0,60161.3984375,60411.0,60401.52734375,12720090
2021-05-14 00:00:00+00:00,2021-05-15T00:00:00+00:00,2026-09-03T11:15:03.742310+00:00,60911.6015625,60859.3984375,59605.80078125,60327.6015625,60318.13671875,6698125
2021-05-17 00:00:00+00:00,2021-05-18T00:00:00+00:00,2026-09-03T11:15:03.742310+00:00,61660.0,62028.19921875,61100.0,61330.0,61320.3828125,6311675
2021-05-18 00:00:00+00:00,2021-05-19T00:00:00+00:00,2026-09-03T11:15:03.742310+00:00,62100.0,62099.80078125,60200.0,60285.19921875,60275.74609375,4275025
2021-05-19 00:00:00+00:00,2021-05-20T00:00:00+00:00,2026-09-03T11:15:03.742310+00:00,59682.19921875,60381.3984375,59300.6015625,59675.0,59665.63671875,5090380
2021-05-20 00:00:00+00:00,2021-05-21T00:00:00+00:00,2026-09-03T11:15:03.742310+00:00,59778.0,62207.80078125,59660.0,60830.3984375,60820.859375,7410260
2021-05-21 00:00:00+00:00,2021-05-22T00:00:00+00:00,2026-09-03T11:15:03.742310+00:00,59900.0,60939.6015625,59558.6015625,60328.0,60318.53515625,4859015
2021-05-24 00:00:00+00:00,2021-05-25T00:00:00+00:00,2026-09-03T11:15:03.742310+00:00,60280.0,60928.6015625,60008.80078125,60150.0,60140.56640625,3822160
2021-05-25 00:00:00+00:00,2021-05-26T00:00:00+00:00,2026-09-03T11:15:03.742310+00:00,61900.0,62380.0,60768.0,61047.0,61037.421875,7016015
2021-05-26 00:00:00+00:00,2021-05-27T00:00:00+00:00,2026-09-03T11:15:03.742310+00:00,61587.6015625,61599.0,60584.0,60584.0,60574.5,5603935
2021-05-27 00:00:00+00:00,2021-05-28T00:00:00+00:00,2026-09-03T11:15:03.742310+00:00,60220.0,61020.0,59216.6015625,59600.0,59590.65625,12574720
2021-05-28 00:00:00+00:00,2021-05-29T00:00:00+00:00,2026-09-03T11:15:03.742310+00:00,59467.3984375,60862.3984375,59222.0,60715.3984375,60705.87890625,4997305
2021-05-31 00:00:00+00:00,2021-06-01T00:00:00+00:00,2026-09-03T11:15:03.742310+00:00,61200.0,61420.0,60719.19921875,60998.80078125,60989.23828125,3389675
2021-06-01 00:00:00+00:00,2021-06-02T00:00:00+00:00,2026-09-03T11:15:03.742310+00:00,61601.0,62559.6015625,61236.19921875,61544.6015625,61534.953125,3465065
2021-06-02 00:00:00+00:00,2021-06-03T00:00:00+00:00,2026-09-03T11:15:03.742310+00:00,61860.0,62464.3984375,61216.3984375,61969.0,61959.28515625,3972830
2021-06-03 00:00:00+00:00,2021-06-04T00:00:00+00:00,2026-09-03T11:15:03.742310+00:00,61040.0,61289.0,60022.19921875,60394.19921875,60384.7265625,3952520
2021-06-04 00:00:00+00:00,2021-06-05T00:00:00+00:00,2026-09-03T11:15:03.742310+00:00,59910.0,60960.0,59878.19921875,60591.0,60581.5,4369650
2021-06-07 00:00:00+00:00,2021-06-08T00:00:00+00:00,2026-09-03T11:15:03.742310+00:00,59900.0,60096.3984375,59342.3984375,59854.80078125,59845.4140625,3094080
2021-06-08 00:00:00+00:00,2021-06-09T00:00:00+00:00,2026-09-03T11:15:03.742310+00:00,59850.0,60500.0,59599.3984375,59599.3984375,59590.0546875,5517620
2021-06-09 00:00:00+00:00,2021-06-10T00:00:00+00:00,2026-09-03T11:15:03.742310+00:00,59600.0,59909.6015625,58400.19921875,58790.0,58780.78515625,7057705
2021-06-10 00:00:00+00:00,2021-06-11T00:00:00+00:00,2026-09-03T11:15:03.742310+00:00,58740.0,59267.6015625,58636.80078125,58636.80078125,58627.609375,5940770
2021-06-11 00:00:00+00:00,2021-06-12T00:00:00+00:00,2026-09-03T11:15:03.742310+00:00,58860.0,59633.6015625,58101.6015625,59307.6015625,59298.3046875,3073945
2021-06-14 00:00:00+00:00,2021-06-15T00:00:00+00:00,2026-09-03T11:15:03.742310+00:00,59772.80078125,60765.80078125,59600.0,59800.0,59790.625,4006250
2021-06-15 00:00:00+00:00,2021-06-16T00:00:00+00:00,2026-09-03T11:15:03.742310+00:00,59940.0,60200.0,59369.0,59682.6015625,59673.23828125,5049885
2021-06-17 00:00:00+00:00,2021-06-18T00:00:00+00:00,2026-09-03T11:15:03.742310+00:00,58980.0,61661.80078125,58950.0,61346.3984375,61336.77734375,19574570
2021-06-18 00:00:00+00:00,2021-06-19T00:00:00+00:00,2026-09-03T11:15:03.742310+00:00,61500.0,61778.80078125,60696.80078125,61003.3984375,60993.8359375,18445355
2021-06-21 00:00:00+00:00,2021-06-22T00:00:00+00:00,2026-09-03T11:15:03.742310+00:00,59520.0,61768.6015625,59520.19921875,60800.0,60790.46484375,7223215
2021-06-22 00:00:00+00:00,2021-06-23T00:00:00+00:00,2026-09-03T11:15:03.742310+00:00,59840.0,60163.6015625,57900.19921875,59200.0,59190.72265625,7750370
2021-06-23 00:00:00+00:00,2021-06-24T00:00:00+00:00,2026-09-03T11:15:03.742310+00:00,59660.3984375,59899.6015625,58856.3984375,58898.0,58888.765625,6525750
2021-06-24 00:00:00+00:00,2021-06-25T00:00:00+00:00,2026-09-03T11:15:03.742310+00:00,59180.0,59178.6015625,58361.3984375,58802.80078125,58793.57421875,4797595
2021-06-25 00:00:00+00:00,2021-06-26T00:00:00+00:00,2026-09-03T11:15:03.742310+00:00,59710.0,59710.0,58033.6015625,58316.6015625,58307.45703125,5395805
2021-06-28 00:00:00+00:00,2021-06-29T00:00:00+00:00,2026-09-03T11:15:03.742310+00:00,58400.0,59500.0,58200.0,59332.19921875,59322.90234375,4961665
2021-06-29 00:00:00+00:00,2021-06-30T00:00:00+00:00,2026-09-03T11:15:03.742310+00:00,59370.0,60726.3984375,59221.0,60726.3984375,60716.87890625,4434735
2021-06-30 00:00:00+00:00,2021-07-01T00:00:00+00:00,2026-09-03T11:15:03.742310+00:00,60056.80078125,61104.3984375,59736.0,59963.80078125,59954.3984375,6481350
2021-07-01 00:00:00+00:00,2021-07-02T00:00:00+00:00,2026-09-03T11:15:03.742310+00:00,59985.3984375,60242.19921875,58562.19921875,59220.0,59210.7109375,5922900
2021-07-02 00:00:00+00:00,2021-07-03T00:00:00+00:00,2026-09-03T11:15:03.742310+00:00,58580.3984375,59905.19921875,58520.0,59191.6015625,59182.32421875,3668255
2021-07-05 00:00:00+00:00,2021-07-06T00:00:00+00:00,2026-09-03T11:15:03.742310+00:00,57760.0,59191.6015625,55000.0,55600.0,55591.28125,6920570
2021-07-06 00:00:00+00:00,2021-07-07T00:00:00+00:00,2026-09-03T11:15:03.742310+00:00,55959.80078125,56545.3984375,55316.3984375,56209.0,56200.18359375,10835505
2021-07-07 00:00:00+00:00,2021-07-08T00:00:00+00:00,2026-09-03T11:15:03.742310+00:00,55620.0,57532.3984375,55620.0,57271.6015625,57262.6171875,6170230
2021-07-08 00:00:00+00:00,2021-07-09T00:00:00+00:00,2026-09-03T11:15:03.742310+00:00,55803.80078125,56090.80078125,54540.0,55000.0,54991.37890625,7278590
2021-07-09 00:00:00+00:00,2021-07-10T00:00:00+00:00,2026-09-03T11:15:03.742310+00:00,55820.19921875,55880.0,53700.0,54709.0,54700.42578125,9154700
2021-07-12 00:00:00+00:00,2021-07-13T00:00:00+00:00,2026-09-03T11:15:03.742310+00:00,54100.0,55689.6015625,54100.0,55599.6015625,55590.8828125,11792725
2021-07-13 00:00:00+00:00,2021-07-14T00:00:00+00:00,2026-09-03T11:15:03.742310+00:00,56772.0,57160.0,55589.3984375,56387.3984375,56378.55859375,13395040
2021-07-14 00:00:00+00:00,2021-07-15T00:00:00+00:00,2026-09-03T11:15:03.742310+00:00,56640.0,58285.6015625,56174.19921875,57709.3984375,57700.34765625,11567480
2021-07-15 00:00:00+00:00,2021-07-16T00:00:00+00:00,2026-09-03T11:15:03.742310+00:00,58460.0,58799.80078125,56387.3984375,58740.0,58730.79296875,9160525
2021-07-16 00:00:00+00:00,2021-07-17T00:00:00+00:00,2026-09-03T11:15:03.742310+00:00,58630.0,59029.19921875,57726.3984375,59029.19921875,59019.9453125,7039075
2021-07-19 00:00:00+00:00,2021-07-20T00:00:00+00:00,2026-09-03T11:15:03.742310+00:00,57629.80078125,58821.19921875,57771.6015625,58260.80078125,58251.6640625,6000905
2021-07-20 00:00:00+00:00,2021-07-21T00:00:00+00:00,2026-09-03T11:15:03.742310+00:00,58800.0,58695.6015625,57920.6015625,58100.0,58090.88671875,5499605
2021-07-21 00:00:00+00:00,2021-07-22T00:00:00+00:00,2026-09-03T11:15:03.742310+00:00,57440.0,59373.19921875,57664.19921875,59116.0,59106.7265625,6291075
2021-07-22 00:00:00+00:00,2021-07-23T00:00:00+00:00,2026-09-03T11:15:03.742310+00:00,59421.0,60259.3984375,58824.19921875,60226.6015625,60217.15625,5031765
2021-07-23 00:00:00+00:00,2021-07-24T00:00:00+00:00,2026-09-03T11:15:03.742310+00:00,60004.3984375,60249.80078125,59000.0,59210.6015625,59201.31640625,4196620
2021-07-26 00:00:00+00:00,2021-07-27T00:00:00+00:00,2026-09-03T11:15:03.742310+00:00,56250.19921875,59210.6015625,54060.19921875,54960.19921875,54951.578125,11405785
2021-07-27 00:00:00+00:00,2021-07-28T00:00:00+00:00,2026-09-03T11:15:03.742310+00:00,50500.0,51340.0,49573.6015625,50932.3984375,50924.4140625,12733870
2021-07-28 00:00:00+00:00,2021-07-29T00:00:00+00:00,2026-09-03T11:15:03.742310+00:00,51960.0,55297.0,50500.0,54948.80078125,54940.18359375,11435085
2021-07-29 00:00:00+00:00,2021-07-30T00:00:00+00:00,2026-09-03T11:15:03.742310+00:00,56200.0,57860.0,55486.0,57190.6015625,57181.63671875,8207965
2021-07-30 00:00:00+00:00,2021-07-31T00:00:00+00:00,2026-09-03T11:15:03.742310+00:00,56001.0,56796.80078125,56001.19921875,56440.0,56431.1484375,10142980
2021-08-02 00:00:00+00:00,2021-08-03T00:00:00+00:00,2026-09-03T11:15:03.742310+00:00,56580.0,57329.3984375,55800.0,55940.0,55931.2265625,9112265
2021-08-03 00:00:00+00:00,2021-08-04T00:00:00+00:00,2026-09-03T11:15:03.742310+00:00,53620.0,54353.0,51835.3984375,52038.3984375,52030.234375,12574765
2021-08-04 00:00:00+00:00,2021-08-05T00:00:00+00:00,2026-09-03T11:15:03.742310+00:00,53385.6015625,54199.6015625,52999.3984375,53500.19921875,53491.8125,9376910
2021-08-05 00:00:00+00:00,2021-08-06T00:00:00+00:00,2026-09-03T11:15:03.742310+00:00,51855.6015625,53225.19921875,51840.19921875,52748.80078125,52740.53125,9792385
2021-08-06 00:00:00+00:00,2021-08-07T00:00:00+00:00,2026-09-03T11:15:03.742310+00:00,54000.19921875,54557.6015625,52654.3984375,53503.3984375,53495.01171875,16266475
2021-08-10 00:00:00+00:00,2021-08-11T00:00:00+00:00,2026-09-03T11:15:03.742310+00:00,56440.0,59997.6015625,56440.0,59200.0,59190.72265625,16046340
2021-08-11 00:00:00+00:00,2021-08-12T00:00:00+00:00,2026-09-03T11:15:03.742310+00:00,58220.0,58572.0,56851.19921875,56930.0,56921.0703125,4749105
2021-08-12 00:00:00+00:00,2021-08-13T00:00:00+00:00,2026-09-03T11:15:03.742310+00:00,55704.3984375,56722.80078125,55411.80078125,56722.80078125,56713.90625,5331795
2021-08-13 00:00:00+00:00,2021-08-14T00:00:00+00:00,2026-09-03T11:15:03.742310+00:00,55695.0,57280.80078125,54693.0,56143.6015625,56134.8046875,15288085
2021-08-16 00:00:00+00:00,2021-08-17T00:00:00+00:00,2026-09-03T11:15:03.742310+00:00,54420.0,55348.3984375,51800.0,52000.0,51991.84375,43720465
2021-08-17 00:00:00+00:00,2021-08-18T00:00:00+00:00,2026-09-03T11:15:03.742310+00:00,51100.0,51099.6015625,25253.19921875,47796.80078125,47789.30859375,176418175
2021-08-18 00:00:00+00:00,2021-08-19T00:00:00+00:00,2026-09-03T11:15:03.742310+00:00,49440.0,50100.0,47796.80078125,49763.3984375,49755.58984375,62065255
2021-08-19 00:00:00+00:00,2021-08-20T00:00:00+00:00,2026-09-03T11:15:03.742310+00:00,47741.0,49763.3984375,46993.6015625,47594.19921875,47586.734375,18230320
2021-08-20 00:00:00+00:00,2021-08-21T00:00:00+00:00,2026-09-03T11:15:03.742310+00:00,48380.0,48730.6015625,47453.80078125,48011.6015625,48004.07421875,10843845
2021-08-23 00:00:00+00:00,2021-08-24T00:00:00+00:00,2026-09-03T11:15:03.742310+00:00,48980.0,48969.19921875,45817.3984375,45817.3984375,45810.21484375,13245015
2021-08-24 00:00:00+00:00,2021-08-25T00:00:00+00:00,2026-09-03T11:15:03.742310+00:00,48000.0,48094.3984375,47222.3984375,47460.0,47452.55859375,14732515
2021-08-25 00:00:00+00:00,2021-08-26T00:00:00+00:00,2026-09-03T11:15:03.742310+00:00,47299.80078125,49608.0,47105.0,48839.6015625,48831.94140625,12900095
2021-08-26 00:00:00+00:00,2021-08-27T00:00:00+00:00,2026-09-03T11:15:03.742310+00:00,48666.6015625,48899.19921875,47883.19921875,48129.6015625,48122.0546875,6416140
2021-08-27 00:00:00+00:00,2021-08-28T00:00:00+00:00,2026-09-03T11:15:03.742310+00:00,47761.19921875,48500.0,47475.3984375,48045.6015625,48038.07421875,4761650
2021-08-30 00:00:00+00:00,2021-08-31T00:00:00+00:00,2026-09-03T11:15:03.742310+00:00,47950.0,48367.3984375,46519.19921875,46600.19921875,46592.890625,4490955
2021-08-31 00:00:00+00:00,2021-09-01T00:00:00+00:00,2026-09-03T11:15:03.742310+00:00,47600.0,49787.80078125,46600.19921875,49600.0,49592.22265625,10787365
2021-09-01 00:00:00+00:00,2021-09-02T00:00:00+00:00,2026-09-03T11:15:03.742310+00:00,50042.3984375,51899.80078125,50042.3984375,51800.0,51791.87890625,5138780
2021-09-02 00:00:00+00:00,2021-09-03T00:00:00+00:00,2026-09-03T11:15:03.742310+00:00,51624.80078125,52034.6015625,50811.80078125,51900.0,51891.859375,4926840
2021-09-03 00:00:00+00:00,2021-09-04T00:00:00+00:00,2026-09-03T11:15:03.742310+00:00,51600.0,51737.80078125,50798.3984375,51400.0,51391.94140625,3058935
2021-09-06 00:00:00+00:00,2021-09-07T00:00:00+00:00,2026-09-03T11:15:03.742310+00:00,52440.0,52999.80078125,52300.0,52752.80078125,52744.53125,3069405
2021-09-07 00:00:00+00:00,2021-09-08T00:00:00+00:00,2026-09-03T11:15:03.742310+00:00,53540.0,53693.3984375,53000.19921875,53693.3984375,53684.98046875,3775195
2021-09-08 00:00:00+00:00,2021-09-09T00:00:00+00:00,2026-09-03T11:15:03.742310+00:00,53700.0,53736.30078125,52206.0,52709.80078125,52701.53125,3732405
2021-09-09 00:00:00+00:00,2021-09-10T00:00:00+00:00,2026-09-03T11:15:03.742310+00:00,50882.6015625,52000.0,48326.3984375,48587.19921875,48579.58203125,5407355
2021-09-10 00:00:00+00:00,2021-09-11T00:00:00+00:00,2026-09-03T11:15:03.742310+00:00,48660.0,49205.0,47810.6015625,47810.6015625,47803.1015625,4670050
2021-09-13 00:00:00+00:00,2021-09-14T00:00:00+00:00,2026-09-03T11:15:03.742310+00:00,47300.0,48058.19921875,46562.80078125,47364.0,47356.57421875,3887135
2021-09-14 00:00:00+00:00,2021-09-15T00:00:00+00:00,2026-09-03T11:15:03.742310+00:00,47072.19921875,47914.80078125,46904.0,47603.3984375,47595.93359375,3084890
2021-09-15 00:00:00+00:00,2021-09-16T00:00:00+00:00,2026-09-03T11:15:03.742310+00:00,47097.19921875,47088.19921875,46187.80078125,46924.0,46916.640625,5018295
2021-09-16 00:00:00+00:00,2021-09-17T00:00:00+00:00,2026-09-03T11:15:03.742310+00:00,46400.19921875,47246.80078125,46160.0,47222.19921875,47214.796875,8882050
2021-09-17 00:00:00+00:00,2021-09-18T00:00:00+00:00,2026-09-03T11:15:03.742310+00:00,47752.80078125,48455.3984375,47502.3984375,48000.0,47992.47265625,18872900
2021-09-20 00:00:00+00:00,2021-09-21T00:00:00+00:00,2026-09-03T11:15:03.742310+00:00,47100.0,47898.6015625,46333.6015625,46474.19921875,46466.91015625,5317895
2021-09-21 00:00:00+00:00,2021-09-22T00:00:00+00:00,2026-09-03T11:15:03.742310+00:00,46356.80078125,48032.0,46287.0,47980.0,47972.47265625,4504425
2021-09-22 00:00:00+00:00,2021-09-23T00:00:00+00:00,2026-09-03T11:15:03.742310+00:00,48120.19921875,48980.0,48038.80078125,48547.0,48539.3828125,4074515
2021-09-23 00:00:00+00:00,2021-09-24T00:00:00+00:00,2026-09-03T11:15:03.742310+00:00,48980.0,50213.6015625,48979.0,49596.3984375,49588.625,4147475
2021-09-27 00:00:00+00:00,2021-09-28T00:00:00+00:00,2026-09-03T11:15:03.742310+00:00,49800.0,50587.0,49486.80078125,49720.0,49712.20703125,4870905
2021-09-28 00:00:00+00:00,2021-09-29T00:00:00+00:00,2026-09-03T11:15:03.742310+00:00,50400.0,50928.19921875,49874.6015625,50220.0,50212.125,5370675
2021-09-29 00:00:00+00:00,2021-09-30T00:00:00+00:00,2026-09-03T11:15:03.742310+00:00,50235.80078125,51300.0,50000.0,51300.0,51291.953125,3934780
2021-09-30 00:00:00+00:00,2021-10-01T00:00:00+00:00,2026-09-03T11:15:03.742310+00:00,51050.0,51383.6015625,49800.0,49852.0,49844.18359375,4832730
2021-10-01 00:00:00+00:00,2021-10-02T00:00:00+00:00,2026-09-03T11:15:03.742310+00:00,49453.19921875,50098.3984375,49000.0,49359.3984375,49351.65625,2041305
2021-10-04 00:00:00+00:00,2021-10-05T00:00:00+00:00,2026-09-03T11:15:03.742310+00:00,49302.80078125,50353.6015625,48900.3984375,49359.19921875,49351.45703125,3287165
2021-10-05 00:00:00+00:00,2021-10-06T00:00:00+00:00,2026-09-03T11:15:03.742310+00:00,49364.3984375,50830.6015625,49086.3984375,50172.19921875,50164.328125,5647320
2021-10-06 00:00:00+00:00,2021-10-07T00:00:00+00:00,2026-09-03T11:15:03.742310+00:00,50000.0,49989.80078125,48621.3984375,49440.19921875,49432.4453125,2839420
2021-10-07 00:00:00+00:00,2021-10-08T00:00:00+00:00,2026-09-03T11:15:03.742310+00:00,50660.0,52002.3984375,50501.80078125,52000.0,51991.84375,3514850
2021-10-08 00:00:00+00:00,2021-10-09T00:00:00+00:00,2026-09-03T11:15:03.742310+00:00,52600.0,52772.80078125,51102.6015625,51102.6015625,51094.59375,2323915
2021-10-11 00:00:00+00:00,2021-10-12T00:00:00+00:00,2026-09-03T11:15:03.742310+00:00,51620.0,52800.0,51115.80078125,51374.3984375,51366.34765625,1626135
2021-10-12 00:00:00+00:00,2021-10-13T00:00:00+00:00,2026-09-03T11:15:03.742310+00:00,50580.0,50964.0,50097.6015625,50220.0,50212.125,2071425
2021-10-13 00:00:00+00:00,2021-10-14T00:00:00+00:00,2026-09-03T11:15:03.742310+00:00,50168.6015625,51020.0,50029.0,50918.19921875,50910.21484375,1085625
2021-10-14 00:00:00+00:00,2021-10-15T00:00:00+00:00,2026-09-03T11:15:03.742310+00:00,51311.0,51624.0,50948.19921875,51096.19921875,51088.19140625,2252840
2021-10-15 00:00:00+00:00,2021-10-16T00:00:00+00:00,2026-09-03T11:15:03.742310+00:00,51500.0,51497.0,50040.0,51399.6015625,51391.54296875,2401735
2021-10-18 00:00:00+00:00,2021-10-19T00:00:00+00:00,2026-09-03T11:15:03.742310+00:00,50160.0,51444.0,50160.19921875,51020.0,51011.99609375,1793170
2021-10-19 00:00:00+00:00,2021-10-20T00:00:00+00:00,2026-09-03T11:15:03.742310+00:00,51130.0,52871.19921875,51002.6015625,52700.0,52691.734375,1940090
2021-10-20 00:00:00+00:00,2021-10-21T00:00:00+00:00,2026-09-03T11:15:03.742310+00:00,53000.0,53903.6015625,52782.3984375,53499.80078125,53491.4140625,1945900
2021-10-21 00:00:00+00:00,2021-10-22T00:00:00+00:00,2026-09-03T11:15:03.742310+00:00,53271.6015625,53840.0,52625.80078125,53295.0,53286.640625,1683105
2021-10-22 00:00:00+00:00,2021-10-23T00:00:00+00:00,2026-09-03T11:15:03.742310+00:00,53353.0,53663.80078125,53060.0,53300.0,53291.640625,1629170
2021-10-25 00:00:00+00:00,2021-10-26T00:00:00+00:00,2026-09-03T11:15:03.742310+00:00,53080.0,53294.6015625,51605.3984375,51874.6015625,51866.4609375,2011805
2021-10-26 00:00:00+00:00,2021-10-27T00:00:00+00:00,2026-09-03T11:15:03.742310+00:00,51649.0,53447.6015625,51414.0,53047.19921875,53038.8828125,2984785
2021-10-27 00:00:00+00:00,2021-10-28T00:00:00+00:00,2026-09-03T11:15:03.742310+00:00,51601.0,52728.0,51580.0,52378.3984375,52370.1875,2904885
2021-10-28 00:00:00+00:00,2021-10-29T00:00:00+00:00,2026-09-03T11:15:03.742310+00:00,52244.3984375,52826.0,51918.3984375,52425.0,52416.77734375,3433745
2021-10-29 00:00:00+00:00,2021-10-30T00:00:00+00:00,2026-09-03T11:15:03.742310+00:00,51703.0,52050.6015625,50976.6015625,51802.80078125,51794.6796875,5534195
2021-11-02 00:00:00+00:00,2021-11-03T00:00:00+00:00,2026-09-03T11:15:03.742310+00:00,51447.19921875,53299.80078125,51295.80078125,52113.6015625,52105.43359375,4339920
2021-11-03 00:00:00+00:00,2021-11-04T00:00:00+00:00,2026-09-03T11:15:03.742310+00:00,52420.0,53851.6015625,52308.3984375,53851.6015625,53843.16015625,1950615
2021-11-04 00:00:00+00:00,2021-11-05T00:00:00+00:00,2026-09-03T11:15:03.742310+00:00,54000.0,54283.19921875,52586.3984375,52586.3984375,52578.15234375,3241845
2021-11-05 00:00:00+00:00,2021-11-06T00:00:00+00:00,2026-09-03T11:15:03.742310+00:00,52300.0,52516.3984375,50753.80078125,50917.19921875,50909.21484375,1984345
2021-11-08 00:00:00+00:00,2021-11-09T00:00:00+00:00,2026-09-03T11:15:03.742310+00:00,50324.19921875,51169.6015625,49850.80078125,50400.0,50392.09765625,2295845
2021-11-09 00:00:00+00:00,2021-11-10T00:00:00+00:00,2026-09-03T11:15:03.742310+00:00,51000.0,51198.19921875,50289.69921875,51027.6015625,51019.59765625,1663995
2021-11-10 00:00:00+00:00,2021-11-11T00:00:00+00:00,2026-09-03T11:15:03.742310+00:00,51760.0,52959.3984375,50218.19921875,50962.80078125,50954.8125,2769150
2021-11-11 00:00:00+00:00,2021-11-12T00:00:00+00:00,2026-09-03T11:15:03.742310+00:00,51780.0,52116.3984375,50100.19921875,50134.0,50126.140625,2848845
2021-11-12 00:00:00+00:00,2021-11-13T00:00:00+00:00,2026-09-03T11:15:03.742310+00:00,50600.0,52734.0,50359.80078125,52456.6015625,52448.375,2448905
2021-11-15 00:00:00+00:00,2021-11-16T00:00:00+00:00,2026-09-03T11:15:03.742310+00:00,52500.0,53239.3984375,51893.6015625,53000.0,52991.6875,1317545
2021-11-16 00:00:00+00:00,2021-11-17T00:00:00+00:00,2026-09-03T11:15:03.742310+00:00,53500.0,55521.0,53138.80078125,55500.0,55491.296875,3252370
2021-11-17 00:00:00+00:00,2021-11-18T00:00:00+00:00,2026-09-03T11:15:03.742310+00:00,55500.19921875,55925.3984375,55000.0,55044.6015625,55035.96484375,2773405
2021-11-18 00:00:00+00:00,2021-11-19T00:00:00+00:00,2026-09-03T11:15:03.742310+00:00,54400.0,55140.0,54000.0,54326.80078125,54318.28125,2586195
2021-11-19 00:00:00+00:00,2021-11-20T00:00:00+00:00,2026-09-03T11:15:03.742310+00:00,54600.0,55061.3984375,53588.3984375,54320.0,54311.48046875,2314680
2021-11-22 00:00:00+00:00,2021-11-23T00:00:00+00:00,2026-09-03T11:15:03.742310+00:00,53442.19921875,54369.19921875,52635.19921875,53059.19921875,53050.8828125,2283860
2021-11-23 00:00:00+00:00,2021-11-24T00:00:00+00:00,2026-09-03T11:15:03.742310+00:00,52356.80078125,52397.6015625,50200.0,51324.80078125,51316.75,4319960
2021-11-24 00:00:00+00:00,2021-11-25T00:00:00+00:00,2026-09-03T11:15:03.742310+00:00,51600.0,51838.19921875,50441.3984375,50540.0,50532.07421875,2265265
2021-11-25 00:00:00+00:00,2021-11-26T00:00:00+00:00,2026-09-03T11:15:03.742310+00:00,50995.19921875,51500.0,49931.6015625,50080.6015625,50072.75,2876395
2021-11-26 00:00:00+00:00,2021-11-27T00:00:00+00:00,2026-09-03T11:15:03.742310+00:00,49020.19921875,51300.19921875,48680.0,50263.0,50255.1171875,4117765
2021-11-29 00:00:00+00:00,2021-11-30T00:00:00+00:00,2026-09-03T11:15:03.742310+00:00,50500.0,50772.19921875,49126.80078125,49229.80078125,49222.078125,2331170
2021-11-30 00:00:00+00:00,2021-12-01T00:00:00+00:00,2026-09-03T11:15:03.742310+00:00,48217.19921875,49689.3984375,48225.80078125,49164.80078125,49157.09375,7468770
2021-12-01 00:00:00+00:00,2021-12-02T00:00:00+00:00,2026-09-03T11:15:03.742310+00:00,49300.19921875,49980.0,49041.3984375,49387.6015625,49381.1875,3128760
2021-12-02 00:00:00+00:00,2021-12-03T00:00:00+00:00,2026-09-03T11:15:03.742310+00:00,49500.0,50100.0,48916.80078125,49540.0,49533.56640625,3463945
2021-12-03 00:00:00+00:00,2021-12-04T00:00:00+00:00,2026-09-03T11:15:03.742310+00:00,49199.0,49951.80078125,48400.3984375,49140.3984375,49134.015625,2760740
2021-12-06 00:00:00+00:00,2021-12-07T00:00:00+00:00,2026-09-03T11:15:03.742310+00:00,48706.19921875,49609.0,48200.0,49240.0,49233.60546875,4206180
2021-12-07 00:00:00+00:00,2021-12-08T00:00:00+00:00,2026-09-03T11:15:03.742310+00:00,50000.0,51616.0,49825.0,50841.3984375,50834.796875,3868290
2021-12-08 00:00:00+00:00,2021-12-09T00:00:00+00:00,2026-09-03T11:15:03.742310+00:00,51390.0,51549.0,50312.0,50529.3984375,50522.8359375,2897165
2021-12-09 00:00:00+00:00,2021-12-10T00:00:00+00:00,2026-09-03T11:15:03.742310+00:00,50940.0,50938.80078125,49357.0,49990.3984375,49983.91015625,2554430
2021-12-10 00:00:00+00:00,2021-12-11T00:00:00+00:00,2026-09-03T11:15:03.742310+00:00,49345.3984375,50512.3984375,49126.6015625,50390.80078125,50384.2578125,2321025
2021-12-13 00:00:00+00:00,2021-12-14T00:00:00+00:00,2026-09-03T11:15:03.742310+00:00,50480.0,51200.0,49790.80078125,50273.80078125,50267.2734375,3361355
2021-12-14 00:00:00+00:00,2021-12-15T00:00:00+00:00,2026-09-03T11:15:03.742310+00:00,49620.0,50376.0,48939.19921875,50092.3984375,50085.890625,3804345
2021-12-15 00:00:00+00:00,2021-12-16T00:00:00+00:00,2026-09-03T11:15:03.742310+00:00,50299.6015625,50256.3984375,49358.3984375,49400.0,49393.5859375,6398745
2021-12-17 00:00:00+00:00,2021-12-18T00:00:00+00:00,2026-09-03T11:15:03.742310+00:00,49000.0,49000.19921875,47040.6015625,47294.3984375,47288.25390625,6971465
2021-12-20 00:00:00+00:00,2021-12-21T00:00:00+00:00,2026-09-03T11:15:03.742310+00:00,47000.0,47875.19921875,46600.0,47500.0,47493.83203125,1834310
2021-12-21 00:00:00+00:00,2021-12-22T00:00:00+00:00,2026-09-03T11:15:03.742310+00:00,48000.0,48267.19921875,46889.19921875,47201.0,47194.87109375,2062390
2021-12-22 00:00:00+00:00,2021-12-23T00:00:00+00:00,2026-09-03T11:15:03.742310+00:00,47360.0,47899.0,46920.6015625,47679.3984375,47673.203125,1313265
2021-12-23 00:00:00+00:00,2021-12-24T00:00:00+00:00,2026-09-03T11:15:03.742310+00:00,49340.0,49297.6015625,48125.80078125,48200.6015625,48194.34765625,3199020
2021-12-24 00:00:00+00:00,2021-12-25T00:00:00+00:00,2026-09-03T11:15:03.742310+00:00,48890.0,48993.6015625,47946.80078125,48902.0,48895.65234375,438785
2021-12-28 00:00:00+00:00,2021-12-29T00:00:00+00:00,2026-09-03T11:15:03.742310+00:00,48740.0,48786.6015625,47900.80078125,48517.80078125,48511.49609375,1310845
2021-12-29 00:00:00+00:00,2021-12-30T00:00:00+00:00,2026-09-03T11:15:03.742310+00:00,48187.80078125,49227.3984375,47960.3984375,49109.6015625,49103.2265625,1045860
2021-12-30 00:00:00+00:00,2021-12-31T00:00:00+00:00,2026-09-03T11:15:03.742310+00:00,49120.0,49203.0,47800.0,48737.6015625,48731.2734375,2396020
2021-12-31 00:00:00+00:00,2022-01-01T00:00:00+00:00,2026-09-03T11:15:03.742310+00:00,49480.0,49900.0,49319.80078125,49440.0,49433.578125,870025
2022-01-03 00:00:00+00:00,2022-01-04T00:00:00+00:00,2026-09-03T11:15:03.742310+00:00,49300.0,50579.3984375,49388.3984375,50230.3984375,50223.875,1041135
2022-01-04 00:00:00+00:00,2022-01-05T00:00:00+00:00,2026-09-03T11:15:03.742310+00:00,50200.0,51736.6015625,50109.3984375,51450.0,51443.31640625,2001425
2022-01-05 00:00:00+00:00,2022-01-06T00:00:00+00:00,2026-09-03T11:15:03.742310+00:00,49800.0,50000.0,49170.80078125,49671.80078125,49665.3515625,2355400
2022-01-06 00:00:00+00:00,2022-01-07T00:00:00+00:00,2026-09-03T11:15:03.742310+00:00,49620.0,49642.19921875,47600.0,47905.80078125,47899.578125,2106585
2022-01-07 00:00:00+00:00,2022-01-08T00:00:00+00:00,2026-09-03T11:15:03.742310+00:00,48464.0,48520.0,47400.0,47780.80078125,47774.59765625,2719425
2022-01-10 00:00:00+00:00,2022-01-11T00:00:00+00:00,2026-09-03T11:15:03.742310+00:00,48380.0,48597.6015625,47482.80078125,47482.80078125,47476.63671875,1690715
2022-01-11 00:00:00+00:00,2022-01-12T00:00:00+00:00,2026-09-03T11:15:03.742310+00:00,48500.0,49039.6015625,47991.80078125,49039.6015625,49033.234375,2665900
2022-01-12 00:00:00+00:00,2022-01-13T00:00:00+00:00,2026-09-03T11:15:03.742310+00:00,49800.0,53600.0,49039.6015625,53600.0,53593.0390625,4978700
2022-01-13 00:00:00+00:00,2022-01-14T00:00:00+00:00,2026-09-03T11:15:03.742310+00:00,52946.19921875,53383.80078125,52080.0,52879.3984375,52872.53125,2932560
2022-01-14 00:00:00+00:00,2022-01-15T00:00:00+00:00,2026-09-03T11:15:03.742310+00:00,52327.19921875,52699.0,51600.0,52128.6015625,52121.828125,1918625
2022-01-17 00:00:00+00:00,2022-01-18T00:00:00+00:00,2026-09-03T11:15:03.742310+00:00,51600.0,52654.19921875,51757.0,52374.3984375,52367.59765625,1474825
2022-01-18 00:00:00+00:00,2022-01-19T00:00:00+00:00,2026-09-03T11:15:03.742310+00:00,51600.0,51776.0,50325.0,50573.0,50566.43359375,1959610
2022-01-19 00:00:00+00:00,2022-01-20T00:00:00+00:00,2026-09-03T11:15:03.742310+00:00,51020.0,51003.0,49620.0,50431.80078125,50425.25390625,1892235
2022-01-20 00:00:00+00:00,2022-01-21T00:00:00+00:00,2026-09-03T11:15:03.742310+00:00,52520.19921875,52992.3984375,51503.3984375,52992.3984375,52985.515625,3981355
2022-01-21 00:00:00+00:00,2022-01-22T00:00:00+00:00,2026-09-03T11:15:03.742310+00:00,52234.80078125,52680.0,51319.6015625,51440.19921875,51433.515625,2563935
2022-01-24 00:00:00+00:00,2022-01-25T00:00:00+00:00,2026-09-03T11:15:03.742310+00:00,51340.0,51599.80078125,49977.6015625,50086.3984375,50079.890625,2166960
2022-01-25 00:00:00+00:00,2022-01-26T00:00:00+00:00,2026-09-03T11:15:03.742310+00:00,50000.0,50183.3984375,48200.0,48200.0,48193.74609375,3810415
2022-01-26 00:00:00+00:00,2022-01-27T00:00:00+00:00,2026-09-03T11:15:03.742310+00:00,48940.0,49106.80078125,48332.80078125,48600.0,48593.69140625,2124695
2022-01-27 00:00:00+00:00,2022-01-28T00:00:00+00:00,2026-09-03T11:15:03.742310+00:00,47600.0,48200.0,46600.0,46920.80078125,46914.7109375,3582315
2022-01-28 00:00:00+00:00,2022-01-29T00:00:00+00:00,2026-09-03T11:15:03.742310+00:00,47021.0,47882.3984375,46861.3984375,46953.19921875,46947.10546875,1769765
2022-01-31 00:00:00+00:00,2022-02-01T00:00:00+00:00,2026-09-03T11:15:03.742310+00:00,48320.0,49494.19921875,47885.3984375,49241.19921875,49234.8046875,3103895
2022-02-01 00:00:00+00:00,2022-02-02T00:00:00+00:00,2026-09-03T11:15:03.742310+00:00,49900.0,50577.6015625,49599.0,50180.19921875,50173.6796875,7322565
2022-02-02 00:00:00+00:00,2022-02-03T00:00:00+00:00,2026-09-03T11:15:03.742310+00:00,50800.0,51089.6015625,49600.0,49600.0,49593.55859375,3492840
2022-02-03 00:00:00+00:00,2022-02-04T00:00:00+00:00,2026-09-03T11:15:03.742310+00:00,49000.0,50120.0,48600.0,48955.6015625,48949.2421875,3360365
2022-02-04 00:00:00+00:00,2022-02-05T00:00:00+00:00,2026-09-03T11:15:03.742310+00:00,49900.0,50113.19921875,49320.0,49607.6015625,49601.15625,1641645
2022-02-07 00:00:00+00:00,2022-02-08T00:00:00+00:00,2026-09-03T11:15:03.742310+00:00,49220.19921875,50188.19921875,49220.19921875,49522.0,49515.56640625,1896690
2022-02-08 00:00:00+00:00,2022-02-09T00:00:00+00:00,2026-09-03T11:15:03.742310+00:00,49050.19921875,49452.80078125,48077.80078125,48932.6015625,48926.24609375,2774110
2022-02-09 00:00:00+00:00,2022-02-10T00:00:00+00:00,2026-09-03T11:15:03.742310+00:00,49900.0,50737.80078125,49280.0,50000.0,49993.51171875,3404185
2022-02-10 00:00:00+00:00,2022-02-11T00:00:00+00:00,2026-09-03T11:15:03.742310+00:00,50000.0,50411.6015625,48505.80078125,48705.0,48698.67578125,2097320
2022-02-11 00:00:00+00:00,2022-02-12T00:00:00+00:00,2026-09-03T11:15:03.742310+00:00,48790.0,48873.0,47238.80078125,47955.3984375,47949.16796875,3151675
2022-02-14 00:00:00+00:00,2022-02-15T00:00:00+00:00,2026-09-03T11:15:03.742310+00:00,47400.0,47850.3984375,45700.0,45743.80078125,45737.859375,3298825
2022-02-15 00:00:00+00:00,2022-02-16T00:00:00+00:00,2026-09-03T11:15:03.742310+00:00,45820.0,46815.19921875,45627.80078125,45627.80078125,45621.87109375,3099205
2022-02-16 00:00:00+00:00,2022-02-17T00:00:00+00:00,2026-09-03T11:15:03.742310+00:00,46002.0,46479.80078125,45300.0,45361.19921875,45355.30859375,2179735
2022-02-17 00:00:00+00:00,2022-02-18T00:00:00+00:00,2026-09-03T11:15:03.742310+00:00,45301.6015625,45812.6015625,44742.80078125,45297.19921875,45291.31640625,2857495
2022-02-18 00:00:00+00:00,2022-02-19T00:00:00+00:00,2026-09-03T11:15:03.742310+00:00,45060.0,45447.3984375,44268.6015625,44739.0,44733.18359375,2590560
2022-02-21 00:00:00+00:00,2022-02-22T00:00:00+00:00,2026-09-03T11:15:03.742310+00:00,43838.19921875,43838.19921875,41084.80078125,41144.3984375,41139.0546875,5211745
2022-02-22 00:00:00+00:00,2022-02-23T00:00:00+00:00,2026-09-03T11:15:03.742310+00:00,40800.0,41719.80078125,40400.19921875,40993.80078125,40988.4765625,4970435
2022-02-23 00:00:00+00:00,2022-02-24T00:00:00+00:00,2026-09-03T11:15:03.742310+00:00,41210.0,41980.0,40169.0,40169.0,40163.78125,6975980
2022-02-24 00:00:00+00:00,2022-02-25T00:00:00+00:00,2026-09-03T11:15:03.742310+00:00,38500.0,40169.0,37222.3984375,37927.3984375,37922.46875,7050680
2022-02-25 00:00:00+00:00,2022-02-26T00:00:00+00:00,2026-09-03T11:15:03.742310+00:00,38000.0,38680.6015625,37391.3984375,37696.0,37691.1015625,3494930
2022-02-28 00:00:00+00:00,2022-03-01T00:00:00+00:00,2026-09-03T11:15:03.742310+00:00,37399.80078125,38767.3984375,37139.3984375,38569.19921875,38564.19140625,6781505
2022-03-01 00:00:00+00:00,2022-03-02T00:00:00+00:00,2026-09-03T11:15:03.742310+00:00,39800.0,39786.19921875,38677.19921875,38780.6015625,38775.5625,4094750
2022-03-02 00:00:00+00:00,2022-03-03T00:00:00+00:00,2026-09-03T11:15:03.742310+00:00,38740.0,38767.80078125,37200.19921875,37412.6015625,37407.7421875,4833015
2022-03-03 00:00:00+00:00,2022-03-04T00:00:00+00:00,2026-09-03T11:15:03.742310+00:00,37600.0,37700.0,36110.0,36682.80078125,36678.03515625,3640370
2022-03-04 00:00:00+00:00,2022-03-05T00:00:00+00:00,2026-09-03T11:15:03.742310+00:00,35199.3984375,36682.80078125,32564.400390625,32668.400390625,32664.154296875,7937820
2022-03-07 00:00:00+00:00,2022-03-08T00:00:00+00:00,2026-09-03T11:15:03.742310+00:00,31901.599609375,33104.3984375,30536.0,32692.0,32687.75390625,6653015
2022-03-08 00:00:00+00:00,2022-03-09T00:00:00+00:00,2026-09-03T11:15:03.742310+00:00,32380.0,34650.19921875,31804.80078125,34183.80078125,34179.359375,6343940
2022-03-09 00:00:00+00:00,2022-03-10T00:00:00+00:00,2026-09-03T11:15:03.742310+00:00,34000.0,36975.3984375,33600.0,36200.0,36195.30078125,7048795
2022-03-10 00:00:00+00:00,2022-03-11T00:00:00+00:00,2026-09-03T11:15:03.742310+00:00,36200.0,37145.19921875,35661.19921875,35874.3984375,35869.73828125,5673840
2022-03-11 00:00:00+00:00,2022-03-12T00:00:00+00:00,2026-09-03T11:15:03.742310+00:00,34900.0,36673.3984375,34500.0,35863.3984375,35858.73828125,4063055
2022-03-14 00:00:00+00:00,2022-03-15T00:00:00+00:00,2026-09-03T11:15:03.742310+00:00,34410.19921875,34509.6015625,30155.599609375,31157.80078125,31153.75390625,7583145
2022-03-15 00:00:00+00:00,2022-03-16T00:00:00+00:00,2026-09-03T11:15:03.742310+00:00,28959.400390625,30097.80078125,27850.0,29874.0,29870.12109375,10242090
2022-03-16 00:00:00+00:00,2022-03-17T00:00:00+00:00,2026-09-03T11:15:03.742310+00:00,35520.0,36238.19921875,34342.6015625,36126.3984375,36121.70703125,9127945
2022-03-17 00:00:00+00:00,2022-03-18T00:00:00+00:00,2026-09-03T11:15:03.742310+00:00,37000.0,37236.80078125,35032.0,35371.0,35366.40625,9923960
2022-03-18 00:00:00+00:00,2022-03-19T00:00:00+00:00,2026-09-03T11:15:03.742310+00:00,35979.80078125,36900.3984375,35335.80078125,36900.3984375,36895.60546875,22799185
2022-03-22 00:00:00+00:00,2022-03-23T00:00:00+00:00,2026-09-03T11:15:03.742310+00:00,36500.0,37508.19921875,35830.0,37306.19921875,37301.35546875,5864285
2022-03-23 00:00:00+00:00,2022-03-24T00:00:00+00:00,2026-09-03T11:15:03.742310+00:00,37497.6015625,37461.19921875,33753.80078125,33780.0,33775.61328125,6624625
2022-03-24 00:00:00+00:00,2022-03-25T00:00:00+00:00,2026-09-03T11:15:03.742310+00:00,34200.0,34200.0,32331.0,32471.19921875,32466.98046875,3904810
2022-03-25 00:00:00+00:00,2022-03-26T00:00:00+00:00,2026-09-03T11:15:03.742310+00:00,32100.19921875,32575.19921875,31760.0,31974.400390625,31970.24609375,3943325
2022-03-28 00:00:00+00:00,2022-03-29T00:00:00+00:00,2026-09-03T11:15:03.742310+00:00,32561.0,32919.19921875,31830.19921875,32000.599609375,31996.443359375,3100615
2022-03-29 00:00:00+00:00,2022-03-30T00:00:00+00:00,2026-09-03T11:15:03.742310+00:00,32490.400390625,34162.0,32495.19921875,34162.0,34157.5625,3722595
2022-03-30 00:00:00+00:00,2022-03-31T00:00:00+00:00,2026-09-03T11:15:03.742310+00:00,33930.0,34873.3984375,33837.0,34087.3984375,34082.97265625,4270075
2022-03-31 00:00:00+00:00,2022-04-01T00:00:00+00:00,2026-09-03T11:15:03.742310+00:00,34000.0,34144.19921875,33174.6015625,33282.3984375,33278.078125,3458420
2022-04-01 00:00:00+00:00,2022-04-02T00:00:00+00:00,2026-09-03T11:15:03.742310+00:00,33780.0,34786.6015625,32803.19921875,34426.0,34421.53515625,5529180
2022-04-04 00:00:00+00:00,2022-04-05T00:00:00+00:00,2026-09-03T11:15:03.742310+00:00,35000.0,36090.0,34834.0,35821.0,35816.3515625,3025770
2022-04-05 00:00:00+00:00,2022-04-06T00:00:00+00:00,2026-09-03T11:15:03.742310+00:00,35955.6015625,36272.0,35164.80078125,35470.0,35465.39453125,5695120
2022-04-06 00:00:00+00:00,2022-04-07T00:00:00+00:00,2026-09-03T11:15:03.742310+00:00,35534.80078125,35569.80078125,33050.19921875,33221.0,33216.68359375,3565545
2022-04-07 00:00:00+00:00,2022-04-08T00:00:00+00:00,2026-09-03T11:15:03.742310+00:00,33400.19921875,33573.3984375,32542.599609375,32651.0,32646.76171875,2076175
2022-04-08 00:00:00+00:00,2022-04-09T00:00:00+00:00,2026-09-03T11:15:03.742310+00:00,33315.80078125,33315.80078125,31740.0,32000.0,31995.84375,1690350
2022-04-11 00:00:00+00:00,2022-04-12T00:00:00+00:00,2026-09-03T11:15:03.742310+00:00,31124.0,33200.0,30420.0,32820.0,32815.734375,5181505
2022-04-12 00:00:00+00:00,2022-04-13T00:00:00+00:00,2026-09-03T11:15:03.742310+00:00,32980.0,32949.80078125,31489.19921875,31489.19921875,31485.109375,3243955
2022-04-13 00:00:00+00:00,2022-04-14T00:00:00+00:00,2026-09-03T11:15:03.742310+00:00,31989.80078125,32097.0,30440.19921875,31243.599609375,31239.54296875,4080485
2022-04-14 00:00:00+00:00,2022-04-15T00:00:00+00:00,2026-09-03T11:15:03.742310+00:00,31480.0,32222.400390625,30340.19921875,30463.599609375,30459.642578125,3669010
2022-04-19 00:00:00+00:00,2022-04-20T00:00:00+00:00,2026-09-03T11:15:03.742310+00:00,29993.599609375,30600.0,29286.599609375,30576.599609375,30572.630859375,3593235
2022-04-20 00:00:00+00:00,2022-04-21T00:00:00+00:00,2026-09-03T11:15:03.742310+00:00,30367.80078125,30431.19921875,29463.400390625,29898.400390625,29894.517578125,3772695
2022-04-21 00:00:00+00:00,2022-04-22T00:00:00+00:00,2026-09-03T11:15:03.742310+00:00,29024.0,30301.400390625,28921.0,29484.599609375,29480.76953125,3931685
2022-04-22 00:00:00+00:00,2022-04-23T00:00:00+00:00,2026-09-03T11:15:03.742310+00:00,29232.0,30501.0,29112.0,30145.599609375,30141.685546875,3204330
2022-04-25 00:00:00+00:00,2022-04-26T00:00:00+00:00,2026-09-03T11:15:03.742310+00:00,29100.0,30139.19921875,28822.19921875,30057.599609375,30053.697265625,4789140
2022-04-26 00:00:00+00:00,2022-04-27T00:00:00+00:00,2026-09-03T11:15:03.742310+00:00,30400.0,30958.0,30000.0,30000.0,29996.103515625,4068955
2022-04-28 00:00:00+00:00,2022-04-29T00:00:00+00:00,2026-09-03T11:15:03.742310+00:00,30600.0,31000.0,29700.0,29788.400390625,29784.53125,4046615
2022-04-29 00:00:00+00:00,2022-04-30T00:00:00+00:00,2026-09-03T11:15:03.742310+00:00,32100.0,32962.3984375,31901.80078125,32155.0,32150.82421875,12139390
2022-05-03 00:00:00+00:00,2022-05-04T00:00:00+00:00,2026-09-03T11:15:03.742310+00:00,32600.0,32862.80078125,31837.19921875,31937.599609375,31933.451171875,5704020
2022-05-04 00:00:00+00:00,2022-05-05T00:00:00+00:00,2026-09-03T11:15:03.742310+00:00,31301.0,31788.400390625,30276.19921875,30656.80078125,30652.818359375,4538645
2022-05-05 00:00:00+00:00,2022-05-06T00:00:00+00:00,2026-09-03T11:15:03.742310+00:00,31020.0,31241.0,29213.599609375,29213.599609375,29209.806640625,4130490
2022-05-06 00:00:00+00:00,2022-05-07T00:00:00+00:00,2026-09-03T11:15:03.742310+00:00,29100.0,29692.0,28650.599609375,29194.19921875,29190.40625,4721970
2022-05-09 00:00:00+00:00,2022-05-10T00:00:00+00:00,2026-09-03T11:15:03.742310+00:00,28952.0,29179.80078125,28434.80078125,28543.80078125,28540.09375,4180995
2022-05-10 00:00:00+00:00,2022-05-11T00:00:00+00:00,2026-09-03T11:15:03.742310+00:00,28927.0,29957.19921875,28700.0,29054.400390625,29050.626953125,4390670
2022-05-11 00:00:00+00:00,2022-05-12T00:00:00+00:00,2026-09-03T11:15:03.742310+00:00,29617.400390625,31751.599609375,29558.599609375,31180.0,31175.951171875,6450980
2022-05-12 00:00:00+00:00,2022-05-13T00:00:00+00:00,2026-09-03T11:15:03.742310+00:00,30140.0,31693.0,29840.19921875,31693.0,31688.8828125,4861155
2022-05-13 00:00:00+00:00,2022-05-14T00:00:00+00:00,2026-09-03T11:15:03.742310+00:00,32009.400390625,32329.599609375,30766.599609375,32090.0,32085.833984375,4586875
2022-05-16 00:00:00+00:00,2022-05-17T00:00:00+00:00,2026-09-03T11:15:03.742310+00:00,31920.400390625,32009.400390625,31200.0,31457.19921875,31453.11328125,4550015
2022-05-17 00:00:00+00:00,2022-05-18T00:00:00+00:00,2026-09-03T11:15:03.742310+00:00,32602.0,34176.6015625,32501.80078125,33555.80078125,33551.44140625,8150995
2022-05-18 00:00:00+00:00,2022-05-19T00:00:00+00:00,2026-09-03T11:15:03.742310+00:00,33450.0,33600.0,31320.0,31960.0,31955.8515625,7252930
2022-05-19 00:00:00+00:00,2022-05-20T00:00:00+00:00,2026-09-03T11:15:03.742310+00:00,31040.0,31772.400390625,30800.0,31696.80078125,31692.681640625,4881065
2022-05-20 00:00:00+00:00,2022-05-21T00:00:00+00:00,2026-09-03T11:15:03.742310+00:00,32360.0,33306.0,31991.400390625,32074.400390625,32070.234375,5582805
2022-05-23 00:00:00+00:00,2022-05-24T00:00:00+00:00,2026-09-03T11:15:03.742310+00:00,32206.599609375,32709.0,31220.0,31312.19921875,31308.1328125,3246805
2022-05-24 00:00:00+00:00,2022-05-25T00:00:00+00:00,2026-09-03T11:15:03.742310+00:00,30400.0,30652.0,29203.599609375,29203.599609375,29199.806640625,4860785
2022-05-25 00:00:00+00:00,2022-05-26T00:00:00+00:00,2026-09-03T11:15:03.742310+00:00,29580.0,30537.599609375,29081.599609375,30537.599609375,30533.6328125,6178180
2022-05-26 00:00:00+00:00,2022-05-27T00:00:00+00:00,2026-09-03T11:15:03.742310+00:00,30232.19921875,32120.19921875,30240.0,32003.80078125,31999.64453125,4152990
2022-05-27 00:00:00+00:00,2022-05-28T00:00:00+00:00,2026-09-03T11:15:03.742310+00:00,31760.0,32041.599609375,31080.0,31727.400390625,31723.28125,4977050
2022-05-30 00:00:00+00:00,2022-05-31T00:00:00+00:00,2026-09-03T11:15:03.742310+00:00,32300.0,33488.6015625,31970.80078125,33365.19921875,33360.8671875,4355055
2022-05-31 00:00:00+00:00,2022-06-01T00:00:00+00:00,2026-09-03T11:15:03.742310+00:00,33501.6015625,34598.19921875,33446.3984375,34288.6015625,34284.15234375,12771335
2022-06-01 00:00:00+00:00,2022-06-02T00:00:00+00:00,2026-09-03T11:15:03.742310+00:00,33620.0,34810.0,33151.80078125,33606.6015625,33602.234375,5082525
2022-06-02 00:00:00+00:00,2022-06-03T00:00:00+00:00,2026-09-03T11:15:03.742310+00:00,33589.19921875,33447.3984375,32478.400390625,33070.19921875,33065.90234375,3705090
2022-06-03 00:00:00+00:00,2022-06-04T00:00:00+00:00,2026-09-03T11:15:03.742310+00:00,33400.0,33660.0,33045.0,33196.3984375,33192.0859375,2994410
2022-06-06 00:00:00+00:00,2022-06-07T00:00:00+00:00,2026-09-03T11:15:03.742310+00:00,33200.19921875,34529.0,32817.6015625,34485.6015625,34481.12109375,3033050
2022-06-07 00:00:00+00:00,2022-06-08T00:00:00+00:00,2026-09-03T11:15:03.742310+00:00,34000.0,33998.0,32848.19921875,33493.6015625,33489.25,2827525
2022-06-08 00:00:00+00:00,2022-06-09T00:00:00+00:00,2026-09-03T11:15:03.742310+00:00,34800.0,36883.19921875,34639.19921875,36478.80078125,36474.0625,8816210
2022-06-09 00:00:00+00:00,2022-06-10T00:00:00+00:00,2026-09-03T11:15:03.742310+00:00,36478.0,39135.3984375,35652.3984375,36720.6015625,36715.83203125,7976570
2022-06-10 00:00:00+00:00,2022-06-11T00:00:00+00:00,2026-09-03T11:15:03.742310+00:00,36400.0,36883.3984375,35449.3984375,35463.19921875,35458.59375,5597935
2022-06-13 00:00:00+00:00,2022-06-14T00:00:00+00:00,2026-09-03T11:15:03.742310+00:00,34338.80078125,35471.3984375,33870.19921875,34807.19921875,34802.6796875,8753900
2022-06-14 00:00:00+00:00,2022-06-15T00:00:00+00:00,2026-09-03T11:15:03.742310+00:00,35640.19921875,35377.80078125,34461.19921875,34800.0,34795.48046875,3974800
2022-06-15 00:00:00+00:00,2022-06-16T00:00:00+00:00,2026-09-03T11:15:03.742310+00:00,35100.0,36378.3984375,34449.3984375,36271.3984375,36266.6875,9849625
2022-06-17 00:00:00+00:00,2022-06-18T00:00:00+00:00,2026-09-03T11:15:03.742310+00:00,36600.0,37799.80078125,35200.19921875,35987.0,35982.3203125,11673710
2022-06-20 00:00:00+00:00,2022-06-21T00:00:00+00:00,2026-09-03T11:15:03.742310+00:00,36210.19921875,36988.80078125,35922.6015625,36615.6015625,36610.84765625,2837640
2022-06-21 00:00:00+00:00,2022-06-22T00:00:00+00:00,2026-09-03T11:15:03.742310+00:00,37295.0,37599.6015625,36348.80078125,36925.0,36920.20703125,3392555
2022-06-22 00:00:00+00:00,2022-06-23T00:00:00+00:00,2026-09-03T11:15:03.742310+00:00,36313.19921875,36893.6015625,35432.6015625,36552.0,36547.25,2873335
2022-06-23 00:00:00+00:00,2022-06-24T00:00:00+00:00,2026-09-03T11:15:03.742310+00:00,36736.19921875,37198.0,36469.80078125,36977.6015625,36972.796875,3671795
2022-06-24 00:00:00+00:00,2022-06-25T00:00:00+00:00,2026-09-03T11:15:03.742310+00:00,37420.0,38491.6015625,37020.80078125,38255.3984375,38250.4296875,3389090
2022-06-27 00:00:00+00:00,2022-06-28T00:00:00+00:00,2026-09-03T11:15:03.742310+00:00,44000.0,48900.0,42199.19921875,46973.80078125,46967.69921875,19270280
2022-06-28 00:00:00+00:00,2022-06-29T00:00:00+00:00,2026-09-03T11:15:03.742310+00:00,45500.80078125,46764.0,45161.19921875,46063.0,46057.015625,10574820
2022-06-29 00:00:00+00:00,2022-06-30T00:00:00+00:00,2026-09-03T11:15:03.742310+00:00,45447.80078125,46956.80078125,45100.3984375,46863.19921875,46857.109375,11329955
2022-06-30 00:00:00+00:00,2022-07-01T00:00:00+00:00,2026-09-03T11:15:03.742310+00:00,46199.6015625,48262.1015625,46032.6015625,47354.3984375,47348.25,9577920
2022-07-01 00:00:00+00:00,2022-07-02T00:00:00+00:00,2026-09-03T11:15:03.742310+00:00,47242.6015625,50700.6015625,46584.19921875,50350.0,50343.45703125,10873880
2022-07-04 00:00:00+00:00,2022-07-05T00:00:00+00:00,2026-09-03T11:15:03.742310+00:00,50360.0,51239.80078125,49267.80078125,50979.3984375,50972.77734375,9142440
2022-07-05 00:00:00+00:00,2022-07-06T00:00:00+00:00,2026-09-03T11:15:03.742310+00:00,51040.80078125,53317.19921875,50978.80078125,53299.80078125,53292.87890625,7849555
2022-07-06 00:00:00+00:00,2022-07-07T00:00:00+00:00,2026-09-03T11:15:03.742310+00:00,52945.0,53760.0,52036.80078125,52400.0,52393.19140625,10308715
2022-07-07 00:00:00+00:00,2022-07-08T00:00:00+00:00,2026-09-03T11:15:03.742310+00:00,52680.0,57065.0,52585.3984375,57065.0,57057.5859375,6171520
2022-07-08 00:00:00+00:00,2022-07-09T00:00:00+00:00,2026-09-03T11:15:03.742310+00:00,56300.0,56823.6015625,52894.19921875,53130.0,53123.09765625,7221075
2022-07-11 00:00:00+00:00,2022-07-12T00:00:00+00:00,2026-09-03T11:15:03.742310+00:00,52000.0,53129.80078125,51211.19921875,51967.3984375,51960.65234375,4035870
2022-07-12 00:00:00+00:00,2022-07-13T00:00:00+00:00,2026-09-03T11:15:03.742310+00:00,51260.0,53039.0,51200.19921875,52602.6015625,52595.76953125,3994415
2022-07-13 00:00:00+00:00,2022-07-14T00:00:00+00:00,2026-09-03T11:15:03.742310+00:00,51380.0,52580.3984375,48613.80078125,50058.80078125,50052.296875,8208410
2022-07-14 00:00:00+00:00,2022-07-15T00:00:00+00:00,2026-09-03T11:15:03.742310+00:00,49660.0,50936.6015625,49460.6015625,50000.0,49993.51171875,6095490
2022-07-15 00:00:00+00:00,2022-07-16T00:00:00+00:00,2026-09-03T11:15:03.742310+00:00,49200.0,49871.3984375,48599.0,49081.80078125,49075.42578125,6405285
2022-07-18 00:00:00+00:00,2022-07-19T00:00:00+00:00,2026-09-03T11:15:03.742310+00:00,50000.0,51659.3984375,49675.6015625,51175.80078125,51169.15234375,5847165
2022-07-19 00:00:00+00:00,2022-07-20T00:00:00+00:00,2026-09-03T11:15:03.742310+00:00,50710.0,53281.80078125,50332.80078125,52889.3984375,52882.53125,3848060
2022-07-20 00:00:00+00:00,2022-07-21T00:00:00+00:00,2026-09-03T11:15:03.742310+00:00,52955.3984375,54084.30078125,52452.3984375,53200.0,53193.09375,4695635
2022-07-21 00:00:00+00:00,2022-07-22T00:00:00+00:00,2026-09-03T11:15:03.742310+00:00,53179.80078125,54699.3984375,52542.80078125,53252.0,53245.078125,4624335
2022-07-22 00:00:00+00:00,2022-07-23T00:00:00+00:00,2026-09-03T11:15:03.742310+00:00,53180.0,53667.19921875,52200.0,52200.0,52193.21875,3224645
2022-07-25 00:00:00+00:00,2022-07-26T00:00:00+00:00,2026-09-03T11:15:03.742310+00:00,51605.19921875,52340.0,50138.3984375,50621.0,50614.42578125,3837310
2022-07-26 00:00:00+00:00,2022-07-27T00:00:00+00:00,2026-09-03T11:15:03.742310+00:00,51020.0,52238.0,50821.6015625,51015.80078125,51009.171875,3452085
2022-07-27 00:00:00+00:00,2022-07-28T00:00:00+00:00,2026-09-03T11:15:03.742310+00:00,50403.0,51340.0,49130.0,49457.0,49450.578125,4257090
2022-07-28 00:00:00+00:00,2022-07-29T00:00:00+00:00,2026-09-03T11:15:03.742310+00:00,49501.19921875,50404.80078125,49040.0,49180.19921875,49173.81640625,3727910
2022-07-29 00:00:00+00:00,2022-07-30T00:00:00+00:00,2026-09-03T11:15:03.742310+00:00,47600.0,48113.6015625,46609.19921875,47128.6015625,47122.48046875,8236460
2022-08-01 00:00:00+00:00,2022-08-02T00:00:00+00:00,2026-09-03T11:15:03.742310+00:00,46300.0,48000.0,46312.80078125,47449.6015625,47443.4375,4899615
2022-08-02 00:00:00+00:00,2022-08-03T00:00:00+00:00,2026-09-03T11:15:03.742310+00:00,46515.6015625,47291.6015625,45757.3984375,46529.80078125,46523.7578125,4396560
2022-08-03 00:00:00+00:00,2022-08-04T00:00:00+00:00,2026-09-03T11:15:03.742310+00:00,47199.3984375,48576.19921875,47000.0,48455.0,48448.7109375,4352125
2022-08-04 00:00:00+00:00,2022-08-05T00:00:00+00:00,2026-09-03T11:15:03.742310+00:00,49098.0,50035.0,48405.3984375,48539.3984375,48533.09375,3481570
2022-08-05 00:00:00+00:00,2022-08-06T00:00:00+00:00,2026-09-03T11:15:03.742310+00:00,48404.19921875,49296.3984375,48020.6015625,48999.3984375,48993.03515625,2632585
2022-08-08 00:00:00+00:00,2022-08-09T00:00:00+00:00,2026-09-03T11:15:03.742310+00:00,48700.19921875,50430.0,48728.19921875,49889.19921875,49882.71484375,3506405
2022-08-10 00:00:00+00:00,2022-08-11T00:00:00+00:00,2026-09-03T11:15:03.742310+00:00,48934.80078125,49272.30078125,47296.19921875,48600.0,48593.69140625,3976580
2022-08-11 00:00:00+00:00,2022-08-12T00:00:00+00:00,2026-09-03T11:15:03.742310+00:00,49002.0,50800.0,48610.0,50178.6015625,50172.08203125,4252670
2022-08-12 00:00:00+00:00,2022-08-13T00:00:00+00:00,2026-09-03T11:15:03.742310+00:00,49620.0,50174.0,48655.19921875,48883.3984375,48877.05078125,2475870
2022-08-15 00:00:00+00:00,2022-08-16T00:00:00+00:00,2026-09-03T11:15:03.742310+00:00,48760.0,50000.0,48760.0,49547.0,49540.56640625,2712045
2022-08-16 00:00:00+00:00,2022-08-17T00:00:00+00:00,2026-09-03T11:15:03.742310+00:00,48960.0,51860.0,49149.5,51611.6015625,51604.8984375,4746035
2022-08-17 00:00:00+00:00,2022-08-18T00:00:00+00:00,2026-09-03T11:15:03.742310+00:00,51060.19921875,52121.19921875,49795.19921875,51776.6015625,51769.87890625,4835505
2022-08-18 00:00:00+00:00,2022-08-19T00:00:00+00:00,2026-09-03T11:15:03.742310+00:00,52129.6015625,52399.80078125,50310.3984375,50430.3984375,50423.8515625,5003510
2022-08-19 00:00:00+00:00,2022-08-20T00:00:00+00:00,2026-09-03T11:15:03.742310+00:00,49910.0,51318.6015625,49300.19921875,49468.0,49461.57421875,3202740
2022-08-22 00:00:00+00:00,2022-08-23T00:00:00+00:00,2026-09-03T11:15:03.742310+00:00,48600.19921875,50460.0,48161.3984375,48931.19921875,48924.84375,3948465
2022-08-23 00:00:00+00:00,2022-08-24T00:00:00+00:00,2026-09-03T11:15:03.742310+00:00,48620.0,49993.80078125,48620.0,49380.0,49373.5859375,2009200
2022-08-24 00:00:00+00:00,2022-08-25T00:00:00+00:00,2026-09-03T11:15:03.742310+00:00,48855.19921875,49993.80078125,48867.19921875,49169.0,49162.6171875,3217015
2022-08-25 00:00:00+00:00,2022-08-26T00:00:00+00:00,2026-09-03T11:15:03.742310+00:00,49800.0,52252.80078125,49645.80078125,52252.80078125,52246.015625,4320465
2022-08-26 00:00:00+00:00,2022-08-27T00:00:00+00:00,2026-09-03T11:15:03.742310+00:00,51720.0,52899.80078125,50538.6015625,51037.80078125,51031.171875,4106305
2022-08-29 00:00:00+00:00,2022-08-30T00:00:00+00:00,2026-09-03T11:15:03.742310+00:00,50420.19921875,51017.80078125,49940.0,50400.0,50393.45703125,2674615
2022-08-30 00:00:00+00:00,2022-08-31T00:00:00+00:00,2026-09-03T11:15:03.742310+00:00,50200.0,50676.19921875,48096.6015625,48260.19921875,48253.9296875,2450520
2022-08-31 00:00:00+00:00,2022-09-01T00:00:00+00:00,2026-09-03T11:15:03.742310+00:00,49422.80078125,50100.0,48501.6015625,48515.3984375,48509.09375,5377385
2022-09-01 00:00:00+00:00,2022-09-02T00:00:00+00:00,2026-09-03T11:15:03.742310+00:00,48375.6015625,48546.6015625,46800.0,46842.0,46835.91015625,5803355
2022-09-02 00:00:00+00:00,2022-09-03T00:00:00+00:00,2026-09-03T11:15:03.742310+00:00,47101.0,48793.0,46861.19921875,48510.3984375,48504.09375,3859635
2022-09-05 00:00:00+00:00,2022-09-06T00:00:00+00:00,2026-09-03T11:15:03.742310+00:00,48250.0,48399.80078125,46800.19921875,47947.0,47940.76953125,6880845
2022-09-06 00:00:00+00:00,2022-09-07T00:00:00+00:00,2026-09-03T11:15:03.742310+00:00,47990.0,48341.0,47105.80078125,47532.19921875,47526.0234375,3666970
2022-09-07 00:00:00+00:00,2022-09-08T00:00:00+00:00,2026-09-03T11:15:03.742310+00:00,47111.0,48335.80078125,46802.0,47480.0,47473.8359375,3224385
2022-09-08 00:00:00+00:00,2022-09-09T00:00:00+00:00,2026-09-03T11:15:03.742310+00:00,46900.0,48998.0,46640.0,48838.19921875,48831.85546875,5167240
2022-09-09 00:00:00+00:00,2022-09-10T00:00:00+00:00,2026-09-03T11:15:03.742310+00:00,49240.0,50977.0,49573.0,49835.3984375,49828.9296875,5683215
2022-09-12 00:00:00+00:00,2022-09-13T00:00:00+00:00,2026-09-03T11:15:03.742310+00:00,50599.6015625,50995.80078125,49377.80078125,50120.6015625,50114.09375,2933090
2022-09-13 00:00:00+00:00,2022-09-14T00:00:00+00:00,2026-09-03T11:15:03.742310+00:00,49700.19921875,50188.6015625,48139.80078125,48882.19921875,48875.8515625,4976240
2022-09-14 00:00:00+00:00,2022-09-15T00:00:00+00:00,2026-09-03T11:15:03.742310+00:00,48740.0,49714.19921875,47874.80078125,49400.0,49393.5859375,4104435
2022-09-15 00:00:00+00:00,2022-09-16T00:00:00+00:00,2026-09-03T11:15:03.742310+00:00,49880.0,50357.6015625,48996.6015625,49323.0,49316.59765625,8648350
2022-09-16 00:00:00+00:00,2022-09-17T00:00:00+00:00,2026-09-03T11:15:03.742310+00:00,48700.0,49323.0,47313.3984375,47313.3984375,47307.25390625,11911470
2022-09-19 00:00:00+00:00,2022-09-20T00:00:00+00:00,2026-09-03T11:15:03.742310+00:00,46920.0,47872.80078125,46537.19921875,47383.3984375,47377.2421875,3840650
2022-09-20 00:00:00+00:00,2022-09-21T00:00:00+00:00,2026-09-03T11:15:03.742310+00:00,47630.0,48900.0,47525.80078125,47840.0,47833.78515625,5505515
2022-09-21 00:00:00+00:00,2022-09-22T00:00:00+00:00,2026-09-03T11:15:03.742310+00:00,47780.0,47800.0,46804.6015625,47500.0,47493.83203125,4127825
2022-09-22 00:00:00+00:00,2022-09-23T00:00:00+00:00,2026-09-03T11:15:03.742310+00:00,46400.19921875,47484.3984375,45374.19921875,45378.6015625,45372.7109375,3667935
2022-09-23 00:00:00+00:00,2022-09-24T00:00:00+00:00,2026-09-03T11:15:03.742310+00:00,45011.0,45599.80078125,43852.80078125,44938.3984375,44932.5625,5051680
2022-09-26 00:00:00+00:00,2022-09-27T00:00:00+00:00,2026-09-03T11:15:03.742310+00:00,45140.0,48000.0,45208.3984375,47669.3984375,47663.203125,6919080
2022-09-27 00:00:00+00:00,2022-09-28T00:00:00+00:00,2026-09-03T11:15:03.742310+00:00,47299.80078125,47415.3984375,45563.3984375,45883.0,45877.0390625,4007085
2022-09-28 00:00:00+00:00,2022-09-29T00:00:00+00:00,2026-09-03T11:15:03.742310+00:00,45679.19921875,45582.80078125,44047.80078125,44954.19921875,44948.36328125,5815560
2022-09-29 00:00:00+00:00,2022-09-30T00:00:00+00:00,2026-09-03T11:15:03.742310+00:00,44240.0,45200.19921875,43561.3984375,43954.0,43948.2890625,4562845
2022-09-30 00:00:00+00:00,2022-10-01T00:00:00+00:00,2026-09-03T11:15:03.742310+00:00,43550.0,45660.0,43550.0,45265.80078125,45259.92578125,6135385
2022-10-03 00:00:00+00:00,2022-10-04T00:00:00+00:00,2026-09-03T11:15:03.742310+00:00,44656.6015625,45840.80078125,44505.80078125,45420.0,45414.10546875,3326915
2022-10-04 00:00:00+00:00,2022-10-05T00:00:00+00:00,2026-09-03T11:15:03.742310+00:00,45875.0,47052.0,45493.6015625,47052.0,47045.890625,4760575
2022-10-05 00:00:00+00:00,2022-10-06T00:00:00+00:00,2026-09-03T11:15:03.742310+00:00,47302.0,47681.19921875,45700.0,46140.0,46135.30078125,4425815
2022-10-06 00:00:00+00:00,2022-10-07T00:00:00+00:00,2026-09-03T11:15:03.742310+00:00,46652.80078125,48894.6015625,46500.0,48000.0,47995.11328125,6640810
2022-10-07 00:00:00+00:00,2022-10-08T00:00:00+00:00,2026-09-03T11:15:03.742310+00:00,47300.0,48013.19921875,46700.0,47372.0,47367.1796875,3844055
2022-10-10 00:00:00+00:00,2022-10-11T00:00:00+00:00,2026-09-03T11:15:03.742310+00:00,46333.80078125,46490.0,45158.19921875,45158.19921875,45153.59765625,3220165
2022-10-11 00:00:00+00:00,2022-10-12T00:00:00+00:00,2026-09-03T11:15:03.742310+00:00,44660.0,45601.6015625,44189.6015625,44668.3984375,44663.8515625,2580315
2022-10-12 00:00:00+00:00,2022-10-13T00:00:00+00:00,2026-09-03T11:15:03.742310+00:00,45111.0,45655.6015625,43940.3984375,44056.6015625,44052.1171875,3084975
2022-10-13 00:00:00+00:00,2022-10-14T00:00:00+00:00,2026-09-03T11:15:03.742310+00:00,43649.0,44282.0,41800.19921875,42069.80078125,42065.51953125,6104600
2022-10-14 00:00:00+00:00,2022-10-15T00:00:00+00:00,2026-09-03T11:15:03.742310+00:00,43579.3984375,43987.6015625,42000.0,42543.80078125,42539.46875,4506370
2022-10-17 00:00:00+00:00,2022-10-18T00:00:00+00:00,2026-09-03T11:15:03.742310+00:00,42700.19921875,44334.0,42492.19921875,44000.0,43995.5234375,4231205
2022-10-18 00:00:00+00:00,2022-10-19T00:00:00+00:00,2026-09-03T11:15:03.742310+00:00,44280.0,45241.80078125,44284.19921875,44768.19921875,44763.640625,4999565
2022-10-19 00:00:00+00:00,2022-10-20T00:00:00+00:00,2026-09-03T11:15:03.742310+00:00,43779.80078125,43974.0,42116.3984375,42413.0,42408.6796875,4682260
2022-10-20 00:00:00+00:00,2022-10-21T00:00:00+00:00,2026-09-03T11:15:03.742310+00:00,41346.80078125,42833.3984375,40920.0,42753.19921875,42748.84765625,5634980
2022-10-21 00:00:00+00:00,2022-10-22T00:00:00+00:00,2026-09-03T11:15:03.742310+00:00,42152.80078125,42327.3984375,41377.6015625,41435.6015625,41431.3828125,6299130
2022-10-24 00:00:00+00:00,2022-10-25T00:00:00+00:00,2026-09-03T11:15:03.742310+00:00,38400.0,38720.0,33887.3984375,34227.0,34223.515625,10739795
2022-10-25 00:00:00+00:00,2022-10-26T00:00:00+00:00,2026-09-03T11:15:03.742310+00:00,35000.0,35732.80078125,34604.0,35084.0,35080.42578125,7823195
2022-10-26 00:00:00+00:00,2022-10-27T00:00:00+00:00,2026-09-03T11:15:03.742310+00:00,35577.0,37400.0,35400.0,37262.19921875,37258.40625,7823015
2022-10-27 00:00:00+00:00,2022-10-28T00:00:00+00:00,2026-09-03T11:15:03.742310+00:00,37099.3984375,37970.19921875,36580.80078125,37560.0,37556.17578125,7032270
2022-10-28 00:00:00+00:00,2022-10-29T00:00:00+00:00,2026-09-03T11:15:03.742310+00:00,35360.0,36353.80078125,35154.6015625,35200.0,35196.41796875,6761240
2022-10-31 00:00:00+00:00,2022-11-01T00:00:00+00:00,2026-09-03T11:15:03.742310+00:00,36700.0,38219.80078125,36441.6015625,38002.0,37998.12890625,8356665
2022-11-01 00:00:00+00:00,2022-11-02T00:00:00+00:00,2026-09-03T11:15:03.742310+00:00,42000.0,43261.19921875,39600.0,41127.0,41122.8125,7982865
2022-11-02 00:00:00+00:00,2022-11-03T00:00:00+00:00,2026-09-03T11:15:03.742310+00:00,41529.6015625,42025.19921875,40647.0,41103.19921875,41099.015625,3890265
2022-11-03 00:00:00+00:00,2022-11-04T00:00:00+00:00,2026-09-03T11:15:03.742310+00:00,39344.0,40720.0,39381.80078125,40620.0,40615.86328125,3715835
2022-11-04 00:00:00+00:00,2022-11-05T00:00:00+00:00,2026-09-03T11:15:03.742310+00:00,44000.0,44520.0,42670.0,43600.0,43595.5625,3506730
2022-11-07 00:00:00+00:00,2022-11-08T00:00:00+00:00,2026-09-03T11:15:03.742310+00:00,44000.0,44497.19921875,43018.80078125,44200.0,44195.5,5281060
2022-11-08 00:00:00+00:00,2022-11-09T00:00:00+00:00,2026-09-03T11:15:03.742310+00:00,43982.3984375,44161.19921875,42740.6015625,42926.0,42921.6328125,2657540
2022-11-09 00:00:00+00:00,2022-11-10T00:00:00+00:00,2026-09-03T11:15:03.742310+00:00,42360.0,42780.19921875,41621.19921875,42124.0,42119.7109375,3544260
2022-11-10 00:00:00+00:00,2022-11-11T00:00:00+00:00,2026-09-03T11:15:03.742310+00:00,42119.80078125,44551.80078125,41361.3984375,44035.80078125,44031.3203125,3874880
2022-11-11 00:00:00+00:00,2022-11-12T00:00:00+00:00,2026-09-03T11:15:03.742310+00:00,45420.19921875,48284.80078125,45420.0,47745.6015625,47740.73828125,7488720
2022-11-14 00:00:00+00:00,2022-11-15T00:00:00+00:00,2026-09-03T11:15:03.742310+00:00,47800.0,48400.0,46758.80078125,46977.80078125,46973.015625,3529870
2022-11-15 00:00:00+00:00,2022-11-16T00:00:00+00:00,2026-09-03T11:15:03.742310+00:00,50760.6015625,51041.19921875,48834.3984375,49265.80078125,49260.7890625,6355650
2022-11-16 00:00:00+00:00,2022-11-17T00:00:00+00:00,2026-09-03T11:15:03.742310+00:00,49399.80078125,54070.0,49020.0,52204.0,52198.68359375,7579985
2022-11-17 00:00:00+00:00,2022-11-18T00:00:00+00:00,2026-09-03T11:15:03.742310+00:00,51399.3984375,52332.6015625,50800.19921875,51593.6015625,51588.34765625,3501135
2022-11-18 00:00:00+00:00,2022-11-19T00:00:00+00:00,2026-09-03T11:15:03.742310+00:00,51205.0,51660.0,50461.0,51216.80078125,51211.58984375,2825405
2022-11-21 00:00:00+00:00,2022-11-22T00:00:00+00:00,2026-09-03T11:15:03.742310+00:00,50757.80078125,51109.0,49492.0,49777.6015625,49772.53125,2821175
2022-11-22 00:00:00+00:00,2022-11-23T00:00:00+00:00,2026-09-03T11:15:03.742310+00:00,48000.6015625,49056.3984375,47040.19921875,48075.19921875,48070.3046875,5125055
2022-11-23 00:00:00+00:00,2022-11-24T00:00:00+00:00,2026-09-03T11:15:03.742310+00:00,48659.80078125,49980.0,47716.19921875,48424.80078125,48419.87109375,3741665
2022-11-24 00:00:00+00:00,2022-11-25T00:00:00+00:00,2026-09-03T11:15:03.742310+00:00,48400.0,49966.80078125,48021.19921875,49699.0,49693.94140625,2447685
2022-11-25 00:00:00+00:00,2022-11-26T00:00:00+00:00,2026-09-03T11:15:03.742310+00:00,48660.0,49800.0,47438.0,48917.6015625,48912.62109375,3068340
2022-11-28 00:00:00+00:00,2022-11-29T00:00:00+00:00,2026-09-03T11:15:03.742310+00:00,48138.0,49979.80078125,47983.80078125,49556.3984375,49551.35546875,3080220
2022-11-29 00:00:00+00:00,2022-11-30T00:00:00+00:00,2026-09-03T11:15:03.742310+00:00,50620.0,51593.80078125,49232.80078125,49690.19921875,49685.140625,3501525
2022-11-30 00:00:00+00:00,2022-12-01T00:00:00+00:00,2026-09-03T11:15:03.742310+00:00,49470.0,52999.6015625,49060.19921875,52721.80078125,52716.43359375,7332215
2022-12-01 00:00:00+00:00,2022-12-02T00:00:00+00:00,2026-09-03T11:15:03.742310+00:00,52878.0,54807.19921875,52480.3984375,53426.0,53420.55859375,5593310
2022-12-02 00:00:00+00:00,2022-12-03T00:00:00+00:00,2026-09-03T11:15:03.742310+00:00,53040.19921875,54253.80078125,52241.6015625,53135.80078125,53130.390625,4064390
2022-12-05 00:00:00+00:00,2022-12-06T00:00:00+00:00,2026-09-03T11:15:03.742310+00:00,55111.0,56010.0,54024.80078125,54171.3984375,54165.8828125,3514415
2022-12-06 00:00:00+00:00,2022-12-07T00:00:00+00:00,2026-09-03T11:15:03.742310+00:00,53954.0,54812.3984375,52668.19921875,53188.80078125,53183.38671875,2654370
2022-12-07 00:00:00+00:00,2022-12-08T00:00:00+00:00,2026-09-03T11:15:03.742310+00:00,53020.0,53933.6015625,52412.3984375,53241.19921875,53235.77734375,3407175
2022-12-08 00:00:00+00:00,2022-12-09T00:00:00+00:00,2026-09-03T11:15:03.742310+00:00,54721.0,55250.0,54242.0,54419.3984375,54413.859375,1959230
2022-12-09 00:00:00+00:00,2022-12-10T00:00:00+00:00,2026-09-03T11:15:03.742310+00:00,54600.0,56881.19921875,54688.3984375,55941.0,55935.3046875,3398595
2022-12-12 00:00:00+00:00,2022-12-13T00:00:00+00:00,2026-09-03T11:15:03.742310+00:00,55060.3984375,56512.6015625,54580.0,55841.3984375,55835.71484375,3490555
2022-12-13 00:00:00+00:00,2022-12-14T00:00:00+00:00,2026-09-03T11:15:03.742310+00:00,55860.0,58636.80078125,56007.19921875,57900.6015625,57894.70703125,3142900
2022-12-14 00:00:00+00:00,2022-12-15T00:00:00+00:00,2026-09-03T11:15:03.742310+00:00,57900.0,58777.80078125,56828.6015625,57102.0,57096.1875,2586595
2022-12-15 00:00:00+00:00,2022-12-16T00:00:00+00:00,2026-09-03T11:15:03.742310+00:00,56060.0,57078.3984375,55527.19921875,56675.80078125,56670.03125,11019605
2022-12-19 00:00:00+00:00,2022-12-20T00:00:00+00:00,2026-09-03T11:15:03.742310+00:00,56372.3984375,58823.3984375,56134.3984375,56600.0,56594.23828125,3194175
2022-12-20 00:00:00+00:00,2022-12-21T00:00:00+00:00,2026-09-03T11:15:03.742310+00:00,55900.0,55729.3984375,53901.19921875,55380.0,55374.359375,2215330
2022-12-21 00:00:00+00:00,2022-12-22T00:00:00+00:00,2026-09-03T11:15:03.742310+00:00,55785.0,56000.0,55081.3984375,55600.0,55594.33984375,1919070
2022-12-22 00:00:00+00:00,2022-12-23T00:00:00+00:00,2026-09-03T11:15:03.742310+00:00,56620.0,57567.80078125,55655.19921875,56000.0,55994.30078125,1623035
2022-12-23 00:00:00+00:00,2022-12-24T00:00:00+00:00,2026-09-03T11:15:03.742310+00:00,55620.19921875,56175.19921875,54655.0,55196.0,55190.37890625,1194650
2022-12-28 00:00:00+00:00,2022-12-29T00:00:00+00:00,2026-09-03T11:15:03.742310+00:00,55980.0,57000.0,55385.19921875,56713.80078125,56708.02734375,2026135
2022-12-29 00:00:00+00:00,2022-12-30T00:00:00+00:00,2026-09-03T11:15:03.742310+00:00,57000.0,57599.6015625,56753.80078125,57100.0,57094.1875,1966025
2022-12-30 00:00:00+00:00,2022-12-31T00:00:00+00:00,2026-09-03T11:15:03.742310+00:00,56529.19921875,57673.3984375,56000.0,56486.80078125,56481.05078125,927375
2023-01-03 00:00:00+00:00,2023-01-04T00:00:00+00:00,2026-09-03T11:15:03.742310+00:00,57622.19921875,60177.80078125,57630.3984375,59800.0,59793.9140625,2751995
2023-01-04 00:00:00+00:00,2023-01-05T00:00:00+00:00,2026-09-03T11:15:03.742310+00:00,60240.0,61840.0,60420.3984375,61198.80078125,61192.56640625,3676465
2023-01-05 00:00:00+00:00,2023-01-06T00:00:00+00:00,2026-09-03T11:15:03.742310+00:00,61198.80078125,62300.0,60285.6015625,60736.19921875,60730.015625,4107225
2023-01-06 00:00:00+00:00,2023-01-07T00:00:00+00:00,2026-09-03T11:15:03.742310+00:00,60700.0,63459.0,60755.3984375,62764.80078125,62758.41015625,3240900
2023-01-09 00:00:00+00:00,2023-01-10T00:00:00+00:00,2026-09-03T11:15:03.742310+00:00,64262.6015625,65500.0,64108.80078125,65234.3984375,65227.7578125,3999845
2023-01-10 00:00:00+00:00,2023-01-11T00:00:00+00:00,2026-09-03T11:15:03.742310+00:00,64700.0,65482.0,63956.0,64720.19921875,64713.609375,4914005
2023-01-11 00:00:00+00:00,2023-01-12T00:00:00+00:00,2026-09-03T11:15:03.742310+00:00,65300.0,67437.0,65500.0,66530.0,66523.2265625,3941040
2023-01-12 00:00:00+00:00,2023-01-13T00:00:00+00:00,2026-09-03T11:15:03.742310+00:00,64500.0,66766.3984375,63955.6015625,65700.0,65693.3125,3701565
2023-01-13 00:00:00+00:00,2023-01-14T00:00:00+00:00,2026-09-03T11:15:03.742310+00:00,65800.0,67700.0,65839.0,67365.796875,67358.9453125,3177070
2023-01-16 00:00:00+00:00,2023-01-17T00:00:00+00:00,2026-09-03T11:15:03.742310+00:00,66680.0,67507.203125,66100.0,66133.3984375,66126.6640625,3008795
2023-01-17 00:00:00+00:00,2023-01-18T00:00:00+00:00,2026-09-03T11:15:03.742310+00:00,66000.0,67757.3984375,65271.80078125,67100.0,67093.1640625,2941005
2023-01-18 00:00:00+00:00,2023-01-19T00:00:00+00:00,2026-09-03T11:15:03.742310+00:00,67294.0,68150.6015625,66897.6015625,67144.0,67137.1640625,2001140
2023-01-19 00:00:00+00:00,2023-01-20T00:00:00+00:00,2026-09-03T11:15:03.742310+00:00,67599.796875,68100.0,66077.796875,66898.796875,66891.9921875,3065310
2023-01-20 00:00:00+00:00,2023-01-21T00:00:00+00:00,2026-09-03T11:15:03.742310+00:00,67700.0,68361.0,67082.3984375,67542.0,67535.125,2208920
2023-01-23 00:00:00+00:00,2023-01-24T00:00:00+00:00,2026-09-03T11:15:03.742310+00:00,68160.0,68569.3984375,67652.3984375,68046.203125,68039.2734375,1663720
2023-01-24 00:00:00+00:00,2023-01-25T00:00:00+00:00,2026-09-03T11:15:03.742310+00:00,68540.203125,69300.0,68378.6015625,68722.796875,68715.796875,1427350
2023-01-25 00:00:00+00:00,2023-01-26T00:00:00+00:00,2026-09-03T11:15:03.742310+00:00,68260.0,69123.203125,67415.203125,67573.203125,67566.3203125,2036345
2023-01-26 00:00:00+00:00,2023-01-27T00:00:00+00:00,2026-09-03T11:15:03.742310+00:00,69218.203125,70467.796875,68892.203125,70007.0,69999.8671875,3445505
2023-01-27 00:00:00+00:00,2023-01-28T00:00:00+00:00,2026-09-03T11:15:03.742310+00:00,70760.0,71653.203125,70163.3984375,70790.203125,70783.0,2911470
2023-01-30 00:00:00+00:00,2023-01-31T00:00:00+00:00,2026-09-03T11:15:03.742310+00:00,67830.0,68178.6015625,66601.3984375,67096.203125,67089.3671875,4478130
2023-01-31 00:00:00+00:00,2023-02-01T00:00:00+00:00,2026-09-03T11:15:03.742310+00:00,65962.796875,67266.0,65600.796875,66931.0,66924.1875,4991355
2023-02-01 00:00:00+00:00,2023-02-02T00:00:00+00:00,2026-09-03T11:15:03.742310+00:00,67680.0,68622.6015625,66163.6015625,66679.796875,66673.0078125,3636425
2023-02-02 00:00:00+00:00,2023-02-03T00:00:00+00:00,2026-09-03T11:15:03.742310+00:00,67348.0,67830.796875,66338.0,66982.6015625,66975.78125,3148580
2023-02-03 00:00:00+00:00,2023-02-04T00:00:00+00:00,2026-09-03T11:15:03.742310+00:00,67470.0,68263.0,66925.203125,68000.0,67993.078125,2402575
2023-02-06 00:00:00+00:00,2023-02-07T00:00:00+00:00,2026-09-03T11:15:03.742310+00:00,66900.0,67831.203125,66040.3984375,66800.0,66793.1953125,3042835
2023-02-07 00:00:00+00:00,2023-02-08T00:00:00+00:00,2026-09-03T11:15:03.742310+00:00,66900.0,67940.0,66422.203125,66993.3984375,66986.578125,2364855
2023-02-08 00:00:00+00:00,2023-02-09T00:00:00+00:00,2026-09-03T11:15:03.742310+00:00,67060.0,68010.796875,66801.3984375,68010.796875,68003.875,3409525
2023-02-09 00:00:00+00:00,2023-02-10T00:00:00+00:00,2026-09-03T11:15:03.742310+00:00,69160.0,69929.0,68420.796875,68625.3984375,68618.40625,2652575
2023-02-10 00:00:00+00:00,2023-02-11T00:00:00+00:00,2026-09-03T11:15:03.742310+00:00,67239.796875,68926.796875,66900.0,68659.203125,68652.2109375,2727090
2023-02-13 00:00:00+00:00,2023-02-14T00:00:00+00:00,2026-09-03T11:15:03.742310+00:00,68520.0,69500.0,68350.0,69288.6015625,69281.546875,1597740
2023-02-14 00:00:00+00:00,2023-02-15T00:00:00+00:00,2026-09-03T11:15:03.742310+00:00,68423.3984375,69575.6015625,68128.3984375,68634.6015625,68627.609375,2083740
2023-02-15 00:00:00+00:00,2023-02-16T00:00:00+00:00,2026-09-03T11:15:03.742310+00:00,68220.0,69476.3984375,68221.203125,68907.3984375,68900.375,2156660
2023-02-16 00:00:00+00:00,2023-02-17T00:00:00+00:00,2026-09-03T11:15:03.742310+00:00,69600.203125,70200.0,69029.0,69522.6015625,69515.515625,1679360
2023-02-17 00:00:00+00:00,2023-02-18T00:00:00+00:00,2026-09-03T11:15:03.742310+00:00,68755.3984375,69121.796875,67181.0,67181.0,67174.1640625,1620400
2023-02-20 00:00:00+00:00,2023-02-21T00:00:00+00:00,2026-09-03T11:15:03.742310+00:00,67999.796875,68165.0,66743.203125,67140.6015625,67133.765625,1913060
2023-02-21 00:00:00+00:00,2023-02-22T00:00:00+00:00,2026-09-03T11:15:03.742310+00:00,65623.203125,65641.0,63737.0,64652.6015625,64646.01953125,3467520
2023-02-22 00:00:00+00:00,2023-02-23T00:00:00+00:00,2026-09-03T11:15:03.742310+00:00,63760.0,65274.3984375,63654.80078125,64720.0,64713.41015625,2339570
2023-02-23 00:00:00+00:00,2023-02-24T00:00:00+00:00,2026-09-03T11:15:03.742310+00:00,64473.6015625,65899.3984375,64117.3984375,65146.6015625,65139.97265625,2482740
2023-02-24 00:00:00+00:00,2023-02-25T00:00:00+00:00,2026-09-03T11:15:03.742310+00:00,64444.3984375,64894.80078125,63087.80078125,63395.3984375,63388.94140625,2266175
2023-02-27 00:00:00+00:00,2023-02-28T00:00:00+00:00,2026-09-03T11:15:03.742310+00:00,63395.19921875,65169.0,63033.3984375,64600.0,64593.42578125,1931375
2023-02-28 00:00:00+00:00,2023-03-01T00:00:00+00:00,2026-09-03T11:15:03.742310+00:00,65135.19921875,65500.0,64105.0,65141.0,65134.37109375,3049745
2023-03-01 00:00:00+00:00,2023-03-02T00:00:00+00:00,2026-09-03T11:15:03.742310+00:00,68007.203125,68858.6015625,67125.3984375,68385.3984375,68378.4296875,3041775
2023-03-02 00:00:00+00:00,2023-03-03T00:00:00+00:00,2026-09-03T11:15:03.742310+00:00,67999.796875,67955.6015625,64504.19921875,65454.19921875,65447.5390625,3209370
2023-03-03 00:00:00+00:00,2023-03-04T00:00:00+00:00,2026-09-03T11:15:03.742310+00:00,66500.796875,67000.0,64600.19921875,65183.19921875,65176.5625,3559165
2023-03-06 00:00:00+00:00,2023-03-07T00:00:00+00:00,2026-09-03T11:15:03.742310+00:00,64623.0,65957.3984375,64611.6015625,65585.203125,65578.5234375,2407755
2023-03-07 00:00:00+00:00,2023-03-08T00:00:00+00:00,2026-09-03T11:15:03.742310+00:00,65183.0,66332.203125,64820.0,65637.6015625,65630.9140625,2143395
2023-03-08 00:00:00+00:00,2023-03-09T00:00:00+00:00,2026-09-03T11:15:03.742310+00:00,64639.80078125,64871.80078125,63917.6015625,64523.0,64516.4296875,2089740
2023-03-09 00:00:00+00:00,2023-03-10T00:00:00+00:00,2026-09-03T11:15:03.742310+00:00,64200.0,64200.0,62530.80078125,63364.0,63357.55078125,2175595
2023-03-10 00:00:00+00:00,2023-03-11T00:00:00+00:00,2026-09-03T11:15:03.742310+00:00,62000.0,62492.0,60528.6015625,60994.0,60987.79296875,3232105
2023-03-13 00:00:00+00:00,2023-03-14T00:00:00+00:00,2026-09-03T11:15:03.742310+00:00,63240.0,63799.80078125,60252.3984375,61800.19921875,61793.90625,2996985
2023-03-14 00:00:00+00:00,2023-03-15T00:00:00+00:00,2026-09-03T11:15:03.742310+00:00,61800.3984375,63059.80078125,60683.0,62629.6015625,62623.2265625,2709965
2023-03-15 00:00:00+00:00,2023-03-16T00:00:00+00:00,2026-09-03T11:15:03.742310+00:00,63099.80078125,63337.3984375,59900.0,61014.6015625,61008.39453125,2613435
2023-03-16 00:00:00+00:00,2023-03-17T00:00:00+00:00,2026-09-03T11:15:03.742310+00:00,60260.19921875,61320.0,59572.80078125,60960.6015625,60954.39453125,7791980
2023-03-17 00:00:00+00:00,2023-03-18T00:00:00+00:00,2026-09-03T11:15:03.742310+00:00,61600.0,62419.80078125,59701.19921875,59701.19921875,59695.12109375,16474240
2023-03-20 00:00:00+00:00,2023-03-21T00:00:00+00:00,2026-09-03T11:15:03.742310+00:00,58700.0,62195.6015625,58461.19921875,62076.80078125,62070.484375,3375990
2023-03-22 00:00:00+00:00,2023-03-23T00:00:00+00:00,2026-09-03T11:15:03.742310+00:00,63560.0,63977.6015625,61850.19921875,63977.6015625,63971.0859375,4653655
2023-03-23 00:00:00+00:00,2023-03-24T00:00:00+00:00,2026-09-03T11:15:03.742310+00:00,66400.203125,67576.3984375,66208.6015625,67000.0,66993.1796875,5990610
2023-03-24 00:00:00+00:00,2023-03-25T00:00:00+00:00,2026-09-03T11:15:03.742310+00:00,66680.0,67887.6015625,66022.6015625,66600.0,66593.21875,2655485
2023-03-27 00:00:00+00:00,2023-03-28T00:00:00+00:00,2026-09-03T11:15:03.742310+00:00,66360.0,66380.0,63561.3984375,63970.0,63963.484375,2047700
2023-03-28 00:00:00+00:00,2023-03-29T00:00:00+00:00,2026-09-03T11:15:03.742310+00:00,65020.0,66399.6015625,65022.19921875,65425.19921875,65418.5390625,4835725
2023-03-29 00:00:00+00:00,2023-03-30T00:00:00+00:00,2026-09-03T11:15:03.742310+00:00,66140.0,67600.0,66140.0,66783.3984375,66776.59375,2299105
2023-03-30 00:00:00+00:00,2023-03-31T00:00:00+00:00,2026-09-03T11:15:03.742310+00:00,67000.203125,67254.6015625,65808.6015625,66351.203125,66344.453125,2200645
2023-03-31 00:00:00+00:00,2023-04-01T00:00:00+00:00,2026-09-03T11:15:03.742310+00:00,66754.203125,67240.0,65575.203125,65859.203125,65852.4921875,4071145
2023-04-03 00:00:00+00:00,2023-04-04T00:00:00+00:00,2026-09-03T11:15:03.742310+00:00,65955.3984375,66588.3984375,65237.19921875,65667.0,65660.3125,1903625
2023-04-04 00:00:00+00:00,2023-04-05T00:00:00+00:00,2026-09-03T11:15:03.742310+00:00,66011.0,66716.203125,65242.3984375,66317.796875,66311.046875,2169365
2023-04-05 00:00:00+00:00,2023-04-06T00:00:00+00:00,2026-09-03T11:15:03.742310+00:00,66399.796875,66281.203125,64100.0,64434.6015625,64428.04296875,1916450
2023-04-06 00:00:00+00:00,2023-04-07T00:00:00+00:00,2026-09-03T11:15:03.742310+00:00,64434.6015625,65940.0,63739.80078125,65026.3984375,65019.77734375,2968370
2023-04-11 00:00:00+00:00,2023-04-12T00:00:00+00:00,2026-09-03T11:15:03.742310+00:00,64221.6015625,65700.0,63311.3984375,63380.0,63373.55078125,3595525
2023-04-12 00:00:00+00:00,2023-04-13T00:00:00+00:00,2026-09-03T11:15:03.742310+00:00,62000.19921875,63243.6015625,61002.0,61136.0,61129.77734375,3230450
2023-04-13 00:00:00+00:00,2023-04-14T00:00:00+00:00,2026-09-03T11:15:03.742310+00:00,61240.0,63918.80078125,61657.3984375,63185.0,63178.56640625,4080920
2023-04-14 00:00:00+00:00,2023-04-15T00:00:00+00:00,2026-09-03T11:15:03.742310+00:00,63699.3984375,65200.0,63052.19921875,64395.0,64388.44140625,4107530
2023-04-17 00:00:00+00:00,2023-04-18T00:00:00+00:00,2026-09-03T11:15:03.742310+00:00,65080.0,67823.6015625,64998.3984375,67204.796875,67197.9609375,4271345
2023-04-18 00:00:00+00:00,2023-04-19T00:00:00+00:00,2026-09-03T11:15:03.742310+00:00,66120.796875,69270.3984375,66132.6015625,67480.0,67473.1328125,4641755
2023-04-19 00:00:00+00:00,2023-04-20T00:00:00+00:00,2026-09-03T11:15:03.742310+00:00,66805.203125,66942.6015625,65624.796875,66830.6015625,66823.796875,2925665
2023-04-20 00:00:00+00:00,2023-04-21T00:00:00+00:00,2026-09-03T11:15:03.742310+00:00,67564.796875,67564.3984375,65749.203125,65977.796875,65971.078125,1991630
2023-04-21 00:00:00+00:00,2023-04-22T00:00:00+00:00,2026-09-03T11:15:03.742310+00:00,64860.19921875,65564.203125,63841.19921875,64964.6015625,64957.98828125,1794675
2023-04-24 00:00:00+00:00,2023-04-25T00:00:00+00:00,2026-09-03T11:15:03.742310+00:00,63999.19921875,64397.3984375,63497.3984375,63614.6015625,63608.12890625,1845235
2023-04-25 00:00:00+00:00,2023-04-26T00:00:00+00:00,2026-09-03T11:15:03.742310+00:00,62836.6015625,64000.0,62657.3984375,63397.19921875,63390.7421875,1842815
2023-04-26 00:00:00+00:00,2023-04-27T00:00:00+00:00,2026-09-03T11:15:03.742310+00:00,64444.6015625,65398.3984375,64000.0,64674.0,64667.41796875,2151960
2023-04-28 00:00:00+00:00,2023-04-29T00:00:00+00:00,2026-09-03T11:15:03.742310+00:00,65006.6015625,65997.0,63854.0,65224.0,65217.359375,3264240
2023-05-02 00:00:00+00:00,2023-05-03T00:00:00+00:00,2026-09-03T11:15:03.742310+00:00,65989.796875,65825.6015625,63348.19921875,63560.0,63553.52734375,2313525
2023-05-03 00:00:00+00:00,2023-05-04T00:00:00+00:00,2026-09-03T11:15:03.742310+00:00,63296.6015625,63900.0,62503.19921875,62964.3984375,62957.9921875,2638465
2023-05-04 00:00:00+00:00,2023-05-05T00:00:00+00:00,2026-09-03T11:15:03.742310+00:00,62184.19921875,62945.3984375,61674.6015625,62349.6015625,62343.25390625,1856535
2023-05-05 00:00:00+00:00,2023-05-06T00:00:00+00:00,2026-09-03T11:15:03.742310+00:00,62540.0,64296.80078125,62647.3984375,64130.0,64123.46875,2538660
2023-05-08 00:00:00+00:00,2023-05-09T00:00:00+00:00,2026-09-03T11:15:03.742310+00:00,64000.0,64403.3984375,62468.19921875,63227.80078125,63221.36328125,1288725
2023-05-09 00:00:00+00:00,2023-05-10T00:00:00+00:00,2026-09-03T11:15:03.742310+00:00,61868.0,62882.0,60800.0,60830.19921875,60824.0078125,2345450
2023-05-10 00:00:00+00:00,2023-05-11T00:00:00+00:00,2026-09-03T11:15:03.742310+00:00,62192.0,63198.3984375,61319.0,62890.80078125,62884.3984375,2414835
2023-05-11 00:00:00+00:00,2023-05-12T00:00:00+00:00,2026-09-03T11:15:03.742310+00:00,61440.19921875,64748.0,62093.5,64512.0,64505.43359375,3544000
2023-05-12 00:00:00+00:00,2023-05-13T00:00:00+00:00,2026-09-03T11:15:03.742310+00:00,64500.0,65300.0,63093.6015625,63317.0,63310.5546875,4746540
2023-05-15 00:00:00+00:00,2023-05-16T00:00:00+00:00,2026-09-03T11:15:03.742310+00:00,64720.0,66572.203125,64207.80078125,65400.0,65393.34375,4638330
2023-05-16 00:00:00+00:00,2023-05-17T00:00:00+00:00,2026-09-03T11:15:03.742310+00:00,65954.796875,66828.6015625,65200.0,66216.3984375,66209.65625,2631570
2023-05-17 00:00:00+00:00,2023-05-18T00:00:00+00:00,2026-09-03T11:15:03.742310+00:00,67000.0,69156.796875,66002.0,69097.0,69089.96875,5292520
2023-05-18 00:00:00+00:00,2023-05-19T00:00:00+00:00,2026-09-03T11:15:03.742310+00:00,67899.796875,69080.0,66969.6015625,67287.3984375,67280.546875,3066510
2023-05-19 00:00:00+00:00,2023-05-20T00:00:00+00:00,2026-09-03T11:15:03.742310+00:00,66712.0,67308.0,66220.0,66887.796875,66880.9921875,1784990
2023-05-22 00:00:00+00:00,2023-05-23T00:00:00+00:00,2026-09-03T11:15:03.742310+00:00,68000.203125,68462.0,66174.203125,66800.0,66793.1953125,2089775
2023-05-23 00:00:00+00:00,2023-05-24T00:00:00+00:00,2026-09-03T11:15:03.742310+00:00,66000.203125,66383.0,64461.0,64503.0,64496.43359375,2433110
2023-05-24 00:00:00+00:00,2023-05-25T00:00:00+00:00,2026-09-03T11:15:03.742310+00:00,64202.0,64793.80078125,62953.19921875,62976.80078125,62970.390625,2392915
2023-05-25 00:00:00+00:00,2023-05-26T00:00:00+00:00,2026-09-03T11:15:03.742310+00:00,61720.6015625,62975.6015625,61720.0,62487.80078125,62481.44140625,3730055
2023-05-26 00:00:00+00:00,2023-05-27T00:00:00+00:00,2026-09-03T11:15:03.742310+00:00,62022.3984375,63099.80078125,61316.6015625,63000.0,62993.5859375,2821630
2023-05-29 00:00:00+00:00,2023-05-30T00:00:00+00:00,2026-09-03T11:15:03.742310+00:00,62000.0,62639.0,61503.0,61992.0,61985.69140625,1775255
2023-05-30 00:00:00+00:00,2023-05-31T00:00:00+00:00,2026-09-03T11:15:03.742310+00:00,62320.0,62760.0,61135.80078125,61135.80078125,61129.578125,3260335
2023-05-31 00:00:00+00:00,2023-06-01T00:00:00+00:00,2026-09-03T11:15:03.742310+00:00,60000.0,60506.19921875,59171.0,59536.80078125,59530.73828125,20629430
2023-06-01 00:00:00+00:00,2023-06-02T00:00:00+00:00,2026-09-03T11:15:03.742310+00:00,60720.0,61872.0,60581.19921875,61474.80078125,61468.54296875,4193685
2023-06-02 00:00:00+00:00,2023-06-03T00:00:00+00:00,2026-09-03T11:15:03.742310+00:00,63596.6015625,64715.3984375,63324.0,63931.3984375,63924.89453125,4502075
2023-06-05 00:00:00+00:00,2023-06-06T00:00:00+00:00,2026-09-03T11:15:03.742310+00:00,63711.0,64300.0,62904.80078125,63204.6015625,63198.16796875,1804910
2023-06-06 00:00:00+00:00,2023-06-07T00:00:00+00:00,2026-09-03T11:15:03.742310+00:00,62600.0,62882.80078125,61619.6015625,62882.80078125,62876.3984375,3283045
2023-06-07 00:00:00+00:00,2023-06-08T00:00:00+00:00,2026-09-03T11:15:03.742310+00:00,63022.19921875,63759.0,62281.80078125,62358.6015625,62352.25390625,1885545
2023-06-08 00:00:00+00:00,2023-06-09T00:00:00+00:00,2026-09-03T11:15:03.742310+00:00,62483.0,62799.3984375,61633.80078125,62248.3984375,62242.06640625,1939905
2023-06-09 00:00:00+00:00,2023-06-10T00:00:00+00:00,2026-09-03T11:15:03.742310+00:00,62630.0,63400.0,61710.19921875,62194.0,62187.66796875,1753255
2023-06-12 00:00:00+00:00,2023-06-13T00:00:00+00:00,2026-09-03T11:15:03.742310+00:00,62752.19921875,63206.3984375,62008.3984375,62458.19921875,62451.83984375,1924810
2023-06-13 00:00:00+00:00,2023-06-14T00:00:00+00:00,2026-09-03T11:15:03.742310+00:00,63040.0,63973.80078125,62400.6015625,63350.0,63343.55078125,2019340
2023-06-14 00:00:00+00:00,2023-06-15T00:00:00+00:00,2026-09-03T11:15:03.742310+00:00,62400.0,63509.19921875,61615.80078125,62300.0,62293.65625,2484945
2023-06-15 00:00:00+00:00,2023-06-16T00:00:00+00:00,2026-09-03T11:15:03.742310+00:00,63000.0,64772.19921875,62661.0,64508.3984375,64501.83203125,11153395
2023-06-19 00:00:00+00:00,2023-06-20T00:00:00+00:00,2026-09-03T11:15:03.742310+00:00,63200.0,65599.796875,63154.6015625,65201.19921875,65194.55859375,2781300
2023-06-20 00:00:00+00:00,2023-06-21T00:00:00+00:00,2026-09-03T11:15:03.742310+00:00,64120.0,64500.0,62400.0,62925.3984375,62918.9921875,3882290
2023-06-21 00:00:00+00:00,2023-06-22T00:00:00+00:00,2026-09-03T11:15:03.742310+00:00,61700.0,62282.0,61261.80078125,61330.3984375,61324.15625,3046920
2023-06-22 00:00:00+00:00,2023-06-23T00:00:00+00:00,2026-09-03T11:15:03.742310+00:00,61025.0,61897.6015625,60700.3984375,61440.0,61433.7421875,1262145
2023-06-23 00:00:00+00:00,2023-06-24T00:00:00+00:00,2026-09-03T11:15:03.742310+00:00,61160.19921875,62264.19921875,59566.19921875,59883.80078125,59877.70703125,3399815
2023-06-26 00:00:00+00:00,2023-06-27T00:00:00+00:00,2026-09-03T11:15:03.742310+00:00,59740.0,60608.3984375,59150.0,59968.80078125,59962.6953125,3530360
2023-06-27 00:00:00+00:00,2023-06-28T00:00:00+00:00,2026-09-03T11:15:03.742310+00:00,64456.0,66300.0,63804.3984375,65225.6015625,65218.9609375,7856295
2023-06-28 00:00:00+00:00,2023-06-29T00:00:00+00:00,2026-09-03T11:15:03.742310+00:00,64820.0,68472.796875,64633.0,67706.0,67699.109375,4858345
2023-06-29 00:00:00+00:00,2023-06-30T00:00:00+00:00,2026-09-03T11:15:03.742310+00:00,67760.0,67840.0,65772.3984375,66305.6015625,66298.8515625,3402370
2023-06-30 00:00:00+00:00,2023-07-01T00:00:00+00:00,2026-09-03T11:15:03.742310+00:00,65600.0,68581.203125,65607.0,67980.0,67973.0859375,3684755
2023-07-03 00:00:00+00:00,2023-07-04T00:00:00+00:00,2026-09-03T11:15:03.742310+00:00,68257.796875,68300.203125,66312.3984375,66599.6015625,66592.8203125,2540630
2023-07-04 00:00:00+00:00,2023-07-05T00:00:00+00:00,2026-09-03T11:15:03.742310+00:00,67298.0,67480.0,65669.6015625,66585.3984375,66578.625,1557800
2023-07-05 00:00:00+00:00,2023-07-06T00:00:00+00:00,2026-09-03T11:15:03.742310+00:00,66066.6015625,66300.0,65263.3984375,66064.203125,66057.484375,1902715
2023-07-06 00:00:00+00:00,2023-07-07T00:00:00+00:00,2026-09-03T11:15:03.742310+00:00,64799.19921875,64998.19921875,63372.6015625,63587.6015625,63581.12890625,2075700
2023-07-07 00:00:00+00:00,2023-07-08T00:00:00+00:00,2026-09-03T11:15:03.742310+00:00,64180.0,64739.80078125,63389.80078125,64189.3984375,64182.8671875,2444860
2023-07-10 00:00:00+00:00,2023-07-11T00:00:00+00:00,2026-09-03T11:15:03.742310+00:00,64299.80078125,64557.6015625,63411.19921875,64396.80078125,64390.2421875,1310960
2023-07-11 00:00:00+00:00,2023-07-12T00:00:00+00:00,2026-09-03T11:15:03.742310+00:00,65199.80078125,65469.80078125,64145.6015625,64407.3984375,64400.83984375,2132585
2023-07-12 00:00:00+00:00,2023-07-13T00:00:00+00:00,2026-09-03T11:15:03.742310+00:00,64700.0,66999.0,64352.6015625,66879.203125,66872.3984375,3101105
2023-07-13 00:00:00+00:00,2023-07-14T00:00:00+00:00,2026-09-03T11:15:03.742310+00:00,67377.796875,68121.3984375,66962.6015625,67746.3984375,67739.5,2717555
2023-07-14 00:00:00+00:00,2023-07-15T00:00:00+00:00,2026-09-03T11:15:03.742310+00:00,67100.0,68989.796875,66914.6015625,68392.6015625,68385.6328125,1869095
2023-07-17 00:00:00+00:00,2023-07-18T00:00:00+00:00,2026-09-03T11:15:03.742310+00:00,68330.6015625,68806.796875,67555.0,68453.203125,68446.234375,2251790
2023-07-18 00:00:00+00:00,2023-07-19T00:00:00+00:00,2026-09-03T11:15:03.742310+00:00,66315.203125,66869.6015625,65830.3984375,66655.6015625,66648.8125,2762920
2023-07-19 00:00:00+00:00,2023-07-20T00:00:00+00:00,2026-09-03T11:15:03.742310+00:00,66511.6015625,67593.0,65607.203125,67485.6015625,67478.734375,1944430
2023-07-20 00:00:00+00:00,2023-07-21T00:00:00+00:00,2026-09-03T11:15:03.742310+00:00,67269.0,67286.203125,65039.19921875,65315.6015625,65308.953125,3314890
2023-07-21 00:00:00+00:00,2023-07-22T00:00:00+00:00,2026-09-03T11:15:03.742310+00:00,65500.0,65837.3984375,64709.3984375,64809.0,64802.40234375,1684800
2023-07-24 00:00:00+00:00,2023-07-25T00:00:00+00:00,2026-09-03T11:15:03.742310+00:00,64000.0,65444.0,64294.0,64930.3984375,64923.78515625,1573935
2023-07-25 00:00:00+00:00,2023-07-26T00:00:00+00:00,2026-09-03T11:15:03.742310+00:00,66680.0,66979.796875,66229.6015625,66354.796875,66348.046875,2653810
2023-07-26 00:00:00+00:00,2023-07-27T00:00:00+00:00,2026-09-03T11:15:03.742310+00:00,65630.203125,66142.0,64817.0,65999.0,65992.28125,2211795
2023-07-27 00:00:00+00:00,2023-07-28T00:00:00+00:00,2026-09-03T11:15:03.742310+00:00,66110.0,67148.0,65949.3984375,66508.6015625,66501.828125,2305675
2023-07-28 00:00:00+00:00,2023-07-29T00:00:00+00:00,2026-09-03T11:15:03.742310+00:00,67100.0,69418.796875,66817.6015625,69218.203125,69211.1484375,2730200
2023-07-31 00:00:00+00:00,2023-08-01T00:00:00+00:00,2026-09-03T11:15:03.742310+00:00,69220.0,70995.6015625,69027.6015625,70282.203125,70275.046875,3079365
2023-08-01 00:00:00+00:00,2023-08-02T00:00:00+00:00,2026-09-03T11:15:03.742310+00:00,69802.203125,71356.796875,69200.0,70959.0,70951.78125,3638785
2023-08-02 00:00:00+00:00,2023-08-03T00:00:00+00:00,2026-09-03T11:15:03.742310+00:00,69300.0,70146.203125,68298.796875,68298.796875,68291.84375,3583095
2023-08-03 00:00:00+00:00,2023-08-04T00:00:00+00:00,2026-09-03T11:15:03.742310+00:00,69267.0,70000.0,68426.6015625,69800.0,69792.8984375,2425950
2023-08-04 00:00:00+00:00,2023-08-05T00:00:00+00:00,2026-09-03T11:15:03.742310+00:00,69782.796875,69797.0,68559.3984375,69100.0,69092.96875,1409765
2023-08-07 00:00:00+00:00,2023-08-08T00:00:00+00:00,2026-09-03T11:15:03.742310+00:00,68710.3984375,69122.796875,68211.0,68337.3984375,68330.4375,1539280
2023-08-08 00:00:00+00:00,2023-08-09T00:00:00+00:00,2026-09-03T11:15:03.742310+00:00,67600.0,68131.796875,66967.0,67450.796875,67443.9296875,2202035
2023-08-10 00:00:00+00:00,2023-08-11T00:00:00+00:00,2026-09-03T11:15:03.742310+00:00,68400.0,70042.0,68000.3984375,69628.203125,69621.1171875,2515115
2023-08-11 00:00:00+00:00,2023-08-12T00:00:00+00:00,2026-09-03T11:15:03.742310+00:00,68920.0,68939.203125,67127.0,67127.0,67120.1640625,1932530
2023-08-14 00:00:00+00:00,2023-08-15T00:00:00+00:00,2026-09-03T11:15:03.742310+00:00,66547.0,67400.0,65927.0,66516.3984375,66509.625,2129760
2023-08-15 00:00:00+00:00,2023-08-16T00:00:00+00:00,2026-09-03T11:15:03.742310+00:00,67200.0,67548.3984375,66588.703125,67278.3984375,67271.546875,1964775
2023-08-16 00:00:00+00:00,2023-08-17T00:00:00+00:00,2026-09-03T11:15:03.742310+00:00,67100.0,68501.203125,64500.0,65302.6015625,65295.95703125,5551480
2023-08-17 00:00:00+00:00,2023-08-18T00:00:00+00:00,2026-09-03T11:15:03.742310+00:00,66680.0,67276.796875,65373.80078125,65823.203125,65816.5,3527585
2023-08-18 00:00:00+00:00,2023-08-19T00:00:00+00:00,2026-09-03T11:15:03.742310+00:00,65160.19921875,65859.6015625,64422.80078125,64422.80078125,64416.2421875,4142020
2023-08-21 00:00:00+00:00,2023-08-22T00:00:00+00:00,2026-09-03T11:15:03.742310+00:00,64151.3984375,65303.6015625,63939.80078125,64825.3984375,64818.80078125,2648965
2023-08-22 00:00:00+00:00,2023-08-23T00:00:00+00:00,2026-09-03T11:15:03.742310+00:00,65160.0,65194.6015625,63521.0,63800.0,63793.50390625,2199095
2023-08-23 00:00:00+00:00,2023-08-24T00:00:00+00:00,2026-09-03T11:15:03.742310+00:00,64200.0,64219.80078125,62749.80078125,63714.80078125,63708.3125,1338930
2023-08-24 00:00:00+00:00,2023-08-25T00:00:00+00:00,2026-09-03T11:15:03.742310+00:00,64300.0,64961.19921875,63258.3984375,63258.3984375,63251.95703125,1677550
2023-08-25 00:00:00+00:00,2023-08-26T00:00:00+00:00,2026-09-03T11:15:03.742310+00:00,62600.0,64063.3984375,62400.0,62400.0,62393.65234375,1448105
2023-08-28 00:00:00+00:00,2023-08-29T00:00:00+00:00,2026-09-03T11:15:03.742310+00:00,63160.0,64248.0,62584.6015625,63843.19921875,63836.69921875,4258250
2023-08-29 00:00:00+00:00,2023-08-30T00:00:00+00:00,2026-09-03T11:15:03.742310+00:00,63500.19921875,64862.0,63293.6015625,64528.3984375,64521.828125,2860040
2023-08-30 00:00:00+00:00,2023-08-31T00:00:00+00:00,2026-09-03T11:15:03.742310+00:00,64000.0,64626.6015625,63218.80078125,63681.0,63674.515625,1572485
2023-08-31 00:00:00+00:00,2023-09-01T00:00:00+00:00,2026-09-03T11:15:03.742310+00:00,63176.0,64732.80078125,63014.3984375,64339.80078125,64333.25390625,4164025
2023-09-01 00:00:00+00:00,2023-09-02T00:00:00+00:00,2026-09-03T11:15:03.742310+00:00,64760.0,65005.0,63798.19921875,64901.6015625,64894.99609375,1317770
2023-09-04 00:00:00+00:00,2023-09-05T00:00:00+00:00,2026-09-03T11:15:03.742310+00:00,66000.0,67214.0,65140.0,66179.203125,66172.4609375,1522530
2023-09-05 00:00:00+00:00,2023-09-06T00:00:00+00:00,2026-09-03T11:15:03.742310+00:00,65828.6015625,66841.0,65400.0,66841.0,66834.1953125,1905180
2023-09-06 00:00:00+00:00,2023-09-07T00:00:00+00:00,2026-09-03T11:15:03.742310+00:00,66020.0,67746.0,65723.203125,67130.3984375,67123.5625,2035220
2023-09-07 00:00:00+00:00,2023-09-08T00:00:00+00:00,2026-09-03T11:15:03.742310+00:00,65800.0,66371.0,64060.19921875,64091.0,64084.47265625,2044090
2023-09-08 00:00:00+00:00,2023-09-09T00:00:00+00:00,2026-09-03T11:15:03.742310+00:00,64111.0,64895.80078125,63846.80078125,63846.80078125,63840.30078125,1787445
2023-09-11 00:00:00+00:00,2023-09-12T00:00:00+00:00,2026-09-03T11:15:03.742310+00:00,64039.80078125,65486.3984375,64163.6015625,65089.6015625,65082.9765625,1549950
2023-09-12 00:00:00+00:00,2023-09-13T00:00:00+00:00,2026-09-03T11:15:03.742310+00:00,65000.0,65400.19921875,64238.0,65274.3984375,65267.75390625,1660895
2023-09-13 00:00:00+00:00,2023-09-14T00:00:00+00:00,2026-09-03T11:15:03.742310+00:00,64000.0,65319.0,63818.19921875,64195.0,64188.46875,1321300
2023-09-14 00:00:00+00:00,2023-09-15T00:00:00+00:00,2026-09-03T11:15:03.742310+00:00,64495.0,65274.0,64081.6015625,65112.0,65105.37109375,1037520
2023-09-15 00:00:00+00:00,2023-09-16T00:00:00+00:00,2026-09-03T11:15:03.742310+00:00,65120.0,66359.3984375,64705.0,64705.0,64698.41015625,4723415
2023-09-18 00:00:00+00:00,2023-09-19T00:00:00+00:00,2026-09-03T11:15:03.742310+00:00,65066.80078125,66200.0,62620.0,63600.0,63593.52734375,2233220
2023-09-19 00:00:00+00:00,2023-09-20T00:00:00+00:00,2026-09-03T11:15:03.742310+00:00,63600.0,64373.19921875,63263.80078125,63508.3984375,63501.93359375,2731310
2023-09-20 00:00:00+00:00,2023-09-21T00:00:00+00:00,2026-09-03T11:15:03.742310+00:00,63777.3984375,64000.0,62917.80078125,62917.80078125,62911.39453125,1611600
2023-09-21 00:00:00+00:00,2023-09-22T00:00:00+00:00,2026-09-03T11:15:03.742310+00:00,61900.0,61676.3984375,59704.19921875,59712.80078125,59706.72265625,6324975
2023-09-22 00:00:00+00:00,2023-09-23T00:00:00+00:00,2026-09-03T11:15:03.742310+00:00,60912.80078125,62665.0,60713.0,62340.3984375,62334.05078125,4064830
2023-09-26 00:00:00+00:00,2023-09-27T00:00:00+00:00,2026-09-03T11:15:03.742310+00:00,59800.0,61000.0,59762.19921875,60274.6015625,60268.46484375,2745195
2023-09-27 00:00:00+00:00,2023-09-28T00:00:00+00:00,2026-09-03T11:15:03.742310+00:00,60620.0,61477.3984375,60447.0,61013.80078125,61007.59375,2695535
2023-09-28 00:00:00+00:00,2023-09-29T00:00:00+00:00,2026-09-03T11:15:03.742310+00:00,60719.80078125,60820.19921875,60000.0,60321.19921875,60315.05859375,1336075
2023-09-29 00:00:00+00:00,2023-09-30T00:00:00+00:00,2026-09-03T11:15:03.742310+00:00,61900.19921875,62396.6015625,60511.0,60511.0,60504.83984375,1546130
2023-10-02 00:00:00+00:00,2023-10-03T00:00:00+00:00,2026-09-03T11:15:03.742310+00:00,60999.6015625,61500.0,60463.0,60712.6015625,60706.421875,1360315
2023-10-03 00:00:00+00:00,2023-10-04T00:00:00+00:00,2026-09-03T11:15:03.742310+00:00,59900.0,61273.6015625,59412.80078125,59600.0,59593.93359375,1333290
2023-10-04 00:00:00+00:00,2023-10-05T00:00:00+00:00,2026-09-03T11:15:03.742310+00:00,59600.0,60359.80078125,59114.19921875,59956.3984375,59950.296875,1767300
2023-10-05 00:00:00+00:00,2023-10-06T00:00:00+00:00,2026-09-03T11:15:03.742310+00:00,60193.0,60558.0,59782.19921875,60149.3984375,60143.2734375,1761315
2023-10-06 00:00:00+00:00,2023-10-07T00:00:00+00:00,2026-09-03T11:15:03.742310+00:00,60777.3984375,61893.80078125,60452.0,61893.80078125,61887.5,1732980
2023-10-09 00:00:00+00:00,2023-10-10T00:00:00+00:00,2026-09-03T11:15:03.742310+00:00,61800.19921875,62308.80078125,60343.6015625,61058.3984375,61052.1796875,1431840
2023-10-10 00:00:00+00:00,2023-10-11T00:00:00+00:00,2026-09-03T11:15:03.742310+00:00,61197.0,63170.80078125,60764.6015625,63170.80078125,63164.37109375,2172490
2023-10-11 00:00:00+00:00,2023-10-12T00:00:00+00:00,2026-09-03T11:15:03.742310+00:00,63180.0,64125.19921875,62476.3984375,63946.80078125,63940.2890625,2673115
2023-10-12 00:00:00+00:00,2023-10-13T00:00:00+00:00,2026-09-03T11:15:03.742310+00:00,64293.3984375,64636.6015625,62281.0,63041.80078125,63035.3828125,2085640
2023-10-13 00:00:00+00:00,2023-10-14T00:00:00+00:00,2026-09-03T11:15:03.742310+00:00,62000.0,62780.80078125,61200.0,61439.0,61432.74609375,1824880
2023-10-16 00:00:00+00:00,2023-10-17T00:00:00+00:00,2026-09-03T11:15:03.742310+00:00,61420.0,62400.0,60882.6015625,62218.0,62211.66796875,1910845
2023-10-17 00:00:00+00:00,2023-10-18T00:00:00+00:00,2026-09-03T11:15:03.742310+00:00,61640.0,61808.0,60157.80078125,60936.6015625,60930.3984375,1544840
2023-10-18 00:00:00+00:00,2023-10-19T00:00:00+00:00,2026-09-03T11:15:03.742310+00:00,61000.0,61468.0,59860.0,60348.80078125,60342.65625,1615455
2023-10-19 00:00:00+00:00,2023-10-20T00:00:00+00:00,2026-09-03T11:15:03.742310+00:00,60000.0,60000.0,58264.6015625,58264.6015625,58258.671875,2367580
2023-10-20 00:00:00+00:00,2023-10-21T00:00:00+00:00,2026-09-03T11:15:03.742310+00:00,58000.0,58690.0,57227.80078125,57631.3984375,57625.53125,1807615
2023-10-23 00:00:00+00:00,2023-10-24T00:00:00+00:00,2026-09-03T11:15:03.742310+00:00,57640.0,58680.6015625,56521.6015625,58070.0,58064.08984375,1718555
2023-10-24 00:00:00+00:00,2023-10-25T00:00:00+00:00,2026-09-03T11:15:03.742310+00:00,58080.0,59632.3984375,57954.3984375,59632.3984375,59626.328125,1558925
2023-10-25 00:00:00+00:00,2023-10-26T00:00:00+00:00,2026-09-03T11:15:03.742310+00:00,59180.0,60000.0,58373.6015625,58711.3984375,58705.421875,1443170
2023-10-26 00:00:00+00:00,2023-10-27T00:00:00+00:00,2026-09-03T11:15:03.742310+00:00,58221.6015625,58872.3984375,57255.3984375,58181.6015625,58175.6796875,2042465
2023-10-27 00:00:00+00:00,2023-10-28T00:00:00+00:00,2026-09-03T11:15:03.742310+00:00,58600.0,59136.80078125,57776.80078125,57776.80078125,57770.921875,2174955
2023-10-30 00:00:00+00:00,2023-10-31T00:00:00+00:00,2026-09-03T11:15:03.742310+00:00,57760.0,59254.19921875,57760.3984375,58546.19921875,58540.23828125,2075280
2023-10-31 00:00:00+00:00,2023-11-01T00:00:00+00:00,2026-09-03T11:15:03.742310+00:00,57700.0,59445.3984375,57222.80078125,58186.6015625,58180.6796875,3390350
2023-11-01 00:00:00+00:00,2023-11-02T00:00:00+00:00,2026-09-03T11:15:03.742310+00:00,57600.0,58760.0,57025.19921875,58560.19921875,58554.23828125,2645260
2023-11-02 00:00:00+00:00,2023-11-03T00:00:00+00:00,2026-09-03T11:15:03.742310+00:00,57903.80078125,60340.6015625,57914.80078125,60140.0,60133.87890625,3014710
2023-11-03 00:00:00+00:00,2023-11-04T00:00:00+00:00,2026-09-03T11:15:03.742310+00:00,61580.0,63782.3984375,61040.0,63509.6015625,63503.13671875,3725200
2023-11-06 00:00:00+00:00,2023-11-07T00:00:00+00:00,2026-09-03T11:15:03.742310+00:00,65000.0,64908.19921875,63810.3984375,64214.19921875,64207.6640625,2215745
2023-11-07 00:00:00+00:00,2023-11-08T00:00:00+00:00,2026-09-03T11:15:03.742310+00:00,63400.19921875,64230.3984375,62543.19921875,62904.0,62897.59375,2061285
2023-11-08 00:00:00+00:00,2023-11-09T00:00:00+00:00,2026-09-03T11:15:03.742310+00:00,62800.0,64925.0,62677.3984375,64657.0,64650.41796875,2196610
2023-11-09 00:00:00+00:00,2023-11-10T00:00:00+00:00,2026-09-03T11:15:03.742310+00:00,64069.3984375,64928.80078125,63453.3984375,64591.80078125,64585.2265625,1833865
2023-11-10 00:00:00+00:00,2023-11-11T00:00:00+00:00,2026-09-03T11:15:03.742310+00:00,63999.80078125,64021.19921875,63042.0,63600.0,63593.52734375,1766630
2023-11-13 00:00:00+00:00,2023-11-14T00:00:00+00:00,2026-09-03T11:15:03.742310+00:00,63606.3984375,64825.19921875,63606.3984375,63929.19921875,63922.6953125,1673670
2023-11-14 00:00:00+00:00,2023-11-15T00:00:00+00:00,2026-09-03T11:15:03.742310+00:00,63930.0,66434.6015625,63706.0,65236.19921875,65229.55859375,1939110
2023-11-15 00:00:00+00:00,2023-11-16T00:00:00+00:00,2026-09-03T11:15:03.742310+00:00,65800.0,70230.0,64900.0,69602.796875,69595.7109375,4639945
2023-11-16 00:00:00+00:00,2023-11-17T00:00:00+00:00,2026-09-03T11:15:03.742310+00:00,68881.0,69136.0,67200.0,67282.6015625,67275.75,3378085
2023-11-17 00:00:00+00:00,2023-11-18T00:00:00+00:00,2026-09-03T11:15:03.742310+00:00,66000.0,67799.3984375,65777.796875,67420.203125,67413.3359375,3565730
2023-11-20 00:00:00+00:00,2023-11-21T00:00:00+00:00,2026-09-03T11:15:03.742310+00:00,68100.0,69069.6015625,67458.203125,67850.0,67843.09375,2651510
2023-11-21 00:00:00+00:00,2023-11-22T00:00:00+00:00,2026-09-03T11:15:03.742310+00:00,68000.0,68329.6015625,66708.203125,66800.0,66793.1953125,2545090
2023-11-22 00:00:00+00:00,2023-11-23T00:00:00+00:00,2026-09-03T11:15:03.742310+00:00,66800.0,68049.796875,66225.6015625,67918.203125,67911.2890625,2686945
2023-11-23 00:00:00+00:00,2023-11-24T00:00:00+00:00,2026-09-03T11:15:03.742310+00:00,68550.0,69972.0,68289.6015625,69093.3984375,69086.3671875,2035655
2023-11-24 00:00:00+00:00,2023-11-25T00:00:00+00:00,2026-09-03T11:15:03.742310+00:00,68100.203125,69000.0,68020.0,68889.796875,68882.78125,903555
2023-11-27 00:00:00+00:00,2023-11-28T00:00:00+00:00,2026-09-03T11:15:03.742310+00:00,69000.0,69260.0,67989.3984375,67989.3984375,67982.4765625,1421835
2023-11-28 00:00:00+00:00,2023-11-29T00:00:00+00:00,2026-09-03T11:15:03.742310+00:00,67600.0,69180.0,67762.3984375,68800.0,68793.0,3020880
2023-11-29 00:00:00+00:00,2023-11-30T00:00:00+00:00,2026-09-03T11:15:03.742310+00:00,68046.3984375,69015.0,67668.203125,68592.6015625,68585.625,2054010
2023-11-30 00:00:00+00:00,2023-12-01T00:00:00+00:00,2026-09-03T11:15:03.742310+00:00,68900.0,70800.0,68920.203125,69471.0,69463.9296875,10256465
2023-12-01 00:00:00+00:00,2023-12-02T00:00:00+00:00,2026-09-03T11:15:03.742310+00:00,68780.0,69248.203125,67307.8984375,67759.0,67752.1015625,1462275
2023-12-04 00:00:00+00:00,2023-12-05T00:00:00+00:00,2026-09-03T11:15:03.742310+00:00,67360.0,70000.0,67018.0,69560.0,69552.9140625,2449265
2023-12-05 00:00:00+00:00,2023-12-06T00:00:00+00:00,2026-09-03T11:15:03.742310+00:00,68280.0,68431.203125,67498.796875,68431.203125,68424.234375,2109450
2023-12-06 00:00:00+00:00,2023-12-07T00:00:00+00:00,2026-09-03T11:15:03.742310+00:00,68700.0,68940.3984375,67876.3984375,67876.3984375,67871.2265625,1551310
2023-12-07 00:00:00+00:00,2023-12-08T00:00:00+00:00,2026-09-03T11:15:03.742310+00:00,67250.0,68334.203125,66958.3984375,67685.203125,67680.046875,1987870
2023-12-08 00:00:00+00:00,2023-12-09T00:00:00+00:00,2026-09-03T11:15:03.742310+00:00,67363.6015625,68743.203125,67361.6015625,67700.0,67694.84375,2205380
2023-12-11 00:00:00+00:00,2023-12-12T00:00:00+00:00,2026-09-03T11:15:03.742310+00:00,67120.0,68826.3984375,67103.796875,68714.3984375,68709.15625,1784610
2023-12-12 00:00:00+00:00,2023-12-13T00:00:00+00:00,2026-09-03T11:15:03.742310+00:00,69000.0,69765.3984375,68034.796875,68091.6015625,68086.40625,1553260
2023-12-13 00:00:00+00:00,2023-12-14T00:00:00+00:00,2026-09-03T11:15:03.742310+00:00,67759.6015625,69399.796875,67000.203125,68611.796875,68606.5625,1779460
2023-12-14 00:00:00+00:00,2023-12-15T00:00:00+00:00,2026-09-03T11:15:03.742310+00:00,68611.796875,68969.796875,67466.6015625,67582.6015625,67577.4453125,6928270
2023-12-18 00:00:00+00:00,2023-12-19T00:00:00+00:00,2026-09-03T11:15:03.742310+00:00,65500.6015625,67111.6015625,65442.80078125,65840.796875,65835.7734375,2885210
2023-12-19 00:00:00+00:00,2023-12-20T00:00:00+00:00,2026-09-03T11:15:03.742310+00:00,66179.3984375,67300.0,65934.3984375,66540.203125,66535.1328125,1540105
2023-12-20 00:00:00+00:00,2023-12-21T00:00:00+00:00,2026-09-03T11:15:03.742310+00:00,66004.0,67200.0,65548.796875,66000.0,65994.96875,1252690
2023-12-21 00:00:00+00:00,2023-12-22T00:00:00+00:00,2026-09-03T11:15:03.742310+00:00,66000.0,67019.0,65240.0,66640.0,66634.921875,4413845
2023-12-22 00:00:00+00:00,2023-12-23T00:00:00+00:00,2026-09-03T11:15:03.742310+00:00,57800.0,58000.0,53466.0,54847.0,54842.8203125,5089655
2023-12-27 00:00:00+00:00,2023-12-28T00:00:00+00:00,2026-09-03T11:15:03.742310+00:00,60097.6015625,62210.3984375,58180.0,60124.6015625,60120.01953125,4558350
2023-12-28 00:00:00+00:00,2023-12-29T00:00:00+00:00,2026-09-03T11:15:03.742310+00:00,61460.0,61458.80078125,60334.6015625,60586.80078125,60582.18359375,1567975
2023-12-29 00:00:00+00:00,2023-12-30T00:00:00+00:00,2026-09-03T11:15:03.742310+00:00,61480.0,62578.0,60586.0,62560.0,62555.23046875,1422315
2024-01-02 00:00:00+00:00,2024-01-03T00:00:00+00:00,2026-09-03T11:15:03.742310+00:00,61580.0,62641.6015625,60407.80078125,61002.3984375,60997.75,1650830
2024-01-03 00:00:00+00:00,2024-01-04T00:00:00+00:00,2026-09-03T11:15:03.742310+00:00,60600.6015625,62950.80078125,60628.3984375,61743.6015625,61738.89453125,1684150
2024-01-04 00:00:00+00:00,2024-01-05T00:00:00+00:00,2026-09-03T11:15:03.742310+00:00,61220.0,62871.6015625,61220.19921875,62560.80078125,62556.03125,2023345
2024-01-05 00:00:00+00:00,2024-01-06T00:00:00+00:00,2026-09-03T11:15:03.742310+00:00,61780.3984375,61881.0,61066.80078125,61590.80078125,61586.10546875,1334455
2024-01-08 00:00:00+00:00,2024-01-09T00:00:00+00:00,2026-09-03T11:15:03.742310+00:00,61010.0,61272.6015625,60000.0,60810.0,60805.36328125,1180975
2024-01-09 00:00:00+00:00,2024-01-10T00:00:00+00:00,2026-09-03T11:15:03.742310+00:00,60604.80078125,60789.19921875,59527.19921875,59736.6015625,59732.05078125,1422695
2024-01-10 00:00:00+00:00,2024-01-11T00:00:00+00:00,2026-09-03T11:15:03.742310+00:00,59400.0,60224.3984375,58438.6015625,58625.19921875,58620.73046875,2584025
2024-01-11 00:00:00+00:00,2024-01-12T00:00:00+00:00,2026-09-03T11:15:03.742310+00:00,60000.0,60829.19921875,59730.80078125,60030.0,60025.42578125,2259270
2024-01-12 00:00:00+00:00,2024-01-13T00:00:00+00:00,2026-09-03T11:15:03.742310+00:00,60160.80078125,60160.80078125,59347.80078125,59846.80078125,59842.23828125,1137150
2024-01-15 00:00:00+00:00,2024-01-16T00:00:00+00:00,2026-09-03T11:15:03.742310+00:00,59337.3984375,59750.19921875,59048.19921875,59564.19921875,59559.66015625,1259965
2024-01-16 00:00:00+00:00,2024-01-17T00:00:00+00:00,2026-09-03T11:15:03.742310+00:00,59000.0,59449.0,58100.0,58184.80078125,58180.3671875,1883835
2024-01-17 00:00:00+00:00,2024-01-18T00:00:00+00:00,2026-09-03T11:15:03.742310+00:00,57020.0,58110.3984375,56600.0,56964.19921875,56959.859375,2860740
2024-01-18 00:00:00+00:00,2024-01-19T00:00:00+00:00,2026-09-03T11:15:03.742310+00:00,57560.0,58399.80078125,57286.3984375,57978.3984375,57973.9765625,1939285
2024-01-19 00:00:00+00:00,2024-01-20T00:00:00+00:00,2026-09-03T11:15:03.742310+00:00,57020.0,58880.6015625,57023.3984375,58511.80078125,58507.34375,1680185
2024-01-22 00:00:00+00:00,2024-01-23T00:00:00+00:00,2026-09-03T11:15:03.742310+00:00,56749.3984375,58084.3984375,56600.0,57990.0,57985.578125,1956320
2024-01-23 00:00:00+00:00,2024-01-24T00:00:00+00:00,2026-09-03T11:15:03.742310+00:00,59880.0,60600.0,59261.6015625,60600.0,60595.37890625,3323490
2024-01-24 00:00:00+00:00,2024-01-25T00:00:00+00:00,2026-09-03T11:15:03.742310+00:00,61000.0,63932.0,60333.80078125,63800.0,63795.1328125,4414940
2024-01-25 00:00:00+00:00,2024-01-26T00:00:00+00:00,2026-09-03T11:15:03.742310+00:00,64900.0,65200.0,63371.0,63450.0,63445.1640625,3196785
2024-01-26 00:00:00+00:00,2024-01-27T00:00:00+00:00,2026-09-03T11:15:03.742310+00:00,63002.80078125,64367.3984375,62092.3984375,64310.80078125,64305.8984375,2230505
2024-01-29 00:00:00+00:00,2024-01-30T00:00:00+00:00,2026-09-03T11:15:03.742310+00:00,64230.0,64543.19921875,63660.0,63660.0,63655.1484375,1905495
2024-01-30 00:00:00+00:00,2024-01-31T00:00:00+00:00,2026-09-03T11:15:03.742310+00:00,62500.0,63934.0,62036.19921875,63711.80078125,63706.94140625,1738535
2024-01-31 00:00:00+00:00,2024-02-01T00:00:00+00:00,2026-09-03T11:15:03.742310+00:00,63100.0,63371.3984375,62199.6015625,62744.80078125,62740.015625,2813500
2024-02-01 00:00:00+00:00,2024-02-02T00:00:00+00:00,2026-09-03T11:15:03.742310+00:00,61600.0,63646.0,62200.0,63545.80078125,63540.95703125,1897560
2024-02-02 00:00:00+00:00,2024-02-03T00:00:00+00:00,2026-09-03T11:15:03.742310+00:00,64760.0,65640.0,64465.6015625,65280.0,65275.0234375,2821145
2024-02-05 00:00:00+00:00,2024-02-06T00:00:00+00:00,2026-09-03T11:15:03.742310+00:00,65280.0,65907.203125,64532.80078125,65135.19921875,65130.234375,2120425
2024-02-06 00:00:00+00:00,2024-02-07T00:00:00+00:00,2026-09-03T11:15:03.742310+00:00,66560.0,67834.0,66420.0,67565.796875,67560.640625,3408245
2024-02-07 00:00:00+00:00,2024-02-08T00:00:00+00:00,2026-09-03T11:15:03.742310+00:00,67780.0,69190.0,67797.6015625,68466.6015625,68461.3828125,2225490
2024-02-08 00:00:00+00:00,2024-02-09T00:00:00+00:00,2026-09-03T11:15:03.742310+00:00,67360.0,68263.203125,66811.203125,67538.6015625,67533.453125,1958515
2024-02-09 00:00:00+00:00,2024-02-10T00:00:00+00:00,2026-09-03T11:15:03.742310+00:00,67643.3984375,69296.3984375,67700.0,68555.6015625,68550.375,2103215
2024-02-12 00:00:00+00:00,2024-02-13T00:00:00+00:00,2026-09-03T11:15:03.742310+00:00,68533.796875,68892.203125,68020.0,68659.0,68653.765625,1467900
2024-02-13 00:00:00+00:00,2024-02-14T00:00:00+00:00,2026-09-03T11:15:03.742310+00:00,69214.0,69012.0,67403.796875,67403.796875,67398.65625,2064125
2024-02-14 00:00:00+00:00,2024-02-15T00:00:00+00:00,2026-09-03T11:15:03.742310+00:00,67660.0,67770.3984375,65782.3984375,66001.6015625,65996.5703125,2583540
2024-02-15 00:00:00+00:00,2024-02-16T00:00:00+00:00,2026-09-03T11:15:03.742310+00:00,65600.0,66493.0,65028.6015625,65921.6015625,65916.578125,1988810
2024-02-16 00:00:00+00:00,2024-02-17T00:00:00+00:00,2026-09-03T11:15:03.742310+00:00,66701.6015625,66959.796875,66000.0,66107.3984375,66102.3515625,2594950
2024-02-19 00:00:00+00:00,2024-02-20T00:00:00+00:00,2026-09-03T11:15:03.742310+00:00,65500.0,66214.0,64961.19921875,65724.6015625,65719.59375,1612150
2024-02-20 00:00:00+00:00,2024-02-21T00:00:00+00:00,2026-09-03T11:15:03.742310+00:00,64740.0,65201.19921875,63911.3984375,64271.6015625,64266.703125,1422965
2024-02-21 00:00:00+00:00,2024-02-22T00:00:00+00:00,2026-09-03T11:15:03.742310+00:00,65000.0,65535.3984375,64271.0,65461.19921875,65456.2109375,2088685
2024-02-22 00:00:00+00:00,2024-02-23T00:00:00+00:00,2026-09-03T11:15:03.742310+00:00,65660.0,66991.203125,65353.19921875,66783.0,66777.90625,1328305
2024-02-23 00:00:00+00:00,2024-02-24T00:00:00+00:00,2026-09-03T11:15:03.742310+00:00,66060.203125,67440.0,66060.203125,66950.203125,66945.09375,1214255
2024-02-26 00:00:00+00:00,2024-02-27T00:00:00+00:00,2026-09-03T11:15:03.742310+00:00,65580.203125,66831.0,65641.0,66524.0,66518.9296875,1301875
2024-02-27 00:00:00+00:00,2024-02-28T00:00:00+00:00,2026-09-03T11:15:03.742310+00:00,65957.0,66086.3984375,64860.19921875,65024.0,65019.04296875,1561115
2024-02-28 00:00:00+00:00,2024-02-29T00:00:00+00:00,2026-09-03T11:15:03.742310+00:00,64760.0,64700.0,63345.0,63345.0,63340.171875,1409580
2024-02-29 00:00:00+00:00,2024-03-01T00:00:00+00:00,2026-09-03T11:15:03.742310+00:00,64125.6015625,64367.0,62742.80078125,63102.80078125,63097.9921875,4413420
2024-03-01 00:00:00+00:00,2024-03-02T00:00:00+00:00,2026-09-03T11:15:03.742310+00:00,63060.0,63446.19921875,62168.0,62425.6015625,62420.83984375,1898380
2024-03-04 00:00:00+00:00,2024-03-05T00:00:00+00:00,2026-09-03T11:15:03.742310+00:00,62800.0,62999.80078125,60899.3984375,60899.3984375,60894.75390625,1423025
2024-03-05 00:00:00+00:00,2024-03-06T00:00:00+00:00,2026-09-03T11:15:03.742310+00:00,60459.80078125,60452.6015625,58850.3984375,58930.3984375,58925.90234375,3473765
2024-03-06 00:00:00+00:00,2024-03-07T00:00:00+00:00,2026-09-03T11:15:03.742310+00:00,60149.80078125,60653.19921875,59562.19921875,60005.80078125,60001.2265625,3264480
2024-03-07 00:00:00+00:00,2024-03-08T00:00:00+00:00,2026-09-03T11:15:03.742310+00:00,58500.0,60150.80078125,58510.0,59452.80078125,59448.26953125,2149755
2024-03-08 00:00:00+00:00,2024-03-09T00:00:00+00:00,2026-09-03T11:15:03.742310+00:00,60399.80078125,60397.19921875,58970.3984375,59417.80078125,59413.26953125,2107180
2024-03-11 00:00:00+00:00,2024-03-12T00:00:00+00:00,2026-09-03T11:15:03.742310+00:00,60400.19921875,60600.0,59090.80078125,59272.80078125,59268.28125,2645610
2024-03-12 00:00:00+00:00,2024-03-13T00:00:00+00:00,2026-09-03T11:15:03.742310+00:00,60732.19921875,61501.19921875,60370.0,61196.6015625,61191.9375,4920360
2024-03-13 00:00:00+00:00,2024-03-14T00:00:00+00:00,2026-09-03T11:15:03.742310+00:00,61200.19921875,61980.0,60809.6015625,61769.19921875,61764.48828125,3285595
2024-03-14 00:00:00+00:00,2024-03-15T00:00:00+00:00,2026-09-03T11:15:03.742310+00:00,61740.80078125,62230.0,61521.80078125,61793.0,61788.2890625,2741520
2024-03-15 00:00:00+00:00,2024-03-16T00:00:00+00:00,2026-09-03T11:15:03.742310+00:00,60842.80078125,61481.6015625,60380.0,61152.6015625,61147.94140625,9778865
2024-03-18 00:00:00+00:00,2024-03-19T00:00:00+00:00,2026-09-03T11:15:03.742310+00:00,61280.0,62669.80078125,61280.0,61907.80078125,61903.08203125,4439150
2024-03-19 00:00:00+00:00,2024-03-20T00:00:00+00:00,2026-09-03T11:15:03.742310+00:00,61799.80078125,61670.19921875,60869.3984375,61487.80078125,61483.11328125,2993770
2024-03-20 00:00:00+00:00,2024-03-21T00:00:00+00:00,2026-09-03T11:15:03.742310+00:00,62110.0,62821.19921875,60911.19921875,62318.19921875,62313.44921875,7489040
2024-03-22 00:00:00+00:00,2024-03-23T00:00:00+00:00,2026-09-03T11:15:03.742310+00:00,62300.0,63199.19921875,61820.0,61905.19921875,61900.48046875,3480840
2024-03-25 00:00:00+00:00,2024-03-26T00:00:00+00:00,2026-09-03T11:15:03.742310+00:00,61974.19921875,63200.0,61824.6015625,62500.0,62495.234375,2662455
2024-03-26 00:00:00+00:00,2024-03-27T00:00:00+00:00,2026-09-03T11:15:03.742310+00:00,63927.0,64915.3984375,63691.0,64711.6015625,64706.66796875,2297665
2024-03-27 00:00:00+00:00,2024-03-28T00:00:00+00:00,2026-09-03T11:15:03.742310+00:00,65555.3984375,66483.203125,65333.6015625,66032.6015625,66027.5703125,2416420
2024-03-28 00:00:00+00:00,2024-03-29T00:00:00+00:00,2026-09-03T11:15:03.742310+00:00,66680.0,67661.0,66037.3984375,67151.0,67145.8828125,1878500
2024-04-02 00:00:00+00:00,2024-04-03T00:00:00+00:00,2026-09-03T11:15:03.742310+00:00,67805.796875,68000.0,67007.203125,67234.0,67228.875,2643390
2024-04-03 00:00:00+00:00,2024-04-04T00:00:00+00:00,2026-09-03T11:15:03.742310+00:00,66700.0,67700.0,66707.796875,67000.0,66994.890625,2144255
2024-04-04 00:00:00+00:00,2024-04-05T00:00:00+00:00,2026-09-03T11:15:03.742310+00:00,67000.0,67776.203125,66862.203125,66924.0,66918.8984375,1786945
2024-04-05 00:00:00+00:00,2024-04-06T00:00:00+00:00,2026-09-03T11:15:03.742310+00:00,66435.203125,67253.0,66220.203125,67141.203125,67136.0859375,1701515
2024-04-08 00:00:00+00:00,2024-04-09T00:00:00+00:00,2026-09-03T11:15:03.742310+00:00,66960.0,67700.0,66599.0,67226.796875,67221.671875,2062750
2024-04-09 00:00:00+00:00,2024-04-10T00:00:00+00:00,2026-09-03T11:15:03.742310+00:00,66900.0,67039.0,65471.80078125,65488.6015625,65483.609375,2008080
2024-04-10 00:00:00+00:00,2024-04-11T00:00:00+00:00,2026-09-03T11:15:03.742310+00:00,66889.796875,68398.3984375,66650.0,67421.203125,67416.0625,1831400
2024-04-11 00:00:00+00:00,2024-04-12T00:00:00+00:00,2026-09-03T11:15:03.742310+00:00,68000.0,68438.0,66264.796875,67240.0,67234.8671875,1793610
2024-04-12 00:00:00+00:00,2024-04-13T00:00:00+00:00,2026-09-03T11:15:03.742310+00:00,66745.796875,67800.0,66320.3984375,66608.0,66602.921875,2176425
2024-04-15 00:00:00+00:00,2024-04-16T00:00:00+00:00,2026-09-03T11:15:03.742310+00:00,66384.0,66973.796875,65689.796875,65689.796875,65684.7890625,1679980
2024-04-16 00:00:00+00:00,2024-04-17T00:00:00+00:00,2026-09-03T11:15:03.742310+00:00,64813.6015625,65512.19921875,63652.3984375,64137.80078125,64132.91015625,2637405
2024-04-17 00:00:00+00:00,2024-04-18T00:00:00+00:00,2026-09-03T11:15:03.742310+00:00,64640.0,64877.3984375,63953.19921875,64029.19921875,64024.3203125,2334805
2024-04-18 00:00:00+00:00,2024-04-19T00:00:00+00:00,2026-09-03T11:15:03.742310+00:00,64899.80078125,65019.80078125,63893.19921875,64749.19921875,64744.265625,2368885
2024-04-19 00:00:00+00:00,2024-04-20T00:00:00+00:00,2026-09-03T11:15:03.742310+00:00,64108.6015625,65158.0,63485.80078125,65147.80078125,65142.8359375,2535185
2024-04-22 00:00:00+00:00,2024-04-23T00:00:00+00:00,2026-09-03T11:15:03.742310+00:00,67311.0,68865.203125,67360.3984375,68635.796875,68630.5625,2458280
2024-04-23 00:00:00+00:00,2024-04-24T00:00:00+00:00,2026-09-03T11:15:03.742310+00:00,70000.0,72600.0,69935.6015625,71970.796875,71965.3046875,3909865
2024-04-24 00:00:00+00:00,2024-04-25T00:00:00+00:00,2026-09-03T11:15:03.742310+00:00,73355.3984375,74289.0,73050.0,73512.0,73506.3984375,3223510
2024-04-25 00:00:00+00:00,2024-04-26T00:00:00+00:00,2026-09-03T11:15:03.742310+00:00,72782.203125,73052.6015625,70800.203125,71502.6015625,71497.1484375,1857195
2024-04-26 00:00:00+00:00,2024-04-27T00:00:00+00:00,2026-09-03T11:15:03.742310+00:00,73000.0,73665.796875,72017.6015625,72492.203125,72486.6796875,1769730
2024-04-29 00:00:00+00:00,2024-04-30T00:00:00+00:00,2026-09-03T11:15:03.742310+00:00,72600.0,73009.796875,71954.3984375,72344.203125,72338.6875,1970035
2024-04-30 00:00:00+00:00,2024-05-01T00:00:00+00:00,2026-09-03T11:15:03.742310+00:00,72344.203125,73145.6015625,72132.6015625,72147.3984375,72141.8984375,2925155
2024-05-02 00:00:00+00:00,2024-05-03T00:00:00+00:00,2026-09-03T11:15:03.742310+00:00,73200.6015625,74942.6015625,72606.2265625,74000.0,73994.359375,2440560
2024-05-03 00:00:00+00:00,2024-05-04T00:00:00+00:00,2026-09-03T11:15:03.742310+00:00,74493.203125,76126.6015625,74000.0,75174.6015625,75168.875,2451445
2024-05-06 00:00:00+00:00,2024-05-07T00:00:00+00:00,2026-09-03T11:15:03.742310+00:00,75800.0,76341.6015625,75023.796875,75023.796875,75018.078125,2760540
2024-05-07 00:00:00+00:00,2024-05-08T00:00:00+00:00,2026-09-03T11:15:03.742310+00:00,74210.203125,75340.203125,74248.0,74548.3984375,74542.7109375,1937835
2024-05-08 00:00:00+00:00,2024-05-09T00:00:00+00:00,2026-09-03T11:15:03.742310+00:00,74999.796875,74773.203125,72916.796875,74185.203125,74179.546875,1941965
2024-05-09 00:00:00+00:00,2024-05-10T00:00:00+00:00,2026-09-03T11:15:03.742310+00:00,75100.3984375,76017.0,74527.3984375,75600.0,75594.234375,2205175
2024-05-10 00:00:00+00:00,2024-05-11T00:00:00+00:00,2026-09-03T11:15:03.742310+00:00,75599.796875,76222.0,75101.0,75424.3984375,75418.6484375,1425375
2024-05-13 00:00:00+00:00,2024-05-14T00:00:00+00:00,2026-09-03T11:15:03.742310+00:00,76000.203125,77560.203125,75830.796875,77020.0,77014.125,2337350
2024-05-14 00:00:00+00:00,2024-05-15T00:00:00+00:00,2026-09-03T11:15:03.742310+00:00,77600.0,81146.203125,76909.0,80000.0,79993.90625,3746670
2024-05-15 00:00:00+00:00,2024-05-16T00:00:00+00:00,2026-09-03T11:15:03.742310+00:00,80000.0,80620.0,79572.203125,80480.6015625,80474.46875,3107910
2024-05-16 00:00:00+00:00,2024-05-17T00:00:00+00:00,2026-09-03T11:15:03.742310+00:00,80133.796875,81690.796875,80005.203125,81496.796875,81490.5859375,1778090
2024-05-17 00:00:00+00:00,2024-05-18T00:00:00+00:00,2026-09-03T11:15:03.742310+00:00,81160.0,81159.203125,78160.0,78160.0,78154.0390625,3584435
2024-05-20 00:00:00+00:00,2024-05-21T00:00:00+00:00,2026-09-03T11:15:03.742310+00:00,78216.203125,79061.0,78097.6015625,78687.796875,78681.796875,1720395
2024-05-21 00:00:00+00:00,2024-05-22T00:00:00+00:00,2026-09-03T11:15:03.742310+00:00,77599.0,80400.0,76900.3984375,78768.0,78761.9921875,3875565
2024-05-22 00:00:00+00:00,2024-05-23T00:00:00+00:00,2026-09-03T11:15:03.742310+00:00,78300.0,78960.203125,77000.0,77969.796875,77963.8515625,2827205
2024-05-23 00:00:00+00:00,2024-05-24T00:00:00+00:00,2026-09-03T11:15:03.742310+00:00,77955.203125,79662.0,77817.0,78145.0,78139.0390625,2797065
2024-05-24 00:00:00+00:00,2024-05-25T00:00:00+00:00,2026-09-03T11:15:03.742310+00:00,77818.796875,78695.6015625,75757.0,78033.796875,78027.8515625,2261980
2024-05-27 00:00:00+00:00,2024-05-28T00:00:00+00:00,2026-09-03T11:15:03.742310+00:00,77633.796875,78942.6015625,77507.0,78246.3984375,78240.4375,1595010
2024-05-28 00:00:00+00:00,2024-05-29T00:00:00+00:00,2026-09-03T11:15:03.742310+00:00,78400.0,78576.6015625,76780.796875,76921.3984375,76915.5390625,2078660
2024-05-30 00:00:00+00:00,2024-05-31T00:00:00+00:00,2026-09-03T11:15:03.742310+00:00,74422.0,76899.796875,74100.796875,76165.796875,76159.984375,2843195
2024-05-31 00:00:00+00:00,2024-06-01T00:00:00+00:00,2026-09-03T11:15:03.742310+00:00,75167.0,75565.3984375,74240.0,74566.6015625,74560.9140625,9339635
2024-06-03 00:00:00+00:00,2024-06-04T00:00:00+00:00,2026-09-03T11:15:03.742310+00:00,76750.0,77450.0,75926.203125,76000.0,75994.203125,2185605
2024-06-04 00:00:00+00:00,2024-06-05T00:00:00+00:00,2026-09-03T11:15:03.742310+00:00,76520.0,77370.0,75851.796875,76500.0,76494.1640625,2266380
2024-06-05 00:00:00+00:00,2024-06-06T00:00:00+00:00,2026-09-03T11:15:03.742310+00:00,76897.796875,77761.203125,76348.796875,77193.796875,77187.9140625,2712830
2024-06-06 00:00:00+00:00,2024-06-07T00:00:00+00:00,2026-09-03T11:15:03.742310+00:00,77300.0,78665.6015625,77086.3984375,78225.3984375,78219.4375,1421415
2024-06-07 00:00:00+00:00,2024-06-08T00:00:00+00:00,2026-09-03T11:15:03.742310+00:00,77060.0,78167.3984375,76097.3984375,76978.796875,76972.921875,1578735
2024-06-10 00:00:00+00:00,2024-06-11T00:00:00+00:00,2026-09-03T11:15:03.742310+00:00,76010.0,77023.3984375,75530.796875,76901.3984375,76895.5390625,1510710
2024-06-11 00:00:00+00:00,2024-06-12T00:00:00+00:00,2026-09-03T11:15:03.742310+00:00,77100.0,76990.3984375,75615.203125,76418.203125,76412.375,1728655
2024-06-12 00:00:00+00:00,2024-06-13T00:00:00+00:00,2026-09-03T11:15:03.742310+00:00,76200.0,78418.796875,75869.0,78065.6015625,78059.6484375,2485920
2024-06-13 00:00:00+00:00,2024-06-14T00:00:00+00:00,2026-09-03T11:15:03.742310+00:00,78366.796875,78715.6015625,76943.0,76943.0,76937.140625,2580200
2024-06-14 00:00:00+00:00,2024-06-15T00:00:00+00:00,2026-09-03T11:15:03.742310+00:00,77520.0,77823.0,74517.0,74738.796875,74733.09375,2776110
2024-06-18 00:00:00+00:00,2024-06-19T00:00:00+00:00,2026-09-03T11:15:03.742310+00:00,75000.0,75639.203125,73547.796875,74931.203125,74925.4921875,2796740
2024-06-19 00:00:00+00:00,2024-06-20T00:00:00+00:00,2026-09-03T11:15:03.742310+00:00,76000.0,76570.0,75035.203125,75897.3984375,75891.609375,2414740
2024-06-20 00:00:00+00:00,2024-06-21T00:00:00+00:00,2026-09-03T11:15:03.742310+00:00,75780.0,75943.6015625,74020.0,74062.203125,74056.5546875,9545270
2024-06-21 00:00:00+00:00,2024-06-22T00:00:00+00:00,2026-09-03T11:15:03.742310+00:00,73800.0,74340.203125,71782.6015625,71782.6015625,71777.125,12593605
2024-06-24 00:00:00+00:00,2024-06-25T00:00:00+00:00,2026-09-03T11:15:03.742310+00:00,71700.0,74811.796875,71641.796875,73689.6015625,73683.984375,4353025
2024-06-25 00:00:00+00:00,2024-06-26T00:00:00+00:00,2026-09-03T11:15:03.742310+00:00,73800.0,73912.6015625,70863.0,71292.3984375,71286.96875,3618105
2024-06-26 00:00:00+00:00,2024-06-27T00:00:00+00:00,2026-09-03T11:15:03.742310+00:00,71320.0,72950.0,71437.796875,71636.3984375,71630.9375,3366065
2024-06-27 00:00:00+00:00,2024-06-28T00:00:00+00:00,2026-09-03T11:15:03.742310+00:00,70940.0,71687.796875,70457.796875,71148.0,71142.5703125,2461820
2024-06-28 00:00:00+00:00,2024-06-29T00:00:00+00:00,2026-09-03T11:15:03.742310+00:00,71000.0,71740.0,70841.3984375,71344.3984375,71338.9609375,2685305
2024-07-01 00:00:00+00:00,2024-07-02T00:00:00+00:00,2026-09-03T11:15:03.742310+00:00,71500.0,71570.203125,69100.0,69338.203125,69332.921875,3083515
2024-07-02 00:00:00+00:00,2024-07-03T00:00:00+00:00,2026-09-03T11:15:03.742310+00:00,69380.0,70169.6015625,69022.796875,69895.203125,69889.875,2302895
2024-07-03 00:00:00+00:00,2024-07-04T00:00:00+00:00,2026-09-03T11:15:03.742310+00:00,71440.0,72030.0,70401.3984375,70401.3984375,70396.03125,5197020
2024-07-04 00:00:00+00:00,2024-07-05T00:00:00+00:00,2026-09-03T11:15:03.742310+00:00,70620.0,71563.0,70573.6015625,70689.0,70683.609375,2409265
2024-07-05 00:00:00+00:00,2024-07-06T00:00:00+00:00,2026-09-03T11:15:03.742310+00:00,70754.203125,71234.6015625,70100.0,70200.0,70194.6484375,2012930
2024-07-08 00:00:00+00:00,2024-07-09T00:00:00+00:00,2026-09-03T11:15:03.742310+00:00,69740.203125,71181.796875,69740.3984375,71011.6015625,71006.1875,2134240
2024-07-09 00:00:00+00:00,2024-07-10T00:00:00+00:00,2026-09-03T11:15:03.742310+00:00,71242.0,72251.796875,70370.0,70622.6015625,70617.21875,2036310
2024-07-10 00:00:00+00:00,2024-07-11T00:00:00+00:00,2026-09-03T11:15:03.742310+00:00,70595.0,70951.6015625,69963.203125,70104.796875,70099.453125,2389035
2024-07-11 00:00:00+00:00,2024-07-12T00:00:00+00:00,2026-09-03T11:15:03.742310+00:00,70940.0,71354.796875,70231.3984375,71123.203125,71117.78125,1683120
2024-07-12 00:00:00+00:00,2024-07-13T00:00:00+00:00,2026-09-03T11:15:03.742310+00:00,72167.796875,73722.6015625,71780.0,73462.203125,73456.6015625,1937605
2024-07-15 00:00:00+00:00,2024-07-16T00:00:00+00:00,2026-09-03T11:15:03.742310+00:00,72800.203125,73339.796875,72264.3984375,73339.796875,73334.203125,3867555
2024-07-16 00:00:00+00:00,2024-07-17T00:00:00+00:00,2026-09-03T11:15:03.742310+00:00,72598.0,72356.0,70413.0,70500.0,70494.625,2313985
2024-07-17 00:00:00+00:00,2024-07-18T00:00:00+00:00,2026-09-03T11:15:03.742310+00:00,70000.0,71031.0,70005.3984375,70127.6015625,70122.2578125,2407410
2024-07-18 00:00:00+00:00,2024-07-19T00:00:00+00:00,2026-09-03T11:15:03.742310+00:00,70800.796875,71443.6015625,69630.0,70286.0,70280.640625,3185405
2024-07-19 00:00:00+00:00,2024-07-20T00:00:00+00:00,2026-09-03T11:15:03.742310+00:00,69720.0,70291.3984375,68600.203125,68720.3984375,68715.15625,1352120
2024-07-22 00:00:00+00:00,2024-07-23T00:00:00+00:00,2026-09-03T11:15:03.742310+00:00,69711.0,70980.0,68720.3984375,70608.796875,70603.4140625,1407240
2024-07-23 00:00:00+00:00,2024-07-24T00:00:00+00:00,2026-09-03T11:15:03.742310+00:00,70188.203125,70571.296875,69600.203125,69763.3984375,69758.078125,1537320
2024-07-24 00:00:00+00:00,2024-07-25T00:00:00+00:00,2026-09-03T11:15:03.742310+00:00,69388.796875,69800.0,68901.3984375,69374.0,69368.7109375,1539165
2024-07-25 00:00:00+00:00,2024-07-26T00:00:00+00:00,2026-09-03T11:15:03.742310+00:00,68200.0,69232.0,67620.0,69000.796875,68995.5390625,2181995
2024-07-26 00:00:00+00:00,2024-07-27T00:00:00+00:00,2026-09-03T11:15:03.742310+00:00,69329.796875,69598.3984375,68691.3984375,68907.3984375,68902.140625,1436535
2024-07-29 00:00:00+00:00,2024-07-30T00:00:00+00:00,2026-09-03T11:15:03.742310+00:00,69659.3984375,69773.3984375,68675.3984375,68675.3984375,68670.1640625,1237515
2024-07-30 00:00:00+00:00,2024-07-31T00:00:00+00:00,2026-09-03T11:15:03.742310+00:00,68540.0,69900.0,68160.0,69409.3984375,69404.109375,1769585
2024-07-31 00:00:00+00:00,2024-08-01T00:00:00+00:00,2026-09-03T11:15:03.742310+00:00,70600.0,71278.796875,70210.203125,70444.203125,70438.8359375,2602455
2024-08-01 00:00:00+00:00,2024-08-02T00:00:00+00:00,2026-09-03T11:15:03.742310+00:00,70600.0,71188.0,69304.0,69423.0,69417.7109375,1114185
2024-08-02 00:00:00+00:00,2024-08-03T00:00:00+00:00,2026-09-03T11:15:03.742310+00:00,68475.3984375,68906.796875,67503.6015625,68290.203125,68285.0,2151520
2024-08-05 00:00:00+00:00,2024-08-06T00:00:00+00:00,2026-09-03T11:15:03.742310+00:00,67320.0,69283.3984375,66375.203125,68956.203125,68950.9453125,2969730
2024-08-06 00:00:00+00:00,2024-08-07T00:00:00+00:00,2026-09-03T11:15:03.742310+00:00,68956.203125,68956.203125,66800.6015625,67871.203125,67866.03125,2461920
2024-08-07 00:00:00+00:00,2024-08-08T00:00:00+00:00,2026-09-03T11:15:03.742310+00:00,68830.0,70088.796875,68240.796875,70088.796875,70083.453125,2113055
2024-08-08 00:00:00+00:00,2024-08-09T00:00:00+00:00,2026-09-03T11:15:03.742310+00:00,70600.0,71979.203125,69736.796875,71768.0,71762.53125,3086580
2024-08-12 00:00:00+00:00,2024-08-13T00:00:00+00:00,2026-09-03T11:15:03.742310+00:00,72302.6015625,74048.0,72302.203125,73919.3984375,73913.7578125,2507530
2024-08-13 00:00:00+00:00,2024-08-14T00:00:00+00:00,2026-09-03T11:15:03.742310+00:00,74300.0,74504.3984375,73222.0,73863.3984375,73857.7734375,2124015
2024-08-14 00:00:00+00:00,2024-08-15T00:00:00+00:00,2026-09-03T11:15:03.742310+00:00,72980.0,75879.6015625,72086.796875,72281.796875,72276.28125,3550230
2024-08-15 00:00:00+00:00,2024-08-16T00:00:00+00:00,2026-09-03T11:15:03.742310+00:00,72281.796875,73497.3984375,72064.203125,73020.0,73014.4375,1967230
2024-08-16 00:00:00+00:00,2024-08-17T00:00:00+00:00,2026-09-03T11:15:03.742310+00:00,73400.0,74399.6015625,72843.203125,73358.203125,73352.609375,1687735
2024-08-19 00:00:00+00:00,2024-08-20T00:00:00+00:00,2026-09-03T11:15:03.742310+00:00,73779.796875,73728.6015625,72655.0,73002.3984375,72996.8359375,1515025
2024-08-20 00:00:00+00:00,2024-08-21T00:00:00+00:00,2026-09-03T11:15:03.742310+00:00,73001.0,73291.6015625,72347.796875,72410.796875,72405.28125,2175735
2024-08-21 00:00:00+00:00,2024-08-22T00:00:00+00:00,2026-09-03T11:15:03.742310+00:00,72459.796875,73800.0,72476.3984375,73490.0,73484.3984375,982430
2024-08-22 00:00:00+00:00,2024-08-23T00:00:00+00:00,2026-09-03T11:15:03.742310+00:00,73800.0,74963.203125,73709.203125,73873.0,73867.375,938905
2024-08-23 00:00:00+00:00,2024-08-24T00:00:00+00:00,2026-09-03T11:15:03.742310+00:00,73901.6015625,74540.0,73440.0,74000.0,73994.359375,1276475
2024-08-26 00:00:00+00:00,2024-08-27T00:00:00+00:00,2026-09-03T11:15:03.742310+00:00,74422.203125,74579.203125,72034.3984375,72469.203125,72463.6796875,1649615
2024-08-27 00:00:00+00:00,2024-08-28T00:00:00+00:00,2026-09-03T11:15:03.742310+00:00,72460.0,73296.6015625,72453.796875,72882.796875,72877.2421875,1386195
2024-08-28 00:00:00+00:00,2024-08-29T00:00:00+00:00,2026-09-03T11:15:03.742310+00:00,72200.0,73327.203125,71774.0,71935.6015625,71930.125,1528540
2024-08-29 00:00:00+00:00,2024-08-30T00:00:00+00:00,2026-09-03T11:15:03.742310+00:00,72223.6015625,72580.796875,71343.6015625,71871.203125,71865.7265625,1205440
2024-08-30 00:00:00+00:00,2024-08-31T00:00:00+00:00,2026-09-03T11:15:03.742310+00:00,72543.203125,73861.0,72543.203125,73555.0,73549.3984375,3638825
2024-09-02 00:00:00+00:00,2024-09-03T00:00:00+00:00,2026-09-03T11:15:03.742310+00:00,73220.0,73589.0,72753.3984375,72865.203125,72859.6484375,1049870
2024-09-03 00:00:00+00:00,2024-09-04T00:00:00+00:00,2026-09-03T11:15:03.742310+00:00,72865.203125,73606.203125,72653.796875,72845.0,72839.4453125,1216020
2024-09-04 00:00:00+00:00,2024-09-05T00:00:00+00:00,2026-09-03T11:15:03.742310+00:00,72191.6015625,73400.0,71610.0,72000.0,71994.5078125,2367275
2024-09-05 00:00:00+00:00,2024-09-06T00:00:00+00:00,2026-09-03T11:15:03.742310+00:00,72075.203125,72939.796875,71620.3984375,72829.796875,72824.2421875,2058635
2024-09-06 00:00:00+00:00,2024-09-07T00:00:00+00:00,2026-09-03T11:15:03.742310+00:00,72795.6015625,72722.3984375,70722.3984375,70722.3984375,70717.0078125,1753040
2024-09-09 00:00:00+00:00,2024-09-10T00:00:00+00:00,2026-09-03T11:15:03.742310+00:00,70815.3984375,71493.203125,70501.0,70985.6015625,70980.1875,1203580
2024-09-10 00:00:00+00:00,2024-09-11T00:00:00+00:00,2026-09-03T11:15:03.742310+00:00,70834.6015625,71496.203125,70457.0,70616.203125,70610.8203125,1359890
2024-09-11 00:00:00+00:00,2024-09-12T00:00:00+00:00,2026-09-03T11:15:03.742310+00:00,71040.0,71571.3984375,70119.0,70457.203125,70451.8359375,1498240
2024-09-12 00:00:00+00:00,2024-09-13T00:00:00+00:00,2026-09-03T11:15:03.742310+00:00,71528.0,71460.0,70146.6015625,70260.0,70254.6484375,1738715
2024-09-13 00:00:00+00:00,2024-09-14T00:00:00+00:00,2026-09-03T11:15:03.742310+00:00,70360.0,70548.3984375,69548.203125,70179.6015625,70174.25,2041490
2024-09-16 00:00:00+00:00,2024-09-17T00:00:00+00:00,2026-09-03T11:15:03.742310+00:00,70780.0,70591.203125,69327.796875,69560.0,69554.6953125,1698260
2024-09-17 00:00:00+00:00,2024-09-18T00:00:00+00:00,2026-09-03T11:15:03.742310+00:00,69730.203125,71250.796875,69754.3984375,70756.3984375,70751.0078125,1601015
2024-09-18 00:00:00+00:00,2024-09-19T00:00:00+00:00,2026-09-03T11:15:03.742310+00:00,70943.6015625,71265.3984375,69944.0,70500.0,70494.625,1440545
2024-09-19 00:00:00+00:00,2024-09-20T00:00:00+00:00,2026-09-03T11:15:03.742310+00:00,72000.0,73543.6015625,71400.0,73489.3984375,73483.796875,5572800
2024-09-20 00:00:00+00:00,2024-09-21T00:00:00+00:00,2026-09-03T11:15:03.742310+00:00,73380.0,74000.0,71926.203125,73579.3984375,73573.7890625,9512000
2024-09-23 00:00:00+00:00,2024-09-24T00:00:00+00:00,2026-09-03T11:15:03.742310+00:00,73180.0,73980.0,72276.203125,73621.203125,73615.5859375,1907015
2024-09-25 00:00:00+00:00,2024-09-26T00:00:00+00:00,2026-09-03T11:15:03.742310+00:00,76020.0,78508.796875,76000.0,78275.3984375,78269.4296875,4446510
2024-09-26 00:00:00+00:00,2024-09-27T00:00:00+00:00,2026-09-03T11:15:03.742310+00:00,80550.0,84110.0,80550.0,83496.0,83489.6328125,3836705
2024-09-27 00:00:00+00:00,2024-09-28T00:00:00+00:00,2026-09-03T11:15:03.742310+00:00,83100.0,84586.6015625,82926.3984375,84396.6015625,84390.171875,2989780
2024-09-30 00:00:00+00:00,2024-10-01T00:00:00+00:00,2026-09-03T11:15:03.742310+00:00,85380.0,85430.203125,83898.0,83898.0,83891.609375,3592120
2024-10-01 00:00:00+00:00,2024-10-02T00:00:00+00:00,2026-09-03T11:15:03.742310+00:00,83599.796875,85760.0,83253.6015625,84743.6015625,84737.140625,3008325
2024-10-02 00:00:00+00:00,2024-10-03T00:00:00+00:00,2026-09-03T11:15:03.742310+00:00,89000.0,89400.0,87558.796875,87666.796875,87660.1171875,2790900
2024-10-03 00:00:00+00:00,2024-10-04T00:00:00+00:00,2026-09-03T11:15:03.742310+00:00,88000.0,88398.0,86300.0,87438.6015625,87431.9375,2498565
2024-10-04 00:00:00+00:00,2024-10-05T00:00:00+00:00,2026-09-03T11:15:03.742310+00:00,88280.0,89127.796875,86591.0,86618.3984375,86611.796875,2188830
2024-10-07 00:00:00+00:00,2024-10-08T00:00:00+00:00,2026-09-03T11:15:03.742310+00:00,86362.796875,89086.0,86412.3984375,88400.0,88393.2578125,2666045
2024-10-08 00:00:00+00:00,2024-10-09T00:00:00+00:00,2026-09-03T11:15:03.742310+00:00,84940.0,85638.0,82800.0,85430.0,85423.484375,4020090
2024-10-09 00:00:00+00:00,2024-10-10T00:00:00+00:00,2026-09-03T11:15:03.742310+00:00,84000.0,85670.203125,83687.3984375,85559.3984375,85552.8828125,2257790
2024-10-10 00:00:00+00:00,2024-10-11T00:00:00+00:00,2026-09-03T11:15:03.742310+00:00,86000.0,86360.0,84216.0,84413.0,84406.5703125,2127905
2024-10-11 00:00:00+00:00,2024-10-12T00:00:00+00:00,2026-09-03T11:15:03.742310+00:00,84200.0,84406.3984375,83625.0,83984.0,83977.59375,2094320
2024-10-14 00:00:00+00:00,2024-10-15T00:00:00+00:00,2026-09-03T11:15:03.742310+00:00,83500.203125,85572.3984375,83759.0,84981.203125,84974.7265625,1752745
2024-10-15 00:00:00+00:00,2024-10-16T00:00:00+00:00,2026-09-03T11:15:03.742310+00:00,82360.0,82793.796875,81523.6015625,82000.0,81993.75,2629980
2024-10-16 00:00:00+00:00,2024-10-17T00:00:00+00:00,2026-09-03T11:15:03.742310+00:00,82340.0,83165.6015625,81322.3984375,82598.3984375,82592.1015625,2109535
2024-10-17 00:00:00+00:00,2024-10-18T00:00:00+00:00,2026-09-03T11:15:03.742310+00:00,82317.6015625,82884.0,81708.6015625,81708.6015625,81702.3671875,1252315
2024-10-18 00:00:00+00:00,2024-10-19T00:00:00+00:00,2026-09-03T11:15:03.742310+00:00,84220.0,84899.3984375,83785.3984375,83785.3984375,83779.015625,2617595
2024-10-21 00:00:00+00:00,2024-10-22T00:00:00+00:00,2026-09-03T11:15:03.742310+00:00,83199.796875,83920.0,82466.0,82836.203125,82829.8828125,1590940
2024-10-22 00:00:00+00:00,2024-10-23T00:00:00+00:00,2026-09-03T11:15:03.742310+00:00,82652.0,83303.796875,81636.3984375,83303.796875,83297.4453125,2120505
2024-10-23 00:00:00+00:00,2024-10-24T00:00:00+00:00,2026-09-03T11:15:03.742310+00:00,84320.0,84224.0,82745.3984375,83536.203125,83529.8359375,1318330
2024-10-24 00:00:00+00:00,2024-10-25T00:00:00+00:00,2026-09-03T11:15:03.742310+00:00,82980.0,83532.796875,82483.0,82562.0,82555.703125,1065075
2024-10-25 00:00:00+00:00,2024-10-26T00:00:00+00:00,2026-09-03T11:15:03.742310+00:00,82562.0,84860.203125,82631.796875,84428.3984375,84421.96875,1364120
2024-10-28 00:00:00+00:00,2024-10-29T00:00:00+00:00,2026-09-03T11:15:03.742310+00:00,83900.203125,84997.203125,83820.796875,84764.796875,84758.328125,1761265
2024-10-29 00:00:00+00:00,2024-10-30T00:00:00+00:00,2026-09-03T11:15:03.742310+00:00,84360.0,86379.796875,84257.3984375,86028.3984375,86021.84375,1773635
2024-10-30 00:00:00+00:00,2024-10-31T00:00:00+00:00,2026-09-03T11:15:03.742310+00:00,85000.0,85620.3984375,83479.3984375,84329.3984375,84322.96875,2187070
2024-10-31 00:00:00+00:00,2024-11-01T00:00:00+00:00,2026-09-03T11:15:03.742310+00:00,82710.0,84397.6015625,82647.3984375,82883.3984375,82877.078125,2588670
2024-11-01 00:00:00+00:00,2024-11-02T00:00:00+00:00,2026-09-03T11:15:03.742310+00:00,84570.203125,85200.0,84030.796875,84326.203125,84319.7734375,1740920
2024-11-04 00:00:00+00:00,2024-11-05T00:00:00+00:00,2026-09-03T11:15:03.742310+00:00,84731.6015625,84684.0,83169.203125,83600.0,83593.6328125,2047060
2024-11-05 00:00:00+00:00,2024-11-06T00:00:00+00:00,2026-09-03T11:15:03.742310+00:00,84280.0,84979.0,83820.0,84689.203125,84682.75,1921065
2024-11-06 00:00:00+00:00,2024-11-07T00:00:00+00:00,2026-09-03T11:15:03.742310+00:00,84030.0,85030.796875,81520.0,83043.796875,83037.46875,2168210
2024-11-07 00:00:00+00:00,2024-11-08T00:00:00+00:00,2026-09-03T11:15:03.742310+00:00,83420.0,84968.0,82600.3984375,82865.6015625,82859.28125,2131365
2024-11-08 00:00:00+00:00,2024-11-09T00:00:00+00:00,2026-09-03T11:15:03.742310+00:00,82080.0,83272.203125,81100.3984375,81664.6015625,81658.3828125,1478780
2024-11-11 00:00:00+00:00,2024-11-12T00:00:00+00:00,2026-09-03T11:15:03.742310+00:00,81000.0,82894.6015625,80512.203125,82068.796875,82062.5390625,1735760
2024-11-12 00:00:00+00:00,2024-11-13T00:00:00+00:00,2026-09-03T11:15:03.742310+00:00,81899.796875,82970.3984375,80871.203125,82275.203125,82268.9296875,1514520
2024-11-13 00:00:00+00:00,2024-11-14T00:00:00+00:00,2026-09-03T11:15:03.742310+00:00,82000.0,84268.3984375,80464.203125,81879.0,81872.7578125,2499705
2024-11-14 00:00:00+00:00,2024-11-15T00:00:00+00:00,2026-09-03T11:15:03.742310+00:00,82480.0,83520.0,81680.0,82806.6015625,82800.2890625,2254995
2024-11-15 00:00:00+00:00,2024-11-16T00:00:00+00:00,2026-09-03T11:15:03.742310+00:00,82779.796875,83300.0,82043.796875,82162.203125,82155.9453125,1372970
2024-11-18 00:00:00+00:00,2024-11-19T00:00:00+00:00,2026-09-03T11:15:03.742310+00:00,83400.0,84663.6015625,82348.796875,82755.6015625,82749.296875,2058395
2024-11-19 00:00:00+00:00,2024-11-20T00:00:00+00:00,2026-09-03T11:15:03.742310+00:00,82800.0,83200.0,81859.6015625,82162.203125,82155.9453125,1786145
2024-11-20 00:00:00+00:00,2024-11-21T00:00:00+00:00,2026-09-03T11:15:03.742310+00:00,82939.6015625,83599.0,82050.0,82200.0,82193.734375,2192980
2024-11-21 00:00:00+00:00,2024-11-22T00:00:00+00:00,2026-09-03T11:15:03.742310+00:00,82200.0,82997.796875,81734.3984375,81906.3984375,81900.15625,1790275
2024-11-22 00:00:00+00:00,2024-11-23T00:00:00+00:00,2026-09-03T11:15:03.742310+00:00,81200.0,81840.0,80020.0,81174.0,81167.8125,1339705
2024-11-25 00:00:00+00:00,2024-11-26T00:00:00+00:00,2026-09-03T11:15:03.742310+00:00,80000.203125,81953.0,79800.203125,81760.0,81753.765625,7669125
2024-11-26 00:00:00+00:00,2024-11-27T00:00:00+00:00,2026-09-03T11:15:03.742310+00:00,81176.0,82805.3984375,80820.0,82400.0,82393.71875,943135
2024-11-27 00:00:00+00:00,2024-11-28T00:00:00+00:00,2026-09-03T11:15:03.742310+00:00,82773.796875,83500.0,82058.6015625,82534.203125,82527.90625,1564675
2024-11-28 00:00:00+00:00,2024-11-29T00:00:00+00:00,2026-09-03T11:15:03.742310+00:00,82534.203125,82869.6015625,81530.0,81530.0,81523.78125,1211350
2024-11-29 00:00:00+00:00,2024-11-30T00:00:00+00:00,2026-09-03T11:15:03.742310+00:00,80720.0,82100.0,80240.796875,81360.0,81353.796875,2257785
2024-12-02 00:00:00+00:00,2024-12-03T00:00:00+00:00,2026-09-03T11:15:03.742310+00:00,81820.0,86288.3984375,81802.3984375,85399.796875,85393.2890625,2717535
2024-12-03 00:00:00+00:00,2024-12-04T00:00:00+00:00,2026-09-03T11:15:03.742310+00:00,86377.6015625,87157.796875,85302.6015625,85819.796875,85813.2578125,2503700
2024-12-04 00:00:00+00:00,2024-12-05T00:00:00+00:00,2026-09-03T11:15:03.742310+00:00,85340.0,86592.0,85620.0,86211.796875,86207.6484375,1546650
2024-12-05 00:00:00+00:00,2024-12-06T00:00:00+00:00,2026-09-03T11:15:03.742310+00:00,86399.3984375,88599.0,86273.3984375,87800.0,87795.7734375,1853245
2024-12-06 00:00:00+00:00,2024-12-07T00:00:00+00:00,2026-09-03T11:15:03.742310+00:00,88977.3984375,88900.0,87567.203125,88243.203125,88238.953125,3300100
2024-12-09 00:00:00+00:00,2024-12-10T00:00:00+00:00,2026-09-03T11:15:03.742310+00:00,88799.796875,89700.203125,87300.796875,88604.6015625,88600.3359375,2378610
2024-12-10 00:00:00+00:00,2024-12-11T00:00:00+00:00,2026-09-03T11:15:03.742310+00:00,87377.6015625,87852.203125,86510.796875,87390.0,87385.7890625,1646395
2024-12-11 00:00:00+00:00,2024-12-12T00:00:00+00:00,2026-09-03T11:15:03.742310+00:00,86603.6015625,88021.3984375,86500.3984375,87212.203125,87208.0,1463245
2024-12-12 00:00:00+00:00,2024-12-13T00:00:00+00:00,2026-09-03T11:15:03.742310+00:00,88310.0,89000.0,87293.3984375,87511.796875,87507.5859375,2390885
2024-12-13 00:00:00+00:00,2024-12-14T00:00:00+00:00,2026-09-03T11:15:03.742310+00:00,86400.0,90314.0,86318.796875,88859.6015625,88855.3203125,1929145
2024-12-17 00:00:00+00:00,2024-12-18T00:00:00+00:00,2026-09-03T11:15:03.742310+00:00,88000.0,89480.0,87903.0,88911.3984375,88907.1171875,2471985
2024-12-18 00:00:00+00:00,2024-12-19T00:00:00+00:00,2026-09-03T11:15:03.742310+00:00,88931.0,89748.0,87156.3984375,87478.0,87473.7890625,2597945
2024-12-19 00:00:00+00:00,2024-12-20T00:00:00+00:00,2026-09-03T11:15:03.742310+00:00,88666.6015625,89871.203125,86462.0,86620.0,86615.828125,7269035
2024-12-20 00:00:00+00:00,2024-12-21T00:00:00+00:00,2026-09-03T11:15:03.742310+00:00,87460.0,88662.0,84400.0,84400.0,84395.9375,11346270
2024-12-23 00:00:00+00:00,2024-12-24T00:00:00+00:00,2026-09-03T11:15:03.742310+00:00,84638.796875,85908.0,84403.6015625,85821.203125,85817.0703125,1962180
2024-12-24 00:00:00+00:00,2024-12-25T00:00:00+00:00,2026-09-03T11:15:03.742310+00:00,85500.0,86281.0,85409.3984375,85500.0,85495.8828125,367005
2024-12-27 00:00:00+00:00,2024-12-28T00:00:00+00:00,2026-09-03T11:15:03.742310+00:00,85732.203125,86009.3984375,84878.796875,84942.0,84937.90625,1050480
2024-12-30 00:00:00+00:00,2024-12-31T00:00:00+00:00,2026-09-03T11:15:03.742310+00:00,84960.203125,85293.6015625,82851.203125,83017.0,83013.0,1466275
2024-12-31 00:00:00+00:00,2025-01-01T00:00:00+00:00,2026-09-03T11:15:03.742310+00:00,83017.0,84200.0,82830.203125,83464.3984375,83460.375,877330
2025-01-02 00:00:00+00:00,2025-01-03T00:00:00+00:00,2026-09-03T11:15:03.742310+00:00,82976.3984375,83527.796875,81900.0,82263.6015625,82259.640625,1030580
2025-01-03 00:00:00+00:00,2025-01-04T00:00:00+00:00,2026-09-03T11:15:03.742310+00:00,82263.6015625,83265.796875,81492.6015625,82841.3984375,82837.40625,907755
2025-01-06 00:00:00+00:00,2025-01-07T00:00:00+00:00,2026-09-03T11:15:03.742310+00:00,82480.0,83871.0,82233.3984375,83200.796875,83196.7890625,1143045
2025-01-07 00:00:00+00:00,2025-01-08T00:00:00+00:00,2026-09-03T11:15:03.742310+00:00,78500.0,78500.0,74800.796875,74800.796875,74797.1953125,6907090
2025-01-08 00:00:00+00:00,2025-01-09T00:00:00+00:00,2026-09-03T11:15:03.742310+00:00,74280.0,74960.0,73007.3984375,73007.3984375,73003.8828125,5648320
2025-01-09 00:00:00+00:00,2025-01-10T00:00:00+00:00,2026-09-03T11:15:03.742310+00:00,73999.796875,75099.796875,73576.6015625,73875.6015625,73872.046875,3729180
2025-01-10 00:00:00+00:00,2025-01-11T00:00:00+00:00,2026-09-03T11:15:03.742310+00:00,73600.0,74696.203125,72753.6015625,73058.3984375,73054.8828125,2411905
2025-01-13 00:00:00+00:00,2025-01-14T00:00:00+00:00,2026-09-03T11:15:03.742310+00:00,73399.0,73097.3984375,70813.203125,71278.6015625,71275.171875,3615540
2025-01-14 00:00:00+00:00,2025-01-15T00:00:00+00:00,2026-09-03T11:15:03.742310+00:00,72720.0,73295.0,71592.203125,71944.6015625,71941.1328125,3027880
2025-01-15 00:00:00+00:00,2025-01-16T00:00:00+00:00,2026-09-03T11:15:03.742310+00:00,72700.0,74401.3984375,72400.6015625,73629.6015625,73626.0546875,2620615
2025-01-16 00:00:00+00:00,2025-01-17T00:00:00+00:00,2026-09-03T11:15:03.742310+00:00,73600.0,74694.0,72679.6015625,73020.0,73016.484375,1769250
2025-01-17 00:00:00+00:00,2025-01-18T00:00:00+00:00,2026-09-03T11:15:03.742310+00:00,73004.0,74000.0,71199.796875,73840.0,73836.4453125,1408575
2025-01-20 00:00:00+00:00,2025-01-21T00:00:00+00:00,2026-09-03T11:15:03.742310+00:00,75110.796875,75786.3984375,74768.796875,75326.0,75322.375,2296360
2025-01-21 00:00:00+00:00,2025-01-22T00:00:00+00:00,2026-09-03T11:15:03.742310+00:00,75020.203125,75219.796875,74010.6015625,74232.3984375,74228.8203125,1941215
2025-01-22 00:00:00+00:00,2025-01-23T00:00:00+00:00,2026-09-03T11:15:03.742310+00:00,73600.0,74921.0,73302.796875,74183.203125,74179.6328125,1756365
2025-01-23 00:00:00+00:00,2025-01-24T00:00:00+00:00,2026-09-03T11:15:03.742310+00:00,74100.0,74681.0,73709.0,73999.0,73995.4375,1389780
2025-01-24 00:00:00+00:00,2025-01-25T00:00:00+00:00,2026-09-03T11:15:03.742310+00:00,75160.0,75860.203125,74820.0,75194.3984375,75190.7734375,1434695
2025-01-27 00:00:00+00:00,2025-01-28T00:00:00+00:00,2026-09-03T11:15:03.742310+00:00,75820.0,76755.3984375,75443.3984375,76669.796875,76666.1015625,2022460
2025-01-28 00:00:00+00:00,2025-01-29T00:00:00+00:00,2026-09-03T11:15:03.742310+00:00,77480.0,77965.0,76912.3984375,77359.203125,77355.4765625,2303920
2025-01-29 00:00:00+00:00,2025-01-30T00:00:00+00:00,2026-09-03T11:15:03.742310+00:00,78000.0,79000.0,78002.203125,78460.0,78456.21875,1611030
2025-01-30 00:00:00+00:00,2025-01-31T00:00:00+00:00,2026-09-03T11:15:03.742310+00:00,78799.796875,78770.0,77276.0,78055.203125,78051.4453125,1042075
2025-01-31 00:00:00+00:00,2025-02-01T00:00:00+00:00,2026-09-03T11:15:03.742310+00:00,78700.0,80155.3984375,78582.203125,78952.203125,78948.3984375,1932045
2025-02-03 00:00:00+00:00,2025-02-04T00:00:00+00:00,2026-09-03T11:15:03.742310+00:00,76420.0,78480.0,76419.3984375,78034.203125,78030.4453125,1627275
2025-02-04 00:00:00+00:00,2025-02-05T00:00:00+00:00,2026-09-03T11:15:03.742310+00:00,80370.0,80861.6015625,79383.0,80131.3984375,80127.5390625,2421010
2025-02-05 00:00:00+00:00,2025-02-06T00:00:00+00:00,2026-09-03T11:15:03.742310+00:00,79921.203125,80299.796875,79236.796875,80130.3984375,80126.5390625,2152410
2025-02-06 00:00:00+00:00,2025-02-07T00:00:00+00:00,2026-09-03T11:15:03.742310+00:00,79800.0,81284.6015625,79800.0,80564.3984375,80560.515625,1522635
2025-02-07 00:00:00+00:00,2025-02-08T00:00:00+00:00,2026-09-03T11:15:03.742310+00:00,81510.0,82349.6015625,81106.3984375,81913.203125,81909.2578125,1764970
2025-02-10 00:00:00+00:00,2025-02-11T00:00:00+00:00,2026-09-03T11:15:03.742310+00:00,82800.0,83405.6015625,82528.203125,82799.0,82795.015625,1591685
2025-02-11 00:00:00+00:00,2025-02-12T00:00:00+00:00,2026-09-03T11:15:03.742310+00:00,82150.0,82900.0,81446.6015625,82900.0,82896.0078125,1681635
2025-02-12 00:00:00+00:00,2025-02-13T00:00:00+00:00,2026-09-03T11:15:03.742310+00:00,84440.0,85637.6015625,83913.0,84416.203125,84412.140625,2074915
2025-02-13 00:00:00+00:00,2025-02-14T00:00:00+00:00,2026-09-03T11:15:03.742310+00:00,85620.0,86418.203125,84350.0,85835.0,85830.8671875,1976160
2025-02-14 00:00:00+00:00,2025-02-15T00:00:00+00:00,2026-09-03T11:15:03.742310+00:00,88500.0,92000.0,88638.6015625,92000.0,91995.5703125,5045825
2025-02-17 00:00:00+00:00,2025-02-18T00:00:00+00:00,2026-09-03T11:15:03.742310+00:00,94210.0,94999.3984375,93072.203125,94048.796875,94044.265625,2829795
2025-02-18 00:00:00+00:00,2025-02-19T00:00:00+00:00,2026-09-03T11:15:03.742310+00:00,95040.0,97842.3984375,94920.203125,97055.203125,97050.53125,4999255
2025-02-19 00:00:00+00:00,2025-02-20T00:00:00+00:00,2026-09-03T11:15:03.742310+00:00,95900.0,97181.6015625,96000.0,96181.796875,96177.1640625,4650995
2025-02-20 00:00:00+00:00,2025-02-21T00:00:00+00:00,2026-09-03T11:15:03.742310+00:00,95480.0,97820.0,94400.0,97237.203125,97232.5234375,4036780
2025-02-21 00:00:00+00:00,2025-02-22T00:00:00+00:00,2026-09-03T11:15:03.742310+00:00,98790.0,100167.6015625,98640.3984375,98752.3984375,98747.640625,4801135
2025-02-24 00:00:00+00:00,2025-02-25T00:00:00+00:00,2026-09-03T11:15:03.742310+00:00,97302.0,97302.0,91099.6015625,91175.6015625,91171.2109375,3657050
2025-02-25 00:00:00+00:00,2025-02-26T00:00:00+00:00,2026-09-03T11:15:03.742310+00:00,90200.203125,91986.203125,89408.0,91086.6015625,91082.2109375,2910550
2025-02-26 00:00:00+00:00,2025-02-27T00:00:00+00:00,2026-09-03T11:15:03.742310+00:00,93302.0,93820.0,92415.6015625,92700.0,92695.5390625,2609895
2025-02-27 00:00:00+00:00,2025-02-28T00:00:00+00:00,2026-09-03T11:15:03.742310+00:00,92772.796875,93500.0,92104.3984375,92104.3984375,92099.9609375,2354685
2025-02-28 00:00:00+00:00,2025-03-01T00:00:00+00:00,2026-09-03T11:15:03.742310+00:00,89999.796875,90509.0,88673.3984375,88673.3984375,88669.125,4627230
2025-03-03 00:00:00+00:00,2025-03-04T00:00:00+00:00,2026-09-03T11:15:03.742310+00:00,89400.203125,91550.0,89000.0,90500.0,90495.640625,2074400
2025-03-04 00:00:00+00:00,2025-03-05T00:00:00+00:00,2026-09-03T11:15:03.742310+00:00,91410.0,92000.0,89813.0,91041.6015625,91037.21875,1859945
2025-03-05 00:00:00+00:00,2025-03-06T00:00:00+00:00,2026-09-03T11:15:03.742310+00:00,93000.0,94853.796875,93067.6015625,93495.3984375,93490.8984375,2112870
2025-03-06 00:00:00+00:00,2025-03-07T00:00:00+00:00,2026-09-03T11:15:03.742310+00:00,98000.0,99702.3984375,97067.6015625,98517.6015625,98512.859375,4177665
2025-03-07 00:00:00+00:00,2025-03-08T00:00:00+00:00,2026-09-03T11:15:03.742310+00:00,97519.796875,97457.6015625,95023.796875,96474.796875,96470.1484375,3277140
2025-03-10 00:00:00+00:00,2025-03-11T00:00:00+00:00,2026-09-03T11:15:03.742310+00:00,94548.0,94763.0,92313.3984375,92313.3984375,92308.953125,2958265
2025-03-11 00:00:00+00:00,2025-03-12T00:00:00+00:00,2026-09-03T11:15:03.742310+00:00,92324.203125,93978.6015625,92160.0,92621.3984375,92616.9375,2324535
2025-03-12 00:00:00+00:00,2025-03-13T00:00:00+00:00,2026-09-03T11:15:03.742310+00:00,91999.6015625,94214.3984375,91530.0,93221.203125,93216.7109375,1919515
2025-03-13 00:00:00+00:00,2025-03-14T00:00:00+00:00,2026-09-03T11:15:03.742310+00:00,92000.0,93708.3984375,91672.0,92825.6015625,92821.1328125,1737855
2025-03-14 00:00:00+00:00,2025-03-15T00:00:00+00:00,2026-09-03T11:15:03.742310+00:00,95400.0,95979.0,93686.203125,94312.203125,94307.6640625,1869710
2025-03-17 00:00:00+00:00,2025-03-18T00:00:00+00:00,2026-09-03T11:15:03.742310+00:00,93521.6015625,95122.796875,93406.203125,94617.203125,94612.6484375,2260850
2025-03-18 00:00:00+00:00,2025-03-19T00:00:00+00:00,2026-09-03T11:15:03.742310+00:00,96330.0,98410.203125,96001.0,96240.0,96235.3671875,2674125
2025-03-19 00:00:00+00:00,2025-03-20T00:00:00+00:00,2026-09-03T11:15:03.742310+00:00,97008.796875,99635.0,96220.0,97725.0,97720.296875,2980645
2025-03-20 00:00:00+00:00,2025-03-21T00:00:00+00:00,2026-09-03T11:15:03.742310+00:00,95239.796875,95360.0,92400.0,92781.6015625,92777.1328125,11855570
2025-03-24 00:00:00+00:00,2025-03-25T00:00:00+00:00,2026-09-03T11:15:03.742310+00:00,92940.0,94223.796875,92600.0,93539.203125,93534.6953125,2260535
2025-03-25 00:00:00+00:00,2025-03-26T00:00:00+00:00,2026-09-03T11:15:03.742310+00:00,92720.0,93365.6015625,91538.3984375,92749.6015625,92745.1328125,1536155
2025-03-26 00:00:00+00:00,2025-03-27T00:00:00+00:00,2026-09-03T11:15:03.742310+00:00,93140.203125,94259.3984375,92944.796875,92944.796875,92940.3203125,2058930
2025-03-27 00:00:00+00:00,2025-03-28T00:00:00+00:00,2026-09-03T11:15:03.742310+00:00,93300.0,94535.796875,92451.203125,94535.796875,94531.2421875,2142305
2025-03-28 00:00:00+00:00,2025-03-29T00:00:00+00:00,2026-09-03T11:15:03.742310+00:00,94530.0,94523.6015625,92026.6015625,92026.6015625,92022.171875,1652910
2025-03-31 00:00:00+00:00,2025-04-01T00:00:00+00:00,2026-09-03T11:15:03.742310+00:00,91000.0,91604.0,89880.3984375,90360.0,90355.6484375,3601025
2025-04-01 00:00:00+00:00,2025-04-02T00:00:00+00:00,2026-09-03T11:15:03.742310+00:00,92121.3984375,93232.203125,91054.3984375,92088.796875,92084.359375,2275215
2025-04-02 00:00:00+00:00,2025-04-03T00:00:00+00:00,2026-09-03T11:15:03.742310+00:00,92299.796875,93704.6015625,92123.203125,93704.6015625,93700.0859375,1509700
2025-04-03 00:00:00+00:00,2025-04-04T00:00:00+00:00,2026-09-03T11:15:03.742310+00:00,92820.0,93692.3984375,90400.0,92464.0,92459.546875,4056545
2025-04-04 00:00:00+00:00,2025-04-05T00:00:00+00:00,2026-09-03T11:15:03.742310+00:00,93000.0,92836.203125,86001.203125,88307.203125,88302.953125,3478620
2025-04-07 00:00:00+00:00,2025-04-08T00:00:00+00:00,2026-09-03T11:15:03.742310+00:00,79953.203125,87946.796875,79643.0,86320.0,86315.84375,3662690
2025-04-08 00:00:00+00:00,2025-04-09T00:00:00+00:00,2026-09-03T11:15:03.742310+00:00,85200.0,87809.3984375,84020.0,86457.203125,86453.0390625,4715450
2025-04-09 00:00:00+00:00,2025-04-10T00:00:00+00:00,2026-09-03T11:15:03.742310+00:00,83700.0,86768.0,82632.6015625,84933.203125,84929.109375,3845915
2025-04-10 00:00:00+00:00,2025-04-11T00:00:00+00:00,2026-09-03T11:15:03.742310+00:00,86810.6015625,88000.0,85941.3984375,86660.796875,86656.625,2375370
2025-04-11 00:00:00+00:00,2025-04-12T00:00:00+00:00,2026-09-03T11:15:03.742310+00:00,86460.0,87571.0,83855.0,85746.0,85741.8671875,2388945
2025-04-14 00:00:00+00:00,2025-04-15T00:00:00+00:00,2026-09-03T11:15:03.742310+00:00,87899.796875,89902.203125,87230.0,89842.796875,89838.46875,2138780
2025-04-15 00:00:00+00:00,2025-04-16T00:00:00+00:00,2026-09-03T11:15:03.742310+00:00,89662.0,90462.796875,88371.6015625,89784.0,89779.6796875,1657840
2025-04-16 00:00:00+00:00,2025-04-17T00:00:00+00:00,2026-09-03T11:15:03.742310+00:00,88564.203125,90186.796875,87418.796875,89217.0,89212.703125,1831125
2025-04-17 00:00:00+00:00,2025-04-18T00:00:00+00:00,2026-09-03T11:15:03.742310+00:00,90100.0,90980.0,89441.3984375,90180.0,90175.65625,2120040
2025-04-22 00:00:00+00:00,2025-04-23T00:00:00+00:00,2026-09-03T11:15:03.742310+00:00,91150.0,91500.0,90180.0,91282.203125,91277.8046875,1634935
2025-04-23 00:00:00+00:00,2025-04-24T00:00:00+00:00,2026-09-03T11:15:03.742310+00:00,93000.0,96021.3984375,93024.0,95463.0,95458.40625,2508295
2025-04-24 00:00:00+00:00,2025-04-25T00:00:00+00:00,2026-09-03T11:15:03.742310+00:00,93900.0,95893.3984375,93375.0,95642.0,95637.390625,1745500
2025-04-25 00:00:00+00:00,2025-04-26T00:00:00+00:00,2026-09-03T11:15:03.742310+00:00,96404.0,98691.796875,96445.0,97981.6015625,97976.8828125,2618715
2025-04-29 00:00:00+00:00,2025-04-30T00:00:00+00:00,2026-09-03T11:15:03.742310+00:00,96360.0,97500.0,95720.0,96700.0,96695.34375,1670970
2025-04-30 00:00:00+00:00,2025-05-01T00:00:00+00:00,2026-09-03T11:15:03.742310+00:00,96820.6015625,98753.203125,96746.0,97845.796875,97841.0859375,1688320
2025-05-02 00:00:00+00:00,2025-05-03T00:00:00+00:00,2026-09-03T11:15:03.742310+00:00,99200.0,101862.796875,99112.3984375,101513.3984375,101508.5078125,1542150
2025-05-05 00:00:00+00:00,2025-05-06T00:00:00+00:00,2026-09-03T11:15:03.742310+00:00,101400.0,101934.796875,99944.6015625,100190.0,100185.171875,1952045
2025-05-06 00:00:00+00:00,2025-05-07T00:00:00+00:00,2026-09-03T11:15:03.742310+00:00,101160.0,101582.0,98510.0,101582.0,101577.109375,1332000
2025-05-07 00:00:00+00:00,2025-05-08T00:00:00+00:00,2026-09-03T11:15:03.742310+00:00,101190.0,101582.0,98801.796875,99260.0,99255.21875,2155690
2025-05-08 00:00:00+00:00,2025-05-09T00:00:00+00:00,2026-09-03T11:15:03.742310+00:00,100422.203125,101313.6015625,99632.6015625,99632.6015625,99627.8046875,1249660
2025-05-09 00:00:00+00:00,2025-05-10T00:00:00+00:00,2026-09-03T11:15:03.742310+00:00,99820.0,101800.0,99800.0,101710.796875,101705.8984375,1992195
2025-05-12 00:00:00+00:00,2025-05-13T00:00:00+00:00,2026-09-03T11:15:03.742310+00:00,103670.0,106200.0,103400.0,105857.203125,105852.1015625,3513335
2025-05-13 00:00:00+00:00,2025-05-14T00:00:00+00:00,2026-09-03T11:15:03.742310+00:00,104598.0,106983.0,104323.3984375,106744.3984375,106739.2578125,2874360
2025-05-14 00:00:00+00:00,2025-05-15T00:00:00+00:00,2026-09-03T11:15:03.742310+00:00,108000.0,110440.0,106482.0,108800.0,108794.7578125,3302210
2025-05-15 00:00:00+00:00,2025-05-16T00:00:00+00:00,2026-09-03T11:15:03.742310+00:00,107920.0,107959.796875,105508.6015625,106201.796875,106196.6796875,2624615
2025-05-16 00:00:00+00:00,2025-05-17T00:00:00+00:00,2026-09-03T11:15:03.742310+00:00,105200.0,107009.0,104400.0,106645.203125,106640.0703125,1405365
2025-05-19 00:00:00+00:00,2025-05-20T00:00:00+00:00,2026-09-03T11:15:03.742310+00:00,106195.6015625,106464.203125,104138.3984375,105400.0,105394.921875,2055060
2025-05-20 00:00:00+00:00,2025-05-21T00:00:00+00:00,2026-09-03T11:15:03.742310+00:00,105005.0,105900.0,103896.6015625,104299.796875,104294.7734375,1766290
2025-05-21 00:00:00+00:00,2025-05-22T00:00:00+00:00,2026-09-03T11:15:03.742310+00:00,104200.0,106198.0,104018.0,105034.796875,105029.7421875,1366440
2025-05-22 00:00:00+00:00,2025-05-23T00:00:00+00:00,2026-09-03T11:15:03.742310+00:00,104692.6015625,105726.203125,104072.3984375,105000.0,104994.9453125,1867685
2025-05-23 00:00:00+00:00,2025-05-24T00:00:00+00:00,2026-09-03T11:15:03.742310+00:00,104523.6015625,105200.796875,101612.796875,103067.796875,103062.8359375,1470765
2025-05-26 00:00:00+00:00,2025-05-27T00:00:00+00:00,2026-09-03T11:15:03.742310+00:00,101711.0,104486.0,102997.3984375,103569.3984375,103564.4140625,893400
2025-05-27 00:00:00+00:00,2025-05-28T00:00:00+00:00,2026-09-03T11:15:03.742310+00:00,102720.0,105639.203125,102796.3984375,104790.0,104784.953125,1582650
2025-05-28 00:00:00+00:00,2025-05-29T00:00:00+00:00,2026-09-03T11:15:03.742310+00:00,103779.6015625,104759.3984375,103000.0,103578.796875,103573.8046875,1960990
2025-05-29 00:00:00+00:00,2025-05-30T00:00:00+00:00,2026-09-03T11:15:03.742310+00:00,104500.0,105394.6015625,103809.203125,104929.3984375,104924.34375,2376500
2025-05-30 00:00:00+00:00,2025-05-31T00:00:00+00:00,2026-09-03T11:15:03.742310+00:00,102900.0,103991.6015625,102610.3984375,103276.796875,103271.8203125,6700900
2025-06-02 00:00:00+00:00,2025-06-03T00:00:00+00:00,2026-09-03T11:15:03.742310+00:00,103000.0,103990.0,102338.6015625,103472.3984375,103467.4140625,1306040
2025-06-03 00:00:00+00:00,2025-06-04T00:00:00+00:00,2026-09-03T11:15:03.742310+00:00,104214.796875,104477.0,102625.203125,103930.3984375,103925.390625,1044170
2025-06-04 00:00:00+00:00,2025-06-05T00:00:00+00:00,2026-09-03T11:15:03.742310+00:00,104644.3984375,107688.6015625,104469.0,107034.796875,107029.640625,1453320
2025-06-05 00:00:00+00:00,2025-06-06T00:00:00+00:00,2026-09-03T11:15:03.742310+00:00,106900.0,109136.0,106685.3984375,108376.6015625,108371.3828125,2011040
2025-06-06 00:00:00+00:00,2025-06-07T00:00:00+00:00,2026-09-03T11:15:03.742310+00:00,108780.0,108779.6015625,106966.796875,107167.796875,107162.6328125,1055375
2025-06-09 00:00:00+00:00,2025-06-10T00:00:00+00:00,2026-09-03T11:15:03.742310+00:00,107600.0,109275.6015625,107360.0,108636.0,108630.765625,1386730
2025-06-10 00:00:00+00:00,2025-06-11T00:00:00+00:00,2026-09-03T11:15:03.742310+00:00,108589.796875,108821.0,107635.203125,108275.6015625,108270.390625,1514355
2025-06-11 00:00:00+00:00,2025-06-12T00:00:00+00:00,2026-09-03T11:15:03.742310+00:00,108300.0,109813.203125,108476.796875,108715.3984375,108710.1640625,1218775
2025-06-12 00:00:00+00:00,2025-06-13T00:00:00+00:00,2026-09-03T11:15:03.742310+00:00,108123.6015625,109527.0,107275.796875,108740.6015625,108735.3671875,2074100
2025-06-13 00:00:00+00:00,2025-06-14T00:00:00+00:00,2026-09-03T11:15:03.742310+00:00,107400.0,107790.0,106250.0,106250.0,106244.8828125,2781230
2025-06-17 00:00:00+00:00,2025-06-18T00:00:00+00:00,2026-09-03T11:15:03.742310+00:00,107200.203125,107890.0,105397.0,106608.6015625,106603.46875,2621785
2025-06-18 00:00:00+00:00,2025-06-19T00:00:00+00:00,2026-09-03T11:15:03.742310+00:00,105469.3984375,107736.3984375,105100.0,106891.6015625,106886.453125,2448500
2025-06-19 00:00:00+00:00,2025-06-20T00:00:00+00:00,2026-09-03T11:15:03.742310+00:00,105270.0,105993.796875,103500.0,104561.796875,104556.7578125,5616600
2025-06-20 00:00:00+00:00,2025-06-21T00:00:00+00:00,2026-09-03T11:15:03.742310+00:00,104231.0,106542.6015625,104231.0,104708.0,104702.9609375,6764920
2025-06-23 00:00:00+00:00,2025-06-24T00:00:00+00:00,2026-09-03T11:15:03.742310+00:00,105300.0,108984.203125,104453.0,108143.203125,108137.9921875,2468890
2025-06-24 00:00:00+00:00,2025-06-25T00:00:00+00:00,2026-09-03T11:15:03.742310+00:00,109990.0,111125.796875,108959.796875,110218.0,110212.6953125,3736990
2025-06-25 00:00:00+00:00,2025-06-26T00:00:00+00:00,2026-09-03T11:15:03.742310+00:00,110413.0,111878.203125,109999.796875,110161.796875,110156.4921875,2184040
2025-06-26 00:00:00+00:00,2025-06-27T00:00:00+00:00,2026-09-03T11:15:03.742310+00:00,110164.6015625,111900.0,109753.203125,110311.6015625,110306.2890625,2431535
2025-06-27 00:00:00+00:00,2025-06-28T00:00:00+00:00,2026-09-03T11:15:03.742310+00:00,109923.6015625,110850.0,109210.0,110133.203125,110127.8984375,1891810
2025-06-30 00:00:00+00:00,2025-07-01T00:00:00+00:00,2026-09-03T11:15:03.742310+00:00,110344.0,111094.6015625,109146.0,110307.6015625,110302.2890625,1649135
2025-07-01 00:00:00+00:00,2025-07-02T00:00:00+00:00,2026-09-03T11:15:03.742310+00:00,111213.6015625,111271.203125,109260.3984375,109417.6015625,109412.328125,1558270
2025-07-02 00:00:00+00:00,2025-07-03T00:00:00+00:00,2026-09-03T11:15:03.742310+00:00,109555.3984375,109990.0,107675.203125,108380.3984375,108375.1796875,1690435
2025-07-03 00:00:00+00:00,2025-07-04T00:00:00+00:00,2026-09-03T11:15:03.742310+00:00,107700.0,109068.6015625,107433.203125,107658.796875,107653.609375,1143140
2025-07-04 00:00:00+00:00,2025-07-05T00:00:00+00:00,2026-09-03T11:15:03.742310+00:00,107898.0,107873.796875,106903.0,107185.3984375,107180.234375,973880
2025-07-07 00:00:00+00:00,2025-07-08T00:00:00+00:00,2026-09-03T11:15:03.742310+00:00,107653.6015625,109390.3984375,107172.3984375,109124.796875,109119.5390625,1290415
2025-07-08 00:00:00+00:00,2025-07-09T00:00:00+00:00,2026-09-03T11:15:03.742310+00:00,108340.0,110981.6015625,108367.796875,110532.3984375,110527.078125,1372155
2025-07-09 00:00:00+00:00,2025-07-10T00:00:00+00:00,2026-09-03T11:15:03.742310+00:00,109340.0,111338.796875,109173.3984375,109369.3984375,109364.1328125,1346305
2025-07-10 00:00:00+00:00,2025-07-11T00:00:00+00:00,2026-09-03T11:15:03.742310+00:00,109222.203125,110427.203125,109110.203125,109110.203125,109104.9453125,1111490
2025-07-11 00:00:00+00:00,2025-07-12T00:00:00+00:00,2026-09-03T11:15:03.742310+00:00,110100.0,110740.203125,109166.6015625,110120.0,110114.6953125,1645535
2025-07-14 00:00:00+00:00,2025-07-15T00:00:00+00:00,2026-09-03T11:15:03.742310+00:00,110218.3984375,111195.3984375,107832.6015625,108419.796875,108414.578125,1626645
2025-07-15 00:00:00+00:00,2025-07-16T00:00:00+00:00,2026-09-03T11:15:03.742310+00:00,109800.0,111640.796875,109601.203125,110907.6015625,110902.2578125,1438855
2025-07-16 00:00:00+00:00,2025-07-17T00:00:00+00:00,2026-09-03T11:15:03.742310+00:00,111255.203125,112383.0,109797.3984375,109797.3984375,109792.109375,1491150
2025-07-17 00:00:00+00:00,2025-07-18T00:00:00+00:00,2026-09-03T11:15:03.742310+00:00,110602.203125,111094.796875,109786.796875,110085.796875,110080.4921875,1331315
2025-07-18 00:00:00+00:00,2025-07-19T00:00:00+00:00,2026-09-03T11:15:03.742310+00:00,110154.203125,112289.3984375,110294.6015625,111662.203125,111656.828125,1145445
2025-07-21 00:00:00+00:00,2025-07-22T00:00:00+00:00,2026-09-03T11:15:03.742310+00:00,111800.0,112881.3984375,111459.0,112839.6015625,112834.1640625,914925
2025-07-22 00:00:00+00:00,2025-07-23T00:00:00+00:00,2026-09-03T11:15:03.742310+00:00,112860.0,113307.6015625,111819.6015625,112100.0,112094.6015625,890960
2025-07-23 00:00:00+00:00,2025-07-24T00:00:00+00:00,2026-09-03T11:15:03.742310+00:00,116000.0,118545.203125,115601.3984375,118006.0,118000.3203125,2352115
2025-07-24 00:00:00+00:00,2025-07-25T00:00:00+00:00,2026-09-03T11:15:03.742310+00:00,118051.796875,119600.0,117916.0,118132.6015625,118126.9140625,2055295
2025-07-25 00:00:00+00:00,2025-07-26T00:00:00+00:00,2026-09-03T11:15:03.742310+00:00,116990.0,117397.203125,115844.3984375,116338.0,116332.3984375,1604635
2025-07-28 00:00:00+00:00,2025-07-29T00:00:00+00:00,2026-09-03T11:15:03.742310+00:00,116940.0,117488.203125,114853.3984375,115022.0,115016.4609375,1162510
2025-07-29 00:00:00+00:00,2025-07-30T00:00:00+00:00,2026-09-03T11:15:03.742310+00:00,114879.0,116359.3984375,114610.0,115000.0,114994.4609375,885300
2025-07-30 00:00:00+00:00,2025-07-31T00:00:00+00:00,2026-09-03T11:15:03.742310+00:00,114499.6015625,114798.0,112951.6015625,113346.0,113340.5390625,1194715
2025-07-31 00:00:00+00:00,2025-08-01T00:00:00+00:00,2026-09-03T11:15:03.742310+00:00,113558.0,114317.0,111961.0,112908.3984375,112902.9609375,1963000
2025-08-01 00:00:00+00:00,2025-08-02T00:00:00+00:00,2026-09-03T11:15:03.742310+00:00,111622.203125,112400.0,108476.0,108577.3984375,108572.171875,2438575
2025-08-04 00:00:00+00:00,2025-08-05T00:00:00+00:00,2026-09-03T11:15:03.742310+00:00,111000.0,112352.0,110202.0,111488.3984375,111483.03125,1970655
2025-08-05 00:00:00+00:00,2025-08-06T00:00:00+00:00,2026-09-03T11:15:03.742310+00:00,112890.0,112758.796875,110559.0,111586.3984375,111581.0234375,1926290
2025-08-06 00:00:00+00:00,2025-08-07T00:00:00+00:00,2026-09-03T11:15:03.742310+00:00,112219.3984375,113863.6015625,112003.0,112232.203125,112226.796875,1430890
2025-08-07 00:00:00+00:00,2025-08-08T00:00:00+00:00,2026-09-03T11:15:03.742310+00:00,111750.0,113707.6015625,111637.796875,112265.796875,112260.390625,1471400
2025-08-08 00:00:00+00:00,2025-08-09T00:00:00+00:00,2026-09-03T11:15:03.742310+00:00,111141.6015625,112200.0,110972.796875,111964.3984375,111959.0078125,1114435
2025-08-11 00:00:00+00:00,2025-08-12T00:00:00+00:00,2026-09-03T11:15:03.742310+00:00,111964.3984375,112690.0,111084.6015625,111689.3984375,111684.015625,942590
2025-08-12 00:00:00+00:00,2025-08-13T00:00:00+00:00,2026-09-03T11:15:03.742310+00:00,112190.0,113840.0,111095.203125,112326.6015625,112321.1953125,1086955
2025-08-13 00:00:00+00:00,2025-08-14T00:00:00+00:00,2026-09-03T11:15:03.742310+00:00,115311.0,118400.0,115199.6015625,117093.203125,117087.5625,2074170
2025-08-14 00:00:00+00:00,2025-08-15T00:00:00+00:00,2026-09-03T11:15:03.742310+00:00,116620.0,117785.203125,115924.6015625,116195.203125,116189.609375,1350370
2025-08-15 00:00:00+00:00,2025-08-16T00:00:00+00:00,2026-09-03T11:15:03.742310+00:00,116576.203125,118199.796875,116576.203125,116606.0,116600.3828125,1663380
2025-08-18 00:00:00+00:00,2025-08-19T00:00:00+00:00,2026-09-03T11:15:03.742310+00:00,115804.3984375,117360.6015625,115565.3984375,116143.203125,116137.609375,1184190
2025-08-19 00:00:00+00:00,2025-08-20T00:00:00+00:00,2026-09-03T11:15:03.742310+00:00,116840.0,117139.796875,115690.796875,115736.6015625,115731.03125,1238350
2025-08-20 00:00:00+00:00,2025-08-21T00:00:00+00:00,2026-09-03T11:15:03.742310+00:00,115999.796875,116498.203125,113953.0,114680.203125,114674.6796875,1298205
2025-08-21 00:00:00+00:00,2025-08-22T00:00:00+00:00,2026-09-03T11:15:03.742310+00:00,115300.0,115517.203125,113400.0,113437.796875,113432.3359375,1445045
2025-08-22 00:00:00+00:00,2025-08-23T00:00:00+00:00,2026-09-03T11:15:03.742310+00:00,114060.0,116562.3984375,113780.796875,116238.3984375,116232.796875,1942130
2025-08-25 00:00:00+00:00,2025-08-26T00:00:00+00:00,2026-09-03T11:15:03.742310+00:00,117972.0,119180.0,117134.796875,118662.203125,118656.4921875,1588625
2025-08-26 00:00:00+00:00,2025-08-27T00:00:00+00:00,2026-09-03T11:15:03.742310+00:00,117693.203125,118547.796875,117002.3984375,118266.3984375,118260.703125,5901365
2025-08-27 00:00:00+00:00,2025-08-28T00:00:00+00:00,2026-09-03T11:15:03.742310+00:00,117280.0,117280.0,115271.6015625,115897.796875,115892.21875,1549355
2025-08-28 00:00:00+00:00,2025-08-29T00:00:00+00:00,2026-09-03T11:15:03.742310+00:00,116124.0,116598.0,115205.3984375,115652.0,115646.4296875,1248930
2025-08-29 00:00:00+00:00,2025-08-30T00:00:00+00:00,2026-09-03T11:15:03.742310+00:00,116100.0,116791.0,115360.0,116173.3984375,116167.8046875,1458735
2025-09-01 00:00:00+00:00,2025-09-02T00:00:00+00:00,2026-09-03T11:15:03.742310+00:00,117700.0,117652.6015625,114603.6015625,114603.6015625,114598.0859375,1109165
2025-09-02 00:00:00+00:00,2025-09-03T00:00:00+00:00,2026-09-03T11:15:03.742310+00:00,114786.3984375,114835.796875,112103.6015625,113083.0,113077.5546875,1626320
2025-09-03 00:00:00+00:00,2025-09-04T00:00:00+00:00,2026-09-03T11:15:03.742310+00:00,113480.0,114060.0,112411.203125,113200.0,113194.546875,1450835
2025-09-04 00:00:00+00:00,2025-09-05T00:00:00+00:00,2026-09-03T11:15:03.742310+00:00,113120.0,113990.0,112563.796875,113012.6015625,113007.15625,1897560
2025-09-05 00:00:00+00:00,2025-09-06T00:00:00+00:00,2026-09-03T11:15:03.742310+00:00,114620.0,115894.796875,114222.203125,114483.0,114477.484375,1315775
2025-09-08 00:00:00+00:00,2025-09-09T00:00:00+00:00,2026-09-03T11:15:03.742310+00:00,116100.0,116525.203125,114241.203125,114740.0,114734.4765625,1619920
2025-09-09 00:00:00+00:00,2025-09-10T00:00:00+00:00,2026-09-03T11:15:03.742310+00:00,115078.203125,116689.0,114932.3984375,116434.3984375,116428.7890625,1868790
2025-09-10 00:00:00+00:00,2025-09-11T00:00:00+00:00,2026-09-03T11:15:03.742310+00:00,117331.3984375,118271.6015625,115815.203125,115987.3984375,115981.8125,1257180
2025-09-11 00:00:00+00:00,2025-09-12T00:00:00+00:00,2026-09-03T11:15:03.742310+00:00,115980.0,117668.3984375,114943.0,116995.3984375,116989.765625,1162210
2025-09-12 00:00:00+00:00,2025-09-13T00:00:00+00:00,2026-09-03T11:15:03.742310+00:00,118020.0,118543.796875,117019.203125,117469.203125,117463.546875,1318025
2025-09-15 00:00:00+00:00,2025-09-16T00:00:00+00:00,2026-09-03T11:15:03.742310+00:00,117307.796875,118198.796875,116599.796875,117843.796875,117838.125,1311885
2025-09-16 00:00:00+00:00,2025-09-17T00:00:00+00:00,2026-09-03T11:15:03.742310+00:00,118606.203125,119020.0,117350.203125,117708.0,117702.328125,1496535
2025-09-17 00:00:00+00:00,2025-09-18T00:00:00+00:00,2026-09-03T11:15:03.742310+00:00,119900.0,121335.6015625,119595.6015625,120668.0,120662.1875,1446770
2025-09-18 00:00:00+00:00,2025-09-19T00:00:00+00:00,2026-09-03T11:15:03.742310+00:00,118653.6015625,123182.203125,118128.3984375,122465.3984375,122459.5,5128240
2025-09-19 00:00:00+00:00,2025-09-20T00:00:00+00:00,2026-09-03T11:15:03.742310+00:00,122400.0,123252.6015625,120010.0,121400.0,121394.15625,3837240
2025-09-22 00:00:00+00:00,2025-09-23T00:00:00+00:00,2026-09-03T11:15:03.742310+00:00,121762.3984375,121320.3984375,118741.796875,120200.0,120194.2109375,2091015
2025-09-23 00:00:00+00:00,2025-09-24T00:00:00+00:00,2026-09-03T11:15:03.742310+00:00,119640.0,120897.6015625,118748.0,118748.0,118742.28125,1791215
2025-09-25 00:00:00+00:00,2025-09-26T00:00:00+00:00,2026-09-03T11:15:03.742310+00:00,118822.203125,121241.203125,118049.3984375,120560.0,120554.1953125,2796070
2025-09-26 00:00:00+00:00,2025-09-27T00:00:00+00:00,2026-09-03T11:15:03.742310+00:00,120194.3984375,121591.3984375,119764.6015625,121300.0,121294.15625,1479385
2025-09-29 00:00:00+00:00,2025-09-30T00:00:00+00:00,2026-09-03T11:15:03.742310+00:00,123104.6015625,124366.6015625,122700.0,123789.796875,123783.8359375,1209030
2025-09-30 00:00:00+00:00,2025-10-01T00:00:00+00:00,2026-09-03T11:15:03.742310+00:00,123400.0,126443.0,122920.0,125093.6015625,125087.578125,2553390
2025-10-01 00:00:00+00:00,2025-10-02T00:00:00+00:00,2026-09-03T11:15:03.742310+00:00,126300.0,128000.0,122801.0,126362.0,126355.9140625,1819679
2025-10-02 00:00:00+00:00,2025-10-03T00:00:00+00:00,2026-09-03T11:15:03.742310+00:00,129750.0,129250.0,127181.0,127985.0,127978.8359375,1073688
2025-10-03 00:00:00+00:00,2025-10-04T00:00:00+00:00,2026-09-03T11:15:03.742310+00:00,128900.0,131144.0,127828.0,130567.0,130560.7109375,1509806
2025-10-06 00:00:00+00:00,2025-10-07T00:00:00+00:00,2026-09-03T11:15:03.742310+00:00,130747.0,130635.0,127264.0,128328.0,128321.8203125,1594656
2025-10-07 00:00:00+00:00,2025-10-08T00:00:00+00:00,2026-09-03T11:15:03.742310+00:00,128500.0,129000.0,127228.0,127271.0,127264.8671875,1574372
2025-10-08 00:00:00+00:00,2025-10-09T00:00:00+00:00,2026-09-03T11:15:03.742310+00:00,127290.0,129153.0,126127.0,127719.0,127712.8515625,1351150
2025-10-09 00:00:00+00:00,2025-10-10T00:00:00+00:00,2026-09-03T11:15:03.742310+00:00,127370.0,128423.0,125932.0,125932.0,125925.9375,1558694
2025-10-10 00:00:00+00:00,2025-10-11T00:00:00+00:00,2026-09-03T11:15:03.742310+00:00,123003.0,125000.0,122800.0,123097.0,123091.0703125,1374583
2025-10-13 00:00:00+00:00,2025-10-14T00:00:00+00:00,2026-09-03T11:15:03.742310+00:00,121594.0,123087.0,121000.0,121144.0,121138.1640625,1554177
2025-10-14 00:00:00+00:00,2025-10-15T00:00:00+00:00,2026-09-03T11:15:03.742310+00:00,120001.0,121069.0,119043.0,120525.0,120519.1953125,2026714
2025-10-15 00:00:00+00:00,2025-10-16T00:00:00+00:00,2026-09-03T11:15:03.742310+00:00,122000.0,123000.0,120285.0,120672.0,120666.1875,1847098
2025-10-16 00:00:00+00:00,2025-10-17T00:00:00+00:00,2026-09-03T11:15:03.742310+00:00,119990.0,120669.0,118802.0,118872.0,118866.2734375,1893641
2025-10-17 00:00:00+00:00,2025-10-18T00:00:00+00:00,2026-09-03T11:15:03.742310+00:00,118002.0,119332.0,116729.0,118321.0,118315.3046875,1868309
2025-10-20 00:00:00+00:00,2025-10-21T00:00:00+00:00,2026-09-03T11:15:03.742310+00:00,120333.0,121258.0,119663.0,119663.0,119657.234375,1404951
2025-10-21 00:00:00+00:00,2025-10-22T00:00:00+00:00,2026-09-03T11:15:03.742310+00:00,120267.0,120837.0,119562.0,120389.0,120383.203125,1727114
2025-10-22 00:00:00+00:00,2025-10-23T00:00:00+00:00,2026-09-03T11:15:03.742310+00:00,119393.0,121262.0,119522.0,120371.0,120365.203125,2312910
2025-10-23 00:00:00+00:00,2025-10-24T00:00:00+00:00,2026-09-03T11:15:03.742310+00:00,121425.0,122653.0,120253.0,122252.0,122246.109375,1153989
2025-10-24 00:00:00+00:00,2025-10-25T00:00:00+00:00,2026-09-03T11:15:03.742310+00:00,122716.0,124655.0,122671.0,123650.0,123644.046875,1763427
2025-10-27 00:00:00+00:00,2025-10-28T00:00:00+00:00,2026-09-03T11:15:03.742310+00:00,125400.0,129318.0,125337.0,128265.0,128258.8203125,1511394
2025-10-28 00:00:00+00:00,2025-10-29T00:00:00+00:00,2026-09-03T11:15:03.742310+00:00,126538.0,129572.0,126080.0,126080.0,126073.9296875,2426450
2025-10-29 00:00:00+00:00,2025-10-30T00:00:00+00:00,2026-09-03T11:15:03.742310+00:00,126550.0,127965.0,125356.0,127193.0,127186.875,1433362
2025-10-30 00:00:00+00:00,2025-10-31T00:00:00+00:00,2026-09-03T11:15:03.742310+00:00,125827.0,127387.0,124307.0,125100.0,125093.9765625,2110994
2025-10-31 00:00:00+00:00,2025-11-01T00:00:00+00:00,2026-09-03T11:15:03.742310+00:00,122510.0,123705.0,121003.0,122003.0,121997.125,1897528
2025-11-03 00:00:00+00:00,2025-11-04T00:00:00+00:00,2026-09-03T11:15:03.742310+00:00,122000.0,123412.0,121288.0,122400.0,122394.1015625,1283923
2025-11-04 00:00:00+00:00,2025-11-05T00:00:00+00:00,2026-09-03T11:15:03.742310+00:00,121300.0,123450.0,120694.0,123437.0,123431.0546875,848902
2025-11-05 00:00:00+00:00,2025-11-06T00:00:00+00:00,2026-09-03T11:15:03.742310+00:00,122210.0,123787.0,121588.0,123317.0,123311.0625,1160554
2025-11-06 00:00:00+00:00,2025-11-07T00:00:00+00:00,2026-09-03T11:15:03.742310+00:00,123330.0,126794.0,123330.0,125883.0,125876.9375,1172878
2025-11-07 00:00:00+00:00,2025-11-08T00:00:00+00:00,2026-09-03T11:15:03.742310+00:00,124900.0,125400.0,121196.0,121705.0,121699.140625,1275916
2025-11-10 00:00:00+00:00,2025-11-11T00:00:00+00:00,2026-09-03T11:15:03.742310+00:00,123890.0,126564.0,123201.0,124385.0,124379.0078125,1526498
2025-11-11 00:00:00+00:00,2025-11-12T00:00:00+00:00,2026-09-03T11:15:03.742310+00:00,124386.0,124647.0,122235.0,122500.0,122494.1015625,1666514
2025-11-12 00:00:00+00:00,2025-11-13T00:00:00+00:00,2026-09-03T11:15:03.742310+00:00,123000.0,125000.0,123008.0,123761.0,123755.0390625,1208150
2025-11-13 00:00:00+00:00,2025-11-14T00:00:00+00:00,2026-09-03T11:15:03.742310+00:00,123593.0,128952.0,122911.0,127100.0,127093.875,1782837
2025-11-14 00:00:00+00:00,2025-11-15T00:00:00+00:00,2026-09-03T11:15:03.742310+00:00,123954.0,126199.0,121350.0,121995.0,121989.125,1792214
2025-11-17 00:00:00+00:00,2025-11-18T00:00:00+00:00,2026-09-03T11:15:03.742310+00:00,122712.0,123339.0,120705.0,121624.0,121618.140625,1287664
2025-11-18 00:00:00+00:00,2025-11-19T00:00:00+00:00,2026-09-03T11:15:03.742310+00:00,120400.0,120665.0,118202.0,119256.0,119250.2578125,1507752
2025-11-19 00:00:00+00:00,2025-11-20T00:00:00+00:00,2026-09-03T11:15:03.742310+00:00,119400.0,121550.0,118825.0,119450.0,119444.25,1601251
2025-11-20 00:00:00+00:00,2025-11-21T00:00:00+00:00,2026-09-03T11:15:03.742310+00:00,119500.0,121295.5,117712.0,118243.0,118237.3046875,1625333
2025-11-21 00:00:00+00:00,2025-11-22T00:00:00+00:00,2026-09-03T11:15:03.742310+00:00,116000.0,116593.0,112600.0,116105.0,116099.40625,1235789
2025-11-24 00:00:00+00:00,2025-11-25T00:00:00+00:00,2026-09-03T11:15:03.742310+00:00,119000.0,119699.0,113903.0,115593.0,115587.4296875,3794992
2025-11-25 00:00:00+00:00,2025-11-26T00:00:00+00:00,2026-09-03T11:15:03.742310+00:00,115800.0,115705.0,113000.0,113181.0,113175.546875,1821953
2025-11-26 00:00:00+00:00,2025-11-27T00:00:00+00:00,2026-09-03T11:15:03.742310+00:00,114000.0,115000.0,113580.0,113580.0,113574.53125,1312930
2025-11-27 00:00:00+00:00,2025-11-28T00:00:00+00:00,2026-09-03T11:15:03.742310+00:00,113500.0,114161.0,109138.0,110000.0,109994.703125,1597463
2025-11-28 00:00:00+00:00,2025-11-29T00:00:00+00:00,2026-09-03T11:15:03.742310+00:00,111300.0,110941.0,106896.0,107006.0,107000.84375,2728455
2025-12-01 00:00:00+00:00,2025-12-02T00:00:00+00:00,2026-09-03T11:15:03.742310+00:00,108100.0,109204.0,106649.0,109100.0,109094.7421875,1957848
2025-12-02 00:00:00+00:00,2025-12-03T00:00:00+00:00,2026-09-03T11:15:03.742310+00:00,108000.0,110000.0,105443.0,105443.0,105437.921875,1661406
2025-12-03 00:00:00+00:00,2025-12-04T00:00:00+00:00,2026-09-03T11:15:03.742310+00:00,106295.0,106295.0,103937.0,104365.0,104365.0,1844811
2025-12-04 00:00:00+00:00,2025-12-05T00:00:00+00:00,2026-09-03T11:15:03.742310+00:00,104500.0,107018.0,104224.0,105731.0,105731.0,2388666
2025-12-05 00:00:00+00:00,2025-12-06T00:00:00+00:00,2026-09-03T11:15:03.742310+00:00,106500.0,107154.0,104977.0,106400.0,106400.0,1394021
2025-12-08 00:00:00+00:00,2025-12-09T00:00:00+00:00,2026-09-03T11:15:03.742310+00:00,106410.0,107000.0,103938.0,103938.0,103938.0,1389857
2025-12-09 00:00:00+00:00,2025-12-10T00:00:00+00:00,2026-09-03T11:15:03.742310+00:00,104500.0,104543.0,102500.0,103680.0,103680.0,1895535
2025-12-10 00:00:00+00:00,2025-12-11T00:00:00+00:00,2026-09-03T11:15:03.742310+00:00,104400.0,106307.0,103392.0,105939.0,105939.0,1837325
2025-12-11 00:00:00+00:00,2025-12-12T00:00:00+00:00,2026-09-03T11:15:03.742310+00:00,105939.0,109634.0,106141.0,108560.0,108560.0,2049441
2025-12-12 00:00:00+00:00,2025-12-13T00:00:00+00:00,2026-09-03T11:15:03.742310+00:00,110100.0,113185.0,109324.0,110200.0,110200.0,1974317
2025-12-15 00:00:00+00:00,2025-12-16T00:00:00+00:00,2026-09-03T11:15:03.742310+00:00,106600.0,109350.0,106600.0,108050.0,108050.0,1810975
2025-12-17 00:00:00+00:00,2025-12-18T00:00:00+00:00,2026-09-03T11:15:03.742310+00:00,107346.0,109367.0,107097.0,108200.0,108200.0,2818122
2025-12-18 00:00:00+00:00,2025-12-19T00:00:00+00:00,2026-09-03T11:15:03.742310+00:00,107400.0,109213.0,106300.0,108822.0,108822.0,7187038
2025-12-19 00:00:00+00:00,2025-12-20T00:00:00+00:00,2026-09-03T11:15:03.742310+00:00,111000.0,115935.0,110317.0,113238.0,113238.0,10733743
2025-12-22 00:00:00+00:00,2025-12-23T00:00:00+00:00,2026-09-03T11:15:03.742310+00:00,112376.0,113541.0,110400.0,111322.0,111322.0,1034423
2025-12-23 00:00:00+00:00,2025-12-24T00:00:00+00:00,2026-09-03T11:15:03.742310+00:00,110700.0,112823.0,110250.0,112000.0,112000.0,1069412
2025-12-24 00:00:00+00:00,2025-12-25T00:00:00+00:00,2026-09-03T11:15:03.742310+00:00,112100.0,113511.0,111863.0,112019.0,112019.0,359481
2025-12-29 00:00:00+00:00,2025-12-30T00:00:00+00:00,2026-09-03T11:15:03.742310+00:00,111322.0,112599.0,111255.0,111931.0,111931.0,798066
2025-12-30 00:00:00+00:00,2025-12-31T00:00:00+00:00,2026-09-03T11:15:03.742310+00:00,112811.0,113518.0,111530.0,111943.0,111943.0,819684
2025-12-31 00:00:00+00:00,2026-01-01T00:00:00+00:00,2026-09-03T11:15:03.742310+00:00,112000.0,112510.0,109858.0,110451.0,110451.0,495480
2026-01-02 00:00:00+00:00,2026-01-03T00:00:00+00:00,2026-09-03T11:15:03.742310+00:00,113408.0,113993.0,110738.0,111177.0,111177.0,947932
2026-01-05 00:00:00+00:00,2026-01-06T00:00:00+00:00,2026-09-03T11:15:03.742310+00:00,112400.0,112558.0,110894.0,111127.0,111127.0,1124060
2026-01-06 00:00:00+00:00,2026-01-07T00:00:00+00:00,2026-09-03T11:15:03.742310+00:00,111500.0,114211.0,111874.5,113656.0,113656.0,1447675
2026-01-07 00:00:00+00:00,2026-01-08T00:00:00+00:00,2026-09-03T11:15:03.742310+00:00,112800.0,114356.0,111060.0,113709.0,113709.0,1710511
2026-01-08 00:00:00+00:00,2026-01-09T00:00:00+00:00,2026-09-03T11:15:03.742310+00:00,112000.0,113192.0,111367.0,111876.0,111876.0,808468
2026-01-09 00:00:00+00:00,2026-01-10T00:00:00+00:00,2026-09-03T11:15:03.742310+00:00,111160.0,111623.0,110123.0,110435.0,110435.0,1005038
2026-01-12 00:00:00+00:00,2026-01-13T00:00:00+00:00,2026-09-03T11:15:03.742310+00:00,111990.0,113000.0,111464.0,112782.0,112782.0,986880
2026-01-13 00:00:00+00:00,2026-01-14T00:00:00+00:00,2026-09-03T11:15:03.742310+00:00,113047.0,115559.0,112948.0,114484.0,114484.0,1391675
2026-01-14 00:00:00+00:00,2026-01-15T00:00:00+00:00,2026-09-03T11:15:03.742310+00:00,113964.0,115053.0,112900.0,114417.0,114417.0,2230672
2026-01-15 00:00:00+00:00,2026-01-16T00:00:00+00:00,2026-09-03T11:15:03.742310+00:00,113555.0,114298.0,110182.0,110375.0,110375.0,1851830
2026-01-16 00:00:00+00:00,2026-01-17T00:00:00+00:00,2026-09-03T11:15:03.742310+00:00,110400.0,111397.0,109033.0,109033.0,109033.0,1948399
2026-01-19 00:00:00+00:00,2026-01-20T00:00:00+00:00,2026-09-03T11:15:03.742310+00:00,108582.0,109200.0,106831.0,106868.0,106868.0,1155620
2026-01-20 00:00:00+00:00,2026-01-21T00:00:00+00:00,2026-09-03T11:15:03.742310+00:00,106100.0,106702.0,103628.0,103858.0,103858.0,2070882
2026-01-21 00:00:00+00:00,2026-01-22T00:00:00+00:00,2026-09-03T11:15:03.742310+00:00,103800.0,104503.0,100735.0,101661.0,101661.0,2249462
2026-01-22 00:00:00+00:00,2026-01-23T00:00:00+00:00,2026-09-03T11:15:03.742310+00:00,101800.0,103810.0,100966.0,102917.0,102917.0,2204539
2026-01-23 00:00:00+00:00,2026-01-24T00:00:00+00:00,2026-09-03T11:15:03.742310+00:00,102200.0,102809.0,101536.0,102304.0,102304.0,1721451
2026-01-26 00:00:00+00:00,2026-01-27T00:00:00+00:00,2026-09-03T11:15:03.742310+00:00,102611.0,103055.0,100849.0,101012.0,101012.0,1779720
2026-01-27 00:00:00+00:00,2026-01-28T00:00:00+00:00,2026-09-03T11:15:03.742310+00:00,102419.0,104237.0,102430.0,103797.0,103797.0,1905045
2026-01-28 00:00:00+00:00,2026-01-29T00:00:00+00:00,2026-09-03T11:15:03.742310+00:00,105450.0,105746.0,103133.0,103183.0,103183.0,1529549
2026-01-29 00:00:00+00:00,2026-01-30T00:00:00+00:00,2026-09-03T11:15:03.742310+00:00,102001.0,104336.0,102100.0,102210.0,102210.0,1319340
2026-01-30 00:00:00+00:00,2026-01-31T00:00:00+00:00,2026-09-03T11:15:03.742310+00:00,101041.0,102091.0,99150.0,99150.0,99150.0,2735894
2026-02-02 00:00:00+00:00,2026-02-03T00:00:00+00:00,2026-09-03T11:15:03.742310+00:00,96340.0,99642.0,94733.0,99000.0,99000.0,2038403
2026-02-03 00:00:00+00:00,2026-02-04T00:00:00+00:00,2026-09-03T11:15:03.742310+00:00,97700.0,98315.0,96686.0,97219.0,97219.0,2822939
2026-02-04 00:00:00+00:00,2026-02-05T00:00:00+00:00,2026-09-03T11:15:03.742310+00:00,95800.0,95996.0,93680.0,93680.0,93680.0,2709434
2026-02-05 00:00:00+00:00,2026-02-06T00:00:00+00:00,2026-09-03T11:15:03.742310+00:00,94300.0,95990.0,93900.0,94166.0,94166.0,2565010
2026-02-06 00:00:00+00:00,2026-02-07T00:00:00+00:00,2026-09-03T11:15:03.742310+00:00,94166.0,96672.0,94021.0,95719.0,95719.0,2288102
2026-02-09 00:00:00+00:00,2026-02-10T00:00:00+00:00,2026-09-03T11:15:03.742310+00:00,97950.0,97950.0,94713.0,95382.0,95382.0,1878869
2026-02-10 00:00:00+00:00,2026-02-11T00:00:00+00:00,2026-09-03T11:15:03.742310+00:00,94795.0,95496.0,92512.0,92750.0,92750.0,2119400
2026-02-11 00:00:00+00:00,2026-02-12T00:00:00+00:00,2026-09-03T11:15:03.742310+00:00,93390.0,93256.0,90181.0,90580.0,90580.0,2992881
2026-02-12 00:00:00+00:00,2026-02-13T00:00:00+00:00,2026-09-03T11:15:03.742310+00:00,88990.0,91478.0,88000.0,90609.0,90609.0,2109379
2026-02-13 00:00:00+00:00,2026-02-14T00:00:00+00:00,2026-09-03T11:15:03.742310+00:00,90600.0,91994.0,88724.0,89120.0,89120.0,1843545
2026-02-16 00:00:00+00:00,2026-02-17T00:00:00+00:00,2026-09-03T11:15:03.742310+00:00,89300.0,90648.0,89400.0,89692.0,89692.0,1467379
2026-02-17 00:00:00+00:00,2026-02-18T00:00:00+00:00,2026-09-03T11:15:03.742310+00:00,89500.0,89750.0,88200.0,89203.0,89203.0,1346542
2026-02-18 00:00:00+00:00,2026-02-19T00:00:00+00:00,2026-09-03T11:15:03.742310+00:00,89800.0,91555.0,89488.0,91555.0,91555.0,2071224
2026-02-19 00:00:00+00:00,2026-02-20T00:00:00+00:00,2026-09-03T11:15:03.742310+00:00,91900.0,91950.0,90105.0,90500.0,90500.0,2016925
2026-02-20 00:00:00+00:00,2026-02-21T00:00:00+00:00,2026-09-03T11:15:03.742310+00:00,89134.0,90103.0,88882.0,89917.0,89917.0,2135976
2026-02-23 00:00:00+00:00,2026-02-24T00:00:00+00:00,2026-09-03T11:15:03.742310+00:00,92515.0,93123.0,91143.0,91475.0,91475.0,1914532
2026-02-24 00:00:00+00:00,2026-02-25T00:00:00+00:00,2026-09-03T11:15:03.742310+00:00,89989.0,90765.0,89271.0,90341.0,90341.0,1662361
2026-02-25 00:00:00+00:00,2026-02-26T00:00:00+00:00,2026-09-03T11:15:03.742310+00:00,90600.0,91910.0,89716.0,90883.0,90883.0,1359269
2026-02-26 00:00:00+00:00,2026-02-27T00:00:00+00:00,2026-09-03T11:15:03.742310+00:00,90150.0,90154.0,88100.0,88694.0,88694.0,2184255
2026-02-27 00:00:00+00:00,2026-02-28T00:00:00+00:00,2026-09-03T11:15:03.742310+00:00,90010.0,90250.0,88528.0,88528.0,88528.0,2809885
2026-03-02 00:00:00+00:00,2026-03-03T00:00:00+00:00,2026-09-03T11:15:03.742310+00:00,87530.0,88392.0,85632.0,86521.0,86521.0,1569641
2026-03-03 00:00:00+00:00,2026-03-04T00:00:00+00:00,2026-09-03T11:15:03.742310+00:00,86521.0,87307.0,83751.0,84438.0,84438.0,1603921
2026-03-04 00:00:00+00:00,2026-03-05T00:00:00+00:00,2026-09-03T11:15:03.742310+00:00,84000.0,87450.0,83755.0,86948.0,86948.0,1867712
2026-03-05 00:00:00+00:00,2026-03-06T00:00:00+00:00,2026-09-03T11:15:03.742310+00:00,88550.0,88800.0,86000.0,88096.0,88096.0,1804986
2026-03-06 00:00:00+00:00,2026-03-07T00:00:00+00:00,2026-09-03T11:15:03.742310+00:00,89735.0,90715.0,87243.0,87662.0,87662.0,1771827
2026-03-09 00:00:00+00:00,2026-03-10T00:00:00+00:00,2026-09-03T11:15:03.742310+00:00,87333.0,89143.0,86101.0,88074.0,88074.0,1691026
2026-03-10 00:00:00+00:00,2026-03-11T00:00:00+00:00,2026-09-03T11:15:03.742310+00:00,92500.0,95993.0,92382.0,94508.0,94508.0,2543037
2026-03-11 00:00:00+00:00,2026-03-12T00:00:00+00:00,2026-09-03T11:15:03.742310+00:00,94800.0,94892.0,92911.0,93179.0,93179.0,1912849
2026-03-12 00:00:00+00:00,2026-03-13T00:00:00+00:00,2026-09-03T11:15:03.742310+00:00,92551.0,94192.0,91898.0,93789.0,93789.0,1557218
2026-03-13 00:00:00+00:00,2026-03-14T00:00:00+00:00,2026-09-03T11:15:03.742310+00:00,94649.0,97763.0,94105.0,97000.0,97000.0,2925487
2026-03-16 00:00:00+00:00,2026-03-17T00:00:00+00:00,2026-09-03T11:15:03.742310+00:00,98600.0,99459.0,95771.0,97482.0,97482.0,2788938
2026-03-17 00:00:00+00:00,2026-03-18T00:00:00+00:00,2026-09-03T11:15:03.742310+00:00,97400.0,99558.0,96601.0,97974.0,97974.0,2323840
2026-03-18 00:00:00+00:00,2026-03-19T00:00:00+00:00,2026-09-03T11:15:03.742310+00:00,98700.0,100648.0,90352.0,91129.0,91129.0,2926148
2026-03-19 00:00:00+00:00,2026-03-20T00:00:00+00:00,2026-09-03T11:15:03.742310+00:00,91500.0,91750.0,87425.0,89263.0,89263.0,6041073
2026-03-20 00:00:00+00:00,2026-03-21T00:00:00+00:00,2026-09-03T11:15:03.742310+00:00,91137.0,91246.0,88419.0,88900.0,88900.0,8534969
2026-03-23 00:00:00+00:00,2026-03-24T00:00:00+00:00,2026-09-03T11:15:03.742310+00:00,86050.0,90647.0,85118.0,88600.0,88600.0,2394000
2026-03-24 00:00:00+00:00,2026-03-25T00:00:00+00:00,2026-09-03T11:15:03.742310+00:00,88700.0,90181.0,86391.0,86593.0,86593.0,2059959
2026-03-25 00:00:00+00:00,2026-03-26T00:00:00+00:00,2026-09-03T11:15:03.742310+00:00,86800.0,91606.0,87099.0,90847.0,90847.0,1965310
2026-03-26 00:00:00+00:00,2026-03-27T00:00:00+00:00,2026-09-03T11:15:03.742310+00:00,90740.0,90900.0,87942.0,88234.0,88234.0,1623402
2026-03-27 00:00:00+00:00,2026-03-28T00:00:00+00:00,2026-09-03T11:15:03.742310+00:00,89350.0,89002.0,85207.0,85832.0,85832.0,1678372
2026-03-30 00:00:00+00:00,2026-03-31T00:00:00+00:00,2026-09-03T11:15:03.742310+00:00,85900.0,86414.0,84359.0,85315.0,85315.0,1537034
2026-03-31 00:00:00+00:00,2026-04-01T00:00:00+00:00,2026-09-03T11:15:03.742310+00:00,86242.0,86853.0,85517.0,86196.0,86196.0,1571829
2026-04-01 00:00:00+00:00,2026-04-02T00:00:00+00:00,2026-09-03T11:15:03.742310+00:00,88997.0,89935.0,87836.0,88939.0,88939.0,1932912
2026-04-02 00:00:00+00:00,2026-04-03T00:00:00+00:00,2026-09-03T11:15:03.742310+00:00,88100.0,88124.0,86242.0,87041.0,87041.0,2297004
2026-04-07 00:00:00+00:00,2026-04-08T00:00:00+00:00,2026-09-03T11:15:03.742310+00:00,87600.0,88767.0,86511.0,87050.0,87050.0,1149151
2026-04-08 00:00:00+00:00,2026-04-09T00:00:00+00:00,2026-09-03T11:15:03.742310+00:00,91280.0,93756.0,89931.0,91371.0,91371.0,3069137
2026-04-09 00:00:00+00:00,2026-04-10T00:00:00+00:00,2026-09-03T11:15:03.742310+00:00,91330.0,91463.0,88824.0,88824.0,88824.0,1636944
2026-04-10 00:00:00+00:00,2026-04-11T00:00:00+00:00,2026-09-03T11:15:03.742310+00:00,89511.0,91421.0,88997.0,89836.0,89836.0,984251
2026-04-13 00:00:00+00:00,2026-04-14T00:00:00+00:00,2026-09-03T11:15:03.742310+00:00,88930.0,90000.0,87216.0,89350.0,89350.0,1167901
2026-04-14 00:00:00+00:00,2026-04-15T00:00:00+00:00,2026-09-03T11:15:03.742310+00:00,89800.0,91344.0,89713.0,90968.0,90968.0,1588063
2026-04-15 00:00:00+00:00,2026-04-16T00:00:00+00:00,2026-09-03T11:15:03.742310+00:00,92000.0,92500.0,91157.0,91572.0,91572.0,1666727
2026-04-16 00:00:00+00:00,2026-04-17T00:00:00+00:00,2026-09-03T11:15:03.742310+00:00,93188.0,94972.0,92774.0,92792.0,92792.0,1686416
2026-04-17 00:00:00+00:00,2026-04-18T00:00:00+00:00,2026-09-03T11:15:03.742310+00:00,91611.0,97038.0,92306.0,95329.0,95329.0,1983388
2026-04-20 00:00:00+00:00,2026-04-21T00:00:00+00:00,2026-09-03T11:15:03.742310+00:00,95450.0,95986.0,94044.0,95272.0,95272.0,1209662
2026-04-21 00:00:00+00:00,2026-04-22T00:00:00+00:00,2026-09-03T11:15:03.742310+00:00,95500.0,96317.0,94080.0,94080.0,94080.0,1817538
2026-04-22 00:00:00+00:00,2026-04-23T00:00:00+00:00,2026-09-03T11:15:03.742310+00:00,94400.0,94399.0,92086.0,92471.0,92471.0,1399536
2026-04-23 00:00:00+00:00,2026-04-24T00:00:00+00:00,2026-09-03T11:15:03.742310+00:00,91200.0,92255.0,89952.0,89952.0,89952.0,1711827
2026-04-24 00:00:00+00:00,2026-04-25T00:00:00+00:00,2026-09-03T11:15:03.742310+00:00,89796.0,91726.0,89639.0,90514.0,90514.0,976109
2026-04-28 00:00:00+00:00,2026-04-29T00:00:00+00:00,2026-09-03T11:15:03.742310+00:00,88018.0,89829.0,88017.0,88510.0,88510.0,1727950
2026-04-29 00:00:00+00:00,2026-04-30T00:00:00+00:00,2026-09-03T11:15:03.742310+00:00,89111.0,89641.0,88189.0,89641.0,89641.0,2192356
2026-04-30 00:00:00+00:00,2026-05-01T00:00:00+00:00,2026-09-03T11:15:03.742310+00:00,87144.0,90912.0,86552.0,89776.0,89776.0,1683309
2026-05-04 00:00:00+00:00,2026-05-05T00:00:00+00:00,2026-09-03T11:15:03.742310+00:00,89905.0,91212.0,89265.0,89794.0,89794.0,1256083
2026-05-05 00:00:00+00:00,2026-05-06T00:00:00+00:00,2026-09-03T11:15:03.742310+00:00,89750.0,90822.0,88558.0,88558.0,88558.0,1117744
2026-05-06 00:00:00+00:00,2026-05-07T00:00:00+00:00,2026-09-03T11:15:03.742310+00:00,88651.0,93088.0,88463.0,92244.0,92244.0,2795785
2026-05-07 00:00:00+00:00,2026-05-08T00:00:00+00:00,2026-09-03T11:15:03.742310+00:00,93400.0,94400.0,91540.0,92242.0,92242.0,1925737
2026-05-08 00:00:00+00:00,2026-05-09T00:00:00+00:00,2026-09-03T11:15:03.742310+00:00,91850.0,91947.0,89300.0,89300.0,89300.0,854232
2026-05-11 00:00:00+00:00,2026-05-12T00:00:00+00:00,2026-09-03T11:15:03.742310+00:00,89200.0,90058.0,89032.0,89032.0,89032.0,1255905
2026-05-12 00:00:00+00:00,2026-05-13T00:00:00+00:00,2026-09-03T11:15:03.742310+00:00,88400.0,88200.0,81758.0,84786.0,84786.0,2991817
2026-05-13 00:00:00+00:00,2026-05-14T00:00:00+00:00,2026-09-03T11:15:03.742310+00:00,85827.0,87895.0,82804.0,87895.0,87895.0,2050224
2026-05-14 00:00:00+00:00,2026-05-15T00:00:00+00:00,2026-09-03T11:15:03.742310+00:00,87000.0,87115.0,85098.0,85400.0,85400.0,1173814
2026-05-15 00:00:00+00:00,2026-05-16T00:00:00+00:00,2026-09-03T11:15:03.742310+00:00,85400.0,87119.0,84259.0,86842.0,86842.0,1609297
2026-05-18 00:00:00+00:00,2026-05-19T00:00:00+00:00,2026-09-03T11:15:03.742310+00:00,85900.0,86966.0,85338.0,86590.0,86590.0,1160378
2026-05-19 00:00:00+00:00,2026-05-20T00:00:00+00:00,2026-09-03T11:15:03.742310+00:00,87600.0,90478.0,87508.0,89881.0,89881.0,2218870
2026-05-20 00:00:00+00:00,2026-05-21T00:00:00+00:00,2026-09-03T11:15:03.742310+00:00,89550.0,90575.0,87803.0,88699.0,88699.0,1740426
2026-05-21 00:00:00+00:00,2026-05-22T00:00:00+00:00,2026-09-03T11:15:03.742310+00:00,86789.0,87764.0,86000.0,86046.0,86046.0,1667050
2026-05-22 00:00:00+00:00,2026-05-23T00:00:00+00:00,2026-09-03T11:15:03.742310+00:00,86400.0,87420.0,83421.0,84281.0,84281.0,1290645
2026-05-25 00:00:00+00:00,2026-05-26T00:00:00+00:00,2026-09-03T11:15:03.742310+00:00,86000.0,88439.0,85974.0,87637.0,87637.0,666131
2026-05-26 00:00:00+00:00,2026-05-27T00:00:00+00:00,2026-09-03T11:15:03.742310+00:00,86659.0,86824.0,85306.0,85500.0,85500.0,1868745
2026-05-27 00:00:00+00:00,2026-05-28T00:00:00+00:00,2026-09-03T11:15:03.742310+00:00,84510.0,85903.0,84510.0,85577.0,85577.0,1051925
2026-05-28 00:00:00+00:00,2026-05-29T00:00:00+00:00,2026-09-03T11:15:03.742310+00:00,84100.0,85163.0,84000.0,84892.0,84892.0,924088
2026-05-29 00:00:00+00:00,2026-05-30T00:00:00+00:00,2026-09-03T11:15:03.742310+00:00,84700.0,85848.0,83933.0,85213.0,85213.0,2674654
2026-06-01 00:00:00+00:00,2026-06-02T00:00:00+00:00,2026-09-03T11:15:03.742310+00:00,86500.0,86665.0,83853.0,83853.0,83853.0,1730970
2026-06-02 00:00:00+00:00,2026-06-03T00:00:00+00:00,2026-09-03T11:15:03.742310+00:00,90400.0,93920.0,90005.0,92477.0,92477.0,2540281
2026-06-03 00:00:00+00:00,2026-06-04T00:00:00+00:00,2026-09-03T11:15:03.742310+00:00,91600.0,91713.0,88653.0,88964.0,88964.0,2667200
2026-06-04 00:00:00+00:00,2026-06-05T00:00:00+00:00,2026-09-03T11:15:03.742310+00:00,89003.0,89459.0,86999.0,87000.0,87000.0,1657953
2026-06-05 00:00:00+00:00,2026-06-06T00:00:00+00:00,2026-09-03T11:15:03.742310+00:00,86800.0,89678.0,86922.0,88300.0,88300.0,1515220
2026-06-08 00:00:00+00:00,2026-06-09T00:00:00+00:00,2026-09-03T11:15:03.742310+00:00,87005.0,89532.0,86894.0,88396.0,88396.0,1714558
2026-06-09 00:00:00+00:00,2026-06-10T00:00:00+00:00,2026-09-03T11:15:03.742310+00:00,88305.0,89831.0,88289.0,88999.0,88999.0,1786541
2026-06-10 00:00:00+00:00,2026-06-11T00:00:00+00:00,2026-09-03T11:15:03.742310+00:00,89992.0,90486.0,87617.0,88600.0,88600.0,2201454
2026-06-11 00:00:00+00:00,2026-06-12T00:00:00+00:00,2026-09-03T11:15:03.742310+00:00,87500.0,88232.0,86004.0,86004.0,86004.0,2006990
2026-06-12 00:00:00+00:00,2026-06-13T00:00:00+00:00,2026-09-03T11:15:03.742310+00:00,87350.0,87880.0,84935.0,85592.0,85592.0,1739922
2026-06-15 00:00:00+00:00,2026-06-16T00:00:00+00:00,2026-09-03T11:15:03.742310+00:00,85389.0,87000.0,85326.0,86286.0,86286.0,1333980
2026-06-17 00:00:00+00:00,2026-06-18T00:00:00+00:00,2026-09-03T11:15:03.742310+00:00,85000.0,86017.0,84000.0,84000.0,84000.0,2022459
2026-06-18 00:00:00+00:00,2026-06-19T00:00:00+00:00,2026-09-03T11:15:03.742310+00:00,84400.0,85271.0,83340.0,84500.0,84500.0,4603711
2026-06-19 00:00:00+00:00,2026-06-20T00:00:00+00:00,2026-09-03T11:15:03.742310+00:00,85360.0,85483.0,82707.0,82884.0,82884.0,3582973
2026-06-22 00:00:00+00:00,2026-06-23T00:00:00+00:00,2026-09-03T11:15:03.742310+00:00,82600.0,83270.0,81227.0,81909.0,81909.0,1456415
2026-06-23 00:00:00+00:00,2026-06-24T00:00:00+00:00,2026-09-03T11:15:03.742310+00:00,80100.0,80997.0,79551.0,80555.0,80555.0,1795775
2026-06-24 00:00:00+00:00,2026-06-25T00:00:00+00:00,2026-09-03T11:15:03.742310+00:00,82300.0,82900.0,80916.0,81844.0,81844.0,2633994
2026-06-25 00:00:00+00:00,2026-06-26T00:00:00+00:00,2026-09-03T11:15:03.742310+00:00,81773.0,83432.0,81664.0,82017.0,82017.0,1471329
2026-06-26 00:00:00+00:00,2026-06-27T00:00:00+00:00,2026-09-03T11:15:03.742310+00:00,81332.0,81668.0,79833.0,79953.0,79953.0,1416313
2026-06-29 00:00:00+00:00,2026-06-30T00:00:00+00:00,2026-09-03T11:15:03.742310+00:00,82940.0,84972.0,81832.0,83897.0,83897.0,1494427
2026-06-30 00:00:00+00:00,2026-07-01T00:00:00+00:00,2026-09-03T11:15:03.742310+00:00,85740.0,85766.0,81154.0,82062.0,82062.0,2237589
2026-07-01 00:00:00+00:00,2026-07-02T00:00:00+00:00,2026-09-03T11:15:03.742310+00:00,82136.0,83998.0,81854.0,83559.0,83559.0,2014312
2026-07-02 00:00:00+00:00,2026-07-03T00:00:00+00:00,2026-09-03T11:15:03.742310+00:00,83555.0,85241.0,80028.0,80028.0,80028.0,2235315
2026-07-03 00:00:00+00:00,2026-07-04T00:00:00+00:00,2026-09-03T11:15:03.742310+00:00,80495.0,81197.0,78578.0,78849.0,78849.0,1325190
2026-07-06 00:00:00+00:00,2026-07-07T00:00:00+00:00,2026-09-03T11:15:03.742310+00:00,80049.0,82000.0,79807.0,81125.0,81125.0,2013793
2026-07-07 00:00:00+00:00,2026-07-08T00:00:00+00:00,2026-09-03T11:15:03.742310+00:00,82011.0,85307.0,81701.0,85307.0,85307.0,2060271
2026-07-08 00:00:00+00:00,2026-07-09T00:00:00+00:00,2026-09-03T11:15:03.742310+00:00,87514.0,90200.0,87119.0,89339.0,89339.0,3604940
2026-07-09 00:00:00+00:00,2026-07-10T00:00:00+00:00,2026-09-03T11:15:03.742310+00:00,88500.0,89259.0,86285.0,86528.0,86528.0,2275041
2026-07-10 00:00:00+00:00,2026-07-11T00:00:00+00:00,2026-09-03T11:15:03.742310+00:00,86111.0,86556.0,85386.0,85991.0,85991.0,1682486
2026-07-13 00:00:00+00:00,2026-07-14T00:00:00+00:00,2026-09-03T11:15:03.742310+00:00,85698.0,85747.0,84230.0,84750.0,84750.0,2130975
2026-07-14 00:00:00+00:00,2026-07-15T00:00:00+00:00,2026-09-03T11:15:03.742310+00:00,85100.0,85411.0,83140.0,84892.0,84892.0,1244561
2026-07-15 00:00:00+00:00,2026-07-16T00:00:00+00:00,2026-09-03T11:15:03.742310+00:00,86499.0,90000.0,86076.0,89036.0,89036.0,2078038
2026-07-16 00:00:00+00:00,2026-07-17T00:00:00+00:00,2026-09-03T11:15:03.742310+00:00,90000.0,90500.0,87748.0,87748.0,87748.0,1342571
2026-07-17 00:00:00+00:00,2026-07-18T00:00:00+00:00,2026-09-03T11:15:03.742310+00:00,86374.0,86440.0,84000.0,84000.0,84000.0,1143256
2026-07-20 00:00:00+00:00,2026-07-21T00:00:00+00:00,2026-09-03T11:15:03.742310+00:00,85601.0,86500.0,85100.0,85570.0,85570.0,1259900
2026-07-21 00:00:00+00:00,2026-07-22T00:00:00+00:00,2026-09-03T11:15:03.742310+00:00,86250.0,86525.0,82247.0,82247.0,82247.0,1316510
2026-07-22 00:00:00+00:00,2026-07-23T00:00:00+00:00,2026-09-03T11:15:03.742310+00:00,80000.0,80487.0,78797.0,78797.0,78797.0,1995462
2026-07-23 00:00:00+00:00,2026-07-24T00:00:00+00:00,2026-09-03T11:15:03.742310+00:00,80000.0,80518.0,78808.0,79511.0,79511.0,1592683
2026-07-24 00:00:00+00:00,2026-07-25T00:00:00+00:00,2026-09-03T11:15:03.742310+00:00,78888.0,79872.0,78652.0,78960.0,78960.0,1298792
2026-07-27 00:00:00+00:00,2026-07-28T00:00:00+00:00,2026-09-03T11:15:03.742310+00:00,80100.0,82480.0,80369.0,81331.0,81331.0,1203672
2026-07-28 00:00:00+00:00,2026-07-29T00:00:00+00:00,2026-09-03T11:15:03.742310+00:00,81500.0,82917.0,81428.0,82277.0,82277.0,929183
2026-07-29 00:00:00+00:00,2026-07-30T00:00:00+00:00,2026-09-03T11:15:03.742310+00:00,84350.0,86057.0,84401.0,85501.0,85501.0,1282113
2026-07-30 00:00:00+00:00,2026-07-31T00:00:00+00:00,2026-09-03T11:15:03.742310+00:00,85395.0,85925.0,84373.0,85691.0,85691.0,1149100
2026-07-31 00:00:00+00:00,2026-08-01T00:00:00+00:00,2026-09-03T11:15:03.742310+00:00,86290.0,87217.0,85701.0,86748.0,86748.0,1796989
2026-08-03 00:00:00+00:00,2026-08-04T00:00:00+00:00,2026-09-03T11:15:03.742310+00:00,88399.0,90084.0,88029.0,89297.0,89297.0,1055073
2026-08-04 00:00:00+00:00,2026-08-05T00:00:00+00:00,2026-09-03T11:15:03.742310+00:00,88500.0,91200.0,88432.0,91200.0,91200.0,1898695
2026-08-05 00:00:00+00:00,2026-08-06T00:00:00+00:00,2026-09-03T11:15:03.742310+00:00,91500.0,91993.0,89644.0,89700.0,89700.0,942554
2026-08-06 00:00:00+00:00,2026-08-07T00:00:00+00:00,2026-09-03T11:15:03.742310+00:00,89490.0,89490.0,87765.0,87840.0,87840.0,1457619
2026-08-07 00:00:00+00:00,2026-08-08T00:00:00+00:00,2026-09-03T11:15:03.742310+00:00,88700.0,91500.0,88390.0,91203.0,91203.0,1874306
2026-08-11 00:00:00+00:00,2026-08-12T00:00:00+00:00,2026-09-03T11:15:03.742310+00:00,89803.0,89962.0,87503.0,87503.0,87503.0,1759815
2026-08-12 00:00:00+00:00,2026-08-13T00:00:00+00:00,2026-09-03T11:15:03.742310+00:00,87000.0,87063.0,80993.0,80993.0,80993.0,2825459
2026-08-13 00:00:00+00:00,2026-08-14T00:00:00+00:00,2026-09-03T11:15:03.742310+00:00,81265.0,81966.0,79300.0,79300.0,79300.0,3033873
2026-08-14 00:00:00+00:00,2026-08-15T00:00:00+00:00,2026-09-03T11:15:03.742310+00:00,80000.0,80151.0,78655.0,78670.0,78670.0,2685022
2026-08-17 00:00:00+00:00,2026-08-18T00:00:00+00:00,2026-09-03T11:15:03.742310+00:00,79575.0,81600.0,78677.0,79251.0,79251.0,1797009
2026-08-18 00:00:00+00:00,2026-08-19T00:00:00+00:00,2026-09-03T11:15:03.742310+00:00,78700.0,78987.0,77925.0,77925.0,77925.0,1594186
2026-08-19 00:00:00+00:00,2026-08-20T00:00:00+00:00,2026-09-03T11:15:03.742310+00:00,78500.0,79811.0,77671.0,79572.0,79572.0,1653111
2026-08-20 00:00:00+00:00,2026-08-21T00:00:00+00:00,2026-09-03T11:15:03.742310+00:00,80010.0,80572.0,78157.0,78157.0,78157.0,1166541
2026-08-21 00:00:00+00:00,2026-08-22T00:00:00+00:00,2026-09-03T11:15:03.742310+00:00,78507.0,79900.0,78476.0,78476.0,78476.0,1832250
2026-08-24 00:00:00+00:00,2026-08-25T00:00:00+00:00,2026-09-03T11:15:03.742310+00:00,76700.0,76944.0,75230.0,76413.0,76413.0,2178414
2026-08-25 00:00:00+00:00,2026-08-26T00:00:00+00:00,2026-09-03T11:15:03.742310+00:00,76710.0,76948.0,75800.0,76474.0,76474.0,2248048
2026-08-26 00:00:00+00:00,2026-08-27T00:00:00+00:00,2026-09-03T11:15:03.742310+00:00,76522.0,77444.0,76550.0,76546.0,76546.0,2122324
2026-08-27 00:00:00+00:00,2026-08-28T00:00:00+00:00,2026-09-03T11:15:03.742310+00:00,77338.0,78455.0,76358.0,77249.0,77249.0,1268743
2026-08-28 00:00:00+00:00,2026-08-29T00:00:00+00:00,2026-09-03T11:15:03.742310+00:00,78001.0,78990.0,77712.0,78939.0,78939.0,888452
2026-08-31 00:00:00+00:00,2026-09-01T00:00:00+00:00,2026-09-03T11:15:03.742310+00:00,78100.0,79824.0,78000.0,78815.0,78815.0,3723536
2026-09-01 00:00:00+00:00,2026-09-02T00:00:00+00:00,2026-09-03T11:15:03.742310+00:00,77725.0,78040.0,76320.0,76822.0,76822.0,2040748
2026-09-02 00:00:00+00:00,2026-09-03T00:00:00+00:00,2026-09-03T11:15:03.742310+00:00,76200.0,76674.0,74811.0,74879.0,74879.0,1794619
2026-09-03 00:00:00+00:00,2026-09-04T00:00:00+00:00,2026-09-03T11:15:03.742310+00:00,75610.0,75800.0,74750.0,75522.0,75522.0,357209
