event_time,available_time,retrieval_time,open,high,low,close,adj_close,volume
2016-01-01 00:00:00+00:00,2016-01-02T00:00:00+00:00,2026-09-03T11:15:03.742310+00:00,14326.0,14326.0,14326.0,14326.0,14286.90234375,0
2016-01-04 00:00:00+00:00,2016-01-05T00:00:00+00:00,2026-09-03T11:15:03.742310+00:00,14200.0,14200.0,13647.0,13780.0,13742.39453125,1316264
2016-01-05 00:00:00+00:00,2016-01-06T00:00:00+00:00,2026-09-03T11:15:03.742310+00:00,13821.0,14415.0,13652.0,14014.0,13975.7548828125,1118676
2016-01-06 00:00:00+00:00,2016-01-07T00:00:00+00:00,2026-09-03T11:15:03.742310+00:00,14100.0,14118.0,13800.0,13927.0,13888.990234375,1358582
2016-01-07 00:00:00+00:00,2016-01-08T00:00:00+00:00,2026-09-03T11:15:03.742310+00:00,13551.0,13601.0,13157.0,13417.0,13380.3837890625,2436386
2016-01-08 00:00:00+00:00,2016-01-09T00:00:00+00:00,2026-09-03T11:15:03.742310+00:00,13451.0,13814.0,13075.0,13326.0,13289.6318359375,1180444
2016-01-11 00:00:00+00:00,2016-01-12T00:00:00+00:00,2026-09-03T11:15:03.742310+00:00,13031.0,13126.0,12711.0,12771.0,12736.1455078125,2967531
2016-01-12 00:00:00+00:00,2016-01-13T00:00:00+00:00,2026-09-03T11:15:03.742310+00:00,12821.0,13395.0,12782.0,13200.0,13163.9755859375,2110885
2016-01-13 00:00:00+00:00,2016-01-14T00:00:00+00:00,2026-09-03T11:15:03.742310+00:00,13462.0,13789.0,13382.0,13591.0,13553.908203125,2035585
2016-01-14 00:00:00+00:00,2016-01-15T00:00:00+00:00,2026-09-03T11:15:03.742310+00:00,13375.0,13796.0,13000.0,13631.0,13593.7978515625,1170019
2016-01-15 00:00:00+00:00,2016-01-16T00:00:00+00:00,2026-09-03T11:15:03.742310+00:00,13501.0,13636.0,12856.0,13000.0,12964.521484375,2415874
2016-01-18 00:00:00+00:00,2016-01-19T00:00:00+00:00,2026-09-03T11:15:03.742310+00:00,13400.0,13433.0,12716.0,12849.0,12813.93359375,1667482
2016-01-19 00:00:00+00:00,2016-01-20T00:00:00+00:00,2026-09-03T11:15:03.742310+00:00,13480.0,13480.0,12800.0,12872.0,12836.8681640625,1155369
2016-01-20 00:00:00+00:00,2016-01-21T00:00:00+00:00,2026-09-03T11:15:03.742310+00:00,12700.0,13000.0,12406.0,12611.0,12576.58203125,2530152
2016-01-21 00:00:00+00:00,2016-01-22T00:00:00+00:00,2026-09-03T11:15:03.742310+00:00,12606.0,13166.0,12524.0,13166.0,13130.06640625,2442383
2016-01-22 00:00:00+00:00,2016-01-23T00:00:00+00:00,2026-09-03T11:15:03.742310+00:00,12911.0,13517.0,12911.0,13399.0,13362.431640625,1696349
2016-01-25 00:00:00+00:00,2016-01-26T00:00:00+00:00,2026-09-03T11:15:03.742310+00:00,13456.0,13658.0,13187.0,13250.0,13213.8359375,1734313
2016-01-26 00:00:00+00:00,2016-01-27T00:00:00+00:00,2026-09-03T11:15:03.742310+00:00,13100.0,13249.0,12900.0,13249.0,13212.841796875,1683956
2016-01-27 00:00:00+00:00,2016-01-28T00:00:00+00:00,2026-09-03T11:15:03.742310+00:00,13250.0,13395.0,12974.0,13387.0,13350.4638671875,1517272
2016-01-28 00:00:00+00:00,2016-01-29T00:00:00+00:00,2026-09-03T11:15:03.742310+00:00,13205.0,14046.0,13166.0,13923.0,13885.001953125,1949242
2016-01-29 00:00:00+00:00,2016-01-30T00:00:00+00:00,2026-09-03T11:15:03.742310+00:00,14000.0,14590.0,13761.0,14587.0,14547.1875,3032803
2016-02-01 00:00:00+00:00,2016-02-02T00:00:00+00:00,2026-09-03T11:15:03.742310+00:00,14594.0,14750.0,14148.0,14400.0,14360.6982421875,1935688
2016-02-02 00:00:00+00:00,2016-02-03T00:00:00+00:00,2026-09-03T11:15:03.742310+00:00,14350.0,14495.0,13833.0,13892.0,13854.0859375,1317436
2016-02-03 00:00:00+00:00,2016-02-04T00:00:00+00:00,2026-09-03T11:15:03.742310+00:00,13420.0,14198.0,13420.0,14050.0,14011.6533203125,1193865
2016-02-04 00:00:00+00:00,2016-02-05T00:00:00+00:00,2026-09-03T11:15:03.742310+00:00,14245.0,14833.0,14146.0,14799.0,14758.611328125,2148280
2016-02-05 00:00:00+00:00,2016-02-06T00:00:00+00:00,2026-09-03T11:15:03.742310+00:00,14700.0,14796.0,14400.0,14533.0,14493.3388671875,1360196
2016-02-08 00:00:00+00:00,2016-02-09T00:00:00+00:00,2026-09-03T11:15:03.742310+00:00,14600.0,14650.0,14130.0,14411.0,14371.66796875,1492228
2016-02-09 00:00:00+00:00,2016-02-10T00:00:00+00:00,2026-09-03T11:15:03.742310+00:00,14500.0,14500.0,14052.0,14347.0,14307.84375,1525243
2016-02-10 00:00:00+00:00,2016-02-11T00:00:00+00:00,2026-09-03T11:15:03.742310+00:00,14497.0,14798.0,14350.0,14661.0,14620.990234375,967218
2016-02-11 00:00:00+00:00,2016-02-12T00:00:00+00:00,2026-09-03T11:15:03.742310+00:00,14215.0,14597.0,14086.0,14500.0,14460.4248046875,1838849
2016-02-12 00:00:00+00:00,2016-02-13T00:00:00+00:00,2026-09-03T11:15:03.742310+00:00,14650.0,14840.0,14251.0,14627.0,14587.080078125,1054620
2016-02-15 00:00:00+00:00,2016-02-16T00:00:00+00:00,2026-09-03T11:15:03.742310+00:00,14800.0,14959.0,14595.0,14863.0,14822.435546875,1407642
2016-02-16 00:00:00+00:00,2016-02-17T00:00:00+00:00,2026-09-03T11:15:03.742310+00:00,14749.0,14966.0,14627.0,14627.0,14587.080078125,849944
2016-02-17 00:00:00+00:00,2016-02-18T00:00:00+00:00,2026-09-03T11:15:03.742310+00:00,14695.0,15227.0,14590.0,15140.0,15098.6826171875,1828212
2016-02-18 00:00:00+00:00,2016-02-19T00:00:00+00:00,2026-09-03T11:15:03.742310+00:00,15300.0,15344.0,14841.0,15100.0,15058.7919921875,1622699
2016-02-19 00:00:00+00:00,2016-02-20T00:00:00+00:00,2026-09-03T11:15:03.742310+00:00,14852.0,15132.0,14551.0,14558.0,14518.2685546875,1549563
2016-02-22 00:00:00+00:00,2016-02-23T00:00:00+00:00,2026-09-03T11:15:03.742310+00:00,14797.0,14900.0,14256.0,14470.0,14430.5107421875,2016630
2016-02-23 00:00:00+00:00,2016-02-24T00:00:00+00:00,2026-09-03T11:15:03.742310+00:00,14485.0,15245.0,14485.0,15103.0,15061.78125,4534199
2016-02-24 00:00:00+00:00,2016-02-25T00:00:00+00:00,2026-09-03T11:15:03.742310+00:00,14835.0,15397.0,14800.0,14900.0,14859.3359375,2531996
2016-02-25 00:00:00+00:00,2016-02-26T00:00:00+00:00,2026-09-03T11:15:03.742310+00:00,15001.0,16152.0,14800.0,15717.0,15674.10546875,3379974
2016-02-26 00:00:00+00:00,2016-02-27T00:00:00+00:00,2026-09-03T11:15:03.742310+00:00,15720.0,16397.0,15576.0,15710.0,15667.1240234375,2133891
2016-02-29 00:00:00+00:00,2016-03-01T00:00:00+00:00,2026-09-03T11:15:03.742310+00:00,15710.0,15769.0,15220.0,15424.0,15381.9052734375,1944200
2016-03-01 00:00:00+00:00,2016-03-02T00:00:00+00:00,2026-09-03T11:15:03.742310+00:00,15599.0,16099.0,15308.0,15990.0,15946.3623046875,1200771
2016-03-02 00:00:00+00:00,2016-03-03T00:00:00+00:00,2026-09-03T11:15:03.742310+00:00,16099.0,16344.0,15950.0,16337.0,16292.4150390625,2086512
2016-03-03 00:00:00+00:00,2016-03-04T00:00:00+00:00,2026-09-03T11:15:03.742310+00:00,16397.0,17016.0,16101.0,17016.0,16969.564453125,3325741
2016-03-04 00:00:00+00:00,2016-03-05T00:00:00+00:00,2026-09-03T11:15:03.742310+00:00,17000.0,17040.0,16022.0,16403.0,16358.2353515625,3428483
2016-03-07 00:00:00+00:00,2016-03-08T00:00:00+00:00,2026-09-03T11:15:03.742310+00:00,16110.0,17082.0,16110.0,16811.0,16765.12109375,1453365
2016-03-08 00:00:00+00:00,2016-03-09T00:00:00+00:00,2026-09-03T11:15:03.742310+00:00,16726.0,16951.0,16581.0,16689.0,16643.453125,1455284
2016-03-09 00:00:00+00:00,2016-03-10T00:00:00+00:00,2026-09-03T11:15:03.742310+00:00,16899.0,17032.0,16600.0,17017.0,16970.560546875,1571856
2016-03-10 00:00:00+00:00,2016-03-11T00:00:00+00:00,2026-09-03T11:15:03.742310+00:00,16700.0,17079.0,16696.0,16875.0,16828.943359375,1379023
2016-03-11 00:00:00+00:00,2016-03-12T00:00:00+00:00,2026-09-03T11:15:03.742310+00:00,16875.0,17059.0,16686.0,16779.0,16733.208984375,911195
2016-03-14 00:00:00+00:00,2016-03-15T00:00:00+00:00,2026-09-03T11:15:03.742310+00:00,16782.0,16782.0,16443.0,16658.0,16614.08203125,1748323
2016-03-15 00:00:00+00:00,2016-03-16T00:00:00+00:00,2026-09-03T11:15:03.742310+00:00,16636.0,16808.0,16400.0,16431.0,16387.6796875,2147443
2016-03-16 00:00:00+00:00,2016-03-17T00:00:00+00:00,2026-09-03T11:15:03.742310+00:00,16300.0,16969.0,16300.0,16676.0,16632.03515625,2011326
2016-03-17 00:00:00+00:00,2016-03-18T00:00:00+00:00,2026-09-03T11:15:03.742310+00:00,16900.0,17472.0,16856.0,17255.0,17209.509765625,6155430
2016-03-18 00:00:00+00:00,2016-03-19T00:00:00+00:00,2026-09-03T11:15:03.742310+00:00,17241.0,17764.0,17181.0,17764.0,17717.169921875,2828520
2016-03-21 00:00:00+00:00,2016-03-22T00:00:00+00:00,2026-09-03T11:15:03.742310+00:00,17764.0,17764.0,17764.0,17764.0,17717.169921875,0
2016-03-22 00:00:00+00:00,2016-03-23T00:00:00+00:00,2026-09-03T11:15:03.742310+00:00,17426.0,17694.0,17284.0,17694.0,17647.345703125,1805654
2016-03-23 00:00:00+00:00,2016-03-24T00:00:00+00:00,2026-09-03T11:15:03.742310+00:00,17400.0,17700.0,17365.0,17621.0,17574.5390625,1431098
2016-03-24 00:00:00+00:00,2016-03-25T00:00:00+00:00,2026-09-03T11:15:03.742310+00:00,17471.0,17800.0,17283.0,17678.0,17631.39453125,1055426
2016-03-25 00:00:00+00:00,2016-03-26T00:00:00+00:00,2026-09-03T11:15:03.742310+00:00,17678.0,17678.0,17678.0,17678.0,17631.39453125,0
2016-03-28 00:00:00+00:00,2016-03-29T00:00:00+00:00,2026-09-03T11:15:03.742310+00:00,17678.0,17678.0,17678.0,17678.0,17631.39453125,0
2016-03-29 00:00:00+00:00,2016-03-30T00:00:00+00:00,2026-09-03T11:15:03.742310+00:00,17650.0,17997.0,17504.0,17801.0,17754.068359375,2116481
2016-03-30 00:00:00+00:00,2016-03-31T00:00:00+00:00,2026-09-03T11:15:03.742310+00:00,18000.0,18174.0,17492.0,17600.0,17553.599609375,3273700
2016-03-31 00:00:00+00:00,2016-04-01T00:00:00+00:00,2026-09-03T11:15:03.742310+00:00,17653.0,17699.0,17041.0,17362.0,17316.2265625,2769954
2016-04-01 00:00:00+00:00,2016-04-02T00:00:00+00:00,2026-09-03T11:15:03.742310+00:00,17420.0,17589.0,17125.0,17415.0,17369.0859375,1806351
2016-04-04 00:00:00+00:00,2016-04-05T00:00:00+00:00,2026-09-03T11:15:03.742310+00:00,17500.0,17829.0,17292.0,17700.0,17653.3359375,1390425
2016-04-05 00:00:00+00:00,2016-04-06T00:00:00+00:00,2026-09-03T11:15:03.742310+00:00,17631.0,17631.0,17196.0,17300.0,17254.390625,1036179
2016-04-06 00:00:00+00:00,2016-04-07T00:00:00+00:00,2026-09-03T11:15:03.742310+00:00,17350.0,17400.0,16812.0,16812.0,16767.673828125,3340879
2016-04-07 00:00:00+00:00,2016-04-08T00:00:00+00:00,2026-09-03T11:15:03.742310+00:00,16840.0,16898.0,16370.0,16740.0,16695.869140625,3189416
2016-04-08 00:00:00+00:00,2016-04-09T00:00:00+00:00,2026-09-03T11:15:03.742310+00:00,16800.0,17135.0,16535.0,16775.0,16730.7734375,1693096
2016-04-11 00:00:00+00:00,2016-04-12T00:00:00+00:00,2026-09-03T11:15:03.742310+00:00,16959.0,17138.0,16511.0,16883.0,16838.486328125,1562340
2016-04-12 00:00:00+00:00,2016-04-13T00:00:00+00:00,2026-09-03T11:15:03.742310+00:00,16883.0,17227.0,16684.0,17052.0,17007.046875,1287502
2016-04-13 00:00:00+00:00,2016-04-14T00:00:00+00:00,2026-09-03T11:15:03.742310+00:00,17242.0,17568.0,16875.0,16890.0,16845.46875,1836709
2016-04-14 00:00:00+00:00,2016-04-15T00:00:00+00:00,2026-09-03T11:15:03.742310+00:00,16890.0,17340.0,16890.0,17208.0,17162.6328125,1540461
2016-04-15 00:00:00+00:00,2016-04-16T00:00:00+00:00,2026-09-03T11:15:03.742310+00:00,17256.0,17323.0,16712.0,16918.0,16873.40234375,1222945
2016-04-18 00:00:00+00:00,2016-04-19T00:00:00+00:00,2026-09-03T11:15:03.742310+00:00,16785.0,17134.0,16632.0,16870.0,16825.525390625,1388841
2016-04-19 00:00:00+00:00,2016-04-20T00:00:00+00:00,2026-09-03T11:15:03.742310+00:00,16875.0,17299.0,16838.0,16920.0,16875.396484375,1428474
2016-04-20 00:00:00+00:00,2016-04-21T00:00:00+00:00,2026-09-03T11:15:03.742310+00:00,16869.0,17178.0,16838.0,16950.0,16905.3125,3431670
2016-04-21 00:00:00+00:00,2016-04-22T00:00:00+00:00,2026-09-03T11:15:03.742310+00:00,17089.0,17350.0,16900.0,17050.0,17005.048828125,2603291
2016-04-22 00:00:00+00:00,2016-04-23T00:00:00+00:00,2026-09-03T11:15:03.742310+00:00,17138.0,17138.0,16716.0,16876.0,16831.5078125,1799286
2016-04-25 00:00:00+00:00,2016-04-26T00:00:00+00:00,2026-09-03T11:15:03.742310+00:00,16700.0,16978.0,16476.0,16861.0,16816.546875,1102517
2016-04-26 00:00:00+00:00,2016-04-27T00:00:00+00:00,2026-09-03T11:15:03.742310+00:00,16987.0,16993.0,16781.0,16899.0,16854.447265625,1048717
2016-04-27 00:00:00+00:00,2016-04-28T00:00:00+00:00,2026-09-03T11:15:03.742310+00:00,16899.0,16899.0,16899.0,16899.0,16854.447265625,0
2016-04-28 00:00:00+00:00,2016-04-29T00:00:00+00:00,2026-09-03T11:15:03.742310+00:00,16833.0,17518.0,16830.0,17085.0,17039.95703125,2758568
2016-04-29 00:00:00+00:00,2016-04-30T00:00:00+00:00,2026-09-03T11:15:03.742310+00:00,17049.0,17216.0,16906.0,17123.0,17077.86328125,1737826
2016-05-02 00:00:00+00:00,2016-05-03T00:00:00+00:00,2026-09-03T11:15:03.742310+00:00,17123.0,17123.0,17123.0,17123.0,17077.86328125,0
2016-05-03 00:00:00+00:00,2016-05-04T00:00:00+00:00,2026-09-03T11:15:03.742310+00:00,17112.0,17246.0,16538.0,16711.0,16666.943359375,2414018
2016-05-04 00:00:00+00:00,2016-05-05T00:00:00+00:00,2026-09-03T11:15:03.742310+00:00,16603.0,16997.0,16568.0,16829.0,16784.630859375,2421126
2016-05-05 00:00:00+00:00,2016-05-06T00:00:00+00:00,2026-09-03T11:15:03.742310+00:00,16700.0,16999.0,16561.0,16700.0,16655.97265625,1214244
2016-05-06 00:00:00+00:00,2016-05-07T00:00:00+00:00,2026-09-03T11:15:03.742310+00:00,16658.0,16696.0,16350.0,16445.0,16401.642578125,1391122
2016-05-09 00:00:00+00:00,2016-05-10T00:00:00+00:00,2026-09-03T11:15:03.742310+00:00,16603.0,16748.0,16360.0,16450.0,16406.62890625,1338630
2016-05-10 00:00:00+00:00,2016-05-11T00:00:00+00:00,2026-09-03T11:15:03.742310+00:00,16448.0,16707.0,16386.0,16600.0,16556.234375,1482422
2016-05-11 00:00:00+00:00,2016-05-12T00:00:00+00:00,2026-09-03T11:15:03.742310+00:00,16600.0,17073.0,16552.0,16900.0,16855.4453125,1132657
2016-05-12 00:00:00+00:00,2016-05-13T00:00:00+00:00,2026-09-03T11:15:03.742310+00:00,16729.0,16964.0,16690.0,16800.0,16755.708984375,1594951
2016-05-13 00:00:00+00:00,2016-05-14T00:00:00+00:00,2026-09-03T11:15:03.742310+00:00,16715.0,16864.0,16581.0,16670.0,16626.046875,2768061
2016-05-16 00:00:00+00:00,2016-05-17T00:00:00+00:00,2026-09-03T11:15:03.742310+00:00,16700.0,16853.0,16400.0,16800.0,16755.708984375,1871089
2016-05-17 00:00:00+00:00,2016-05-18T00:00:00+00:00,2026-09-03T11:15:03.742310+00:00,16834.0,16980.0,16388.0,16621.0,16577.1796875,2074068
2016-05-18 00:00:00+00:00,2016-05-19T00:00:00+00:00,2026-09-03T11:15:03.742310+00:00,16551.0,16671.0,16355.0,16559.0,16515.34375,2293669
2016-05-19 00:00:00+00:00,2016-05-20T00:00:00+00:00,2026-09-03T11:15:03.742310+00:00,16455.0,16816.0,16300.0,16594.0,16550.248046875,1202430
2016-05-20 00:00:00+00:00,2016-05-21T00:00:00+00:00,2026-09-03T11:15:03.742310+00:00,16700.0,16957.0,16354.0,16407.0,16363.744140625,1586010
2016-05-23 00:00:00+00:00,2016-05-24T00:00:00+00:00,2026-09-03T11:15:03.742310+00:00,16527.0,16884.0,16273.0,16551.0,16507.365234375,1344939
2016-05-24 00:00:00+00:00,2016-05-25T00:00:00+00:00,2026-09-03T11:15:03.742310+00:00,16550.0,16580.0,16238.0,16238.0,16195.1904296875,1835934
2016-05-25 00:00:00+00:00,2016-05-26T00:00:00+00:00,2026-09-03T11:15:03.742310+00:00,16310.0,16664.0,16236.0,16237.0,16194.19140625,2114301
2016-05-26 00:00:00+00:00,2016-05-27T00:00:00+00:00,2026-09-03T11:15:03.742310+00:00,16379.0,16964.0,16324.0,16571.0,16527.310546875,1493049
2016-05-27 00:00:00+00:00,2016-05-28T00:00:00+00:00,2026-09-03T11:15:03.742310+00:00,16598.0,16789.0,16484.0,16752.0,16707.833984375,1438811
2016-05-30 00:00:00+00:00,2016-05-31T00:00:00+00:00,2026-09-03T11:15:03.742310+00:00,16829.0,16898.0,16720.0,16833.0,16788.623046875,521347
2016-05-31 00:00:00+00:00,2016-06-01T00:00:00+00:00,2026-09-03T11:15:03.742310+00:00,16879.0,16889.0,16491.0,16491.0,16447.51953125,5337829
2016-06-01 00:00:00+00:00,2016-06-02T00:00:00+00:00,2026-09-03T11:15:03.742310+00:00,16491.0,16760.0,16448.0,16601.0,16557.232421875,1696122
2016-06-02 00:00:00+00:00,2016-06-03T00:00:00+00:00,2026-09-03T11:15:03.742310+00:00,16501.0,16912.0,16501.0,16800.0,16755.708984375,1156205
2016-06-03 00:00:00+00:00,2016-06-04T00:00:00+00:00,2026-09-03T11:15:03.742310+00:00,16783.0,17799.0,16783.0,17600.0,17553.599609375,2083500
2016-06-06 00:00:00+00:00,2016-06-07T00:00:00+00:00,2026-09-03T11:15:03.742310+00:00,17623.0,17775.0,17304.0,17589.0,17542.62890625,1635751
2016-06-07 00:00:00+00:00,2016-06-08T00:00:00+00:00,2026-09-03T11:15:03.742310+00:00,17749.0,17997.0,17349.0,17599.0,17552.599609375,1467262
2016-06-08 00:00:00+00:00,2016-06-09T00:00:00+00:00,2026-09-03T11:15:03.742310+00:00,17431.0,17568.0,17167.0,17209.0,17163.626953125,1633125
2016-06-09 00:00:00+00:00,2016-06-10T00:00:00+00:00,2026-09-03T11:15:03.742310+00:00,17194.0,17214.0,16900.0,17004.0,16959.166015625,1007186
2016-06-10 00:00:00+00:00,2016-06-11T00:00:00+00:00,2026-09-03T11:15:03.742310+00:00,17100.0,17100.0,16452.0,16500.0,16456.498046875,1327287
2016-06-13 00:00:00+00:00,2016-06-14T00:00:00+00:00,2026-09-03T11:15:03.742310+00:00,16418.0,16579.0,16102.0,16250.0,16207.1591796875,2823124
2016-06-14 00:00:00+00:00,2016-06-15T00:00:00+00:00,2026-09-03T11:15:03.742310+00:00,16001.0,16155.0,15655.0,15900.0,15858.08203125,2378638
2016-06-15 00:00:00+00:00,2016-06-16T00:00:00+00:00,2026-09-03T11:15:03.742310+00:00,15983.0,15992.0,15412.0,15800.0,15758.3466796875,4758097
2016-06-16 00:00:00+00:00,2016-06-17T00:00:00+00:00,2026-09-03T11:15:03.742310+00:00,15800.0,15800.0,15800.0,15800.0,15758.3466796875,0
2016-06-17 00:00:00+00:00,2016-06-18T00:00:00+00:00,2026-09-03T11:15:03.742310+00:00,15557.0,16308.0,15557.0,16200.0,16157.2880859375,2273435
2016-06-20 00:00:00+00:00,2016-06-21T00:00:00+00:00,2026-09-03T11:15:03.742310+00:00,16337.0,16600.0,16115.0,16400.0,16356.7626953125,1338175
2016-06-21 00:00:00+00:00,2016-06-22T00:00:00+00:00,2026-09-03T11:15:03.742310+00:00,16414.0,16594.0,16301.0,16594.0,16550.248046875,907760
2016-06-22 00:00:00+00:00,2016-06-23T00:00:00+00:00,2026-09-03T11:15:03.742310+00:00,16666.0,16800.0,16543.0,16603.0,16559.2265625,1384826
2016-06-23 00:00:00+00:00,2016-06-24T00:00:00+00:00,2026-09-03T11:15:03.742310+00:00,16610.0,17299.0,16610.0,17032.0,16987.099609375,1710144
2016-06-24 00:00:00+00:00,2016-06-25T00:00:00+00:00,2026-09-03T11:15:03.742310+00:00,16351.0,16975.0,16263.0,16587.0,16543.2734375,1319777
2016-06-27 00:00:00+00:00,2016-06-28T00:00:00+00:00,2026-09-03T11:15:03.742310+00:00,16479.0,16535.0,15919.0,16176.0,16133.3525390625,2246442
2016-06-28 00:00:00+00:00,2016-06-29T00:00:00+00:00,2026-09-03T11:15:03.742310+00:00,16248.0,16623.0,16148.0,16420.0,16376.7119140625,1368581
2016-06-29 00:00:00+00:00,2016-06-30T00:00:00+00:00,2026-09-03T11:15:03.742310+00:00,16435.0,16690.0,16245.0,16588.0,16544.26953125,791664
2016-06-30 00:00:00+00:00,2016-07-01T00:00:00+00:00,2026-09-03T11:15:03.742310+00:00,16755.0,16879.0,16549.0,16632.0,16588.15234375,1943820
2016-07-01 00:00:00+00:00,2016-07-02T00:00:00+00:00,2026-09-03T11:15:03.742310+00:00,16797.0,16850.0,16381.0,16673.0,16629.04296875,1118778
2016-07-04 00:00:00+00:00,2016-07-05T00:00:00+00:00,2026-09-03T11:15:03.742310+00:00,16768.0,16898.0,16502.0,16707.0,16662.951171875,533262
2016-07-05 00:00:00+00:00,2016-07-06T00:00:00+00:00,2026-09-03T11:15:03.742310+00:00,16551.0,16640.0,16253.0,16520.0,16476.447265625,1332061
2016-07-06 00:00:00+00:00,2016-07-07T00:00:00+00:00,2026-09-03T11:15:03.742310+00:00,16197.0,16324.0,15871.0,16174.0,16131.359375,1729201
2016-07-07 00:00:00+00:00,2016-07-08T00:00:00+00:00,2026-09-03T11:15:03.742310+00:00,16491.0,16491.0,16164.0,16304.0,16261.015625,691019
2016-07-08 00:00:00+00:00,2016-07-09T00:00:00+00:00,2026-09-03T11:15:03.742310+00:00,16391.0,16414.0,16000.0,16365.0,16321.85546875,636070
2016-07-11 00:00:00+00:00,2016-07-12T00:00:00+00:00,2026-09-03T11:15:03.742310+00:00,16400.0,16647.0,16280.0,16584.0,16540.27734375,887259
2016-07-12 00:00:00+00:00,2016-07-13T00:00:00+00:00,2026-09-03T11:15:03.742310+00:00,16600.0,17016.0,16511.0,16964.0,16919.27734375,1751611
2016-07-13 00:00:00+00:00,2016-07-14T00:00:00+00:00,2026-09-03T11:15:03.742310+00:00,16851.0,17362.0,16851.0,17100.0,17054.9140625,2460587
2016-07-14 00:00:00+00:00,2016-07-15T00:00:00+00:00,2026-09-03T11:15:03.742310+00:00,17100.0,17177.0,16800.0,17045.0,17000.064453125,1174975
2016-07-15 00:00:00+00:00,2016-07-16T00:00:00+00:00,2026-09-03T11:15:03.742310+00:00,17023.0,17578.0,16945.0,17515.0,17468.822265625,1183251
2016-07-18 00:00:00+00:00,2016-07-19T00:00:00+00:00,2026-09-03T11:15:03.742310+00:00,17300.0,17688.0,17009.0,17676.0,17629.400390625,1185399
2016-07-19 00:00:00+00:00,2016-07-20T00:00:00+00:00,2026-09-03T11:15:03.742310+00:00,17515.0,17836.0,17170.0,17511.0,17464.833984375,2072274
2016-07-20 00:00:00+00:00,2016-07-21T00:00:00+00:00,2026-09-03T11:15:03.742310+00:00,17800.0,19498.0,17800.0,19498.0,19446.595703125,6970302
2016-07-21 00:00:00+00:00,2016-07-22T00:00:00+00:00,2026-09-03T11:15:03.742310+00:00,19375.0,19484.0,18713.0,19258.0,19207.23046875,2873539
2016-07-22 00:00:00+00:00,2016-07-23T00:00:00+00:00,2026-09-03T11:15:03.742310+00:00,19016.0,19949.0,18951.0,19949.0,19896.40625,2351634
2016-07-25 00:00:00+00:00,2016-07-26T00:00:00+00:00,2026-09-03T11:15:03.742310+00:00,19886.0,20632.0,19751.0,19934.0,19881.447265625,4507992
2016-07-26 00:00:00+00:00,2016-07-27T00:00:00+00:00,2026-09-03T11:15:03.742310+00:00,19800.0,20173.0,19585.0,19860.0,19807.640625,2509194
2016-07-27 00:00:00+00:00,2016-07-28T00:00:00+00:00,2026-09-03T11:15:03.742310+00:00,19860.0,20350.0,19854.0,20350.0,20296.3515625,3910139
2016-07-28 00:00:00+00:00,2016-07-29T00:00:00+00:00,2026-09-03T11:15:03.742310+00:00,20350.0,20470.0,19871.0,20204.0,20150.736328125,3752391
2016-07-29 00:00:00+00:00,2016-07-30T00:00:00+00:00,2026-09-03T11:15:03.742310+00:00,20249.0,20493.0,20064.0,20330.0,20276.40234375,1761121
2016-08-01 00:00:00+00:00,2016-08-02T00:00:00+00:00,2026-09-03T11:15:03.742310+00:00,20284.0,20553.0,20250.0,20400.0,20346.21484375,4623733
2016-08-02 00:00:00+00:00,2016-08-03T00:00:00+00:00,2026-09-03T11:15:03.742310+00:00,20326.0,20375.0,20100.0,20200.0,20146.74609375,2183207
2016-08-03 00:00:00+00:00,2016-08-04T00:00:00+00:00,2026-09-03T11:15:03.742310+00:00,20200.0,20200.0,20200.0,20200.0,20146.74609375,0
2016-08-04 00:00:00+00:00,2016-08-05T00:00:00+00:00,2026-09-03T11:15:03.742310+00:00,20340.0,20604.0,20153.0,20390.0,20336.244140625,2998151
2016-08-05 00:00:00+00:00,2016-08-06T00:00:00+00:00,2026-09-03T11:15:03.742310+00:00,20457.0,20700.0,20234.0,20588.0,20533.716796875,2223654
2016-08-08 00:00:00+00:00,2016-08-09T00:00:00+00:00,2026-09-03T11:15:03.742310+00:00,20587.0,20876.0,20412.0,20650.0,20595.5625,1386285
2016-08-09 00:00:00+00:00,2016-08-10T00:00:00+00:00,2026-09-03T11:15:03.742310+00:00,20650.0,20650.0,20650.0,20650.0,20595.5625,0
2016-08-10 00:00:00+00:00,2016-08-11T00:00:00+00:00,2026-09-03T11:15:03.742310+00:00,20501.0,21176.0,20501.0,20827.0,20772.091796875,2664306
2016-08-11 00:00:00+00:00,2016-08-12T00:00:00+00:00,2026-09-03T11:15:03.742310+00:00,20827.0,20974.0,20571.0,20700.0,20645.421875,2999818
2016-08-12 00:00:00+00:00,2016-08-13T00:00:00+00:00,2026-09-03T11:15:03.742310+00:00,20800.0,21159.0,20665.0,20870.0,20814.98046875,2937652
2016-08-15 00:00:00+00:00,2016-08-16T00:00:00+00:00,2026-09-03T11:15:03.742310+00:00,20900.0,20938.0,20622.0,20674.0,20619.494140625,2349897
2016-08-16 00:00:00+00:00,2016-08-17T00:00:00+00:00,2026-09-03T11:15:03.742310+00:00,20700.0,21038.0,20583.0,20675.0,20620.494140625,2423877
2016-08-17 00:00:00+00:00,2016-08-18T00:00:00+00:00,2026-09-03T11:15:03.742310+00:00,20675.0,20734.0,20134.0,20225.0,20171.677734375,3100724
2016-08-18 00:00:00+00:00,2016-08-19T00:00:00+00:00,2026-09-03T11:15:03.742310+00:00,20359.0,20669.0,20290.0,20456.0,20402.064453125,1287640
2016-08-19 00:00:00+00:00,2016-08-20T00:00:00+00:00,2026-09-03T11:15:03.742310+00:00,20431.0,20487.0,20050.0,20200.0,20146.74609375,1158106
2016-08-22 00:00:00+00:00,2016-08-23T00:00:00+00:00,2026-09-03T11:15:03.742310+00:00,20260.0,20328.0,19805.0,19898.0,19845.544921875,2282218
2016-08-23 00:00:00+00:00,2016-08-24T00:00:00+00:00,2026-09-03T11:15:03.742310+00:00,20201.0,20365.0,19853.0,19853.0,19800.65625,3340685
2016-08-24 00:00:00+00:00,2016-08-25T00:00:00+00:00,2026-09-03T11:15:03.742310+00:00,19580.0,19977.0,19308.0,19900.0,19847.533203125,3208866
2016-08-25 00:00:00+00:00,2016-08-26T00:00:00+00:00,2026-09-03T11:15:03.742310+00:00,20100.0,20229.0,19451.0,19500.0,19448.587890625,2650638
2016-08-26 00:00:00+00:00,2016-08-27T00:00:00+00:00,2026-09-03T11:15:03.742310+00:00,19653.0,19689.0,19224.0,19500.0,19448.587890625,1770964
2016-08-29 00:00:00+00:00,2016-08-30T00:00:00+00:00,2026-09-03T11:15:03.742310+00:00,19550.0,19559.0,19261.0,19499.0,19447.591796875,1078807
2016-08-30 00:00:00+00:00,2016-08-31T00:00:00+00:00,2026-09-03T11:15:03.742310+00:00,19490.0,19555.0,19235.0,19390.0,19338.8828125,2052309
2016-08-31 00:00:00+00:00,2016-09-01T00:00:00+00:00,2026-09-03T11:15:03.742310+00:00,19400.0,19449.0,18426.0,18850.0,18800.296875,3850616
2016-09-01 00:00:00+00:00,2016-09-02T00:00:00+00:00,2026-09-03T11:15:03.742310+00:00,18971.0,18977.0,18285.0,18444.0,18395.373046875,3762663
2016-09-02 00:00:00+00:00,2016-09-03T00:00:00+00:00,2026-09-03T11:15:03.742310+00:00,18493.0,18995.0,18400.0,18991.0,18940.931640625,2346356
2016-09-05 00:00:00+00:00,2016-09-06T00:00:00+00:00,2026-09-03T11:15:03.742310+00:00,19260.0,19400.0,18698.0,18949.0,18899.044921875,928466
2016-09-06 00:00:00+00:00,2016-09-07T00:00:00+00:00,2026-09-03T11:15:03.742310+00:00,19200.0,19324.0,18830.0,19197.0,19146.392578125,2659301
2016-09-07 00:00:00+00:00,2016-09-08T00:00:00+00:00,2026-09-03T11:15:03.742310+00:00,18899.0,19097.0,18700.0,18822.0,18775.2734375,1921362
2016-09-08 00:00:00+00:00,2016-09-09T00:00:00+00:00,2026-09-03T11:15:03.742310+00:00,18804.0,19041.0,18403.0,19000.0,18952.828125,2842565
2016-09-09 00:00:00+00:00,2016-09-10T00:00:00+00:00,2026-09-03T11:15:03.742310+00:00,18744.0,18968.0,18500.0,18600.0,18553.826171875,2529217
2016-09-12 00:00:00+00:00,2016-09-13T00:00:00+00:00,2026-09-03T11:15:03.742310+00:00,18400.0,18500.0,18056.0,18496.0,18450.08203125,1849961
2016-09-13 00:00:00+00:00,2016-09-14T00:00:00+00:00,2026-09-03T11:15:03.742310+00:00,18302.0,18709.0,18247.0,18400.0,18354.32421875,1926540
2016-09-14 00:00:00+00:00,2016-09-15T00:00:00+00:00,2026-09-03T11:15:03.742310+00:00,18540.0,18600.0,18139.0,18317.0,18271.5234375,1727722
2016-09-15 00:00:00+00:00,2016-09-16T00:00:00+00:00,2026-09-03T11:15:03.742310+00:00,18335.0,18820.0,18197.0,18577.0,18530.87890625,6463473
2016-09-16 00:00:00+00:00,2016-09-17T00:00:00+00:00,2026-09-03T11:15:03.742310+00:00,18602.0,18736.0,18043.0,18043.0,17998.203125,2908341
2016-09-19 00:00:00+00:00,2016-09-20T00:00:00+00:00,2026-09-03T11:15:03.742310+00:00,18110.0,18930.0,18063.0,18813.0,18766.296875,2600204
2016-09-20 00:00:00+00:00,2016-09-21T00:00:00+00:00,2026-09-03T11:15:03.742310+00:00,18900.0,18900.0,18509.0,18762.0,18715.42578125,2841343
2016-09-21 00:00:00+00:00,2016-09-22T00:00:00+00:00,2026-09-03T11:15:03.742310+00:00,18618.0,18889.0,18261.0,18311.0,18265.54296875,2669624
2016-09-22 00:00:00+00:00,2016-09-23T00:00:00+00:00,2026-09-03T11:15:03.742310+00:00,18617.0,19153.0,18515.0,19070.0,19022.654296875,2099787
2016-09-23 00:00:00+00:00,2016-09-24T00:00:00+00:00,2026-09-03T11:15:03.742310+00:00,18901.0,19110.0,18734.0,19110.0,19062.5546875,1428812
2016-09-26 00:00:00+00:00,2016-09-27T00:00:00+00:00,2026-09-03T11:15:03.742310+00:00,19043.0,19082.0,18557.0,18964.0,18916.921875,1192824
2016-09-27 00:00:00+00:00,2016-09-28T00:00:00+00:00,2026-09-03T11:15:03.742310+00:00,18964.0,19205.0,18748.0,18801.0,18754.32421875,1377504
2016-09-28 00:00:00+00:00,2016-09-29T00:00:00+00:00,2026-09-03T11:15:03.742310+00:00,18999.0,19674.0,18955.0,19625.0,19576.279296875,2905041
2016-09-29 00:00:00+00:00,2016-09-30T00:00:00+00:00,2026-09-03T11:15:03.742310+00:00,19809.0,20010.0,19421.0,19592.0,19543.36328125,3630090
2016-09-30 00:00:00+00:00,2016-10-01T00:00:00+00:00,2026-09-03T11:15:03.742310+00:00,19334.0,19477.0,19139.0,19139.0,19091.484375,2012412
2016-10-03 00:00:00+00:00,2016-10-04T00:00:00+00:00,2026-09-03T11:15:03.742310+00:00,19139.0,19490.0,18860.0,19300.0,19252.0859375,1447082
2016-10-04 00:00:00+00:00,2016-10-05T00:00:00+00:00,2026-09-03T11:15:03.742310+00:00,19300.0,19500.0,19161.0,19389.0,19340.87109375,1204723
2016-10-05 00:00:00+00:00,2016-10-06T00:00:00+00:00,2026-09-03T11:15:03.742310+00:00,19360.0,19390.0,19002.0,19350.0,19301.9609375,1272477
2016-10-06 00:00:00+00:00,2016-10-07T00:00:00+00:00,2026-09-03T11:15:03.742310+00:00,19300.0,19395.0,18788.0,18800.0,18753.326171875,1813715
2016-10-07 00:00:00+00:00,2016-10-08T00:00:00+00:00,2026-09-03T11:15:03.742310+00:00,18999.0,19177.0,18661.0,19100.0,19052.578125,1333434
2016-10-10 00:00:00+00:00,2016-10-11T00:00:00+00:00,2026-09-03T11:15:03.742310+00:00,18720.0,19052.0,18702.0,18821.0,18774.275390625,769250
2016-10-11 00:00:00+00:00,2016-10-12T00:00:00+00:00,2026-09-03T11:15:03.742310+00:00,18800.0,18950.0,18465.0,18750.0,18703.453125,1450379
2016-10-12 00:00:00+00:00,2016-10-13T00:00:00+00:00,2026-09-03T11:15:03.742310+00:00,18603.0,18979.0,18511.0,18800.0,18753.326171875,1105862
2016-10-13 00:00:00+00:00,2016-10-14T00:00:00+00:00,2026-09-03T11:15:03.742310+00:00,18800.0,18806.0,18310.0,18408.0,18362.30078125,2029056
2016-10-14 00:00:00+00:00,2016-10-15T00:00:00+00:00,2026-09-03T11:15:03.742310+00:00,18300.0,19000.0,18300.0,18700.0,18653.578125,1812124
2016-10-17 00:00:00+00:00,2016-10-18T00:00:00+00:00,2026-09-03T11:15:03.742310+00:00,18701.0,18820.0,18356.0,18718.0,18671.53125,1557785
2016-10-18 00:00:00+00:00,2016-10-19T00:00:00+00:00,2026-09-03T11:15:03.742310+00:00,18800.0,19580.0,18800.0,19261.0,19213.181640625,3363989
2016-10-19 00:00:00+00:00,2016-10-20T00:00:00+00:00,2026-09-03T11:15:03.742310+00:00,19399.0,19551.0,19204.0,19476.0,19427.650390625,1294977
2016-10-20 00:00:00+00:00,2016-10-21T00:00:00+00:00,2026-09-03T11:15:03.742310+00:00,19300.0,19475.0,19000.0,19437.0,19388.74609375,1860259
2016-10-21 00:00:00+00:00,2016-10-22T00:00:00+00:00,2026-09-03T11:15:03.742310+00:00,19302.0,19498.0,18934.0,19050.0,19002.70703125,1224679
2016-10-24 00:00:00+00:00,2016-10-25T00:00:00+00:00,2026-09-03T11:15:03.742310+00:00,19147.0,19595.0,19088.0,19167.0,19119.416015625,1388310
2016-10-25 00:00:00+00:00,2016-10-26T00:00:00+00:00,2026-09-03T11:15:03.742310+00:00,19168.0,19416.0,19119.0,19301.0,19253.0859375,790081
2016-10-26 00:00:00+00:00,2016-10-27T00:00:00+00:00,2026-09-03T11:15:03.742310+00:00,19325.0,19550.0,19263.0,19436.0,19387.748046875,982992
2016-10-27 00:00:00+00:00,2016-10-28T00:00:00+00:00,2026-09-03T11:15:03.742310+00:00,19474.0,19484.0,19181.0,19350.0,19301.9609375,1341309
2016-10-28 00:00:00+00:00,2016-10-29T00:00:00+00:00,2026-09-03T11:15:03.742310+00:00,19405.0,19423.0,18876.0,19100.0,19052.578125,1322707
2016-10-31 00:00:00+00:00,2016-11-01T00:00:00+00:00,2026-09-03T11:15:03.742310+00:00,19256.0,20154.0,19256.0,19900.0,19850.59375,4265692
2016-11-01 00:00:00+00:00,2016-11-02T00:00:00+00:00,2026-09-03T11:15:03.742310+00:00,20050.0,20154.0,19188.0,19522.0,19473.537109375,3257981
2016-11-02 00:00:00+00:00,2016-11-03T00:00:00+00:00,2026-09-03T11:15:03.742310+00:00,19300.0,19512.0,19000.0,19302.0,19254.08203125,2058346
2016-11-03 00:00:00+00:00,2016-11-04T00:00:00+00:00,2026-09-03T11:15:03.742310+00:00,19560.0,19560.0,18762.0,19126.0,19078.51953125,1481202
2016-11-04 00:00:00+00:00,2016-11-05T00:00:00+00:00,2026-09-03T11:15:03.742310+00:00,18959.0,19100.0,18465.0,18605.0,18558.8125,1396104
2016-11-07 00:00:00+00:00,2016-11-08T00:00:00+00:00,2026-09-03T11:15:03.742310+00:00,18719.0,19390.0,18564.0,18771.0,18724.392578125,1020592
2016-11-08 00:00:00+00:00,2016-11-09T00:00:00+00:00,2026-09-03T11:15:03.742310+00:00,18913.0,19066.0,18504.0,18933.0,18885.99609375,1375269
2016-11-09 00:00:00+00:00,2016-11-10T00:00:00+00:00,2026-09-03T11:15:03.742310+00:00,18350.0,18899.0,18220.0,18866.0,18819.1640625,1111672
2016-11-10 00:00:00+00:00,2016-11-11T00:00:00+00:00,2026-09-03T11:15:03.742310+00:00,18900.0,19149.0,18287.0,18287.0,18241.595703125,1006771
2016-11-11 00:00:00+00:00,2016-11-12T00:00:00+00:00,2026-09-03T11:15:03.742310+00:00,18205.0,18368.0,17687.0,18050.0,18005.193359375,2304942
2016-11-14 00:00:00+00:00,2016-11-15T00:00:00+00:00,2026-09-03T11:15:03.742310+00:00,17950.0,18385.0,17735.0,17945.0,17900.451171875,1882123
2016-11-15 00:00:00+00:00,2016-11-16T00:00:00+00:00,2026-09-03T11:15:03.742310+00:00,18094.0,18479.0,17800.0,18320.0,18274.517578125,1771080
2016-11-16 00:00:00+00:00,2016-11-17T00:00:00+00:00,2026-09-03T11:15:03.742310+00:00,18355.0,18770.0,18307.0,18612.0,18565.798828125,1520623
2016-11-17 00:00:00+00:00,2016-11-18T00:00:00+00:00,2026-09-03T11:15:03.742310+00:00,18750.0,19050.0,18612.0,18946.0,18898.966796875,1350844
2016-11-18 00:00:00+00:00,2016-11-19T00:00:00+00:00,2026-09-03T11:15:03.742310+00:00,18946.0,19100.0,18771.0,18972.0,18924.89453125,2159338
2016-11-21 00:00:00+00:00,2016-11-22T00:00:00+00:00,2026-09-03T11:15:03.742310+00:00,18940.0,19174.0,18307.0,18920.0,18873.02734375,1210029
2016-11-22 00:00:00+00:00,2016-11-23T00:00:00+00:00,2026-09-03T11:15:03.742310+00:00,19105.0,19563.0,19038.0,19427.0,19378.76953125,1103580
2016-11-23 00:00:00+00:00,2016-11-24T00:00:00+00:00,2026-09-03T11:15:03.742310+00:00,19480.0,19789.0,19058.0,19190.0,19142.35546875,1103147
2016-11-24 00:00:00+00:00,2016-11-25T00:00:00+00:00,2026-09-03T11:15:03.742310+00:00,19399.0,19399.0,18853.0,19131.0,19083.505859375,876806
2016-11-25 00:00:00+00:00,2016-11-26T00:00:00+00:00,2026-09-03T11:15:03.742310+00:00,19309.0,19339.0,18833.0,18993.0,18945.8515625,831124
2016-11-28 00:00:00+00:00,2016-11-29T00:00:00+00:00,2026-09-03T11:15:03.742310+00:00,19290.0,19398.0,19000.0,19064.0,19016.671875,1181067
2016-11-29 00:00:00+00:00,2016-11-30T00:00:00+00:00,2026-09-03T11:15:03.742310+00:00,19096.0,19814.0,19010.0,19010.0,18962.80859375,1606652
2016-11-30 00:00:00+00:00,2016-12-01T00:00:00+00:00,2026-09-03T11:15:03.742310+00:00,19018.0,19279.0,18678.0,18694.0,18647.58984375,2134573
2016-12-01 00:00:00+00:00,2016-12-02T00:00:00+00:00,2026-09-03T11:15:03.742310+00:00,18794.0,18985.0,18328.0,18464.0,18418.158203125,1635967
2016-12-02 00:00:00+00:00,2016-12-03T00:00:00+00:00,2026-09-03T11:15:03.742310+00:00,18498.0,18498.0,18115.0,18374.0,18328.3828125,1081427
2016-12-05 00:00:00+00:00,2016-12-06T00:00:00+00:00,2026-09-03T11:15:03.742310+00:00,18433.0,19483.0,18433.0,19102.0,19054.576171875,2140323
2016-12-06 00:00:00+00:00,2016-12-07T00:00:00+00:00,2026-09-03T11:15:03.742310+00:00,19100.0,19102.0,18467.0,18500.0,18454.072265625,1648642
2016-12-07 00:00:00+00:00,2016-12-08T00:00:00+00:00,2026-09-03T11:15:03.742310+00:00,18580.0,19060.0,18323.0,18843.0,18796.216796875,1463334
2016-12-08 00:00:00+00:00,2016-12-09T00:00:00+00:00,2026-09-03T11:15:03.742310+00:00,18900.0,19500.0,18433.0,19200.0,19152.33203125,1407235
2016-12-09 00:00:00+00:00,2016-12-10T00:00:00+00:00,2026-09-03T11:15:03.742310+00:00,19200.0,19296.0,18800.0,19150.0,19102.458984375,1375692
2016-12-12 00:00:00+00:00,2016-12-13T00:00:00+00:00,2026-09-03T11:15:03.742310+00:00,19190.0,19612.0,18500.0,19000.0,18952.828125,1429940
2016-12-13 00:00:00+00:00,2016-12-14T00:00:00+00:00,2026-09-03T11:15:03.742310+00:00,18900.0,19295.0,18735.0,19280.0,19232.13671875,1268553
2016-12-14 00:00:00+00:00,2016-12-15T00:00:00+00:00,2026-09-03T11:15:03.742310+00:00,19299.0,19900.0,17879.0,17897.0,17852.568359375,9236015
2016-12-15 00:00:00+00:00,2016-12-16T00:00:00+00:00,2026-09-03T11:15:03.742310+00:00,18000.0,18074.0,17300.0,17428.0,17384.734375,7938621
2016-12-16 00:00:00+00:00,2016-12-17T00:00:00+00:00,2026-09-03T11:15:03.742310+00:00,17428.0,17428.0,17428.0,17428.0,17384.734375,0
2016-12-19 00:00:00+00:00,2016-12-20T00:00:00+00:00,2026-09-03T11:15:03.742310+00:00,17428.0,17940.0,16850.0,17280.0,17237.099609375,4832766
2016-12-20 00:00:00+00:00,2016-12-21T00:00:00+00:00,2026-09-03T11:15:03.742310+00:00,17300.0,17310.0,16961.0,17250.0,17207.17578125,2421240
2016-12-21 00:00:00+00:00,2016-12-22T00:00:00+00:00,2026-09-03T11:15:03.742310+00:00,17300.0,17428.0,17206.0,17400.0,17356.8046875,2565109
2016-12-22 00:00:00+00:00,2016-12-23T00:00:00+00:00,2026-09-03T11:15:03.742310+00:00,17455.0,17521.0,17061.0,17117.0,17074.50390625,847667
2016-12-23 00:00:00+00:00,2016-12-24T00:00:00+00:00,2026-09-03T11:15:03.742310+00:00,17005.0,17350.0,16900.0,16903.0,16861.0390625,397571
2016-12-26 00:00:00+00:00,2016-12-27T00:00:00+00:00,2026-09-03T11:15:03.742310+00:00,16903.0,16903.0,16903.0,16903.0,16861.0390625,0
2016-12-27 00:00:00+00:00,2016-12-28T00:00:00+00:00,2026-09-03T11:15:03.742310+00:00,16903.0,16903.0,16903.0,16903.0,16861.0390625,0
2016-12-28 00:00:00+00:00,2016-12-29T00:00:00+00:00,2026-09-03T11:15:03.742310+00:00,16970.0,17243.0,16685.0,17243.0,17200.1953125,1147016
2016-12-29 00:00:00+00:00,2016-12-30T00:00:00+00:00,2026-09-03T11:15:03.742310+00:00,17112.0,17442.0,17071.0,17442.0,17398.701171875,947250
2016-12-30 00:00:00+00:00,2016-12-31T00:00:00+00:00,2026-09-03T11:15:03.742310+00:00,17499.0,17499.0,17000.0,17146.0,17103.43359375,1141771
2017-01-02 00:00:00+00:00,2017-01-03T00:00:00+00:00,2026-09-03T11:15:03.742310+00:00,17146.0,17146.0,17146.0,17146.0,17103.43359375,0
2017-01-03 00:00:00+00:00,2017-01-04T00:00:00+00:00,2026-09-03T11:15:03.742310+00:00,17298.0,17498.0,17133.0,17295.0,17252.064453125,1485948
2017-01-04 00:00:00+00:00,2017-01-05T00:00:00+00:00,2026-09-03T11:15:03.742310+00:00,17295.0,17295.0,16700.0,16901.0,16859.041015625,1715178
2017-01-05 00:00:00+00:00,2017-01-06T00:00:00+00:00,2026-09-03T11:15:03.742310+00:00,16989.0,17088.0,16744.0,16840.0,16798.193359375,2555190
2017-01-06 00:00:00+00:00,2017-01-07T00:00:00+00:00,2026-09-03T11:15:03.742310+00:00,16840.0,17060.0,16650.0,16733.0,16691.4609375,2248912
2017-01-09 00:00:00+00:00,2017-01-10T00:00:00+00:00,2026-09-03T11:15:03.742310+00:00,16732.0,17000.0,16680.0,16850.0,16808.169921875,1808427
2017-01-10 00:00:00+00:00,2017-01-11T00:00:00+00:00,2026-09-03T11:15:03.742310+00:00,16899.0,16921.0,16652.0,16814.0,16772.259765625,4578255
2017-01-11 00:00:00+00:00,2017-01-12T00:00:00+00:00,2026-09-03T11:15:03.742310+00:00,16773.0,17106.0,16761.0,17017.0,16974.755859375,12780563
2017-01-12 00:00:00+00:00,2017-01-13T00:00:00+00:00,2026-09-03T11:15:03.742310+00:00,17018.0,17289.0,16820.0,17143.0,17100.44140625,5678814
2017-01-13 00:00:00+00:00,2017-01-14T00:00:00+00:00,2026-09-03T11:15:03.742310+00:00,17284.0,17463.0,17064.0,17449.0,17405.68359375,5623653
2017-01-16 00:00:00+00:00,2017-01-17T00:00:00+00:00,2026-09-03T11:15:03.742310+00:00,17400.0,17874.0,17243.0,17870.0,17825.634765625,5050271
2017-01-17 00:00:00+00:00,2017-01-18T00:00:00+00:00,2026-09-03T11:15:03.742310+00:00,17860.0,18333.0,17580.0,17650.0,17606.18359375,4594247
2017-01-18 00:00:00+00:00,2017-01-19T00:00:00+00:00,2026-09-03T11:15:03.742310+00:00,17710.0,18257.0,17698.0,18026.0,17981.25,9138857
2017-01-19 00:00:00+00:00,2017-01-20T00:00:00+00:00,2026-09-03T11:15:03.742310+00:00,18020.0,18147.0,17851.0,17950.0,17905.43359375,2998304
2017-01-20 00:00:00+00:00,2017-01-21T00:00:00+00:00,2026-09-03T11:15:03.742310+00:00,17570.0,17995.0,17280.0,17380.0,17336.8515625,15474097
2017-01-23 00:00:00+00:00,2017-01-24T00:00:00+00:00,2026-09-03T11:15:03.742310+00:00,17300.0,17444.0,16974.0,17210.0,17167.27734375,5105513
2017-01-24 00:00:00+00:00,2017-01-25T00:00:00+00:00,2026-09-03T11:15:03.742310+00:00,17208.0,17300.0,17127.0,17150.0,17107.423828125,3909834
2017-01-25 00:00:00+00:00,2017-01-26T00:00:00+00:00,2026-09-03T11:15:03.742310+00:00,17188.0,17361.0,17043.0,17342.0,17298.947265625,4456795
2017-01-26 00:00:00+00:00,2017-01-27T00:00:00+00:00,2026-09-03T11:15:03.742310+00:00,17400.0,17613.0,17302.0,17600.0,17556.306640625,5265777
2017-01-27 00:00:00+00:00,2017-01-28T00:00:00+00:00,2026-09-03T11:15:03.742310+00:00,17600.0,17787.0,17202.0,17660.0,17616.154296875,3136427
2017-01-30 00:00:00+00:00,2017-01-31T00:00:00+00:00,2026-09-03T11:15:03.742310+00:00,17640.0,17921.0,17625.0,17818.0,17773.767578125,3356743
2017-01-31 00:00:00+00:00,2017-02-01T00:00:00+00:00,2026-09-03T11:15:03.742310+00:00,17650.0,17993.0,17650.0,17900.0,17855.5625,3393730
2017-02-01 00:00:00+00:00,2017-02-02T00:00:00+00:00,2026-09-03T11:15:03.742310+00:00,17950.0,18146.0,17821.0,17970.0,17925.384765625,1655988
2017-02-02 00:00:00+00:00,2017-02-03T00:00:00+00:00,2026-09-03T11:15:03.742310+00:00,17934.0,17989.0,17768.0,17828.0,17783.740234375,2128308
2017-02-03 00:00:00+00:00,2017-02-04T00:00:00+00:00,2026-09-03T11:15:03.742310+00:00,17880.0,17880.0,17661.0,17784.0,17739.853515625,1225207
2017-02-06 00:00:00+00:00,2017-02-07T00:00:00+00:00,2026-09-03T11:15:03.742310+00:00,17791.0,17900.0,17358.0,17371.0,17327.873046875,2037326
2017-02-07 00:00:00+00:00,2017-02-08T00:00:00+00:00,2026-09-03T11:15:03.742310+00:00,17370.0,17392.0,17098.0,17330.0,17286.9765625,2180116
2017-02-08 00:00:00+00:00,2017-02-09T00:00:00+00:00,2026-09-03T11:15:03.742310+00:00,17319.0,17330.0,17008.0,17285.0,17242.087890625,1467995
2017-02-09 00:00:00+00:00,2017-02-10T00:00:00+00:00,2026-09-03T11:15:03.742310+00:00,17288.0,17436.0,17000.0,17000.0,16957.794921875,3498039
2017-02-10 00:00:00+00:00,2017-02-11T00:00:00+00:00,2026-09-03T11:15:03.742310+00:00,17126.0,17501.0,17051.0,17416.0,17372.759765625,3227125
2017-02-13 00:00:00+00:00,2017-02-14T00:00:00+00:00,2026-09-03T11:15:03.742310+00:00,17417.0,17874.0,17400.0,17671.0,17627.12890625,2880929
2017-02-14 00:00:00+00:00,2017-02-15T00:00:00+00:00,2026-09-03T11:15:03.742310+00:00,17650.0,17849.0,17489.0,17518.0,17474.509765625,1239308
2017-02-15 00:00:00+00:00,2017-02-16T00:00:00+00:00,2026-09-03T11:15:03.742310+00:00,17650.0,17698.0,17247.0,17541.0,17497.45703125,2828798
2017-02-16 00:00:00+00:00,2017-02-17T00:00:00+00:00,2026-09-03T11:15:03.742310+00:00,17500.0,17700.0,17393.0,17665.0,17621.146484375,1173583
2017-02-17 00:00:00+00:00,2017-02-18T00:00:00+00:00,2026-09-03T11:15:03.742310+00:00,17620.0,17670.0,17200.0,17305.0,17262.037109375,1873254
2017-02-20 00:00:00+00:00,2017-02-21T00:00:00+00:00,2026-09-03T11:15:03.742310+00:00,17399.0,18880.0,17314.0,18800.0,18753.326171875,8629967
2017-02-21 00:00:00+00:00,2017-02-22T00:00:00+00:00,2026-09-03T11:15:03.742310+00:00,19349.0,19740.0,18890.0,19462.0,19413.68359375,6252973
2017-02-22 00:00:00+00:00,2017-02-23T00:00:00+00:00,2026-09-03T11:15:03.742310+00:00,19500.0,19689.0,18829.0,19189.0,19141.36328125,4399640
2017-02-23 00:00:00+00:00,2017-02-24T00:00:00+00:00,2026-09-03T11:15:03.742310+00:00,19200.0,19572.0,19101.0,19250.0,19202.208984375,3559868
2017-02-24 00:00:00+00:00,2017-02-25T00:00:00+00:00,2026-09-03T11:15:03.742310+00:00,19190.0,19406.0,18767.0,19322.0,19274.02734375,1452115
2017-02-27 00:00:00+00:00,2017-02-28T00:00:00+00:00,2026-09-03T11:15:03.742310+00:00,19321.0,19493.0,19115.0,19234.0,19186.25,1473939
2017-02-28 00:00:00+00:00,2017-03-01T00:00:00+00:00,2026-09-03T11:15:03.742310+00:00,19225.0,19468.0,18767.0,18925.0,18878.0234375,1495597
2017-03-01 00:00:00+00:00,2017-03-02T00:00:00+00:00,2026-09-03T11:15:03.742310+00:00,19047.0,19387.0,18790.0,19326.0,19278.01953125,1467978
2017-03-02 00:00:00+00:00,2017-03-03T00:00:00+00:00,2026-09-03T11:15:03.742310+00:00,19326.0,19488.0,18965.0,19130.0,19082.5078125,1331766
2017-03-03 00:00:00+00:00,2017-03-04T00:00:00+00:00,2026-09-03T11:15:03.742310+00:00,19100.0,19477.0,18935.0,19389.0,19340.87109375,1540804
2017-03-06 00:00:00+00:00,2017-03-07T00:00:00+00:00,2026-09-03T11:15:03.742310+00:00,19400.0,19669.0,19201.0,19621.0,19572.287109375,1403032
2017-03-07 00:00:00+00:00,2017-03-08T00:00:00+00:00,2026-09-03T11:15:03.742310+00:00,19550.0,19873.0,19377.0,19692.0,19643.109375,2293921
2017-03-08 00:00:00+00:00,2017-03-09T00:00:00+00:00,2026-09-03T11:15:03.742310+00:00,19750.0,19800.0,19461.0,19676.0,19627.150390625,4690229
2017-03-09 00:00:00+00:00,2017-03-10T00:00:00+00:00,2026-09-03T11:15:03.742310+00:00,19676.0,19676.0,19410.0,19600.0,19551.337890625,1371027
2017-03-10 00:00:00+00:00,2017-03-11T00:00:00+00:00,2026-09-03T11:15:03.742310+00:00,19692.0,19774.0,19412.0,19659.0,19610.19140625,966433
2017-03-13 00:00:00+00:00,2017-03-14T00:00:00+00:00,2026-09-03T11:15:03.742310+00:00,19750.0,19935.0,19420.0,19935.0,19885.509765625,1205465
2017-03-14 00:00:00+00:00,2017-03-15T00:00:00+00:00,2026-09-03T11:15:03.742310+00:00,19900.0,20608.0,19900.0,20589.0,20537.884765625,4242713
2017-03-15 00:00:00+00:00,2017-03-16T00:00:00+00:00,2026-09-03T11:15:03.742310+00:00,20400.0,20681.0,20217.0,20518.0,20468.8515625,2843358
2017-03-16 00:00:00+00:00,2017-03-17T00:00:00+00:00,2026-09-03T11:15:03.742310+00:00,20518.0,20880.0,20359.0,20880.0,20829.984375,4772383
2017-03-17 00:00:00+00:00,2017-03-18T00:00:00+00:00,2026-09-03T11:15:03.742310+00:00,20899.0,20899.0,20500.0,20552.0,20502.76953125,1720335
2017-03-20 00:00:00+00:00,2017-03-21T00:00:00+00:00,2026-09-03T11:15:03.742310+00:00,20560.0,20906.0,20498.0,20656.0,20606.515625,881490
2017-03-22 00:00:00+00:00,2017-03-23T00:00:00+00:00,2026-09-03T11:15:03.742310+00:00,20599.0,20849.0,20308.0,20669.0,20619.4921875,1272060
2017-03-23 00:00:00+00:00,2017-03-24T00:00:00+00:00,2026-09-03T11:15:03.742310+00:00,20403.0,20891.0,20403.0,20710.0,20660.388671875,1664458
2017-03-24 00:00:00+00:00,2017-03-25T00:00:00+00:00,2026-09-03T11:15:03.742310+00:00,20609.0,20997.0,20536.0,20700.0,20650.4140625,2512627
2017-03-27 00:00:00+00:00,2017-03-28T00:00:00+00:00,2026-09-03T11:15:03.742310+00:00,20800.0,20826.0,20001.0,20124.0,20075.796875,1738860
2017-03-28 00:00:00+00:00,2017-03-29T00:00:00+00:00,2026-09-03T11:15:03.742310+00:00,19863.0,20290.0,19772.0,20220.0,20171.568359375,1563920
2017-03-29 00:00:00+00:00,2017-03-30T00:00:00+00:00,2026-09-03T11:15:03.742310+00:00,20200.0,20436.0,19779.0,20436.0,20387.048828125,1507795
2017-03-30 00:00:00+00:00,2017-03-31T00:00:00+00:00,2026-09-03T11:15:03.742310+00:00,20310.0,20552.0,20000.0,20050.0,20001.970703125,1112409
2017-03-31 00:00:00+00:00,2017-04-01T00:00:00+00:00,2026-09-03T11:15:03.742310+00:00,19598.0,19601.0,19135.0,19360.0,19313.623046875,3049184
2017-04-03 00:00:00+00:00,2017-04-04T00:00:00+00:00,2026-09-03T11:15:03.742310+00:00,19307.0,19720.0,19123.0,19629.0,19581.982421875,1406338
2017-04-04 00:00:00+00:00,2017-04-05T00:00:00+00:00,2026-09-03T11:15:03.742310+00:00,19350.0,19787.0,19068.0,19787.0,19739.607421875,1440090
2017-04-05 00:00:00+00:00,2017-04-06T00:00:00+00:00,2026-09-03T11:15:03.742310+00:00,19765.0,19799.0,19410.0,19707.0,19659.794921875,2174474
2017-04-06 00:00:00+00:00,2017-04-07T00:00:00+00:00,2026-09-03T11:15:03.742310+00:00,19490.0,19700.0,19115.0,19328.0,19281.701171875,2686158
2017-04-07 00:00:00+00:00,2017-04-08T00:00:00+00:00,2026-09-03T11:15:03.742310+00:00,19102.0,19571.0,19102.0,19345.0,19298.6640625,1283371
2017-04-10 00:00:00+00:00,2017-04-11T00:00:00+00:00,2026-09-03T11:15:03.742310+00:00,19300.0,19467.0,18889.0,18889.0,18843.755859375,2218171
2017-04-11 00:00:00+00:00,2017-04-12T00:00:00+00:00,2026-09-03T11:15:03.742310+00:00,18884.0,19548.0,18853.0,19323.0,19276.7109375,1969290
2017-04-12 00:00:00+00:00,2017-04-13T00:00:00+00:00,2026-09-03T11:15:03.742310+00:00,19400.0,19739.0,19341.0,19739.0,19691.71484375,3519302
2017-04-13 00:00:00+00:00,2017-04-14T00:00:00+00:00,2026-09-03T11:15:03.742310+00:00,19739.0,20498.0,19739.0,20321.0,20272.3203125,2066715
2017-04-18 00:00:00+00:00,2017-04-19T00:00:00+00:00,2026-09-03T11:15:03.742310+00:00,20500.0,20523.0,20244.0,20300.0,20251.376953125,1348553
2017-04-19 00:00:00+00:00,2017-04-20T00:00:00+00:00,2026-09-03T11:15:03.742310+00:00,20130.0,20582.0,20088.0,20143.0,20094.75,1339630
2017-04-20 00:00:00+00:00,2017-04-21T00:00:00+00:00,2026-09-03T11:15:03.742310+00:00,20122.0,20300.0,19889.0,20201.0,20152.61328125,1200303
2017-04-21 00:00:00+00:00,2017-04-22T00:00:00+00:00,2026-09-03T11:15:03.742310+00:00,20150.0,20330.0,20040.0,20277.0,20228.4296875,1302313
2017-04-24 00:00:00+00:00,2017-04-25T00:00:00+00:00,2026-09-03T11:15:03.742310+00:00,20300.0,20700.0,20280.0,20640.0,20590.5546875,1179854
2017-04-25 00:00:00+00:00,2017-04-26T00:00:00+00:00,2026-09-03T11:15:03.742310+00:00,20601.0,20601.0,19969.0,20445.0,20396.029296875,1453064
2017-04-26 00:00:00+00:00,2017-04-27T00:00:00+00:00,2026-09-03T11:15:03.742310+00:00,20493.0,20552.0,20315.0,20552.0,20502.76953125,1574261
2017-04-28 00:00:00+00:00,2017-04-29T00:00:00+00:00,2026-09-03T11:15:03.742310+00:00,20390.0,21145.0,20390.0,20980.0,20929.744140625,1595804
2017-05-01 00:00:00+00:00,2017-05-02T00:00:00+00:00,2026-09-03T11:15:03.742310+00:00,20980.0,20980.0,20980.0,20980.0,20929.744140625,0
2017-05-02 00:00:00+00:00,2017-05-03T00:00:00+00:00,2026-09-03T11:15:03.742310+00:00,21000.0,21450.0,20921.0,21101.0,21050.455078125,1504577
2017-05-03 00:00:00+00:00,2017-05-04T00:00:00+00:00,2026-09-03T11:15:03.742310+00:00,20950.0,21338.0,20521.0,20750.0,20700.294921875,2959145
2017-05-04 00:00:00+00:00,2017-05-05T00:00:00+00:00,2026-09-03T11:15:03.742310+00:00,20750.0,20750.0,20375.0,20500.0,20450.890625,1122969
2017-05-05 00:00:00+00:00,2017-05-06T00:00:00+00:00,2026-09-03T11:15:03.742310+00:00,20400.0,20690.0,20204.0,20300.0,20251.376953125,1054285
2017-05-08 00:00:00+00:00,2017-05-09T00:00:00+00:00,2026-09-03T11:15:03.742310+00:00,20300.0,20500.0,19900.0,19900.0,19852.328125,1769078
2017-05-09 00:00:00+00:00,2017-05-10T00:00:00+00:00,2026-09-03T11:15:03.742310+00:00,20100.0,20100.0,19600.0,20013.0,19965.0625,1799553
2017-05-10 00:00:00+00:00,2017-05-11T00:00:00+00:00,2026-09-03T11:15:03.742310+00:00,20000.0,20129.0,19600.0,19600.0,19553.048828125,3508683
2017-05-11 00:00:00+00:00,2017-05-12T00:00:00+00:00,2026-09-03T11:15:03.742310+00:00,19836.0,19973.0,19618.0,19940.0,19892.234375,2610536
2017-05-12 00:00:00+00:00,2017-05-13T00:00:00+00:00,2026-09-03T11:15:03.742310+00:00,19967.0,20183.0,19838.0,20097.0,20048.86328125,1093460
2017-05-15 00:00:00+00:00,2017-05-16T00:00:00+00:00,2026-09-03T11:15:03.742310+00:00,20101.0,20198.0,19887.0,20057.0,20008.955078125,669739
2017-05-16 00:00:00+00:00,2017-05-17T00:00:00+00:00,2026-09-03T11:15:03.742310+00:00,19838.0,20216.0,19838.0,20168.0,20119.693359375,785337
2017-05-17 00:00:00+00:00,2017-05-18T00:00:00+00:00,2026-09-03T11:15:03.742310+00:00,20168.0,20244.0,19605.0,19692.0,19644.828125,1333559
2017-05-18 00:00:00+00:00,2017-05-19T00:00:00+00:00,2026-09-03T11:15:03.742310+00:00,19563.0,20079.0,19379.0,19800.0,19752.576171875,2157098
2017-05-19 00:00:00+00:00,2017-05-20T00:00:00+00:00,2026-09-03T11:15:03.742310+00:00,19702.0,20019.0,19702.0,19940.0,19892.234375,900522
2017-05-22 00:00:00+00:00,2017-05-23T00:00:00+00:00,2026-09-03T11:15:03.742310+00:00,20084.0,20099.0,19875.0,20068.0,20019.927734375,892483
2017-05-23 00:00:00+00:00,2017-05-24T00:00:00+00:00,2026-09-03T11:15:03.742310+00:00,20067.0,20467.0,20006.0,20467.0,20417.97265625,1280437
2017-05-24 00:00:00+00:00,2017-05-25T00:00:00+00:00,2026-09-03T11:15:03.742310+00:00,20498.0,20780.0,20371.0,20716.0,20666.380859375,1416614
2017-05-25 00:00:00+00:00,2017-05-26T00:00:00+00:00,2026-09-03T11:15:03.742310+00:00,20700.0,20722.0,20050.0,20603.0,20553.646484375,1835081
2017-05-26 00:00:00+00:00,2017-05-27T00:00:00+00:00,2026-09-03T11:15:03.742310+00:00,20511.0,21112.0,20511.0,21112.0,21061.427734375,2753330
2017-05-29 00:00:00+00:00,2017-05-30T00:00:00+00:00,2026-09-03T11:15:03.742310+00:00,21070.0,21175.0,20914.0,21175.0,21124.27734375,515478
2017-05-30 00:00:00+00:00,2017-05-31T00:00:00+00:00,2026-09-03T11:15:03.742310+00:00,21113.0,21277.0,21026.0,21215.0,21164.18359375,882504
2017-05-31 00:00:00+00:00,2017-06-01T00:00:00+00:00,2026-09-03T11:15:03.742310+00:00,21100.0,21265.0,20867.0,20900.0,20849.93359375,4958375
2017-06-01 00:00:00+00:00,2017-06-02T00:00:00+00:00,2026-09-03T11:15:03.742310+00:00,20905.0,20942.0,20555.0,20637.0,20587.564453125,1671008
2017-06-02 00:00:00+00:00,2017-06-03T00:00:00+00:00,2026-09-03T11:15:03.742310+00:00,20702.0,20899.0,20580.0,20770.0,20720.25,1582847
2017-06-05 00:00:00+00:00,2017-06-06T00:00:00+00:00,2026-09-03T11:15:03.742310+00:00,20788.0,20788.0,20400.0,20630.0,20580.58203125,1390516
2017-06-06 00:00:00+00:00,2017-06-07T00:00:00+00:00,2026-09-03T11:15:03.742310+00:00,20242.0,20574.0,20004.0,20020.0,19972.046875,1723072
2017-06-07 00:00:00+00:00,2017-06-08T00:00:00+00:00,2026-09-03T11:15:03.742310+00:00,20149.0,20222.0,19839.0,19927.0,19879.2734375,1448393
2017-06-08 00:00:00+00:00,2017-06-09T00:00:00+00:00,2026-09-03T11:15:03.742310+00:00,20019.0,20019.0,19410.0,19440.0,19393.435546875,1653198
2017-06-09 00:00:00+00:00,2017-06-10T00:00:00+00:00,2026-09-03T11:15:03.742310+00:00,19574.0,20037.0,19459.0,19955.0,19907.201171875,1631276
2017-06-12 00:00:00+00:00,2017-06-13T00:00:00+00:00,2026-09-03T11:15:03.742310+00:00,19842.0,20287.0,19712.0,20053.0,20004.96484375,1142768
2017-06-13 00:00:00+00:00,2017-06-14T00:00:00+00:00,2026-09-03T11:15:03.742310+00:00,20108.0,20131.0,19683.0,19800.0,19752.576171875,1291004
2017-06-14 00:00:00+00:00,2017-06-15T00:00:00+00:00,2026-09-03T11:15:03.742310+00:00,19902.0,20448.0,19709.0,20417.0,20368.09375,1954995
2017-06-15 00:00:00+00:00,2017-06-16T00:00:00+00:00,2026-09-03T11:15:03.742310+00:00,20283.0,20283.0,19704.0,19850.0,19802.447265625,4965070
2017-06-16 00:00:00+00:00,2017-06-17T00:00:00+00:00,2026-09-03T11:15:03.742310+00:00,19850.0,19850.0,19850.0,19850.0,19802.447265625,0
2017-06-19 00:00:00+00:00,2017-06-20T00:00:00+00:00,2026-09-03T11:15:03.742310+00:00,20109.0,20455.0,19831.0,20435.0,20386.05078125,2059210
2017-06-20 00:00:00+00:00,2017-06-21T00:00:00+00:00,2026-09-03T11:15:03.742310+00:00,20400.0,20419.0,19900.0,19900.0,19852.328125,1806632
2017-06-21 00:00:00+00:00,2017-06-22T00:00:00+00:00,2026-09-03T11:15:03.742310+00:00,19811.0,20061.0,19750.0,20000.0,19952.09375,853957
2017-06-22 00:00:00+00:00,2017-06-23T00:00:00+00:00,2026-09-03T11:15:03.742310+00:00,19970.0,20050.0,19600.0,19726.0,19678.748046875,937352
2017-06-23 00:00:00+00:00,2017-06-24T00:00:00+00:00,2026-09-03T11:15:03.742310+00:00,19799.0,19899.0,19652.0,19750.0,19702.693359375,602110
2017-06-26 00:00:00+00:00,2017-06-27T00:00:00+00:00,2026-09-03T11:15:03.742310+00:00,19890.0,19937.0,19622.0,19642.0,19594.953125,1552519
2017-06-27 00:00:00+00:00,2017-06-28T00:00:00+00:00,2026-09-03T11:15:03.742310+00:00,19600.0,19976.0,19580.0,19792.0,19744.58984375,1258105
2017-06-28 00:00:00+00:00,2017-06-29T00:00:00+00:00,2026-09-03T11:15:03.742310+00:00,19912.0,20000.0,19737.0,19815.0,19767.5390625,848218
2017-06-29 00:00:00+00:00,2017-06-30T00:00:00+00:00,2026-09-03T11:15:03.742310+00:00,19815.0,20246.0,19774.0,19900.0,19852.328125,1095626
2017-06-30 00:00:00+00:00,2017-07-01T00:00:00+00:00,2026-09-03T11:15:03.742310+00:00,19850.0,19965.0,19630.0,19938.0,19890.2421875,969710
2017-07-03 00:00:00+00:00,2017-07-04T00:00:00+00:00,2026-09-03T11:15:03.742310+00:00,20048.0,20048.0,19552.0,19683.0,19635.8515625,1221862
2017-07-04 00:00:00+00:00,2017-07-05T00:00:00+00:00,2026-09-03T11:15:03.742310+00:00,19655.0,20035.0,19655.0,19825.0,19777.513671875,1057244
2017-07-05 00:00:00+00:00,2017-07-06T00:00:00+00:00,2026-09-03T11:15:03.742310+00:00,19766.0,19884.0,19410.0,19670.0,19622.8828125,1088969
2017-07-06 00:00:00+00:00,2017-07-07T00:00:00+00:00,2026-09-03T11:15:03.742310+00:00,19670.0,19909.0,19477.0,19624.0,19576.994140625,784355
2017-07-07 00:00:00+00:00,2017-07-08T00:00:00+00:00,2026-09-03T11:15:03.742310+00:00,19766.0,19766.0,19494.0,19629.0,19581.982421875,1526300
2017-07-10 00:00:00+00:00,2017-07-11T00:00:00+00:00,2026-09-03T11:15:03.742310+00:00,19629.0,19781.0,19492.0,19660.0,19612.90625,1124575
2017-07-11 00:00:00+00:00,2017-07-12T00:00:00+00:00,2026-09-03T11:15:03.742310+00:00,19624.0,19658.0,19320.0,19450.0,19403.404296875,1634057
2017-07-12 00:00:00+00:00,2017-07-13T00:00:00+00:00,2026-09-03T11:15:03.742310+00:00,19600.0,19900.0,19457.0,19900.0,19852.328125,1044393
2017-07-13 00:00:00+00:00,2017-07-14T00:00:00+00:00,2026-09-03T11:15:03.742310+00:00,19900.0,20297.0,19797.0,20131.0,20082.779296875,989554
2017-07-14 00:00:00+00:00,2017-07-15T00:00:00+00:00,2026-09-03T11:15:03.742310+00:00,20199.0,20484.0,20100.0,20400.0,20351.130859375,944857
2017-07-17 00:00:00+00:00,2017-07-18T00:00:00+00:00,2026-09-03T11:15:03.742310+00:00,20449.0,20569.0,20136.0,20557.0,20507.759765625,1143089
2017-07-18 00:00:00+00:00,2017-07-19T00:00:00+00:00,2026-09-03T11:15:03.742310+00:00,20344.0,20709.0,19815.0,20000.0,19952.09375,1497152
2017-07-19 00:00:00+00:00,2017-07-20T00:00:00+00:00,2026-09-03T11:15:03.742310+00:00,20000.0,20750.0,19900.0,20723.0,20673.359375,1940375
2017-07-20 00:00:00+00:00,2017-07-21T00:00:00+00:00,2026-09-03T11:15:03.742310+00:00,20675.0,20675.0,20157.0,20300.0,20251.376953125,2056911
2017-07-21 00:00:00+00:00,2017-07-22T00:00:00+00:00,2026-09-03T11:15:03.742310+00:00,20154.0,20449.0,19967.0,19982.0,19934.1328125,920843
2017-07-24 00:00:00+00:00,2017-07-25T00:00:00+00:00,2026-09-03T11:15:03.742310+00:00,20000.0,20253.0,19995.0,20030.0,19982.015625,1045183
2017-07-25 00:00:00+00:00,2017-07-26T00:00:00+00:00,2026-09-03T11:15:03.742310+00:00,20080.0,20254.0,19909.0,20054.0,20005.962890625,1122728
2017-07-26 00:00:00+00:00,2017-07-27T00:00:00+00:00,2026-09-03T11:15:03.742310+00:00,19972.0,20074.0,19805.0,20060.0,20011.951171875,888994
2017-07-27 00:00:00+00:00,2017-07-28T00:00:00+00:00,2026-09-03T11:15:03.742310+00:00,20100.0,20406.0,20044.0,20406.0,20357.123046875,788184
2017-07-28 00:00:00+00:00,2017-07-29T00:00:00+00:00,2026-09-03T11:15:03.742310+00:00,20405.0,20533.0,20238.0,20415.0,20366.09765625,1083575
2017-07-31 00:00:00+00:00,2017-08-01T00:00:00+00:00,2026-09-03T11:15:03.742310+00:00,20499.0,20600.0,20162.0,20168.0,20119.693359375,1126456
2017-08-01 00:00:00+00:00,2017-08-02T00:00:00+00:00,2026-09-03T11:15:03.742310+00:00,20419.0,20419.0,20000.0,20410.0,20361.109375,891856
2017-08-02 00:00:00+00:00,2017-08-03T00:00:00+00:00,2026-09-03T11:15:03.742310+00:00,20250.0,20683.0,20231.0,20619.0,20569.609375,1515586
2017-08-03 00:00:00+00:00,2017-08-04T00:00:00+00:00,2026-09-03T11:15:03.742310+00:00,20690.0,20999.0,20651.0,20800.0,20750.177734375,2449609
2017-08-04 00:00:00+00:00,2017-08-05T00:00:00+00:00,2026-09-03T11:15:03.742310+00:00,20850.0,21164.0,20706.0,20902.0,20851.9296875,1347281
2017-08-07 00:00:00+00:00,2017-08-08T00:00:00+00:00,2026-09-03T11:15:03.742310+00:00,20900.0,20900.0,19728.0,20010.0,19962.06640625,5137877
2017-08-08 00:00:00+00:00,2017-08-09T00:00:00+00:00,2026-09-03T11:15:03.742310+00:00,20010.0,20350.0,19913.0,19990.0,19942.115234375,2126187
2017-08-09 00:00:00+00:00,2017-08-10T00:00:00+00:00,2026-09-03T11:15:03.742310+00:00,19990.0,19990.0,19990.0,19990.0,19942.115234375,0
2017-08-10 00:00:00+00:00,2017-08-11T00:00:00+00:00,2026-09-03T11:15:03.742310+00:00,19999.0,20023.0,19696.0,19807.0,19759.5546875,1347328
2017-08-11 00:00:00+00:00,2017-08-12T00:00:00+00:00,2026-09-03T11:15:03.742310+00:00,19890.0,19911.0,19599.0,19750.0,19702.693359375,1398475
2017-08-14 00:00:00+00:00,2017-08-15T00:00:00+00:00,2026-09-03T11:15:03.742310+00:00,19765.0,20002.0,19754.0,19758.0,19710.671875,1196522
2017-08-15 00:00:00+00:00,2017-08-16T00:00:00+00:00,2026-09-03T11:15:03.742310+00:00,19949.0,19950.0,19595.0,19671.0,19623.876953125,863794
2017-08-16 00:00:00+00:00,2017-08-17T00:00:00+00:00,2026-09-03T11:15:03.742310+00:00,19800.0,19927.0,19624.0,19629.0,19581.982421875,3568890
2017-08-17 00:00:00+00:00,2017-08-18T00:00:00+00:00,2026-09-03T11:15:03.742310+00:00,19735.0,19972.0,19659.0,19799.0,19751.578125,2320240
2017-08-18 00:00:00+00:00,2017-08-19T00:00:00+00:00,2026-09-03T11:15:03.742310+00:00,19650.0,20070.0,19650.0,20012.0,19964.06640625,4650216
2017-08-21 00:00:00+00:00,2017-08-22T00:00:00+00:00,2026-09-03T11:15:03.742310+00:00,20050.0,20218.0,19913.0,20100.0,20051.857421875,3290417
2017-08-22 00:00:00+00:00,2017-08-23T00:00:00+00:00,2026-09-03T11:15:03.742310+00:00,20311.0,21811.0,20311.0,21711.0,21658.9921875,4898905
2017-08-23 00:00:00+00:00,2017-08-24T00:00:00+00:00,2026-09-03T11:15:03.742310+00:00,21697.0,21750.0,21003.0,21591.0,21539.28125,3719300
2017-08-24 00:00:00+00:00,2017-08-25T00:00:00+00:00,2026-09-03T11:15:03.742310+00:00,21600.0,22341.0,21556.0,21935.0,21882.455078125,1650010
2017-08-25 00:00:00+00:00,2017-08-26T00:00:00+00:00,2026-09-03T11:15:03.742310+00:00,21851.0,22300.0,21729.0,21729.0,21676.955078125,1315090
2017-08-28 00:00:00+00:00,2017-08-29T00:00:00+00:00,2026-09-03T11:15:03.742310+00:00,21983.0,22186.0,21811.0,22050.0,21997.181640625,1617135
2017-08-29 00:00:00+00:00,2017-08-30T00:00:00+00:00,2026-09-03T11:15:03.742310+00:00,22001.0,22191.0,21910.0,22055.0,22002.169921875,2000771
2017-08-30 00:00:00+00:00,2017-08-31T00:00:00+00:00,2026-09-03T11:15:03.742310+00:00,22055.0,22275.0,21997.0,22221.0,22167.775390625,3402112
2017-08-31 00:00:00+00:00,2017-09-01T00:00:00+00:00,2026-09-03T11:15:03.742310+00:00,22300.0,22548.0,22127.0,22539.0,22485.0078125,5226625
2017-09-01 00:00:00+00:00,2017-09-02T00:00:00+00:00,2026-09-03T11:15:03.742310+00:00,22600.0,22600.0,22150.0,22300.0,22246.58203125,2499922
2017-09-04 00:00:00+00:00,2017-09-05T00:00:00+00:00,2026-09-03T11:15:03.742310+00:00,22294.0,22393.0,21999.0,22200.0,22146.8203125,1379437
2017-09-05 00:00:00+00:00,2017-09-06T00:00:00+00:00,2026-09-03T11:15:03.742310+00:00,22272.0,22323.0,22090.0,22100.0,22047.0625,1261660
2017-09-06 00:00:00+00:00,2017-09-07T00:00:00+00:00,2026-09-03T11:15:03.742310+00:00,21519.0,21880.0,21001.0,21352.0,21303.978515625,11138874
2017-09-07 00:00:00+00:00,2017-09-08T00:00:00+00:00,2026-09-03T11:15:03.742310+00:00,21400.0,21949.0,21240.0,21500.0,21451.64453125,1298856
2017-09-08 00:00:00+00:00,2017-09-09T00:00:00+00:00,2026-09-03T11:15:03.742310+00:00,21800.0,21822.0,21249.0,21475.0,21426.703125,1036287
2017-09-11 00:00:00+00:00,2017-09-12T00:00:00+00:00,2026-09-03T11:15:03.742310+00:00,21235.0,21579.0,21101.0,21289.0,21241.119140625,878952
2017-09-12 00:00:00+00:00,2017-09-13T00:00:00+00:00,2026-09-03T11:15:03.742310+00:00,21350.0,21529.0,21180.0,21180.0,21132.3671875,772709
2017-09-13 00:00:00+00:00,2017-09-14T00:00:00+00:00,2026-09-03T11:15:03.742310+00:00,21349.0,21435.0,21182.0,21275.0,21227.150390625,2023946
2017-09-14 00:00:00+00:00,2017-09-15T00:00:00+00:00,2026-09-03T11:15:03.742310+00:00,21281.0,21299.0,21013.0,21187.0,21139.345703125,583520
2017-09-15 00:00:00+00:00,2017-09-16T00:00:00+00:00,2026-09-03T11:15:03.742310+00:00,21055.0,21182.0,20764.0,20975.0,20927.826171875,2292730
2017-09-18 00:00:00+00:00,2017-09-19T00:00:00+00:00,2026-09-03T11:15:03.742310+00:00,21000.0,21340.0,20907.0,20907.0,20859.982421875,918684
2017-09-19 00:00:00+00:00,2017-09-20T00:00:00+00:00,2026-09-03T11:15:03.742310+00:00,21158.0,21158.0,20567.0,20753.0,20706.328125,1102942
2017-09-20 00:00:00+00:00,2017-09-21T00:00:00+00:00,2026-09-03T11:15:03.742310+00:00,20800.0,20891.0,20604.0,20604.0,20557.66015625,1948795
2017-09-21 00:00:00+00:00,2017-09-22T00:00:00+00:00,2026-09-03T11:15:03.742310+00:00,20700.0,20700.0,20033.0,20420.0,20374.07421875,4976068
2017-09-22 00:00:00+00:00,2017-09-23T00:00:00+00:00,2026-09-03T11:15:03.742310+00:00,20200.0,20669.0,20200.0,20600.0,20553.669921875,2036671
2017-09-25 00:00:00+00:00,2017-09-26T00:00:00+00:00,2026-09-03T11:15:03.742310+00:00,20600.0,20600.0,20600.0,20600.0,20553.669921875,0
2017-09-26 00:00:00+00:00,2017-09-27T00:00:00+00:00,2026-09-03T11:15:03.742310+00:00,20701.0,20740.0,20256.0,20552.0,20505.78125,1705551
2017-09-27 00:00:00+00:00,2017-09-28T00:00:00+00:00,2026-09-03T11:15:03.742310+00:00,21000.0,21000.0,20326.0,20381.0,20335.158203125,1184028
2017-09-28 00:00:00+00:00,2017-09-29T00:00:00+00:00,2026-09-03T11:15:03.742310+00:00,20400.0,20501.0,20266.0,20362.0,20316.203125,958389
2017-09-29 00:00:00+00:00,2017-09-30T00:00:00+00:00,2026-09-03T11:15:03.742310+00:00,20450.0,20877.0,20444.0,20689.0,20642.46484375,1942448
2017-10-02 00:00:00+00:00,2017-10-03T00:00:00+00:00,2026-09-03T11:15:03.742310+00:00,20860.0,20938.0,20191.0,20296.0,20250.3515625,1413383
2017-10-03 00:00:00+00:00,2017-10-04T00:00:00+00:00,2026-09-03T11:15:03.742310+00:00,20296.0,20450.0,20153.0,20292.0,20246.361328125,1547197
2017-10-04 00:00:00+00:00,2017-10-05T00:00:00+00:00,2026-09-03T11:15:03.742310+00:00,20450.0,20938.0,20391.0,20938.0,20890.908203125,1954195
2017-10-05 00:00:00+00:00,2017-10-06T00:00:00+00:00,2026-09-03T11:15:03.742310+00:00,20998.0,21039.0,20780.0,20972.0,20924.83203125,1091811
2017-10-06 00:00:00+00:00,2017-10-07T00:00:00+00:00,2026-09-03T11:15:03.742310+00:00,21000.0,21335.0,20996.0,21216.0,21168.28515625,1344036
2017-10-09 00:00:00+00:00,2017-10-10T00:00:00+00:00,2026-09-03T11:15:03.742310+00:00,21200.0,21389.0,21143.0,21321.0,21273.044921875,1175681
2017-10-10 00:00:00+00:00,2017-10-11T00:00:00+00:00,2026-09-03T11:15:03.742310+00:00,21311.0,21589.0,21302.0,21589.0,21540.443359375,769984
2017-10-11 00:00:00+00:00,2017-10-12T00:00:00+00:00,2026-09-03T11:15:03.742310+00:00,21500.0,21800.0,21251.0,21778.0,21729.015625,910412
2017-10-12 00:00:00+00:00,2017-10-13T00:00:00+00:00,2026-09-03T11:15:03.742310+00:00,21700.0,21923.0,21504.0,21800.0,21750.966796875,757665
2017-10-13 00:00:00+00:00,2017-10-14T00:00:00+00:00,2026-09-03T11:15:03.742310+00:00,21620.0,21983.0,21532.0,21671.0,21622.263671875,820640
2017-10-16 00:00:00+00:00,2017-10-17T00:00:00+00:00,2026-09-03T11:15:03.742310+00:00,21720.0,21868.0,21592.0,21683.0,21634.236328125,928407
2017-10-17 00:00:00+00:00,2017-10-18T00:00:00+00:00,2026-09-03T11:15:03.742310+00:00,21650.0,21838.0,21300.0,21300.0,21252.09375,907860
2017-10-18 00:00:00+00:00,2017-10-19T00:00:00+00:00,2026-09-03T11:15:03.742310+00:00,21300.0,21588.0,21199.0,21495.0,21446.65625,671613
2017-10-19 00:00:00+00:00,2017-10-20T00:00:00+00:00,2026-09-03T11:15:03.742310+00:00,21402.0,21548.0,21306.0,21424.0,21375.818359375,562776
2017-10-20 00:00:00+00:00,2017-10-21T00:00:00+00:00,2026-09-03T11:15:03.742310+00:00,21548.0,21548.0,21150.0,21150.0,21102.431640625,888399
2017-10-23 00:00:00+00:00,2017-10-24T00:00:00+00:00,2026-09-03T11:15:03.742310+00:00,21160.0,21288.0,20959.0,21045.0,20997.666015625,511065
2017-10-24 00:00:00+00:00,2017-10-25T00:00:00+00:00,2026-09-03T11:15:03.742310+00:00,21049.0,21049.0,20721.0,20808.0,20761.201171875,564992
2017-10-25 00:00:00+00:00,2017-10-26T00:00:00+00:00,2026-09-03T11:15:03.742310+00:00,20808.0,20938.0,20622.0,20851.0,20804.107421875,760852
2017-10-26 00:00:00+00:00,2017-10-27T00:00:00+00:00,2026-09-03T11:15:03.742310+00:00,20800.0,20844.0,20434.0,20565.0,20518.74609375,1201394
2017-10-27 00:00:00+00:00,2017-10-28T00:00:00+00:00,2026-09-03T11:15:03.742310+00:00,20565.0,20932.0,20565.0,20749.0,20702.333984375,1966498
2017-10-30 00:00:00+00:00,2017-10-31T00:00:00+00:00,2026-09-03T11:15:03.742310+00:00,20998.0,20998.0,20000.0,20277.0,20231.3984375,2983496
2017-10-31 00:00:00+00:00,2017-11-01T00:00:00+00:00,2026-09-03T11:15:03.742310+00:00,20181.0,20480.0,20100.0,20236.0,20190.48828125,1366003
2017-11-01 00:00:00+00:00,2017-11-02T00:00:00+00:00,2026-09-03T11:15:03.742310+00:00,20376.0,20400.0,20072.0,20072.0,20026.859375,1206187
2017-11-02 00:00:00+00:00,2017-11-03T00:00:00+00:00,2026-09-03T11:15:03.742310+00:00,20166.0,20699.0,20126.0,20550.0,20503.78125,2223541
2017-11-03 00:00:00+00:00,2017-11-04T00:00:00+00:00,2026-09-03T11:15:03.742310+00:00,20600.0,20817.0,20402.0,20481.0,20434.93359375,1038976
2017-11-06 00:00:00+00:00,2017-11-07T00:00:00+00:00,2026-09-03T11:15:03.742310+00:00,20680.0,20741.0,20226.0,20455.0,20408.994140625,1274631
2017-11-07 00:00:00+00:00,2017-11-08T00:00:00+00:00,2026-09-03T11:15:03.742310+00:00,20528.0,20967.0,20500.0,20775.0,20728.26953125,1208470
2017-11-08 00:00:00+00:00,2017-11-09T00:00:00+00:00,2026-09-03T11:15:03.742310+00:00,20752.0,21096.0,20716.0,20944.0,20896.8984375,1184524
2017-11-09 00:00:00+00:00,2017-11-10T00:00:00+00:00,2026-09-03T11:15:03.742310+00:00,20944.0,21100.0,20722.0,21008.0,20960.751953125,1204434
2017-11-10 00:00:00+00:00,2017-11-11T00:00:00+00:00,2026-09-03T11:15:03.742310+00:00,20985.0,21007.0,20693.0,20775.0,20728.26953125,1064884
2017-11-13 00:00:00+00:00,2017-11-14T00:00:00+00:00,2026-09-03T11:15:03.742310+00:00,20501.0,21089.0,20501.0,20762.0,20715.30078125,644531
2017-11-14 00:00:00+00:00,2017-11-15T00:00:00+00:00,2026-09-03T11:15:03.742310+00:00,20751.0,20989.0,20500.0,20762.0,20715.30078125,797898
2017-11-15 00:00:00+00:00,2017-11-16T00:00:00+00:00,2026-09-03T11:15:03.742310+00:00,20762.0,20999.0,20551.0,20700.0,20653.447265625,1411435
2017-11-16 00:00:00+00:00,2017-11-17T00:00:00+00:00,2026-09-03T11:15:03.742310+00:00,20701.0,21250.0,20700.0,21250.0,21202.20703125,1216390
2017-11-17 00:00:00+00:00,2017-11-18T00:00:00+00:00,2026-09-03T11:15:03.742310+00:00,21200.0,21675.0,21059.0,21510.0,21461.623046875,1784907
2017-11-20 00:00:00+00:00,2017-11-21T00:00:00+00:00,2026-09-03T11:15:03.742310+00:00,21351.0,21700.0,21322.0,21689.0,21640.22265625,1457443
2017-11-21 00:00:00+00:00,2017-11-22T00:00:00+00:00,2026-09-03T11:15:03.742310+00:00,21622.0,21792.0,21524.0,21690.0,21641.22265625,1254555
2017-11-22 00:00:00+00:00,2017-11-23T00:00:00+00:00,2026-09-03T11:15:03.742310+00:00,21720.0,22297.0,21200.0,22037.0,21987.439453125,1360072
2017-11-23 00:00:00+00:00,2017-11-24T00:00:00+00:00,2026-09-03T11:15:03.742310+00:00,21622.0,22298.0,21410.0,22095.0,22045.30859375,1298242
2017-11-24 00:00:00+00:00,2017-11-25T00:00:00+00:00,2026-09-03T11:15:03.742310+00:00,22100.0,22256.0,21955.0,22071.0,22021.361328125,1021058
2017-11-27 00:00:00+00:00,2017-11-28T00:00:00+00:00,2026-09-03T11:15:03.742310+00:00,21800.0,22403.0,21631.0,22280.0,22229.890625,1216899
2017-11-28 00:00:00+00:00,2017-11-29T00:00:00+00:00,2026-09-03T11:15:03.742310+00:00,22280.0,22667.0,21988.0,22644.0,22593.0703125,2152270
2017-11-29 00:00:00+00:00,2017-11-30T00:00:00+00:00,2026-09-03T11:15:03.742310+00:00,22650.0,23562.0,22316.0,22700.0,22648.94921875,1220135
2017-11-30 00:00:00+00:00,2017-12-01T00:00:00+00:00,2026-09-03T11:15:03.742310+00:00,22464.0,22901.0,22464.0,22785.0,22733.755859375,1720749
2017-12-01 00:00:00+00:00,2017-12-02T00:00:00+00:00,2026-09-03T11:15:03.742310+00:00,22906.0,23300.0,22845.0,23292.0,23239.615234375,1324731
2017-12-04 00:00:00+00:00,2017-12-05T00:00:00+00:00,2026-09-03T11:15:03.742310+00:00,23053.0,23364.0,22947.0,23364.0,23311.453125,1069342
2017-12-05 00:00:00+00:00,2017-12-06T00:00:00+00:00,2026-09-03T11:15:03.742310+00:00,23364.0,23905.0,23210.0,23700.0,23646.6953125,2132694
2017-12-06 00:00:00+00:00,2017-12-07T00:00:00+00:00,2026-09-03T11:15:03.742310+00:00,23500.0,23651.0,22201.0,22311.0,22260.822265625,4783748
2017-12-07 00:00:00+00:00,2017-12-08T00:00:00+00:00,2026-09-03T11:15:03.742310+00:00,22005.0,22610.0,20600.0,21738.0,21689.11328125,3321621
2017-12-08 00:00:00+00:00,2017-12-09T00:00:00+00:00,2026-09-03T11:15:03.742310+00:00,21700.0,22299.0,21249.0,21634.0,21585.345703125,2440028
2017-12-11 00:00:00+00:00,2017-12-12T00:00:00+00:00,2026-09-03T11:15:03.742310+00:00,21630.0,21895.0,20600.0,21200.0,21152.322265625,3851441
2017-12-12 00:00:00+00:00,2017-12-13T00:00:00+00:00,2026-09-03T11:15:03.742310+00:00,21240.0,21503.0,20865.0,21385.0,21336.904296875,2091670
2017-12-13 00:00:00+00:00,2017-12-14T00:00:00+00:00,2026-09-03T11:15:03.742310+00:00,21205.0,21800.0,21205.0,21600.0,21551.41796875,1822118
2017-12-14 00:00:00+00:00,2017-12-15T00:00:00+00:00,2026-09-03T11:15:03.742310+00:00,21600.0,22482.0,21100.0,22351.0,22300.73046875,3928981
2017-12-15 00:00:00+00:00,2017-12-16T00:00:00+00:00,2026-09-03T11:15:03.742310+00:00,22366.0,22366.0,20401.0,21069.0,21021.615234375,9910775
2017-12-18 00:00:00+00:00,2017-12-19T00:00:00+00:00,2026-09-03T11:15:03.742310+00:00,20721.0,22374.0,20702.0,21800.0,21750.966796875,7799542
2017-12-19 00:00:00+00:00,2017-12-20T00:00:00+00:00,2026-09-03T11:15:03.742310+00:00,21800.0,22693.0,21501.0,22501.0,22450.392578125,7890622
2017-12-20 00:00:00+00:00,2017-12-21T00:00:00+00:00,2026-09-03T11:15:03.742310+00:00,22799.0,23399.0,21656.0,21679.0,21630.23828125,2495392
2017-12-21 00:00:00+00:00,2017-12-22T00:00:00+00:00,2026-09-03T11:15:03.742310+00:00,21667.0,22389.0,20615.0,20615.0,20568.63671875,10249651
2017-12-22 00:00:00+00:00,2017-12-23T00:00:00+00:00,2026-09-03T11:15:03.742310+00:00,20700.0,21000.0,20252.0,20450.0,20404.005859375,2879169
2017-12-25 00:00:00+00:00,2017-12-26T00:00:00+00:00,2026-09-03T11:15:03.742310+00:00,20450.0,20450.0,20450.0,20450.0,20404.005859375,0
2017-12-26 00:00:00+00:00,2017-12-27T00:00:00+00:00,2026-09-03T11:15:03.742310+00:00,20450.0,20450.0,20450.0,20450.0,20404.005859375,0
2017-12-27 00:00:00+00:00,2017-12-28T00:00:00+00:00,2026-09-03T11:15:03.742310+00:00,20850.0,21528.0,20514.0,21528.0,21479.58203125,2614315
2017-12-28 00:00:00+00:00,2017-12-29T00:00:00+00:00,2026-09-03T11:15:03.742310+00:00,21527.0,21787.0,21331.0,21568.0,21519.4921875,1106720
2017-12-29 00:00:00+00:00,2017-12-30T00:00:00+00:00,2026-09-03T11:15:03.742310+00:00,21799.0,22175.0,21580.0,22175.0,22125.125,692983
2018-01-02 00:00:00+00:00,2018-01-03T00:00:00+00:00,2026-09-03T11:15:03.742310+00:00,22100.0,22100.0,21600.0,21700.0,21651.197265625,875922
2018-01-03 00:00:00+00:00,2018-01-04T00:00:00+00:00,2026-09-03T11:15:03.742310+00:00,21700.0,21950.0,21191.0,21491.0,21442.66796875,1063250
2018-01-04 00:00:00+00:00,2018-01-05T00:00:00+00:00,2026-09-03T11:15:03.742310+00:00,21449.0,21600.0,21287.0,21400.0,21351.87109375,1679222
2018-01-05 00:00:00+00:00,2018-01-06T00:00:00+00:00,2026-09-03T11:15:03.742310+00:00,21401.0,22073.0,21328.0,22020.0,21970.474609375,914646
2018-01-08 00:00:00+00:00,2018-01-09T00:00:00+00:00,2026-09-03T11:15:03.742310+00:00,22020.0,22099.0,21640.0,21823.0,21773.91796875,1111217
2018-01-09 00:00:00+00:00,2018-01-10T00:00:00+00:00,2026-09-03T11:15:03.742310+00:00,22000.0,22084.0,21500.0,21649.0,21600.3125,1946399
2018-01-10 00:00:00+00:00,2018-01-11T00:00:00+00:00,2026-09-03T11:15:03.742310+00:00,21652.0,21940.0,21531.0,21668.0,21619.267578125,1532926
2018-01-11 00:00:00+00:00,2018-01-12T00:00:00+00:00,2026-09-03T11:15:03.742310+00:00,21799.0,21849.0,21050.0,21193.0,21145.3359375,2849209
2018-01-12 00:00:00+00:00,2018-01-13T00:00:00+00:00,2026-09-03T11:15:03.742310+00:00,21001.0,21699.0,21001.0,21386.0,21337.900390625,2206852
2018-01-15 00:00:00+00:00,2018-01-16T00:00:00+00:00,2026-09-03T11:15:03.742310+00:00,21395.0,21618.0,21018.0,21300.0,21252.09375,1377887
2018-01-16 00:00:00+00:00,2018-01-17T00:00:00+00:00,2026-09-03T11:15:03.742310+00:00,21112.0,22007.0,19800.0,22000.0,21950.525390625,3255787
2018-01-17 00:00:00+00:00,2018-01-18T00:00:00+00:00,2026-09-03T11:15:03.742310+00:00,21867.0,23498.0,21867.0,23097.0,23045.052734375,3673871
2018-01-18 00:00:00+00:00,2018-01-19T00:00:00+00:00,2026-09-03T11:15:03.742310+00:00,23115.0,24234.0,23108.0,23948.0,23894.138671875,2883162
2018-01-19 00:00:00+00:00,2018-01-20T00:00:00+00:00,2026-09-03T11:15:03.742310+00:00,24000.0,24405.0,23571.0,23909.0,23855.232421875,1093156
2018-01-22 00:00:00+00:00,2018-01-23T00:00:00+00:00,2026-09-03T11:15:03.742310+00:00,23909.0,24396.0,23639.0,23837.0,23783.384765625,1590293
2018-01-23 00:00:00+00:00,2018-01-24T00:00:00+00:00,2026-09-03T11:15:03.742310+00:00,23980.0,24750.0,23904.0,24627.0,24571.607421875,1215827
2018-01-24 00:00:00+00:00,2018-01-25T00:00:00+00:00,2026-09-03T11:15:03.742310+00:00,24662.0,24946.0,24300.0,24800.0,24744.22265625,1312675
2018-01-25 00:00:00+00:00,2018-01-26T00:00:00+00:00,2026-09-03T11:15:03.742310+00:00,24800.0,25098.0,24573.0,24924.0,24867.943359375,1064953
2018-01-26 00:00:00+00:00,2018-01-27T00:00:00+00:00,2026-09-03T11:15:03.742310+00:00,24816.0,25203.0,24571.0,24651.0,24595.556640625,1511660
2018-01-29 00:00:00+00:00,2018-01-30T00:00:00+00:00,2026-09-03T11:15:03.742310+00:00,24500.0,24696.0,24020.0,24301.0,24246.345703125,2254638
2018-01-30 00:00:00+00:00,2018-01-31T00:00:00+00:00,2026-09-03T11:15:03.742310+00:00,23860.0,24457.0,23505.0,23977.0,23923.07421875,2990879
2018-01-31 00:00:00+00:00,2018-02-01T00:00:00+00:00,2026-09-03T11:15:03.742310+00:00,23977.0,24876.0,23800.0,24675.0,24619.50390625,1928979
2018-02-01 00:00:00+00:00,2018-02-02T00:00:00+00:00,2026-09-03T11:15:03.742310+00:00,24580.0,25086.0,24500.0,24999.0,24942.775390625,3170313
2018-02-02 00:00:00+00:00,2018-02-03T00:00:00+00:00,2026-09-03T11:15:03.742310+00:00,24800.0,25143.0,23958.0,24036.0,23981.943359375,1922441
2018-02-05 00:00:00+00:00,2018-02-06T00:00:00+00:00,2026-09-03T11:15:03.742310+00:00,23859.0,24000.0,23211.0,23534.0,23481.068359375,2963937
2018-02-06 00:00:00+00:00,2018-02-07T00:00:00+00:00,2026-09-03T11:15:03.742310+00:00,22810.0,23451.0,22238.0,23430.0,23377.302734375,1689318
2018-02-07 00:00:00+00:00,2018-02-08T00:00:00+00:00,2026-09-03T11:15:03.742310+00:00,23500.0,24365.0,22875.0,23961.0,23907.109375,3027418
2018-02-08 00:00:00+00:00,2018-02-09T00:00:00+00:00,2026-09-03T11:15:03.742310+00:00,23961.0,24056.0,23500.0,23900.0,23846.24609375,1905580
2018-02-09 00:00:00+00:00,2018-02-10T00:00:00+00:00,2026-09-03T11:15:03.742310+00:00,23600.0,24098.0,22600.0,23650.0,23596.810546875,2647924
2018-02-12 00:00:00+00:00,2018-02-13T00:00:00+00:00,2026-09-03T11:15:03.742310+00:00,23700.0,24401.0,23451.0,24100.0,24045.80078125,1832234
2018-02-13 00:00:00+00:00,2018-02-14T00:00:00+00:00,2026-09-03T11:15:03.742310+00:00,24550.0,25010.0,24105.0,24865.0,24809.08203125,1185585
2018-02-14 00:00:00+00:00,2018-02-15T00:00:00+00:00,2026-09-03T11:15:03.742310+00:00,24865.0,25968.0,24865.0,25243.0,25186.228515625,2351142
2018-02-15 00:00:00+00:00,2018-02-16T00:00:00+00:00,2026-09-03T11:15:03.742310+00:00,25900.0,26762.0,25680.0,26091.0,26032.3203125,1836742
2018-02-16 00:00:00+00:00,2018-02-17T00:00:00+00:00,2026-09-03T11:15:03.742310+00:00,26000.0,26005.0,25088.0,25362.0,25304.95703125,1230364
2018-02-19 00:00:00+00:00,2018-02-20T00:00:00+00:00,2026-09-03T11:15:03.742310+00:00,25586.0,25586.0,24692.0,24709.0,24653.427734375,1232524
2018-02-20 00:00:00+00:00,2018-02-21T00:00:00+00:00,2026-09-03T11:15:03.742310+00:00,24800.0,24800.0,23963.0,24044.0,23989.921875,2387804
2018-02-21 00:00:00+00:00,2018-02-22T00:00:00+00:00,2026-09-03T11:15:03.742310+00:00,24044.0,25067.0,23514.0,25000.0,24943.775390625,3336815
2018-02-22 00:00:00+00:00,2018-02-23T00:00:00+00:00,2026-09-03T11:15:03.742310+00:00,24500.0,25383.0,24500.0,24900.0,24843.998046875,1571571
2018-02-23 00:00:00+00:00,2018-02-24T00:00:00+00:00,2026-09-03T11:15:03.742310+00:00,24980.0,26000.0,24500.0,25870.0,25811.81640625,1722644
2018-02-26 00:00:00+00:00,2018-02-27T00:00:00+00:00,2026-09-03T11:15:03.742310+00:00,26072.0,26300.0,25600.0,25799.0,25740.974609375,2090598
2018-02-27 00:00:00+00:00,2018-02-28T00:00:00+00:00,2026-09-03T11:15:03.742310+00:00,26003.0,27445.0,26000.0,26343.0,26283.75390625,2717199
2018-02-28 00:00:00+00:00,2018-03-01T00:00:00+00:00,2026-09-03T11:15:03.742310+00:00,26200.0,26397.0,25401.0,25996.0,25937.53125,2558418
2018-03-01 00:00:00+00:00,2018-03-02T00:00:00+00:00,2026-09-03T11:15:03.742310+00:00,25600.0,26546.0,25550.0,26307.0,26247.833984375,2164219
2018-03-02 00:00:00+00:00,2018-03-03T00:00:00+00:00,2026-09-03T11:15:03.742310+00:00,25990.0,27419.0,25708.0,26666.0,26606.02734375,2460745
2018-03-05 00:00:00+00:00,2018-03-06T00:00:00+00:00,2026-09-03T11:15:03.742310+00:00,26511.0,27015.0,26401.0,26742.0,26681.85546875,895565
2018-03-06 00:00:00+00:00,2018-03-07T00:00:00+00:00,2026-09-03T11:15:03.742310+00:00,27000.0,27937.0,26753.0,27485.0,27423.18359375,1769793
2018-03-07 00:00:00+00:00,2018-03-08T00:00:00+00:00,2026-09-03T11:15:03.742310+00:00,27101.0,27612.0,26810.0,27550.0,27488.037109375,1302222
2018-03-08 00:00:00+00:00,2018-03-09T00:00:00+00:00,2026-09-03T11:15:03.742310+00:00,27260.0,28190.0,26800.0,26914.0,26853.46875,3549256
2018-03-09 00:00:00+00:00,2018-03-10T00:00:00+00:00,2026-09-03T11:15:03.742310+00:00,27240.0,27371.0,26536.0,26681.0,26620.994140625,1019401
2018-03-12 00:00:00+00:00,2018-03-13T00:00:00+00:00,2026-09-03T11:15:03.742310+00:00,27102.0,27353.0,26603.0,26741.0,26680.859375,871359
2018-03-13 00:00:00+00:00,2018-03-14T00:00:00+00:00,2026-09-03T11:15:03.742310+00:00,26700.0,26900.0,26162.0,26451.0,26391.509765625,982840
2018-03-14 00:00:00+00:00,2018-03-15T00:00:00+00:00,2026-09-03T11:15:03.742310+00:00,26380.0,26498.0,25695.0,25741.0,25685.095703125,1346330
2018-03-15 00:00:00+00:00,2018-03-16T00:00:00+00:00,2026-09-03T11:15:03.742310+00:00,25719.0,26275.0,25350.0,25350.0,25294.947265625,3983942
2018-03-16 00:00:00+00:00,2018-03-17T00:00:00+00:00,2026-09-03T11:15:03.742310+00:00,25306.0,25501.0,25170.0,25250.0,25195.162109375,2471159
2018-03-19 00:00:00+00:00,2018-03-20T00:00:00+00:00,2026-09-03T11:15:03.742310+00:00,25500.0,25501.0,25050.0,25465.0,25409.6953125,881207
2018-03-20 00:00:00+00:00,2018-03-21T00:00:00+00:00,2026-09-03T11:15:03.742310+00:00,25465.0,26021.0,25353.0,26000.0,25943.537109375,1969480
2018-03-22 00:00:00+00:00,2018-03-23T00:00:00+00:00,2026-09-03T11:15:03.742310+00:00,26299.0,26449.0,25575.0,25575.0,25519.455078125,1390131
2018-03-23 00:00:00+00:00,2018-03-24T00:00:00+00:00,2026-09-03T11:15:03.742310+00:00,25050.0,25696.0,25050.0,25547.0,25491.521484375,1130760
2018-03-26 00:00:00+00:00,2018-03-27T00:00:00+00:00,2026-09-03T11:15:03.742310+00:00,25600.0,25819.0,25010.0,25500.0,25444.619140625,1090104
2018-03-27 00:00:00+00:00,2018-03-28T00:00:00+00:00,2026-09-03T11:15:03.742310+00:00,25874.0,25990.0,25010.0,25073.0,25018.546875,1298619
2018-03-28 00:00:00+00:00,2018-03-29T00:00:00+00:00,2026-09-03T11:15:03.742310+00:00,24850.0,25027.0,24208.0,24581.0,24527.619140625,1475674
2018-03-29 00:00:00+00:00,2018-03-30T00:00:00+00:00,2026-09-03T11:15:03.742310+00:00,24675.0,25507.0,24675.0,25258.0,25203.146484375,1114769
2018-04-03 00:00:00+00:00,2018-04-04T00:00:00+00:00,2026-09-03T11:15:03.742310+00:00,24820.0,25539.0,24820.0,25039.0,24984.623046875,1464528
2018-04-04 00:00:00+00:00,2018-04-05T00:00:00+00:00,2026-09-03T11:15:03.742310+00:00,25039.0,25176.0,23650.0,24396.0,24343.01953125,2401074
2018-04-05 00:00:00+00:00,2018-04-06T00:00:00+00:00,2026-09-03T11:15:03.742310+00:00,24699.0,25000.0,24581.0,24730.0,24676.294921875,2313720
2018-04-06 00:00:00+00:00,2018-04-07T00:00:00+00:00,2026-09-03T11:15:03.742310+00:00,25000.0,25190.0,24131.0,24300.0,24247.2265625,2079332
2018-04-09 00:00:00+00:00,2018-04-10T00:00:00+00:00,2026-09-03T11:15:03.742310+00:00,24500.0,24740.0,24109.0,24586.0,24532.603515625,1365926
2018-04-10 00:00:00+00:00,2018-04-11T00:00:00+00:00,2026-09-03T11:15:03.742310+00:00,24701.0,24813.0,24268.0,24550.0,24496.6796875,1477505
2018-04-11 00:00:00+00:00,2018-04-12T00:00:00+00:00,2026-09-03T11:15:03.742310+00:00,24290.0,24605.0,24185.0,24450.0,24396.8984375,1039017
2018-04-12 00:00:00+00:00,2018-04-13T00:00:00+00:00,2026-09-03T11:15:03.742310+00:00,24202.0,24686.0,24200.0,24244.0,24191.34765625,1089086
2018-04-13 00:00:00+00:00,2018-04-14T00:00:00+00:00,2026-09-03T11:15:03.742310+00:00,24388.0,24482.0,24042.0,24300.0,24247.2265625,1804648
2018-04-16 00:00:00+00:00,2018-04-17T00:00:00+00:00,2026-09-03T11:15:03.742310+00:00,24301.0,24580.0,24121.0,24380.0,24327.05078125,1643015
2018-04-17 00:00:00+00:00,2018-04-18T00:00:00+00:00,2026-09-03T11:15:03.742310+00:00,24558.0,24915.0,24258.0,24800.0,24746.140625,1232197
2018-04-18 00:00:00+00:00,2018-04-19T00:00:00+00:00,2026-09-03T11:15:03.742310+00:00,24801.0,24938.0,24430.0,24729.0,24675.296875,1287055
2018-04-19 00:00:00+00:00,2018-04-20T00:00:00+00:00,2026-09-03T11:15:03.742310+00:00,24975.0,25002.0,24654.0,24921.0,24866.876953125,1262696
2018-04-20 00:00:00+00:00,2018-04-21T00:00:00+00:00,2026-09-03T11:15:03.742310+00:00,24947.0,24947.0,24360.0,24700.0,24646.35546875,1285211
2018-04-23 00:00:00+00:00,2018-04-24T00:00:00+00:00,2026-09-03T11:15:03.742310+00:00,24785.0,24794.0,24040.0,24378.0,24325.0546875,1341642
2018-04-24 00:00:00+00:00,2018-04-25T00:00:00+00:00,2026-09-03T11:15:03.742310+00:00,24599.0,24700.0,24353.0,24461.0,24407.87890625,583622
2018-04-25 00:00:00+00:00,2018-04-26T00:00:00+00:00,2026-09-03T11:15:03.742310+00:00,24459.0,24630.0,24126.0,24525.0,24471.73828125,1001143
2018-04-26 00:00:00+00:00,2018-04-27T00:00:00+00:00,2026-09-03T11:15:03.742310+00:00,24648.0,24750.0,24327.0,24500.0,24446.79296875,837457
2018-04-30 00:00:00+00:00,2018-05-01T00:00:00+00:00,2026-09-03T11:15:03.742310+00:00,24842.0,25247.0,24514.0,24900.0,24845.92578125,1062433
2018-05-02 00:00:00+00:00,2018-05-03T00:00:00+00:00,2026-09-03T11:15:03.742310+00:00,24900.0,25161.0,24595.0,25107.0,25052.470703125,1333715
2018-05-03 00:00:00+00:00,2018-05-04T00:00:00+00:00,2026-09-03T11:15:03.742310+00:00,24885.0,25072.0,24352.0,24485.0,24431.826171875,1107379
2018-05-04 00:00:00+00:00,2018-05-05T00:00:00+00:00,2026-09-03T11:15:03.742310+00:00,24699.0,24900.0,24311.0,24382.0,24329.048828125,984922
2018-05-07 00:00:00+00:00,2018-05-08T00:00:00+00:00,2026-09-03T11:15:03.742310+00:00,24230.0,24900.0,24200.0,24300.0,24247.2265625,827592
2018-05-08 00:00:00+00:00,2018-05-09T00:00:00+00:00,2026-09-03T11:15:03.742310+00:00,24201.0,25100.0,24062.0,24340.0,24287.140625,1152341
2018-05-09 00:00:00+00:00,2018-05-10T00:00:00+00:00,2026-09-03T11:15:03.742310+00:00,24210.0,24500.0,24210.0,24317.0,24264.185546875,1075652
2018-05-10 00:00:00+00:00,2018-05-11T00:00:00+00:00,2026-09-03T11:15:03.742310+00:00,24316.0,24439.0,23423.0,23840.0,23788.228515625,2306418
2018-05-11 00:00:00+00:00,2018-05-12T00:00:00+00:00,2026-09-03T11:15:03.742310+00:00,23824.0,24341.0,23528.0,24266.0,24213.30078125,1763483
2018-05-14 00:00:00+00:00,2018-05-15T00:00:00+00:00,2026-09-03T11:15:03.742310+00:00,24300.0,24395.0,23899.0,24140.0,24087.57421875,603772
2018-05-15 00:00:00+00:00,2018-05-16T00:00:00+00:00,2026-09-03T11:15:03.742310+00:00,24117.0,24171.0,23834.0,23957.0,23904.966796875,1308823
2018-05-16 00:00:00+00:00,2018-05-17T00:00:00+00:00,2026-09-03T11:15:03.742310+00:00,24000.0,24350.0,23722.0,23980.0,23927.919921875,1142491
2018-05-17 00:00:00+00:00,2018-05-18T00:00:00+00:00,2026-09-03T11:15:03.742310+00:00,23896.0,23916.0,23412.0,23552.0,23500.849609375,708720
2018-05-18 00:00:00+00:00,2018-05-19T00:00:00+00:00,2026-09-03T11:15:03.742310+00:00,23552.0,24234.0,23467.0,23651.0,23599.638671875,1706293
2018-05-21 00:00:00+00:00,2018-05-22T00:00:00+00:00,2026-09-03T11:15:03.742310+00:00,23601.0,23888.0,23378.0,23378.0,23327.2265625,1353066
2018-05-22 00:00:00+00:00,2018-05-23T00:00:00+00:00,2026-09-03T11:15:03.742310+00:00,23378.0,23952.0,23212.0,23730.0,23678.462890625,598513
2018-05-23 00:00:00+00:00,2018-05-24T00:00:00+00:00,2026-09-03T11:15:03.742310+00:00,23500.0,23599.0,22989.0,23050.0,22999.9453125,1249735
2018-05-24 00:00:00+00:00,2018-05-25T00:00:00+00:00,2026-09-03T11:15:03.742310+00:00,23100.0,23466.0,22592.0,22701.0,22651.697265625,1350659
2018-05-25 00:00:00+00:00,2018-05-26T00:00:00+00:00,2026-09-03T11:15:03.742310+00:00,22939.0,23328.0,22713.0,23097.0,23046.83984375,837517
2018-05-28 00:00:00+00:00,2018-05-29T00:00:00+00:00,2026-09-03T11:15:03.742310+00:00,23290.0,23397.0,22923.0,23354.0,23303.283203125,418277
2018-05-29 00:00:00+00:00,2018-05-30T00:00:00+00:00,2026-09-03T11:15:03.742310+00:00,23285.0,23285.0,22524.0,22524.0,22475.080078125,781024
2018-05-30 00:00:00+00:00,2018-05-31T00:00:00+00:00,2026-09-03T11:15:03.742310+00:00,22501.0,23295.0,22350.0,23226.0,23175.560546875,2141163
2018-05-31 00:00:00+00:00,2018-06-01T00:00:00+00:00,2026-09-03T11:15:03.742310+00:00,23325.0,23771.0,23274.0,23407.0,23356.169921875,2481525
2018-06-01 00:00:00+00:00,2018-06-02T00:00:00+00:00,2026-09-03T11:15:03.742310+00:00,23430.0,23632.0,23011.0,23173.0,23122.673828125,662048
2018-06-04 00:00:00+00:00,2018-06-05T00:00:00+00:00,2026-09-03T11:15:03.742310+00:00,23499.0,23990.0,23395.0,23463.0,23412.046875,1144598
2018-06-05 00:00:00+00:00,2018-06-06T00:00:00+00:00,2026-09-03T11:15:03.742310+00:00,23599.0,23600.0,22827.0,23141.0,23090.744140625,1362460
2018-06-06 00:00:00+00:00,2018-06-07T00:00:00+00:00,2026-09-03T11:15:03.742310+00:00,23193.0,23275.0,22871.0,22874.0,22824.328125,540225
2018-06-07 00:00:00+00:00,2018-06-08T00:00:00+00:00,2026-09-03T11:15:03.742310+00:00,23035.0,23153.0,22500.0,22691.0,22641.71875,1143396
2018-06-08 00:00:00+00:00,2018-06-09T00:00:00+00:00,2026-09-03T11:15:03.742310+00:00,22480.0,23289.0,22202.0,23200.0,23149.61328125,1230455
2018-06-11 00:00:00+00:00,2018-06-12T00:00:00+00:00,2026-09-03T11:15:03.742310+00:00,23215.0,23437.0,22609.0,22850.0,22800.37109375,835087
2018-06-12 00:00:00+00:00,2018-06-13T00:00:00+00:00,2026-09-03T11:15:03.742310+00:00,22969.0,23262.0,22897.0,23073.0,23022.892578125,1001111
2018-06-13 00:00:00+00:00,2018-06-14T00:00:00+00:00,2026-09-03T11:15:03.742310+00:00,23041.0,23214.0,22734.0,22978.0,22928.095703125,1120333
2018-06-14 00:00:00+00:00,2018-06-15T00:00:00+00:00,2026-09-03T11:15:03.742310+00:00,22978.0,23832.0,22817.0,23700.0,23648.529296875,1598041
2018-06-15 00:00:00+00:00,2018-06-16T00:00:00+00:00,2026-09-03T11:15:03.742310+00:00,23700.0,23897.0,23300.0,23317.0,23266.359375,3828452
2018-06-18 00:00:00+00:00,2018-06-19T00:00:00+00:00,2026-09-03T11:15:03.742310+00:00,23000.0,23316.0,22538.0,22587.0,22537.947265625,658535
2018-06-19 00:00:00+00:00,2018-06-20T00:00:00+00:00,2026-09-03T11:15:03.742310+00:00,22129.0,22595.0,22010.0,22063.0,22015.08203125,1361057
2018-06-20 00:00:00+00:00,2018-06-21T00:00:00+00:00,2026-09-03T11:15:03.742310+00:00,22363.0,23015.0,22251.0,22718.0,22668.6640625,1736474
2018-06-21 00:00:00+00:00,2018-06-22T00:00:00+00:00,2026-09-03T11:15:03.742310+00:00,22964.0,22964.0,22113.0,22300.0,22251.5703125,3014428
2018-06-22 00:00:00+00:00,2018-06-23T00:00:00+00:00,2026-09-03T11:15:03.742310+00:00,22686.0,23100.0,22447.0,22860.0,22810.35546875,1269972
2018-06-25 00:00:00+00:00,2018-06-26T00:00:00+00:00,2026-09-03T11:15:03.742310+00:00,23089.0,23230.0,22500.0,22688.0,22638.7265625,721079
2018-06-26 00:00:00+00:00,2018-06-27T00:00:00+00:00,2026-09-03T11:15:03.742310+00:00,22632.0,22889.0,22489.0,22489.0,22440.158203125,761761
2018-06-27 00:00:00+00:00,2018-06-28T00:00:00+00:00,2026-09-03T11:15:03.742310+00:00,21316.0,21500.0,20500.0,21198.0,21151.962890625,21533574
2018-06-28 00:00:00+00:00,2018-06-29T00:00:00+00:00,2026-09-03T11:15:03.742310+00:00,21125.0,21750.0,21050.0,21500.0,21453.30859375,3366650
2018-06-29 00:00:00+00:00,2018-06-30T00:00:00+00:00,2026-09-03T11:15:03.742310+00:00,21700.0,22085.0,21451.0,22061.0,22013.08984375,2670545
2018-07-02 00:00:00+00:00,2018-07-03T00:00:00+00:00,2026-09-03T11:15:03.742310+00:00,21729.0,22184.0,21700.0,22050.0,22002.1171875,1386198
2018-07-03 00:00:00+00:00,2018-07-04T00:00:00+00:00,2026-09-03T11:15:03.742310+00:00,22226.0,22499.0,22001.0,22450.0,22401.24609375,1864550
2018-07-04 00:00:00+00:00,2018-07-05T00:00:00+00:00,2026-09-03T11:15:03.742310+00:00,22392.0,22648.0,22368.0,22600.0,22550.919921875,1022252
2018-07-05 00:00:00+00:00,2018-07-06T00:00:00+00:00,2026-09-03T11:15:03.742310+00:00,22650.0,22938.0,22518.0,22647.0,22597.814453125,801260
2018-07-06 00:00:00+00:00,2018-07-07T00:00:00+00:00,2026-09-03T11:15:03.742310+00:00,22754.0,22820.0,22151.0,22328.0,22279.5078125,808549
2018-07-09 00:00:00+00:00,2018-07-10T00:00:00+00:00,2026-09-03T11:15:03.742310+00:00,22401.0,22898.0,22401.0,22700.0,22650.705078125,1322571
2018-07-10 00:00:00+00:00,2018-07-11T00:00:00+00:00,2026-09-03T11:15:03.742310+00:00,22697.0,22964.0,22501.0,22707.0,22657.685546875,1275276
2018-07-11 00:00:00+00:00,2018-07-12T00:00:00+00:00,2026-09-03T11:15:03.742310+00:00,22335.0,22500.0,22180.0,22345.0,22296.47265625,768797
2018-07-12 00:00:00+00:00,2018-07-13T00:00:00+00:00,2026-09-03T11:15:03.742310+00:00,22345.0,22516.0,22127.0,22390.0,22341.373046875,635440
2018-07-13 00:00:00+00:00,2018-07-14T00:00:00+00:00,2026-09-03T11:15:03.742310+00:00,22499.0,22499.0,22188.0,22300.0,22251.5703125,915709
2018-07-16 00:00:00+00:00,2018-07-17T00:00:00+00:00,2026-09-03T11:15:03.742310+00:00,22102.0,22253.0,21622.0,21850.0,21802.548828125,1364625
2018-07-17 00:00:00+00:00,2018-07-18T00:00:00+00:00,2026-09-03T11:15:03.742310+00:00,21635.0,22168.0,21554.0,22052.0,22004.109375,1385575
2018-07-18 00:00:00+00:00,2018-07-19T00:00:00+00:00,2026-09-03T11:15:03.742310+00:00,22115.0,22382.0,20605.0,21230.0,21183.892578125,5794286
2018-07-19 00:00:00+00:00,2018-07-20T00:00:00+00:00,2026-09-03T11:15:03.742310+00:00,20917.0,21002.0,20459.0,20700.0,20655.046875,3125075
2018-07-20 00:00:00+00:00,2018-07-21T00:00:00+00:00,2026-09-03T11:15:03.742310+00:00,20745.0,20924.0,20606.0,20735.0,20689.96875,1669744
2018-07-23 00:00:00+00:00,2018-07-24T00:00:00+00:00,2026-09-03T11:15:03.742310+00:00,20735.0,20744.0,20415.0,20650.0,20605.154296875,1003064
2018-07-24 00:00:00+00:00,2018-07-25T00:00:00+00:00,2026-09-03T11:15:03.742310+00:00,20716.0,21000.0,20626.0,20866.0,20820.685546875,2382069
2018-07-25 00:00:00+00:00,2018-07-26T00:00:00+00:00,2026-09-03T11:15:03.742310+00:00,20902.0,21063.0,20639.0,20700.0,20655.046875,1418895
2018-07-26 00:00:00+00:00,2018-07-27T00:00:00+00:00,2026-09-03T11:15:03.742310+00:00,20719.0,21279.0,20706.0,21209.0,21162.93359375,2055900
2018-07-27 00:00:00+00:00,2018-07-28T00:00:00+00:00,2026-09-03T11:15:03.742310+00:00,21209.0,21254.0,20849.0,21105.0,21059.166015625,1918190
2018-07-30 00:00:00+00:00,2018-07-31T00:00:00+00:00,2026-09-03T11:15:03.742310+00:00,21106.0,21449.0,21084.0,21302.0,21255.73828125,1345788
2018-07-31 00:00:00+00:00,2018-08-01T00:00:00+00:00,2026-09-03T11:15:03.742310+00:00,21374.0,21876.0,21166.0,21768.0,21720.724609375,1458415
2018-08-01 00:00:00+00:00,2018-08-02T00:00:00+00:00,2026-09-03T11:15:03.742310+00:00,21680.0,21680.0,21363.0,21656.0,21608.966796875,745194
2018-08-02 00:00:00+00:00,2018-08-03T00:00:00+00:00,2026-09-03T11:15:03.742310+00:00,21554.0,21554.0,20901.0,20902.0,20856.60546875,989428
2018-08-03 00:00:00+00:00,2018-08-04T00:00:00+00:00,2026-09-03T11:15:03.742310+00:00,20903.0,21539.0,20839.0,21526.0,21479.25,923978
2018-08-06 00:00:00+00:00,2018-08-07T00:00:00+00:00,2026-09-03T11:15:03.742310+00:00,21700.0,21700.0,21231.0,21393.0,21346.541015625,666891
2018-08-07 00:00:00+00:00,2018-08-08T00:00:00+00:00,2026-09-03T11:15:03.742310+00:00,21600.0,21848.0,21366.0,21848.0,21800.548828125,621651
2018-08-08 00:00:00+00:00,2018-08-09T00:00:00+00:00,2026-09-03T11:15:03.742310+00:00,21999.0,22213.0,21657.0,21876.0,21828.490234375,1145709
2018-08-10 00:00:00+00:00,2018-08-11T00:00:00+00:00,2026-09-03T11:15:03.742310+00:00,21750.0,21811.0,21106.0,21233.0,21186.888671875,818833
2018-08-13 00:00:00+00:00,2018-08-14T00:00:00+00:00,2026-09-03T11:15:03.742310+00:00,21105.0,21744.0,21003.0,21500.0,21453.30859375,1462061
2018-08-14 00:00:00+00:00,2018-08-15T00:00:00+00:00,2026-09-03T11:15:03.742310+00:00,21400.0,21703.0,21400.0,21420.0,21373.486328125,1775101
2018-08-15 00:00:00+00:00,2018-08-16T00:00:00+00:00,2026-09-03T11:15:03.742310+00:00,21400.0,21699.0,21167.0,21260.0,21213.830078125,1678113
2018-08-16 00:00:00+00:00,2018-08-17T00:00:00+00:00,2026-09-03T11:15:03.742310+00:00,21280.0,21679.0,21050.0,21189.0,21142.982421875,1532633
2018-08-17 00:00:00+00:00,2018-08-18T00:00:00+00:00,2026-09-03T11:15:03.742310+00:00,21298.0,21481.0,20801.0,21076.0,21030.224609375,1157964
2018-08-20 00:00:00+00:00,2018-08-21T00:00:00+00:00,2026-09-03T11:15:03.742310+00:00,21202.0,21495.0,21117.0,21180.0,21134.005859375,1273841
2018-08-21 00:00:00+00:00,2018-08-22T00:00:00+00:00,2026-09-03T11:15:03.742310+00:00,19995.0,20448.0,19463.0,20300.0,20255.9140625,9371189
2018-08-22 00:00:00+00:00,2018-08-23T00:00:00+00:00,2026-09-03T11:15:03.742310+00:00,20399.0,21124.0,20399.0,20920.0,20874.568359375,2400454
2018-08-23 00:00:00+00:00,2018-08-24T00:00:00+00:00,2026-09-03T11:15:03.742310+00:00,21050.0,21606.0,20855.0,21520.0,21473.26171875,4918848
2018-08-24 00:00:00+00:00,2018-08-25T00:00:00+00:00,2026-09-03T11:15:03.742310+00:00,21699.0,21900.0,21360.0,21870.0,21822.50390625,1413624
2018-08-27 00:00:00+00:00,2018-08-28T00:00:00+00:00,2026-09-03T11:15:03.742310+00:00,21870.0,22359.0,21824.0,22359.0,22310.44140625,2621038
2018-08-28 00:00:00+00:00,2018-08-29T00:00:00+00:00,2026-09-03T11:15:03.742310+00:00,22297.0,22297.0,21822.0,22032.0,21984.150390625,2538575
2018-08-29 00:00:00+00:00,2018-08-30T00:00:00+00:00,2026-09-03T11:15:03.742310+00:00,22032.0,22125.0,20911.0,21100.0,21054.17578125,3085784
2018-08-30 00:00:00+00:00,2018-08-31T00:00:00+00:00,2026-09-03T11:15:03.742310+00:00,21099.0,21172.0,20073.0,20080.0,20036.392578125,2680667
2018-08-31 00:00:00+00:00,2018-09-01T00:00:00+00:00,2026-09-03T11:15:03.742310+00:00,20347.0,20530.0,20080.0,20400.0,20355.6953125,3226139
2018-09-03 00:00:00+00:00,2018-09-04T00:00:00+00:00,2026-09-03T11:15:03.742310+00:00,20488.0,20883.0,20338.0,20600.0,20555.26171875,2347117
2018-09-04 00:00:00+00:00,2018-09-05T00:00:00+00:00,2026-09-03T11:15:03.742310+00:00,20848.0,20848.0,20031.0,20133.0,20089.275390625,2378876
2018-09-05 00:00:00+00:00,2018-09-06T00:00:00+00:00,2026-09-03T11:15:03.742310+00:00,19934.0,20162.0,19381.0,19850.0,19809.6328125,2969411
2018-09-06 00:00:00+00:00,2018-09-07T00:00:00+00:00,2026-09-03T11:15:03.742310+00:00,19711.0,20420.0,19711.0,19864.0,19823.609375,1755094
2018-09-07 00:00:00+00:00,2018-09-08T00:00:00+00:00,2026-09-03T11:15:03.742310+00:00,19620.0,19973.0,19564.0,19794.0,19753.748046875,2521275
2018-09-10 00:00:00+00:00,2018-09-11T00:00:00+00:00,2026-09-03T11:15:03.742310+00:00,19705.0,19815.0,19302.0,19350.0,19310.646484375,1265065
2018-09-11 00:00:00+00:00,2018-09-12T00:00:00+00:00,2026-09-03T11:15:03.742310+00:00,19412.0,19545.0,19056.0,19404.0,19364.541015625,1301710
2018-09-12 00:00:00+00:00,2018-09-13T00:00:00+00:00,2026-09-03T11:15:03.742310+00:00,19535.0,19535.0,19007.0,19201.0,19161.955078125,1664687
2018-09-13 00:00:00+00:00,2018-09-14T00:00:00+00:00,2026-09-03T11:15:03.742310+00:00,19353.0,19535.0,18628.0,19381.0,19341.587890625,2907285
2018-09-14 00:00:00+00:00,2018-09-15T00:00:00+00:00,2026-09-03T11:15:03.742310+00:00,19450.0,19740.0,19244.0,19497.0,19457.349609375,1907470
2018-09-17 00:00:00+00:00,2018-09-18T00:00:00+00:00,2026-09-03T11:15:03.742310+00:00,19400.0,19402.0,18813.0,19020.0,18981.32421875,2031125
2018-09-18 00:00:00+00:00,2018-09-19T00:00:00+00:00,2026-09-03T11:15:03.742310+00:00,19001.0,19173.0,18843.0,19105.0,19066.1484375,1383427
2018-09-19 00:00:00+00:00,2018-09-20T00:00:00+00:00,2026-09-03T11:15:03.742310+00:00,19365.0,19578.0,18928.0,19507.0,19467.333984375,1880307
2018-09-20 00:00:00+00:00,2018-09-21T00:00:00+00:00,2026-09-03T11:15:03.742310+00:00,19507.0,19708.0,18767.0,18767.0,18728.84375,5774028
2018-09-21 00:00:00+00:00,2018-09-22T00:00:00+00:00,2026-09-03T11:15:03.742310+00:00,19247.0,19247.0,18673.0,18673.0,18635.03125,2980112
2018-09-25 00:00:00+00:00,2018-09-26T00:00:00+00:00,2026-09-03T11:15:03.742310+00:00,18773.0,19100.0,18447.0,19005.0,18966.35546875,1827437
2018-09-26 00:00:00+00:00,2018-09-27T00:00:00+00:00,2026-09-03T11:15:03.742310+00:00,19189.0,19216.0,18815.0,19050.0,19011.26171875,1121584
2018-09-27 00:00:00+00:00,2018-09-28T00:00:00+00:00,2026-09-03T11:15:03.742310+00:00,19100.0,19266.0,18800.0,19266.0,19226.826171875,1359898
2018-09-28 00:00:00+00:00,2018-09-29T00:00:00+00:00,2026-09-03T11:15:03.742310+00:00,19221.0,19255.0,18802.0,19165.0,19126.03125,1907795
2018-10-01 00:00:00+00:00,2018-10-02T00:00:00+00:00,2026-09-03T11:15:03.742310+00:00,19165.0,19356.0,18853.0,18983.0,18944.3984375,1022939
2018-10-02 00:00:00+00:00,2018-10-03T00:00:00+00:00,2026-09-03T11:15:03.742310+00:00,18863.0,18863.0,18201.0,18675.0,18637.025390625,1351781
2018-10-03 00:00:00+00:00,2018-10-04T00:00:00+00:00,2026-09-03T11:15:03.742310+00:00,18739.0,18881.0,18538.0,18700.0,18661.974609375,1402520
2018-10-04 00:00:00+00:00,2018-10-05T00:00:00+00:00,2026-09-03T11:15:03.742310+00:00,18500.0,18500.0,17917.0,18250.0,18212.892578125,2046831
2018-10-05 00:00:00+00:00,2018-10-06T00:00:00+00:00,2026-09-03T11:15:03.742310+00:00,18408.0,18478.0,18156.0,18334.0,18296.716796875,1469037
2018-10-08 00:00:00+00:00,2018-10-09T00:00:00+00:00,2026-09-03T11:15:03.742310+00:00,18220.0,18500.0,18105.0,18220.0,18182.94921875,2245812
2018-10-09 00:00:00+00:00,2018-10-10T00:00:00+00:00,2026-09-03T11:15:03.742310+00:00,18123.0,18684.0,18005.0,18591.0,18553.193359375,1186476
2018-10-10 00:00:00+00:00,2018-10-11T00:00:00+00:00,2026-09-03T11:15:03.742310+00:00,18679.0,18680.0,17934.0,18162.0,18125.06640625,2299810
2018-10-11 00:00:00+00:00,2018-10-12T00:00:00+00:00,2026-09-03T11:15:03.742310+00:00,17892.0,18179.0,17702.0,18167.0,18130.056640625,1698301
2018-10-12 00:00:00+00:00,2018-10-13T00:00:00+00:00,2026-09-03T11:15:03.742310+00:00,18411.0,19197.0,18255.0,18999.0,18960.365234375,1589550
2018-10-15 00:00:00+00:00,2018-10-16T00:00:00+00:00,2026-09-03T11:15:03.742310+00:00,18769.0,19030.0,18446.0,18568.0,18530.2421875,1258536
2018-10-16 00:00:00+00:00,2018-10-17T00:00:00+00:00,2026-09-03T11:15:03.742310+00:00,18698.0,18921.0,18146.0,18921.0,18882.529296875,5163654
2018-10-17 00:00:00+00:00,2018-10-18T00:00:00+00:00,2026-09-03T11:15:03.742310+00:00,19150.0,19150.0,18360.0,18434.0,18396.509765625,1515344
2018-10-18 00:00:00+00:00,2018-10-19T00:00:00+00:00,2026-09-03T11:15:03.742310+00:00,18279.0,18588.0,18173.0,18588.0,18550.205078125,1130370
2018-10-19 00:00:00+00:00,2018-10-20T00:00:00+00:00,2026-09-03T11:15:03.742310+00:00,18345.0,18889.0,18222.0,18765.0,18726.849609375,1092077
2018-10-22 00:00:00+00:00,2018-10-23T00:00:00+00:00,2026-09-03T11:15:03.742310+00:00,18650.0,19073.0,18590.0,18828.0,18789.71484375,616655
2018-10-23 00:00:00+00:00,2018-10-24T00:00:00+00:00,2026-09-03T11:15:03.742310+00:00,18444.0,18925.0,18250.0,18644.0,18606.08984375,1780819
2018-10-24 00:00:00+00:00,2018-10-25T00:00:00+00:00,2026-09-03T11:15:03.742310+00:00,18644.0,18850.0,18307.0,18750.0,18711.873046875,1535542
2018-10-25 00:00:00+00:00,2018-10-26T00:00:00+00:00,2026-09-03T11:15:03.742310+00:00,18451.0,18876.0,18207.0,18850.0,18811.666015625,1467553
2018-10-26 00:00:00+00:00,2018-10-27T00:00:00+00:00,2026-09-03T11:15:03.742310+00:00,18501.0,18827.0,18198.0,18284.0,18246.822265625,1679301
2018-10-29 00:00:00+00:00,2018-10-30T00:00:00+00:00,2026-09-03T11:15:03.742310+00:00,18400.0,18599.0,17450.0,18200.0,18162.9921875,2599553
2018-10-30 00:00:00+00:00,2018-10-31T00:00:00+00:00,2026-09-03T11:15:03.742310+00:00,18201.0,18489.0,17657.0,17672.0,17636.06640625,1836082
2018-10-31 00:00:00+00:00,2018-11-01T00:00:00+00:00,2026-09-03T11:15:03.742310+00:00,18000.0,18273.0,17550.0,18030.0,17993.3359375,2852462
2018-11-01 00:00:00+00:00,2018-11-02T00:00:00+00:00,2026-09-03T11:15:03.742310+00:00,18206.0,18210.0,17701.0,18075.0,18038.248046875,2040571
2018-11-02 00:00:00+00:00,2018-11-03T00:00:00+00:00,2026-09-03T11:15:03.742310+00:00,18353.0,19270.0,18115.0,18813.0,18774.7421875,1976606
2018-11-05 00:00:00+00:00,2018-11-06T00:00:00+00:00,2026-09-03T11:15:03.742310+00:00,18999.0,19655.0,18631.0,19655.0,19615.03125,2082567
2018-11-06 00:00:00+00:00,2018-11-07T00:00:00+00:00,2026-09-03T11:15:03.742310+00:00,19660.0,19900.0,18972.0,19448.0,19408.453125,1372705
2018-11-07 00:00:00+00:00,2018-11-08T00:00:00+00:00,2026-09-03T11:15:03.742310+00:00,19450.0,20122.0,19259.0,19811.0,19770.716796875,1234983
2018-11-08 00:00:00+00:00,2018-11-09T00:00:00+00:00,2026-09-03T11:15:03.742310+00:00,20000.0,20000.0,19301.0,19347.0,19307.662109375,995519
2018-11-09 00:00:00+00:00,2018-11-10T00:00:00+00:00,2026-09-03T11:15:03.742310+00:00,19600.0,19600.0,18787.0,19426.0,19386.5,1203147
2018-11-12 00:00:00+00:00,2018-11-13T00:00:00+00:00,2026-09-03T11:15:03.742310+00:00,19350.0,19597.0,18715.0,18881.0,18842.603515625,874286
2018-11-13 00:00:00+00:00,2018-11-14T00:00:00+00:00,2026-09-03T11:15:03.742310+00:00,18881.0,19240.0,18711.0,19231.0,19191.89453125,1373309
2018-11-14 00:00:00+00:00,2018-11-15T00:00:00+00:00,2026-09-03T11:15:03.742310+00:00,19231.0,19231.0,18626.0,18917.0,18878.53125,1012704
2018-11-15 00:00:00+00:00,2018-11-16T00:00:00+00:00,2026-09-03T11:15:03.742310+00:00,19049.0,19278.0,18695.0,19023.0,18984.3203125,1579062
2018-11-16 00:00:00+00:00,2018-11-17T00:00:00+00:00,2026-09-03T11:15:03.742310+00:00,19199.0,19232.0,18631.0,18700.0,18661.974609375,1128964
2018-11-19 00:00:00+00:00,2018-11-20T00:00:00+00:00,2026-09-03T11:15:03.742310+00:00,18688.0,19124.0,18660.0,19105.0,19066.1484375,1106667
2018-11-20 00:00:00+00:00,2018-11-21T00:00:00+00:00,2026-09-03T11:15:03.742310+00:00,18980.0,19424.0,18800.0,19387.0,19347.580078125,2014490
2018-11-21 00:00:00+00:00,2018-11-22T00:00:00+00:00,2026-09-03T11:15:03.742310+00:00,19203.0,19640.0,18840.0,19094.0,19055.173828125,1658232
2018-11-22 00:00:00+00:00,2018-11-23T00:00:00+00:00,2026-09-03T11:15:03.742310+00:00,19169.0,19242.0,18880.0,19219.0,19179.921875,1330872
2018-11-23 00:00:00+00:00,2018-11-24T00:00:00+00:00,2026-09-03T11:15:03.742310+00:00,19054.0,19422.0,19016.0,19396.0,19356.560546875,1487599
2018-11-26 00:00:00+00:00,2018-11-27T00:00:00+00:00,2026-09-03T11:15:03.742310+00:00,19471.0,20000.0,19205.0,19950.0,19909.435546875,1380516
2018-11-27 00:00:00+00:00,2018-11-28T00:00:00+00:00,2026-09-03T11:15:03.742310+00:00,19931.0,20257.0,19683.0,20200.0,20158.927734375,1569890
2018-11-28 00:00:00+00:00,2018-11-29T00:00:00+00:00,2026-09-03T11:15:03.742310+00:00,20396.0,20575.0,20022.0,20042.0,20001.24609375,2412701
2018-11-29 00:00:00+00:00,2018-11-30T00:00:00+00:00,2026-09-03T11:15:03.742310+00:00,20200.0,20500.0,20044.0,20050.0,20009.224609375,1713471
2018-11-30 00:00:00+00:00,2018-12-01T00:00:00+00:00,2026-09-03T11:15:03.742310+00:00,20300.0,20378.0,19692.0,19716.0,19675.908203125,1765394
2018-12-03 00:00:00+00:00,2018-12-04T00:00:00+00:00,2026-09-03T11:15:03.742310+00:00,20001.0,20198.0,19524.0,19677.0,19636.990234375,1859999
2018-12-04 00:00:00+00:00,2018-12-05T00:00:00+00:00,2026-09-03T11:15:03.742310+00:00,19677.0,19995.0,19677.0,19788.0,19747.763671875,2437581
2018-12-05 00:00:00+00:00,2018-12-06T00:00:00+00:00,2026-09-03T11:15:03.742310+00:00,19582.0,19826.0,19500.0,19500.0,19460.345703125,1681447
2018-12-06 00:00:00+00:00,2018-12-07T00:00:00+00:00,2026-09-03T11:15:03.742310+00:00,19206.0,19284.0,18631.0,19100.0,19061.162109375,1742626
2018-12-07 00:00:00+00:00,2018-12-08T00:00:00+00:00,2026-09-03T11:15:03.742310+00:00,19159.0,19568.0,18819.0,18906.0,18867.5546875,2213995
2018-12-10 00:00:00+00:00,2018-12-11T00:00:00+00:00,2026-09-03T11:15:03.742310+00:00,18750.0,19402.0,18300.0,18300.0,18262.783203125,1602948
2018-12-11 00:00:00+00:00,2018-12-12T00:00:00+00:00,2026-09-03T11:15:03.742310+00:00,18730.0,18730.0,17776.0,18130.0,18093.1328125,2340802
2018-12-12 00:00:00+00:00,2018-12-13T00:00:00+00:00,2026-09-03T11:15:03.742310+00:00,18359.0,18842.0,18241.0,18753.0,18714.8671875,1982979
2018-12-13 00:00:00+00:00,2018-12-14T00:00:00+00:00,2026-09-03T11:15:03.742310+00:00,18754.0,19521.0,18754.0,19170.0,19131.021484375,1924328
2018-12-14 00:00:00+00:00,2018-12-15T00:00:00+00:00,2026-09-03T11:15:03.742310+00:00,19161.0,19251.0,18900.0,19026.0,18987.3125,1360188
2018-12-18 00:00:00+00:00,2018-12-19T00:00:00+00:00,2026-09-03T11:15:03.742310+00:00,18937.0,18937.0,18100.0,18600.0,18562.177734375,1541580
2018-12-19 00:00:00+00:00,2018-12-20T00:00:00+00:00,2026-09-03T11:15:03.742310+00:00,18645.0,18874.0,18461.0,18643.0,18605.08984375,1458605
2018-12-20 00:00:00+00:00,2018-12-21T00:00:00+00:00,2026-09-03T11:15:03.742310+00:00,18300.0,18649.0,17610.0,18065.0,18028.265625,5198188
2018-12-21 00:00:00+00:00,2018-12-22T00:00:00+00:00,2026-09-03T11:15:03.742310+00:00,18033.0,18809.0,18004.0,18295.0,18257.80078125,3234384
2018-12-24 00:00:00+00:00,2018-12-25T00:00:00+00:00,2026-09-03T11:15:03.742310+00:00,18295.0,18826.0,18090.0,18676.0,18638.025390625,368488
2018-12-27 00:00:00+00:00,2018-12-28T00:00:00+00:00,2026-09-03T11:15:03.742310+00:00,18850.0,19177.0,18620.0,18898.0,18859.572265625,1120212
2018-12-28 00:00:00+00:00,2018-12-29T00:00:00+00:00,2026-09-03T11:15:03.742310+00:00,18998.0,19039.0,18735.0,18960.0,18921.4453125,753252
2018-12-31 00:00:00+00:00,2019-01-01T00:00:00+00:00,2026-09-03T11:15:03.742310+00:00,18960.0,19193.0,18943.0,19015.0,18976.330078125,378510
2019-01-02 00:00:00+00:00,2019-01-03T00:00:00+00:00,2026-09-03T11:15:03.742310+00:00,19005.0,19005.0,18006.0,18259.0,18221.8671875,897536
2019-01-03 00:00:00+00:00,2019-01-04T00:00:00+00:00,2026-09-03T11:15:03.742310+00:00,18253.0,18599.0,18122.0,18500.0,18462.380859375,1195728
2019-01-04 00:00:00+00:00,2019-01-05T00:00:00+00:00,2026-09-03T11:15:03.742310+00:00,18593.0,18925.0,18485.0,18800.0,18761.775390625,1690450
2019-01-07 00:00:00+00:00,2019-01-08T00:00:00+00:00,2026-09-03T11:15:03.742310+00:00,18820.0,19046.0,18418.0,18855.0,18816.662109375,2095869
2019-01-08 00:00:00+00:00,2019-01-09T00:00:00+00:00,2026-09-03T11:15:03.742310+00:00,18803.0,18943.0,18504.0,18682.0,18644.0078125,457834
2019-01-09 00:00:00+00:00,2019-01-10T00:00:00+00:00,2026-09-03T11:15:03.742310+00:00,18850.0,18985.0,18606.0,18947.0,18908.46875,1701084
2019-01-10 00:00:00+00:00,2019-01-11T00:00:00+00:00,2026-09-03T11:15:03.742310+00:00,18897.0,19093.0,18832.0,18993.0,18954.380859375,1306576
2019-01-11 00:00:00+00:00,2019-01-12T00:00:00+00:00,2026-09-03T11:15:03.742310+00:00,19139.0,19452.0,18990.0,19297.0,19257.76171875,1948068
2019-01-14 00:00:00+00:00,2019-01-15T00:00:00+00:00,2026-09-03T11:15:03.742310+00:00,19173.0,19383.0,18971.0,19109.0,19070.140625,1608386
2019-01-15 00:00:00+00:00,2019-01-16T00:00:00+00:00,2026-09-03T11:15:03.742310+00:00,19073.0,19334.0,18690.0,19292.0,19252.771484375,1529611
2019-01-16 00:00:00+00:00,2019-01-17T00:00:00+00:00,2026-09-03T11:15:03.742310+00:00,19100.0,19591.0,18850.0,19569.0,19529.20703125,1187882
2019-01-17 00:00:00+00:00,2019-01-18T00:00:00+00:00,2026-09-03T11:15:03.742310+00:00,19330.0,19489.0,18343.0,18625.0,18587.125,2689284
2019-01-18 00:00:00+00:00,2019-01-19T00:00:00+00:00,2026-09-03T11:15:03.742310+00:00,18700.0,19015.0,18650.0,19007.0,18968.3515625,1198677
2019-01-21 00:00:00+00:00,2019-01-22T00:00:00+00:00,2026-09-03T11:15:03.742310+00:00,18650.0,19293.0,18600.0,18600.0,18562.177734375,1140283
2019-01-22 00:00:00+00:00,2019-01-23T00:00:00+00:00,2026-09-03T11:15:03.742310+00:00,18401.0,18534.0,17532.0,18532.0,18494.3125,4187438
2019-01-23 00:00:00+00:00,2019-01-24T00:00:00+00:00,2026-09-03T11:15:03.742310+00:00,18529.0,19022.0,18448.0,18877.0,18838.6171875,1655471
2019-01-24 00:00:00+00:00,2019-01-25T00:00:00+00:00,2026-09-03T11:15:03.742310+00:00,18750.0,18979.0,17932.0,18562.0,18524.255859375,2733870
2019-01-25 00:00:00+00:00,2019-01-26T00:00:00+00:00,2026-09-03T11:15:03.742310+00:00,18455.0,18716.0,18394.0,18600.0,18562.177734375,2209103
2019-01-28 00:00:00+00:00,2019-01-29T00:00:00+00:00,2026-09-03T11:15:03.742310+00:00,18575.0,18600.0,17935.0,18003.0,17966.388671875,1366051
2019-01-29 00:00:00+00:00,2019-01-30T00:00:00+00:00,2026-09-03T11:15:03.742310+00:00,18267.0,18269.0,17811.0,17850.0,17813.705078125,2384627
2019-01-30 00:00:00+00:00,2019-01-31T00:00:00+00:00,2026-09-03T11:15:03.742310+00:00,15399.0,16494.0,14883.0,15313.0,15281.8603515625,13345509
2019-01-31 00:00:00+00:00,2019-02-01T00:00:00+00:00,2026-09-03T11:15:03.742310+00:00,15493.0,16365.0,15464.0,16365.0,16331.720703125,6723412
2019-02-01 00:00:00+00:00,2019-02-02T00:00:00+00:00,2026-09-03T11:15:03.742310+00:00,16365.0,16471.0,15994.0,16449.0,16415.552734375,2154704
2019-02-04 00:00:00+00:00,2019-02-05T00:00:00+00:00,2026-09-03T11:15:03.742310+00:00,16400.0,16503.0,15671.0,15940.0,15907.5869140625,2291877
2019-02-05 00:00:00+00:00,2019-02-06T00:00:00+00:00,2026-09-03T11:15:03.742310+00:00,16002.0,16430.0,15800.0,16430.0,16396.587890625,1490887
2019-02-06 00:00:00+00:00,2019-02-07T00:00:00+00:00,2026-09-03T11:15:03.742310+00:00,16400.0,16593.0,16200.0,16350.0,16316.7529296875,1863538
2019-02-07 00:00:00+00:00,2019-02-08T00:00:00+00:00,2026-09-03T11:15:03.742310+00:00,16340.0,16334.0,15950.0,16000.0,15967.46484375,1576687
2019-02-08 00:00:00+00:00,2019-02-09T00:00:00+00:00,2026-09-03T11:15:03.742310+00:00,16000.0,16218.0,15947.0,16033.0,16000.3955078125,1967128
2019-02-11 00:00:00+00:00,2019-02-12T00:00:00+00:00,2026-09-03T11:15:03.742310+00:00,15926.0,16181.0,15859.0,16000.0,15967.46484375,1553925
2019-02-12 00:00:00+00:00,2019-02-13T00:00:00+00:00,2026-09-03T11:15:03.742310+00:00,16100.0,16526.0,15839.0,16431.0,16397.5859375,2150637
2019-02-13 00:00:00+00:00,2019-02-14T00:00:00+00:00,2026-09-03T11:15:03.742310+00:00,16309.0,16471.0,15861.0,16214.0,16181.03125,1776047
2019-02-14 00:00:00+00:00,2019-02-15T00:00:00+00:00,2026-09-03T11:15:03.742310+00:00,16051.0,16235.0,15760.0,15777.0,15744.91796875,1218877
2019-02-15 00:00:00+00:00,2019-02-16T00:00:00+00:00,2026-09-03T11:15:03.742310+00:00,15752.0,16165.0,15752.0,16134.0,16101.19140625,1218153
2019-02-18 00:00:00+00:00,2019-02-19T00:00:00+00:00,2026-09-03T11:15:03.742310+00:00,16197.0,16500.0,16002.0,16500.0,16466.447265625,1841463
2019-02-19 00:00:00+00:00,2019-02-20T00:00:00+00:00,2026-09-03T11:15:03.742310+00:00,16549.0,16709.0,16343.0,16700.0,16666.041015625,1349333
2019-02-20 00:00:00+00:00,2019-02-21T00:00:00+00:00,2026-09-03T11:15:03.742310+00:00,16501.0,16689.0,16011.0,16077.0,16044.30859375,3122168
2019-02-21 00:00:00+00:00,2019-02-22T00:00:00+00:00,2026-09-03T11:15:03.742310+00:00,16299.0,16299.0,15840.0,15840.0,15807.7890625,2702798
2019-02-22 00:00:00+00:00,2019-02-23T00:00:00+00:00,2026-09-03T11:15:03.742310+00:00,16040.0,16369.0,15952.0,16317.0,16283.8193359375,2470224
2019-02-25 00:00:00+00:00,2019-02-26T00:00:00+00:00,2026-09-03T11:15:03.742310+00:00,16400.0,16560.0,16177.0,16184.0,16151.0908203125,1814735
2019-02-26 00:00:00+00:00,2019-02-27T00:00:00+00:00,2026-09-03T11:15:03.742310+00:00,16153.0,17337.0,16000.0,16975.0,16940.484375,4174533
2019-02-27 00:00:00+00:00,2019-02-28T00:00:00+00:00,2026-09-03T11:15:03.742310+00:00,16982.0,17580.0,16790.0,17144.0,17109.13671875,3970369
2019-02-28 00:00:00+00:00,2019-03-01T00:00:00+00:00,2026-09-03T11:15:03.742310+00:00,17200.0,17395.0,16990.0,17170.0,17135.083984375,2187473
2019-03-01 00:00:00+00:00,2019-03-02T00:00:00+00:00,2026-09-03T11:15:03.742310+00:00,17170.0,17367.0,17000.0,17225.0,17189.9765625,10334523
2019-03-04 00:00:00+00:00,2019-03-05T00:00:00+00:00,2026-09-03T11:15:03.742310+00:00,17202.0,17735.0,17123.0,17380.0,17344.66015625,2117032
2019-03-05 00:00:00+00:00,2019-03-06T00:00:00+00:00,2026-09-03T11:15:03.742310+00:00,17056.0,17757.0,17056.0,17607.0,17571.201171875,2526132
2019-03-06 00:00:00+00:00,2019-03-07T00:00:00+00:00,2026-09-03T11:15:03.742310+00:00,17604.0,17860.0,17565.0,17739.0,17702.9296875,5280727
2019-03-07 00:00:00+00:00,2019-03-08T00:00:00+00:00,2026-09-03T11:15:03.742310+00:00,17897.0,17901.0,17537.0,17652.0,17616.103515625,1674326
2019-03-08 00:00:00+00:00,2019-03-09T00:00:00+00:00,2026-09-03T11:15:03.742310+00:00,17541.0,18056.0,17502.0,17736.0,17699.93359375,1422912
2019-03-11 00:00:00+00:00,2019-03-12T00:00:00+00:00,2026-09-03T11:15:03.742310+00:00,17901.0,17946.0,17624.0,17720.0,17683.966796875,2123553
2019-03-12 00:00:00+00:00,2019-03-13T00:00:00+00:00,2026-09-03T11:15:03.742310+00:00,17820.0,17981.0,17528.0,17800.0,17763.8046875,2604659
2019-03-13 00:00:00+00:00,2019-03-14T00:00:00+00:00,2026-09-03T11:15:03.742310+00:00,17694.0,17694.0,16834.0,17092.0,17058.740234375,2411078
2019-03-14 00:00:00+00:00,2019-03-15T00:00:00+00:00,2026-09-03T11:15:03.742310+00:00,17200.0,17200.0,16500.0,16695.0,16662.51171875,2321951
2019-03-15 00:00:00+00:00,2019-03-16T00:00:00+00:00,2026-09-03T11:15:03.742310+00:00,16700.0,16790.0,16476.0,16493.0,16460.90234375,3779253
2019-03-18 00:00:00+00:00,2019-03-19T00:00:00+00:00,2026-09-03T11:15:03.742310+00:00,16513.0,16749.0,16424.0,16618.0,16585.6640625,2853828
2019-03-19 00:00:00+00:00,2019-03-20T00:00:00+00:00,2026-09-03T11:15:03.742310+00:00,16690.0,16830.0,16133.0,16239.0,16207.400390625,2657636
2019-03-20 00:00:00+00:00,2019-03-21T00:00:00+00:00,2026-09-03T11:15:03.742310+00:00,16202.0,16399.0,15601.0,15654.0,15623.537109375,5168321
2019-03-22 00:00:00+00:00,2019-03-23T00:00:00+00:00,2026-09-03T11:15:03.742310+00:00,16005.0,16041.0,15354.0,15408.0,15378.015625,1522113
2019-03-25 00:00:00+00:00,2019-03-26T00:00:00+00:00,2026-09-03T11:15:03.742310+00:00,15498.0,15498.0,15059.0,15100.0,15070.6171875,1686010
2019-03-26 00:00:00+00:00,2019-03-27T00:00:00+00:00,2026-09-03T11:15:03.742310+00:00,15400.0,15420.0,15022.0,15350.0,15320.1298828125,2237617
2019-03-27 00:00:00+00:00,2019-03-28T00:00:00+00:00,2026-09-03T11:15:03.742310+00:00,15502.0,15671.0,15333.0,15350.0,15320.1298828125,2608629
2019-03-28 00:00:00+00:00,2019-03-29T00:00:00+00:00,2026-09-03T11:15:03.742310+00:00,15451.0,15718.0,15228.0,15499.0,15468.83984375,1807350
2019-03-29 00:00:00+00:00,2019-03-30T00:00:00+00:00,2026-09-03T11:15:03.742310+00:00,15694.0,15861.0,15493.0,15861.0,15830.1357421875,2386176
2019-04-01 00:00:00+00:00,2019-04-02T00:00:00+00:00,2026-09-03T11:15:03.742310+00:00,15957.0,16545.0,15828.0,16467.0,16434.951171875,1488013
2019-04-02 00:00:00+00:00,2019-04-03T00:00:00+00:00,2026-09-03T11:15:03.742310+00:00,16500.0,16500.0,15918.0,16200.0,16168.474609375,1624276
2019-04-03 00:00:00+00:00,2019-04-04T00:00:00+00:00,2026-09-03T11:15:03.742310+00:00,16202.0,16321.0,16008.0,16156.0,16124.5615234375,1555470
2019-04-04 00:00:00+00:00,2019-04-05T00:00:00+00:00,2026-09-03T11:15:03.742310+00:00,16250.0,16250.0,15688.0,15720.0,15689.4091796875,1415271
2019-04-05 00:00:00+00:00,2019-04-06T00:00:00+00:00,2026-09-03T11:15:03.742310+00:00,15901.0,15955.0,15690.0,15852.0,15821.1533203125,1677739
2019-04-08 00:00:00+00:00,2019-04-09T00:00:00+00:00,2026-09-03T11:15:03.742310+00:00,16051.0,16051.0,15622.0,15820.0,15789.2138671875,953993
2019-04-09 00:00:00+00:00,2019-04-10T00:00:00+00:00,2026-09-03T11:15:03.742310+00:00,15769.0,16253.0,15689.0,16227.0,16195.419921875,1227326
2019-04-10 00:00:00+00:00,2019-04-11T00:00:00+00:00,2026-09-03T11:15:03.742310+00:00,16391.0,17075.0,16273.0,16984.0,16950.951171875,1664337
2019-04-11 00:00:00+00:00,2019-04-12T00:00:00+00:00,2026-09-03T11:15:03.742310+00:00,16950.0,17126.0,16656.0,17047.0,17013.82421875,1615613
2019-04-12 00:00:00+00:00,2019-04-13T00:00:00+00:00,2026-09-03T11:15:03.742310+00:00,17026.0,17623.0,16866.0,17599.0,17564.75390625,1418352
2019-04-15 00:00:00+00:00,2019-04-16T00:00:00+00:00,2026-09-03T11:15:03.742310+00:00,17600.0,17944.0,17249.0,17708.0,17673.54296875,1786584
2019-04-16 00:00:00+00:00,2019-04-17T00:00:00+00:00,2026-09-03T11:15:03.742310+00:00,17786.0,18053.0,17630.0,17800.0,17765.359375,1496232
2019-04-17 00:00:00+00:00,2019-04-18T00:00:00+00:00,2026-09-03T11:15:03.742310+00:00,17890.0,17934.0,17605.0,17877.0,17842.212890625,817720
2019-04-18 00:00:00+00:00,2019-04-19T00:00:00+00:00,2026-09-03T11:15:03.742310+00:00,17613.0,18015.0,17592.0,17820.0,17785.3203125,1280277
2019-04-23 00:00:00+00:00,2019-04-24T00:00:00+00:00,2026-09-03T11:15:03.742310+00:00,17970.0,17970.0,17335.0,17838.0,17803.287109375,1534701
2019-04-24 00:00:00+00:00,2019-04-25T00:00:00+00:00,2026-09-03T11:15:03.742310+00:00,17563.0,17784.0,16731.0,16835.0,16802.23828125,2648394
2019-04-25 00:00:00+00:00,2019-04-26T00:00:00+00:00,2026-09-03T11:15:03.742310+00:00,16847.0,17553.0,16800.0,17427.0,17393.08984375,1172097
2019-04-26 00:00:00+00:00,2019-04-27T00:00:00+00:00,2026-09-03T11:15:03.742310+00:00,17270.0,17598.0,17128.0,17582.0,17547.78515625,960097
2019-04-29 00:00:00+00:00,2019-04-30T00:00:00+00:00,2026-09-03T11:15:03.742310+00:00,17335.0,17765.0,17335.0,17765.0,17730.42578125,847715
2019-04-30 00:00:00+00:00,2019-05-01T00:00:00+00:00,2026-09-03T11:15:03.742310+00:00,17765.0,17796.0,17225.0,17234.0,17200.458984375,2066196
2019-05-02 00:00:00+00:00,2019-05-03T00:00:00+00:00,2026-09-03T11:15:03.742310+00:00,17399.0,17683.0,17274.0,17477.0,17442.98828125,879671
2019-05-03 00:00:00+00:00,2019-05-04T00:00:00+00:00,2026-09-03T11:15:03.742310+00:00,17468.0,18004.0,17475.0,18004.0,17968.962890625,921222
2019-05-06 00:00:00+00:00,2019-05-07T00:00:00+00:00,2026-09-03T11:15:03.742310+00:00,17621.0,18159.0,17511.0,18159.0,18123.662109375,767720
2019-05-07 00:00:00+00:00,2019-05-08T00:00:00+00:00,2026-09-03T11:15:03.742310+00:00,18100.0,18452.0,18000.0,18094.0,18058.7890625,1447398
2019-05-09 00:00:00+00:00,2019-05-10T00:00:00+00:00,2026-09-03T11:15:03.742310+00:00,18095.0,18095.0,17206.0,17206.0,17172.515625,1936192
2019-05-10 00:00:00+00:00,2019-05-11T00:00:00+00:00,2026-09-03T11:15:03.742310+00:00,17220.0,17767.0,17220.0,17451.0,17417.0390625,1181285
2019-05-13 00:00:00+00:00,2019-05-14T00:00:00+00:00,2026-09-03T11:15:03.742310+00:00,17445.0,17747.0,17200.0,17320.0,17286.29296875,1525764
2019-05-14 00:00:00+00:00,2019-05-15T00:00:00+00:00,2026-09-03T11:15:03.742310+00:00,17800.0,18080.0,17405.0,17821.0,17786.31640625,1847898
2019-05-15 00:00:00+00:00,2019-05-16T00:00:00+00:00,2026-09-03T11:15:03.742310+00:00,17821.0,17937.0,17214.0,17614.0,17579.72265625,1080265
2019-05-16 00:00:00+00:00,2019-05-17T00:00:00+00:00,2026-09-03T11:15:03.742310+00:00,17700.0,17875.0,17351.0,17626.0,17591.69921875,679007
2019-05-17 00:00:00+00:00,2019-05-18T00:00:00+00:00,2026-09-03T11:15:03.742310+00:00,17502.0,17637.0,17010.0,17103.0,17069.716796875,860754
2019-05-20 00:00:00+00:00,2019-05-21T00:00:00+00:00,2026-09-03T11:15:03.742310+00:00,17258.0,17258.0,16901.0,16962.0,16928.9921875,702715
2019-05-21 00:00:00+00:00,2019-05-22T00:00:00+00:00,2026-09-03T11:15:03.742310+00:00,17017.0,17223.0,16500.0,16694.0,16661.51171875,1961658
2019-05-22 00:00:00+00:00,2019-05-23T00:00:00+00:00,2026-09-03T11:15:03.742310+00:00,16608.0,17155.0,16608.0,16947.0,16914.021484375,1025680
2019-05-23 00:00:00+00:00,2019-05-24T00:00:00+00:00,2026-09-03T11:15:03.742310+00:00,16823.0,16908.0,16300.0,16311.0,16279.2607421875,1218899
2019-05-24 00:00:00+00:00,2019-05-25T00:00:00+00:00,2026-09-03T11:15:03.742310+00:00,16550.0,16803.0,16400.0,16462.0,16429.970703125,1069847
2019-05-27 00:00:00+00:00,2019-05-28T00:00:00+00:00,2026-09-03T11:15:03.742310+00:00,16500.0,16756.0,16340.0,16403.0,16371.0810546875,524503
2019-05-28 00:00:00+00:00,2019-05-29T00:00:00+00:00,2026-09-03T11:15:03.742310+00:00,16599.0,16599.0,16010.0,16288.0,16256.302734375,2561296
2019-05-29 00:00:00+00:00,2019-05-30T00:00:00+00:00,2026-09-03T11:15:03.742310+00:00,16190.0,16629.0,15877.0,16418.0,16386.048828125,1292212
2019-05-30 00:00:00+00:00,2019-05-31T00:00:00+00:00,2026-09-03T11:15:03.742310+00:00,16420.0,17186.0,16401.0,17106.0,17072.712890625,1388323
2019-05-31 00:00:00+00:00,2019-06-01T00:00:00+00:00,2026-09-03T11:15:03.742310+00:00,16921.0,17327.0,16801.0,17200.0,17166.52734375,1972203
2019-06-03 00:00:00+00:00,2019-06-04T00:00:00+00:00,2026-09-03T11:15:03.742310+00:00,16970.0,17402.0,16970.0,17365.0,17331.20703125,1132542
2019-06-04 00:00:00+00:00,2019-06-05T00:00:00+00:00,2026-09-03T11:15:03.742310+00:00,17249.0,17289.0,16641.0,16700.0,16667.501953125,1978032
2019-06-05 00:00:00+00:00,2019-06-06T00:00:00+00:00,2026-09-03T11:15:03.742310+00:00,16620.0,16641.0,16027.0,16254.0,16222.369140625,2502287
2019-06-06 00:00:00+00:00,2019-06-07T00:00:00+00:00,2026-09-03T11:15:03.742310+00:00,16188.0,16552.0,16105.0,16502.0,16469.88671875,1530895
2019-06-07 00:00:00+00:00,2019-06-08T00:00:00+00:00,2026-09-03T11:15:03.742310+00:00,16461.0,16800.0,16381.0,16791.0,16758.32421875,799632
2019-06-10 00:00:00+00:00,2019-06-11T00:00:00+00:00,2026-09-03T11:15:03.742310+00:00,16900.0,16950.0,16744.0,16800.0,16767.30859375,1987978
2019-06-11 00:00:00+00:00,2019-06-12T00:00:00+00:00,2026-09-03T11:15:03.742310+00:00,16804.0,17036.0,16673.0,17036.0,17002.849609375,1884367
2019-06-12 00:00:00+00:00,2019-06-13T00:00:00+00:00,2026-09-03T11:15:03.742310+00:00,16776.0,17157.0,16643.0,16867.0,16834.177734375,1232839
2019-06-13 00:00:00+00:00,2019-06-14T00:00:00+00:00,2026-09-03T11:15:03.742310+00:00,16833.0,17091.0,16353.0,16354.0,16322.173828125,1494629
2019-06-14 00:00:00+00:00,2019-06-15T00:00:00+00:00,2026-09-03T11:15:03.742310+00:00,16385.0,16797.0,16356.0,16588.0,16555.716796875,1551274
2019-06-18 00:00:00+00:00,2019-06-19T00:00:00+00:00,2026-09-03T11:15:03.742310+00:00,16700.0,17415.0,16697.0,17187.0,17153.5546875,3148852
2019-06-19 00:00:00+00:00,2019-06-20T00:00:00+00:00,2026-09-03T11:15:03.742310+00:00,17201.0,17644.0,17088.0,17400.0,17366.1328125,2108338
2019-06-20 00:00:00+00:00,2019-06-21T00:00:00+00:00,2026-09-03T11:15:03.742310+00:00,17626.0,17872.0,17412.0,17460.0,17426.021484375,5179176
2019-06-21 00:00:00+00:00,2019-06-22T00:00:00+00:00,2026-09-03T11:15:03.742310+00:00,17400.0,17400.0,16258.0,16350.0,16318.1826171875,3984346
2019-06-24 00:00:00+00:00,2019-06-25T00:00:00+00:00,2026-09-03T11:15:03.742310+00:00,16420.0,16650.0,16188.0,16375.0,16343.1328125,1398866
2019-06-25 00:00:00+00:00,2019-06-26T00:00:00+00:00,2026-09-03T11:15:03.742310+00:00,16363.0,16467.0,16167.0,16400.0,16368.0849609375,819959
2019-06-26 00:00:00+00:00,2019-06-27T00:00:00+00:00,2026-09-03T11:15:03.742310+00:00,16497.0,16558.0,16052.0,16052.0,16020.7626953125,1366035
2019-06-27 00:00:00+00:00,2019-06-28T00:00:00+00:00,2026-09-03T11:15:03.742310+00:00,16114.0,16317.0,15895.0,15895.0,15864.068359375,862249
2019-06-28 00:00:00+00:00,2019-06-29T00:00:00+00:00,2026-09-03T11:15:03.742310+00:00,15994.0,16100.0,15766.0,15766.0,15735.3193359375,847868
2019-07-01 00:00:00+00:00,2019-07-02T00:00:00+00:00,2026-09-03T11:15:03.742310+00:00,16082.0,16265.0,15730.0,15885.0,15854.0869140625,1281345
2019-07-02 00:00:00+00:00,2019-07-03T00:00:00+00:00,2026-09-03T11:15:03.742310+00:00,16000.0,16082.0,15537.0,15796.0,15765.2607421875,1044466
2019-07-03 00:00:00+00:00,2019-07-04T00:00:00+00:00,2026-09-03T11:15:03.742310+00:00,15800.0,15859.0,15593.0,15676.0,15645.4931640625,994440
2019-07-04 00:00:00+00:00,2019-07-05T00:00:00+00:00,2026-09-03T11:15:03.742310+00:00,15800.0,15948.0,15676.0,15703.0,15672.44140625,1309971
2019-07-05 00:00:00+00:00,2019-07-06T00:00:00+00:00,2026-09-03T11:15:03.742310+00:00,15738.0,15738.0,15450.0,15564.0,15533.71484375,956014
2019-07-08 00:00:00+00:00,2019-07-09T00:00:00+00:00,2026-09-03T11:15:03.742310+00:00,15572.0,15622.0,15338.0,15400.0,15370.03125,1463928
2019-07-09 00:00:00+00:00,2019-07-10T00:00:00+00:00,2026-09-03T11:15:03.742310+00:00,15425.0,15515.0,15258.0,15258.0,15228.3076171875,1227306
2019-07-10 00:00:00+00:00,2019-07-11T00:00:00+00:00,2026-09-03T11:15:03.742310+00:00,15418.0,15568.0,15208.0,15505.0,15474.828125,2281856
2019-07-11 00:00:00+00:00,2019-07-12T00:00:00+00:00,2026-09-03T11:15:03.742310+00:00,15506.0,16135.0,15506.0,15747.0,15716.35546875,1576751
2019-07-12 00:00:00+00:00,2019-07-13T00:00:00+00:00,2026-09-03T11:15:03.742310+00:00,15747.0,16021.0,15655.0,15868.0,15837.1201171875,1109008
2019-07-15 00:00:00+00:00,2019-07-16T00:00:00+00:00,2026-09-03T11:15:03.742310+00:00,15991.0,16025.0,15667.0,15894.0,15863.0703125,929104
2019-07-16 00:00:00+00:00,2019-07-17T00:00:00+00:00,2026-09-03T11:15:03.742310+00:00,15887.0,16138.0,15750.0,16086.0,16054.6962890625,1407012
2019-07-17 00:00:00+00:00,2019-07-18T00:00:00+00:00,2026-09-03T11:15:03.742310+00:00,16139.0,16139.0,15638.0,15756.0,15725.33984375,1540755
2019-07-18 00:00:00+00:00,2019-07-19T00:00:00+00:00,2026-09-03T11:15:03.742310+00:00,15799.0,16144.0,15737.0,16003.0,15971.8583984375,1270856
2019-07-19 00:00:00+00:00,2019-07-20T00:00:00+00:00,2026-09-03T11:15:03.742310+00:00,16143.0,16175.0,15901.0,15947.0,15915.966796875,1104491
2019-07-22 00:00:00+00:00,2019-07-23T00:00:00+00:00,2026-09-03T11:15:03.742310+00:00,15907.0,16144.0,15639.0,16084.0,16052.7001953125,1820695
2019-07-23 00:00:00+00:00,2019-07-24T00:00:00+00:00,2026-09-03T11:15:03.742310+00:00,16164.0,16245.0,15667.0,15755.0,15724.33984375,1765715
2019-07-24 00:00:00+00:00,2019-07-25T00:00:00+00:00,2026-09-03T11:15:03.742310+00:00,15800.0,15856.0,15228.0,15399.0,15369.0322265625,1560209
2019-07-25 00:00:00+00:00,2019-07-26T00:00:00+00:00,2026-09-03T11:15:03.742310+00:00,15502.0,15594.0,14793.0,14805.0,14776.1904296875,1719313
2019-07-26 00:00:00+00:00,2019-07-27T00:00:00+00:00,2026-09-03T11:15:03.742310+00:00,14968.0,14970.0,14571.0,14571.0,14542.6455078125,1872707
2019-07-29 00:00:00+00:00,2019-07-30T00:00:00+00:00,2026-09-03T11:15:03.742310+00:00,14600.0,14800.0,14510.0,14560.0,14531.6669921875,1411327
2019-07-30 00:00:00+00:00,2019-07-31T00:00:00+00:00,2026-09-03T11:15:03.742310+00:00,16000.0,16751.0,14856.0,15397.0,15367.0380859375,7087356
2019-07-31 00:00:00+00:00,2019-08-01T00:00:00+00:00,2026-09-03T11:15:03.742310+00:00,15387.0,15701.0,15201.0,15450.0,15419.935546875,2860572
2019-08-01 00:00:00+00:00,2019-08-02T00:00:00+00:00,2026-09-03T11:15:03.742310+00:00,15202.0,15605.0,14903.0,15605.0,15574.6328125,1859085
2019-08-02 00:00:00+00:00,2019-08-03T00:00:00+00:00,2026-09-03T11:15:03.742310+00:00,15250.0,15723.0,15159.0,15501.0,15470.833984375,2575591
2019-08-05 00:00:00+00:00,2019-08-06T00:00:00+00:00,2026-09-03T11:15:03.742310+00:00,15202.0,15727.0,15202.0,15547.0,15516.7451171875,1463822
2019-08-06 00:00:00+00:00,2019-08-07T00:00:00+00:00,2026-09-03T11:15:03.742310+00:00,15551.0,15899.0,15550.0,15799.0,15768.25390625,1769652
2019-08-07 00:00:00+00:00,2019-08-08T00:00:00+00:00,2026-09-03T11:15:03.742310+00:00,15801.0,15955.0,15247.0,15345.0,15315.140625,4793919
2019-08-08 00:00:00+00:00,2019-08-09T00:00:00+00:00,2026-09-03T11:15:03.742310+00:00,15478.0,15540.0,15189.0,15189.0,15159.4423828125,1481838
2019-08-12 00:00:00+00:00,2019-08-13T00:00:00+00:00,2026-09-03T11:15:03.742310+00:00,15160.0,15299.0,14678.0,14680.0,14651.4326171875,1293069
2019-08-13 00:00:00+00:00,2019-08-14T00:00:00+00:00,2026-09-03T11:15:03.742310+00:00,14611.0,14800.0,14238.0,14379.0,14351.017578125,2305037
2019-08-14 00:00:00+00:00,2019-08-15T00:00:00+00:00,2026-09-03T11:15:03.742310+00:00,14495.0,14493.0,13995.0,14075.0,14047.611328125,1754899
2019-08-15 00:00:00+00:00,2019-08-16T00:00:00+00:00,2026-09-03T11:15:03.742310+00:00,14101.0,14299.0,13778.0,13985.0,13957.78515625,2777155
2019-08-16 00:00:00+00:00,2019-08-17T00:00:00+00:00,2026-09-03T11:15:03.742310+00:00,14000.0,14172.0,13756.0,13935.0,13907.8837890625,1219045
2019-08-19 00:00:00+00:00,2019-08-20T00:00:00+00:00,2026-09-03T11:15:03.742310+00:00,14144.0,14137.0,13960.0,13979.0,13951.796875,2333376
2019-08-20 00:00:00+00:00,2019-08-21T00:00:00+00:00,2026-09-03T11:15:03.742310+00:00,14010.0,14175.0,12622.0,12686.0,12661.3115234375,6717072
2019-08-21 00:00:00+00:00,2019-08-22T00:00:00+00:00,2026-09-03T11:15:03.742310+00:00,12840.0,12909.0,12311.0,12515.0,12490.6455078125,8595981
2019-08-22 00:00:00+00:00,2019-08-23T00:00:00+00:00,2026-09-03T11:15:03.742310+00:00,12500.0,12509.0,11951.0,12065.0,12041.521484375,6388516
2019-08-23 00:00:00+00:00,2019-08-24T00:00:00+00:00,2026-09-03T11:15:03.742310+00:00,12106.0,12257.0,11480.0,11629.0,11606.37109375,5041707
2019-08-26 00:00:00+00:00,2019-08-27T00:00:00+00:00,2026-09-03T11:15:03.742310+00:00,11490.0,11654.0,11282.0,11413.0,11390.7900390625,3181864
2019-08-27 00:00:00+00:00,2019-08-28T00:00:00+00:00,2026-09-03T11:15:03.742310+00:00,11380.0,11406.0,10980.0,11043.0,11021.509765625,7601117
2019-08-28 00:00:00+00:00,2019-08-29T00:00:00+00:00,2026-09-03T11:15:03.742310+00:00,11100.0,11400.0,11016.0,11227.0,11205.1513671875,3544549
2019-08-29 00:00:00+00:00,2019-08-30T00:00:00+00:00,2026-09-03T11:15:03.742310+00:00,11225.0,11286.0,10971.0,11025.0,11003.5478515625,5333947
2019-08-30 00:00:00+00:00,2019-08-31T00:00:00+00:00,2026-09-03T11:15:03.742310+00:00,11100.0,11411.0,10892.0,11299.0,11277.01171875,4797802
2019-09-02 00:00:00+00:00,2019-09-03T00:00:00+00:00,2026-09-03T11:15:03.742310+00:00,11358.0,11700.0,11315.0,11440.0,11417.7373046875,2509423
2019-09-03 00:00:00+00:00,2019-09-04T00:00:00+00:00,2026-09-03T11:15:03.742310+00:00,11378.0,11516.0,11223.0,11399.0,11376.81640625,2335967
2019-09-04 00:00:00+00:00,2019-09-05T00:00:00+00:00,2026-09-03T11:15:03.742310+00:00,11400.0,11498.0,11020.0,11177.0,11156.8447265625,2214947
2019-09-05 00:00:00+00:00,2019-09-06T00:00:00+00:00,2026-09-03T11:15:03.742310+00:00,11105.0,11597.0,11100.0,11550.0,11529.1728515625,2310968
2019-09-06 00:00:00+00:00,2019-09-07T00:00:00+00:00,2026-09-03T11:15:03.742310+00:00,11570.0,11803.0,11404.0,11575.0,11554.126953125,2258305
2019-09-09 00:00:00+00:00,2019-09-10T00:00:00+00:00,2026-09-03T11:15:03.742310+00:00,11780.0,11890.0,11567.0,11796.0,11774.728515625,1892699
2019-09-10 00:00:00+00:00,2019-09-11T00:00:00+00:00,2026-09-03T11:15:03.742310+00:00,11704.0,12006.0,11673.0,11973.0,11951.408203125,1992629
2019-09-11 00:00:00+00:00,2019-09-12T00:00:00+00:00,2026-09-03T11:15:03.742310+00:00,12000.0,12259.0,11852.0,12120.0,12098.1455078125,2446431
2019-09-12 00:00:00+00:00,2019-09-13T00:00:00+00:00,2026-09-03T11:15:03.742310+00:00,12120.0,12473.0,12155.0,12434.0,12411.5791015625,1905210
2019-09-13 00:00:00+00:00,2019-09-14T00:00:00+00:00,2026-09-03T11:15:03.742310+00:00,12450.0,12698.0,12360.0,12564.0,12541.3447265625,2734631
2019-09-16 00:00:00+00:00,2019-09-17T00:00:00+00:00,2026-09-03T11:15:03.742310+00:00,12490.0,13116.0,12417.0,13116.0,13092.34765625,3775929
2019-09-17 00:00:00+00:00,2019-09-18T00:00:00+00:00,2026-09-03T11:15:03.742310+00:00,13000.0,13042.0,12538.0,12538.0,12515.392578125,3199181
2019-09-18 00:00:00+00:00,2019-09-19T00:00:00+00:00,2026-09-03T11:15:03.742310+00:00,12652.0,12867.0,12647.0,12849.0,12825.8310546875,1742560
2019-09-19 00:00:00+00:00,2019-09-20T00:00:00+00:00,2026-09-03T11:15:03.742310+00:00,12895.0,12919.0,12464.0,12770.0,12746.9736328125,6627955
2019-09-20 00:00:00+00:00,2019-09-21T00:00:00+00:00,2026-09-03T11:15:03.742310+00:00,12770.0,12940.0,12659.0,12700.0,12677.0986328125,5076113
2019-09-23 00:00:00+00:00,2019-09-24T00:00:00+00:00,2026-09-03T11:15:03.742310+00:00,12700.0,12728.0,12283.0,12449.0,12426.55078125,1997423
2019-09-25 00:00:00+00:00,2019-09-26T00:00:00+00:00,2026-09-03T11:15:03.742310+00:00,12411.0,12558.0,11903.0,12062.0,12040.25,2321730
2019-09-26 00:00:00+00:00,2019-09-27T00:00:00+00:00,2026-09-03T11:15:03.742310+00:00,12170.0,12564.0,12085.0,12410.0,12387.623046875,1438621
2019-09-27 00:00:00+00:00,2019-09-28T00:00:00+00:00,2026-09-03T11:15:03.742310+00:00,12492.0,12487.0,12158.0,12370.0,12347.6943359375,1275501
2019-09-30 00:00:00+00:00,2019-10-01T00:00:00+00:00,2026-09-03T11:15:03.742310+00:00,12400.0,12435.0,12056.0,12264.0,12241.884765625,1895859
2019-10-01 00:00:00+00:00,2019-10-02T00:00:00+00:00,2026-09-03T11:15:03.742310+00:00,12400.0,12420.0,11986.0,12062.0,12040.25,1644714
2019-10-02 00:00:00+00:00,2019-10-03T00:00:00+00:00,2026-09-03T11:15:03.742310+00:00,12000.0,12285.0,11913.0,12158.0,12136.076171875,1509394
2019-10-03 00:00:00+00:00,2019-10-04T00:00:00+00:00,2026-09-03T11:15:03.742310+00:00,12158.0,12308.0,12017.0,12199.0,12177.001953125,2069415
2019-10-04 00:00:00+00:00,2019-10-05T00:00:00+00:00,2026-09-03T11:15:03.742310+00:00,12311.0,12555.0,12236.0,12536.0,12513.39453125,2148499
2019-10-07 00:00:00+00:00,2019-10-08T00:00:00+00:00,2026-09-03T11:15:03.742310+00:00,12536.0,12807.0,12375.0,12727.0,12704.048828125,1811846
2019-10-08 00:00:00+00:00,2019-10-09T00:00:00+00:00,2026-09-03T11:15:03.742310+00:00,12850.0,12800.0,12341.0,12497.0,12474.46484375,2387015
2019-10-09 00:00:00+00:00,2019-10-10T00:00:00+00:00,2026-09-03T11:15:03.742310+00:00,12400.0,12534.0,12101.0,12449.0,12426.55078125,1198428
2019-10-10 00:00:00+00:00,2019-10-11T00:00:00+00:00,2026-09-03T11:15:03.742310+00:00,12366.0,12700.0,12286.0,12676.0,12653.142578125,1462292
2019-10-11 00:00:00+00:00,2019-10-12T00:00:00+00:00,2026-09-03T11:15:03.742310+00:00,12652.0,13045.0,12641.0,13040.0,13016.4853515625,2027414
2019-10-14 00:00:00+00:00,2019-10-15T00:00:00+00:00,2026-09-03T11:15:03.742310+00:00,12974.0,13350.0,12926.0,13266.0,13242.0791015625,2831317
2019-10-15 00:00:00+00:00,2019-10-16T00:00:00+00:00,2026-09-03T11:15:03.742310+00:00,13300.0,13392.0,12991.0,13109.0,13085.3603515625,2281735
2019-10-16 00:00:00+00:00,2019-10-17T00:00:00+00:00,2026-09-03T11:15:03.742310+00:00,13150.0,13314.0,12994.0,13235.0,13211.1328125,1213209
2019-10-17 00:00:00+00:00,2019-10-18T00:00:00+00:00,2026-09-03T11:15:03.742310+00:00,13234.0,13673.0,13218.0,13250.0,13226.1064453125,1740227
2019-10-18 00:00:00+00:00,2019-10-19T00:00:00+00:00,2026-09-03T11:15:03.742310+00:00,13280.0,13346.0,13148.0,13148.0,13124.2919921875,925554
2019-10-21 00:00:00+00:00,2019-10-22T00:00:00+00:00,2026-09-03T11:15:03.742310+00:00,13247.0,13345.0,12992.0,13273.0,13249.064453125,1436551
2019-10-22 00:00:00+00:00,2019-10-23T00:00:00+00:00,2026-09-03T11:15:03.742310+00:00,13383.0,13839.0,13257.0,13755.0,13730.1953125,1777492
2019-10-23 00:00:00+00:00,2019-10-24T00:00:00+00:00,2026-09-03T11:15:03.742310+00:00,13757.0,13782.0,13245.0,13274.0,13250.0625,2193489
2019-10-24 00:00:00+00:00,2019-10-25T00:00:00+00:00,2026-09-03T11:15:03.742310+00:00,13274.0,13487.0,13140.0,13177.0,13153.2392578125,1558396
2019-10-25 00:00:00+00:00,2019-10-26T00:00:00+00:00,2026-09-03T11:15:03.742310+00:00,13154.0,13336.0,13042.0,13165.0,13141.259765625,1246824
2019-10-28 00:00:00+00:00,2019-10-29T00:00:00+00:00,2026-09-03T11:15:03.742310+00:00,13300.0,13579.0,13100.0,13485.0,13460.6806640625,2058147
2019-10-29 00:00:00+00:00,2019-10-30T00:00:00+00:00,2026-09-03T11:15:03.742310+00:00,13559.0,13740.0,13407.0,13500.0,13475.6552734375,2874921
2019-10-30 00:00:00+00:00,2019-10-31T00:00:00+00:00,2026-09-03T11:15:03.742310+00:00,13500.0,13598.0,13079.0,13239.0,13215.1259765625,2623506
2019-10-31 00:00:00+00:00,2019-11-01T00:00:00+00:00,2026-09-03T11:15:03.742310+00:00,13200.0,13701.0,13107.0,13541.0,13516.580078125,2564412
2019-11-01 00:00:00+00:00,2019-11-02T00:00:00+00:00,2026-09-03T11:15:03.742310+00:00,13500.0,13774.0,13149.0,13721.0,13696.255859375,2525244
2019-11-04 00:00:00+00:00,2019-11-05T00:00:00+00:00,2026-09-03T11:15:03.742310+00:00,13721.0,14550.0,13435.0,13515.0,13490.62890625,3099234
2019-11-05 00:00:00+00:00,2019-11-06T00:00:00+00:00,2026-09-03T11:15:03.742310+00:00,13710.0,14000.0,13719.0,13920.0,13894.8984375,2096093
2019-11-06 00:00:00+00:00,2019-11-07T00:00:00+00:00,2026-09-03T11:15:03.742310+00:00,13817.0,14379.0,13750.0,14142.0,14116.4970703125,2321376
2019-11-07 00:00:00+00:00,2019-11-08T00:00:00+00:00,2026-09-03T11:15:03.742310+00:00,14142.0,14340.0,13732.0,13799.0,13774.1171875,2557642
2019-11-08 00:00:00+00:00,2019-11-09T00:00:00+00:00,2026-09-03T11:15:03.742310+00:00,13895.0,13865.0,13602.0,13782.0,13757.146484375,1228489
2019-11-11 00:00:00+00:00,2019-11-12T00:00:00+00:00,2026-09-03T11:15:03.742310+00:00,13750.0,13808.0,13293.0,13401.0,13376.8359375,1797383
2019-11-12 00:00:00+00:00,2019-11-13T00:00:00+00:00,2026-09-03T11:15:03.742310+00:00,13600.0,13800.0,13501.0,13589.0,13564.49609375,2493257
2019-11-13 00:00:00+00:00,2019-11-14T00:00:00+00:00,2026-09-03T11:15:03.742310+00:00,13600.0,13578.0,13249.0,13280.0,13256.0517578125,1914670
2019-11-14 00:00:00+00:00,2019-11-15T00:00:00+00:00,2026-09-03T11:15:03.742310+00:00,13484.0,13530.0,13255.0,13329.0,13304.962890625,1651932
2019-11-15 00:00:00+00:00,2019-11-16T00:00:00+00:00,2026-09-03T11:15:03.742310+00:00,13310.0,13541.0,13311.0,13433.0,13408.77734375,1323589
2019-11-18 00:00:00+00:00,2019-11-19T00:00:00+00:00,2026-09-03T11:15:03.742310+00:00,13400.0,13737.0,13261.0,13413.0,13388.8125,1295524
2019-11-19 00:00:00+00:00,2019-11-20T00:00:00+00:00,2026-09-03T11:15:03.742310+00:00,13401.0,13685.0,13313.0,13651.0,13626.384765625,1587464
2019-11-20 00:00:00+00:00,2019-11-21T00:00:00+00:00,2026-09-03T11:15:03.742310+00:00,13651.0,13730.0,13549.0,13657.0,13632.3740234375,1402067
2019-11-21 00:00:00+00:00,2019-11-22T00:00:00+00:00,2026-09-03T11:15:03.742310+00:00,13660.0,13710.0,13297.0,13486.0,13461.6806640625,1986683
2019-11-22 00:00:00+00:00,2019-11-23T00:00:00+00:00,2026-09-03T11:15:03.742310+00:00,13450.0,13544.0,13140.0,13223.0,13199.1552734375,2103942
2019-11-25 00:00:00+00:00,2019-11-26T00:00:00+00:00,2026-09-03T11:15:03.742310+00:00,13116.0,13389.0,13095.0,13139.0,13115.3076171875,2869728
2019-11-26 00:00:00+00:00,2019-11-27T00:00:00+00:00,2026-09-03T11:15:03.742310+00:00,13180.0,13234.0,12897.0,12897.0,12873.7431640625,5994642
2019-11-27 00:00:00+00:00,2019-11-28T00:00:00+00:00,2026-09-03T11:15:03.742310+00:00,12850.0,13017.0,12513.0,12740.0,12717.025390625,2480958
2019-11-28 00:00:00+00:00,2019-11-29T00:00:00+00:00,2026-09-03T11:15:03.742310+00:00,12970.0,13040.0,12549.0,12850.0,12826.8271484375,2148524
2019-11-29 00:00:00+00:00,2019-11-30T00:00:00+00:00,2026-09-03T11:15:03.742310+00:00,12900.0,12984.0,12726.0,12816.0,12792.8876953125,3296594
2019-12-02 00:00:00+00:00,2019-12-03T00:00:00+00:00,2026-09-03T11:15:03.742310+00:00,12800.0,12851.0,12554.0,12572.0,12549.330078125,1747565
2019-12-03 00:00:00+00:00,2019-12-04T00:00:00+00:00,2026-09-03T11:15:03.742310+00:00,12572.0,12830.0,12572.0,12738.0,12715.029296875,1888643
2019-12-04 00:00:00+00:00,2019-12-05T00:00:00+00:00,2026-09-03T11:15:03.742310+00:00,12884.0,13227.0,12737.0,13179.0,13155.232421875,2204946
2019-12-05 00:00:00+00:00,2019-12-06T00:00:00+00:00,2026-09-03T11:15:03.742310+00:00,13201.0,13301.0,13009.0,13221.0,13197.158203125,2188808
2019-12-06 00:00:00+00:00,2019-12-07T00:00:00+00:00,2026-09-03T11:15:03.742310+00:00,13225.0,13631.0,13223.0,13507.0,13482.6435546875,1086169
2019-12-09 00:00:00+00:00,2019-12-10T00:00:00+00:00,2026-09-03T11:15:03.742310+00:00,13650.0,13636.0,13315.0,13437.0,13412.76953125,931547
2019-12-10 00:00:00+00:00,2019-12-11T00:00:00+00:00,2026-09-03T11:15:03.742310+00:00,13399.0,13327.0,12879.0,13044.0,13020.4765625,1440073
2019-12-11 00:00:00+00:00,2019-12-12T00:00:00+00:00,2026-09-03T11:15:03.742310+00:00,13130.0,13254.0,12723.0,12843.0,12819.841796875,1435476
2019-12-12 00:00:00+00:00,2019-12-13T00:00:00+00:00,2026-09-03T11:15:03.742310+00:00,12900.0,13045.0,12612.0,12760.0,12736.990234375,1445447
2019-12-13 00:00:00+00:00,2019-12-14T00:00:00+00:00,2026-09-03T11:15:03.742310+00:00,12982.0,13187.0,12732.0,12958.0,12934.634765625,2489133
2019-12-17 00:00:00+00:00,2019-12-18T00:00:00+00:00,2026-09-03T11:15:03.742310+00:00,13000.0,13559.0,12986.0,13416.0,13391.8076171875,2270878
2019-12-18 00:00:00+00:00,2019-12-19T00:00:00+00:00,2026-09-03T11:15:03.742310+00:00,13417.0,13587.0,13116.0,13250.0,13226.1064453125,2871972
2019-12-19 00:00:00+00:00,2019-12-20T00:00:00+00:00,2026-09-03T11:15:03.742310+00:00,13500.0,13350.0,12870.0,13081.0,13057.41015625,5038256
2019-12-20 00:00:00+00:00,2019-12-21T00:00:00+00:00,2026-09-03T11:15:03.742310+00:00,13103.0,13340.0,13011.0,13077.0,13053.419921875,3843289
2019-12-23 00:00:00+00:00,2019-12-24T00:00:00+00:00,2026-09-03T11:15:03.742310+00:00,13000.0,13130.0,12726.0,12797.0,12773.9248046875,1237040
2019-12-24 00:00:00+00:00,2019-12-25T00:00:00+00:00,2026-09-03T11:15:03.742310+00:00,12800.0,12863.0,12623.0,12812.0,12788.896484375,270753
2019-12-27 00:00:00+00:00,2019-12-28T00:00:00+00:00,2026-09-03T11:15:03.742310+00:00,12720.0,12940.0,12518.0,12685.0,12662.1240234375,1242456
2019-12-30 00:00:00+00:00,2019-12-31T00:00:00+00:00,2026-09-03T11:15:03.742310+00:00,12758.0,12866.0,12618.0,12670.0,12647.15234375,1153414
2019-12-31 00:00:00+00:00,2020-01-01T00:00:00+00:00,2026-09-03T11:15:03.742310+00:00,12670.0,12725.0,12588.0,12592.0,12569.2939453125,487259
2020-01-02 00:00:00+00:00,2020-01-03T00:00:00+00:00,2026-09-03T11:15:03.742310+00:00,12710.0,12827.0,12501.0,12525.0,12502.4130859375,985858
2020-01-03 00:00:00+00:00,2020-01-04T00:00:00+00:00,2026-09-03T11:15:03.742310+00:00,12595.0,12603.0,12224.0,12372.0,12349.689453125,1990582
2020-01-06 00:00:00+00:00,2020-01-07T00:00:00+00:00,2026-09-03T11:15:03.742310+00:00,12350.0,12349.0,11875.0,11998.0,11976.3671875,1644648
2020-01-07 00:00:00+00:00,2020-01-08T00:00:00+00:00,2026-09-03T11:15:03.742310+00:00,12000.0,12237.0,11938.0,12200.0,12177.9990234375,1477894
2020-01-08 00:00:00+00:00,2020-01-09T00:00:00+00:00,2026-09-03T11:15:03.742310+00:00,12190.0,12229.0,12000.0,12229.0,12206.9462890625,703750
2020-01-09 00:00:00+00:00,2020-01-10T00:00:00+00:00,2026-09-03T11:15:03.742310+00:00,12264.0,12678.0,12112.0,12162.0,12140.0693359375,1245086
2020-01-10 00:00:00+00:00,2020-01-11T00:00:00+00:00,2026-09-03T11:15:03.742310+00:00,12100.0,12248.0,11942.0,12000.0,11978.3603515625,1606343
2020-01-13 00:00:00+00:00,2020-01-14T00:00:00+00:00,2026-09-03T11:15:03.742310+00:00,12000.0,12096.0,11831.0,11904.0,11882.5322265625,1564819
2020-01-14 00:00:00+00:00,2020-01-15T00:00:00+00:00,2026-09-03T11:15:03.742310+00:00,11904.0,12175.0,11808.0,12175.0,12153.0458984375,2097245
2020-01-15 00:00:00+00:00,2020-01-16T00:00:00+00:00,2026-09-03T11:15:03.742310+00:00,12175.0,12442.0,12053.0,12245.0,12222.9189453125,3637278
2020-01-16 00:00:00+00:00,2020-01-17T00:00:00+00:00,2026-09-03T11:15:03.742310+00:00,12208.0,12337.0,11663.0,11745.0,11723.818359375,5409442
2020-01-17 00:00:00+00:00,2020-01-18T00:00:00+00:00,2026-09-03T11:15:03.742310+00:00,11750.0,11833.0,11525.0,11552.0,11531.1689453125,4076186
2020-01-20 00:00:00+00:00,2020-01-21T00:00:00+00:00,2026-09-03T11:15:03.742310+00:00,11565.0,11725.0,11530.0,11535.0,11514.19921875,3612261
2020-01-21 00:00:00+00:00,2020-01-22T00:00:00+00:00,2026-09-03T11:15:03.742310+00:00,11555.0,11643.0,11410.0,11490.0,11469.2802734375,2572519
2020-01-22 00:00:00+00:00,2020-01-23T00:00:00+00:00,2026-09-03T11:15:03.742310+00:00,11511.0,12142.0,11404.0,11808.0,11786.70703125,11033329
2020-01-23 00:00:00+00:00,2020-01-24T00:00:00+00:00,2026-09-03T11:15:03.742310+00:00,11750.0,12100.0,11735.0,12010.0,11988.341796875,2067340
2020-01-24 00:00:00+00:00,2020-01-25T00:00:00+00:00,2026-09-03T11:15:03.742310+00:00,12145.0,12256.0,12005.0,12250.0,12227.9111328125,2417741
2020-01-27 00:00:00+00:00,2020-01-28T00:00:00+00:00,2026-09-03T11:15:03.742310+00:00,12160.0,12153.0,11940.0,12054.0,12032.2646484375,1455674
2020-01-28 00:00:00+00:00,2020-01-29T00:00:00+00:00,2026-09-03T11:15:03.742310+00:00,12125.0,12125.0,11786.0,11800.0,11778.7216796875,1571522
2020-01-29 00:00:00+00:00,2020-01-30T00:00:00+00:00,2026-09-03T11:15:03.742310+00:00,11950.0,11943.0,11705.0,11718.0,11696.869140625,1063704
2020-01-30 00:00:00+00:00,2020-01-31T00:00:00+00:00,2026-09-03T11:15:03.742310+00:00,11700.0,11885.0,11522.0,11865.0,11843.6025390625,1034803
2020-01-31 00:00:00+00:00,2020-02-01T00:00:00+00:00,2026-09-03T11:15:03.742310+00:00,11865.0,11865.0,11691.0,11706.0,11684.8916015625,2212021
2020-02-03 00:00:00+00:00,2020-02-04T00:00:00+00:00,2026-09-03T11:15:03.742310+00:00,11820.0,11972.0,11655.0,11972.0,11950.4091796875,2073581
2020-02-04 00:00:00+00:00,2020-02-05T00:00:00+00:00,2026-09-03T11:15:03.742310+00:00,12144.0,12161.0,11994.0,12099.0,12077.1806640625,1799884
2020-02-05 00:00:00+00:00,2020-02-06T00:00:00+00:00,2026-09-03T11:15:03.742310+00:00,12000.0,12280.0,12005.0,12113.0,12091.158203125,1055683
2020-02-06 00:00:00+00:00,2020-02-07T00:00:00+00:00,2026-09-03T11:15:03.742310+00:00,12176.0,12270.0,12027.0,12040.0,12018.2890625,991876
2020-02-07 00:00:00+00:00,2020-02-08T00:00:00+00:00,2026-09-03T11:15:03.742310+00:00,12100.0,12147.0,11967.0,12000.0,11978.3603515625,1670814
2020-02-10 00:00:00+00:00,2020-02-11T00:00:00+00:00,2026-09-03T11:15:03.742310+00:00,12000.0,12039.0,11626.0,11686.0,11664.927734375,1701918
2020-02-11 00:00:00+00:00,2020-02-12T00:00:00+00:00,2026-09-03T11:15:03.742310+00:00,11754.0,11962.0,11561.0,11580.0,11559.1171875,1703492
2020-02-12 00:00:00+00:00,2020-02-13T00:00:00+00:00,2026-09-03T11:15:03.742310+00:00,11675.0,11816.0,11292.0,11429.0,11408.390625,2455825
2020-02-13 00:00:00+00:00,2020-02-14T00:00:00+00:00,2026-09-03T11:15:03.742310+00:00,11544.0,11616.0,11251.0,11310.0,11289.60546875,2838894
2020-02-14 00:00:00+00:00,2020-02-15T00:00:00+00:00,2026-09-03T11:15:03.742310+00:00,11305.0,11486.0,11275.0,11436.0,11415.37890625,3150238
2020-02-17 00:00:00+00:00,2020-02-18T00:00:00+00:00,2026-09-03T11:15:03.742310+00:00,11580.0,11565.0,11373.0,11433.0,11412.3828125,936788
2020-02-18 00:00:00+00:00,2020-02-19T00:00:00+00:00,2026-09-03T11:15:03.742310+00:00,11400.0,11355.0,11150.0,11174.0,11153.849609375,1451497
2020-02-19 00:00:00+00:00,2020-02-20T00:00:00+00:00,2026-09-03T11:15:03.742310+00:00,11300.0,11398.0,11228.0,11314.0,11293.595703125,2801188
2020-02-20 00:00:00+00:00,2020-02-21T00:00:00+00:00,2026-09-03T11:15:03.742310+00:00,11350.0,11431.0,10860.0,10970.0,10950.2177734375,2907174
2020-02-21 00:00:00+00:00,2020-02-22T00:00:00+00:00,2026-09-03T11:15:03.742310+00:00,10970.0,11132.0,10832.0,11068.0,11048.041015625,2518662
2020-02-24 00:00:00+00:00,2020-02-25T00:00:00+00:00,2026-09-03T11:15:03.742310+00:00,10970.0,10971.0,10558.0,10590.0,10570.904296875,3041918
2020-02-25 00:00:00+00:00,2020-02-26T00:00:00+00:00,2026-09-03T11:15:03.742310+00:00,11200.0,11700.0,10360.0,10360.0,10341.318359375,5894969
2020-02-26 00:00:00+00:00,2020-02-27T00:00:00+00:00,2026-09-03T11:15:03.742310+00:00,10200.0,11470.0,10001.0,11370.0,11349.49609375,7112437
2020-02-27 00:00:00+00:00,2020-02-28T00:00:00+00:00,2026-09-03T11:15:03.742310+00:00,11250.0,11659.0,11064.0,11281.0,11260.6572265625,4021976
2020-02-28 00:00:00+00:00,2020-02-29T00:00:00+00:00,2026-09-03T11:15:03.742310+00:00,10989.0,11564.0,10684.0,11212.0,11191.7822265625,4809969
2020-03-02 00:00:00+00:00,2020-03-03T00:00:00+00:00,2026-09-03T11:15:03.742310+00:00,11350.0,12085.0,11359.0,11832.0,11810.6630859375,5271954
2020-03-03 00:00:00+00:00,2020-03-04T00:00:00+00:00,2026-09-03T11:15:03.742310+00:00,12020.0,12404.0,11901.0,12315.0,12292.7919921875,4262405
2020-03-04 00:00:00+00:00,2020-03-05T00:00:00+00:00,2026-09-03T11:15:03.742310+00:00,12400.0,12608.0,12192.0,12422.0,12399.5986328125,3263454
2020-03-05 00:00:00+00:00,2020-03-06T00:00:00+00:00,2026-09-03T11:15:03.742310+00:00,12423.0,12723.0,12080.0,12299.0,12276.8212890625,4126107
2020-03-06 00:00:00+00:00,2020-03-07T00:00:00+00:00,2026-09-03T11:15:03.742310+00:00,12190.0,12199.0,11960.0,12124.0,12102.13671875,1806551
2020-03-09 00:00:00+00:00,2020-03-10T00:00:00+00:00,2026-09-03T11:15:03.742310+00:00,11500.0,11810.0,10987.0,11594.0,11573.0927734375,4419279
2020-03-10 00:00:00+00:00,2020-03-11T00:00:00+00:00,2026-09-03T11:15:03.742310+00:00,11800.0,12157.0,11448.0,11600.0,11579.0810546875,4702463
2020-03-11 00:00:00+00:00,2020-03-12T00:00:00+00:00,2026-09-03T11:15:03.742310+00:00,11501.0,11916.0,11394.0,11499.0,11479.806640625,3703206
2020-03-12 00:00:00+00:00,2020-03-13T00:00:00+00:00,2026-09-03T11:15:03.742310+00:00,11100.0,11190.0,10251.0,10350.0,10332.7255859375,4755032
2020-03-13 00:00:00+00:00,2020-03-14T00:00:00+00:00,2026-09-03T11:15:03.742310+00:00,10460.0,10825.0,10238.0,10336.0,10318.7490234375,4706315
2020-03-16 00:00:00+00:00,2020-03-17T00:00:00+00:00,2026-09-03T11:15:03.742310+00:00,9727.0,10495.0,9501.0,10308.0,10290.794921875,4372997
2020-03-17 00:00:00+00:00,2020-03-18T00:00:00+00:00,2026-09-03T11:15:03.742310+00:00,11020.0,12094.0,10551.0,11713.0,11693.451171875,6031068
2020-03-18 00:00:00+00:00,2020-03-19T00:00:00+00:00,2026-09-03T11:15:03.742310+00:00,11595.0,11733.0,11098.0,11114.0,11095.44921875,4550796
2020-03-19 00:00:00+00:00,2020-03-20T00:00:00+00:00,2026-09-03T11:15:03.742310+00:00,11540.0,11571.0,10499.0,11300.0,11281.140625,8200793
2020-03-20 00:00:00+00:00,2020-03-21T00:00:00+00:00,2026-09-03T11:15:03.742310+00:00,11401.0,12180.0,10365.0,10835.0,10816.91796875,8967145
2020-03-23 00:00:00+00:00,2020-03-24T00:00:00+00:00,2026-09-03T11:15:03.742310+00:00,10297.0,11059.0,10256.0,10787.0,10768.99609375,3778274
2020-03-24 00:00:00+00:00,2020-03-25T00:00:00+00:00,2026-09-03T11:15:03.742310+00:00,11001.0,11427.0,10065.0,11325.0,11306.09765625,3513469
2020-03-25 00:00:00+00:00,2020-03-26T00:00:00+00:00,2026-09-03T11:15:03.742310+00:00,11325.0,12129.0,11141.0,12009.0,11988.9560546875,2758038
2020-03-26 00:00:00+00:00,2020-03-27T00:00:00+00:00,2026-09-03T11:15:03.742310+00:00,11655.0,12517.0,11687.0,12299.0,12278.47265625,2835005
2020-03-27 00:00:00+00:00,2020-03-28T00:00:00+00:00,2026-09-03T11:15:03.742310+00:00,12495.0,12495.0,11676.0,12086.0,12065.828125,2545563
2020-03-30 00:00:00+00:00,2020-03-31T00:00:00+00:00,2026-09-03T11:15:03.742310+00:00,11800.0,12286.0,11590.0,12068.0,12047.857421875,1998590
2020-03-31 00:00:00+00:00,2020-04-01T00:00:00+00:00,2026-09-03T11:15:03.742310+00:00,12110.0,12593.0,12027.0,12500.0,12479.1376953125,2269091
2020-04-01 00:00:00+00:00,2020-04-02T00:00:00+00:00,2026-09-03T11:15:03.742310+00:00,12200.0,12696.0,12175.0,12533.0,12512.0810546875,2220958
2020-04-02 00:00:00+00:00,2020-04-03T00:00:00+00:00,2026-09-03T11:15:03.742310+00:00,12553.0,12776.0,12140.0,12287.0,12266.4921875,2223953
2020-04-03 00:00:00+00:00,2020-04-04T00:00:00+00:00,2026-09-03T11:15:03.742310+00:00,12535.0,12700.0,12140.0,12491.0,12470.15234375,2788965
2020-04-06 00:00:00+00:00,2020-04-07T00:00:00+00:00,2026-09-03T11:15:03.742310+00:00,12700.0,12975.0,12413.0,12767.0,12745.69140625,2151728
2020-04-07 00:00:00+00:00,2020-04-08T00:00:00+00:00,2026-09-03T11:15:03.742310+00:00,12767.0,12837.0,12135.0,12263.0,12242.5322265625,3898647
2020-04-08 00:00:00+00:00,2020-04-09T00:00:00+00:00,2026-09-03T11:15:03.742310+00:00,12200.0,12429.0,11935.0,12280.0,12259.50390625,2368565
2020-04-09 00:00:00+00:00,2020-04-10T00:00:00+00:00,2026-09-03T11:15:03.742310+00:00,12490.0,12600.0,12169.0,12442.0,12421.2353515625,1812110
2020-04-14 00:00:00+00:00,2020-04-15T00:00:00+00:00,2026-09-03T11:15:03.742310+00:00,12580.0,12850.0,12366.0,12723.0,12701.7646484375,2770936
2020-04-15 00:00:00+00:00,2020-04-16T00:00:00+00:00,2026-09-03T11:15:03.742310+00:00,12649.0,12624.0,11820.0,12274.0,12253.513671875,3040641
2020-04-16 00:00:00+00:00,2020-04-17T00:00:00+00:00,2026-09-03T11:15:03.742310+00:00,12396.0,12515.0,11707.0,11805.0,11785.296875,3202764
2020-04-17 00:00:00+00:00,2020-04-18T00:00:00+00:00,2026-09-03T11:15:03.742310+00:00,11820.0,12066.0,11745.0,11898.0,11878.140625,1689673
2020-04-20 00:00:00+00:00,2020-04-21T00:00:00+00:00,2026-09-03T11:15:03.742310+00:00,11998.0,11971.0,11538.0,11638.0,11618.5751953125,1453774
2020-04-21 00:00:00+00:00,2020-04-22T00:00:00+00:00,2026-09-03T11:15:03.742310+00:00,11550.0,11600.0,10759.0,10929.0,10910.7578125,4281379
2020-04-22 00:00:00+00:00,2020-04-23T00:00:00+00:00,2026-09-03T11:15:03.742310+00:00,11056.0,11207.0,10847.0,11002.0,10983.63671875,2914912
2020-04-23 00:00:00+00:00,2020-04-24T00:00:00+00:00,2026-09-03T11:15:03.742310+00:00,11129.0,11266.0,10932.0,11126.0,11107.431640625,2033648
2020-04-24 00:00:00+00:00,2020-04-25T00:00:00+00:00,2026-09-03T11:15:03.742310+00:00,11020.0,11338.0,10940.0,11100.0,11081.474609375,4288528
2020-04-28 00:00:00+00:00,2020-04-29T00:00:00+00:00,2026-09-03T11:15:03.742310+00:00,11258.0,11245.0,10771.0,10975.0,10956.681640625,3138770
2020-04-29 00:00:00+00:00,2020-04-30T00:00:00+00:00,2026-09-03T11:15:03.742310+00:00,10980.0,11039.0,10725.0,10957.0,10938.7119140625,3383529
2020-04-30 00:00:00+00:00,2020-05-01T00:00:00+00:00,2026-09-03T11:15:03.742310+00:00,11100.0,11101.0,10713.0,10713.0,10695.119140625,3237680
2020-05-04 00:00:00+00:00,2020-05-05T00:00:00+00:00,2026-09-03T11:15:03.742310+00:00,10675.0,10700.0,10375.0,10578.0,10560.3447265625,2444247
2020-05-05 00:00:00+00:00,2020-05-06T00:00:00+00:00,2026-09-03T11:15:03.742310+00:00,10630.0,10753.0,10490.0,10644.0,10626.236328125,1872129
2020-05-06 00:00:00+00:00,2020-05-07T00:00:00+00:00,2026-09-03T11:15:03.742310+00:00,10671.0,10721.0,10322.0,10720.0,10702.1083984375,3577601
2020-05-07 00:00:00+00:00,2020-05-08T00:00:00+00:00,2026-09-03T11:15:03.742310+00:00,10798.0,11090.0,10671.0,10945.0,10926.7314453125,2464935
2020-05-08 00:00:00+00:00,2020-05-09T00:00:00+00:00,2026-09-03T11:15:03.742310+00:00,11098.0,11108.0,10879.0,10949.0,10930.7265625,2475995
2020-05-11 00:00:00+00:00,2020-05-12T00:00:00+00:00,2026-09-03T11:15:03.742310+00:00,11000.0,11199.0,10874.0,11142.0,11123.404296875,1660772
2020-05-12 00:00:00+00:00,2020-05-13T00:00:00+00:00,2026-09-03T11:15:03.742310+00:00,10875.0,10912.0,10355.0,10454.0,10436.5517578125,3639498
2020-05-13 00:00:00+00:00,2020-05-14T00:00:00+00:00,2026-09-03T11:15:03.742310+00:00,10497.0,10600.0,10166.0,10395.0,10377.6513671875,1189393
2020-05-14 00:00:00+00:00,2020-05-15T00:00:00+00:00,2026-09-03T11:15:03.742310+00:00,10392.0,10410.0,10028.0,10100.0,10083.142578125,1921212
2020-05-15 00:00:00+00:00,2020-05-16T00:00:00+00:00,2026-09-03T11:15:03.742310+00:00,10219.0,10220.0,9961.0,10096.0,10079.150390625,2597617
2020-05-18 00:00:00+00:00,2020-05-19T00:00:00+00:00,2026-09-03T11:15:03.742310+00:00,10096.0,10242.0,9933.0,10145.0,10128.0673828125,1776767
2020-05-19 00:00:00+00:00,2020-05-20T00:00:00+00:00,2026-09-03T11:15:03.742310+00:00,10145.0,10238.0,10007.0,10147.0,10130.0634765625,1710025
2020-05-20 00:00:00+00:00,2020-05-21T00:00:00+00:00,2026-09-03T11:15:03.742310+00:00,10151.0,10345.0,10067.0,10314.0,10296.7861328125,1379358
2020-05-21 00:00:00+00:00,2020-05-22T00:00:00+00:00,2026-09-03T11:15:03.742310+00:00,10314.0,10777.0,10179.0,10412.0,10394.6240234375,2347425
2020-05-22 00:00:00+00:00,2020-05-23T00:00:00+00:00,2026-09-03T11:15:03.742310+00:00,10350.0,10389.0,10031.0,10198.0,10180.978515625,1990117
2020-05-25 00:00:00+00:00,2020-05-26T00:00:00+00:00,2026-09-03T11:15:03.742310+00:00,10399.0,10450.0,10055.0,10055.0,10038.2177734375,1306751
2020-05-26 00:00:00+00:00,2020-05-27T00:00:00+00:00,2026-09-03T11:15:03.742310+00:00,10275.0,10351.0,10095.0,10300.0,10282.8076171875,1487974
2020-05-27 00:00:00+00:00,2020-05-28T00:00:00+00:00,2026-09-03T11:15:03.742310+00:00,10351.0,10500.0,10269.0,10471.0,10453.5234375,1751605
2020-05-28 00:00:00+00:00,2020-05-29T00:00:00+00:00,2026-09-03T11:15:03.742310+00:00,10500.0,10671.0,10426.0,10575.0,10557.349609375,1180931
2020-05-29 00:00:00+00:00,2020-05-30T00:00:00+00:00,2026-09-03T11:15:03.742310+00:00,10498.0,10527.0,10122.0,10347.0,10329.73046875,4135291
2020-06-01 00:00:00+00:00,2020-06-02T00:00:00+00:00,2026-09-03T11:15:03.742310+00:00,10485.0,10552.0,10204.0,10334.0,10316.7509765625,1060647
2020-06-02 00:00:00+00:00,2020-06-03T00:00:00+00:00,2026-09-03T11:15:03.742310+00:00,10499.0,10919.0,10346.0,10845.0,10826.9013671875,3152485
2020-06-03 00:00:00+00:00,2020-06-04T00:00:00+00:00,2026-09-03T11:15:03.742310+00:00,11000.0,11766.0,10905.0,11669.0,11649.5224609375,3572800
2020-06-04 00:00:00+00:00,2020-06-05T00:00:00+00:00,2026-09-03T11:15:03.742310+00:00,11724.0,11841.0,11377.0,11640.0,11620.5712890625,3356009
2020-06-05 00:00:00+00:00,2020-06-06T00:00:00+00:00,2026-09-03T11:15:03.742310+00:00,11316.0,11686.0,11288.0,11441.0,11421.9052734375,3251404
2020-06-08 00:00:00+00:00,2020-06-09T00:00:00+00:00,2026-09-03T11:15:03.742310+00:00,11696.0,11653.0,11221.0,11264.0,11245.19921875,1896896
2020-06-09 00:00:00+00:00,2020-06-10T00:00:00+00:00,2026-09-03T11:15:03.742310+00:00,11265.0,11443.0,10755.0,11000.0,10981.642578125,4267231
2020-06-10 00:00:00+00:00,2020-06-11T00:00:00+00:00,2026-09-03T11:15:03.742310+00:00,11001.0,11151.0,10713.0,10837.0,10818.9130859375,3131446
2020-06-11 00:00:00+00:00,2020-06-12T00:00:00+00:00,2026-09-03T11:15:03.742310+00:00,10701.0,10879.0,10510.0,10600.0,10582.30859375,1831919
2020-06-12 00:00:00+00:00,2020-06-13T00:00:00+00:00,2026-09-03T11:15:03.742310+00:00,10490.0,10707.0,10333.0,10662.0,10644.20703125,1611651
2020-06-15 00:00:00+00:00,2020-06-16T00:00:00+00:00,2026-09-03T11:15:03.742310+00:00,10500.0,10690.0,10382.0,10457.0,10439.546875,2229358
2020-06-17 00:00:00+00:00,2020-06-18T00:00:00+00:00,2026-09-03T11:15:03.742310+00:00,10601.0,10750.0,10503.0,10638.0,10620.244140625,2129294
2020-06-18 00:00:00+00:00,2020-06-19T00:00:00+00:00,2026-09-03T11:15:03.742310+00:00,10591.0,10873.0,10536.0,10600.0,10582.30859375,4534766
2020-06-19 00:00:00+00:00,2020-06-20T00:00:00+00:00,2026-09-03T11:15:03.742310+00:00,10600.0,11150.0,10615.0,11000.0,10981.642578125,6416945
2020-06-22 00:00:00+00:00,2020-06-23T00:00:00+00:00,2026-09-03T11:15:03.742310+00:00,10850.0,11081.0,10801.0,10992.0,10973.654296875,1306378
2020-06-23 00:00:00+00:00,2020-06-24T00:00:00+00:00,2026-09-03T11:15:03.742310+00:00,10900.0,11040.0,10817.0,10914.0,10895.783203125,1162221
2020-06-24 00:00:00+00:00,2020-06-25T00:00:00+00:00,2026-09-03T11:15:03.742310+00:00,10801.0,11142.0,10734.0,10783.0,10765.00390625,977193
2020-06-25 00:00:00+00:00,2020-06-26T00:00:00+00:00,2026-09-03T11:15:03.742310+00:00,10700.0,10780.0,10551.0,10602.0,10584.3056640625,1795360
2020-06-26 00:00:00+00:00,2020-06-27T00:00:00+00:00,2026-09-03T11:15:03.742310+00:00,10650.0,10799.0,10620.0,10724.0,10706.1015625,1114151
2020-06-29 00:00:00+00:00,2020-06-30T00:00:00+00:00,2026-09-03T11:15:03.742310+00:00,10562.0,10768.0,10600.0,10722.0,10704.10546875,1216208
2020-06-30 00:00:00+00:00,2020-07-01T00:00:00+00:00,2026-09-03T11:15:03.742310+00:00,10749.0,10808.0,10599.0,10665.0,10647.1982421875,1291881
2020-07-01 00:00:00+00:00,2020-07-02T00:00:00+00:00,2026-09-03T11:15:03.742310+00:00,10611.0,10700.0,10457.0,10667.0,10649.1962890625,3348443
2020-07-02 00:00:00+00:00,2020-07-03T00:00:00+00:00,2026-09-03T11:15:03.742310+00:00,10700.0,10935.0,10650.0,10796.0,10777.98046875,1404497
2020-07-03 00:00:00+00:00,2020-07-04T00:00:00+00:00,2026-09-03T11:15:03.742310+00:00,10897.0,10940.0,10722.0,10750.0,10732.060546875,976969
2020-07-06 00:00:00+00:00,2020-07-07T00:00:00+00:00,2026-09-03T11:15:03.742310+00:00,10750.0,10963.0,10600.0,10650.0,10632.224609375,956809
2020-07-07 00:00:00+00:00,2020-07-08T00:00:00+00:00,2026-09-03T11:15:03.742310+00:00,10650.0,10777.0,10597.0,10754.0,10736.0517578125,1508674
2020-07-08 00:00:00+00:00,2020-07-09T00:00:00+00:00,2026-09-03T11:15:03.742310+00:00,10600.0,10791.0,10603.0,10650.0,10632.224609375,1020834
2020-07-09 00:00:00+00:00,2020-07-10T00:00:00+00:00,2026-09-03T11:15:03.742310+00:00,10651.0,10750.0,10526.0,10549.0,10531.3935546875,1109804
2020-07-10 00:00:00+00:00,2020-07-11T00:00:00+00:00,2026-09-03T11:15:03.742310+00:00,10500.0,10705.0,10320.0,10600.0,10582.30859375,2225023
2020-07-13 00:00:00+00:00,2020-07-14T00:00:00+00:00,2026-09-03T11:15:03.742310+00:00,10401.0,10629.0,10400.0,10600.0,10582.30859375,2301623
2020-07-14 00:00:00+00:00,2020-07-15T00:00:00+00:00,2026-09-03T11:15:03.742310+00:00,10403.0,10729.0,10430.0,10536.0,10518.4140625,1558204
2020-07-15 00:00:00+00:00,2020-07-16T00:00:00+00:00,2026-09-03T11:15:03.742310+00:00,10599.0,10681.0,10425.0,10450.0,10432.5576171875,1677034
2020-07-16 00:00:00+00:00,2020-07-17T00:00:00+00:00,2026-09-03T11:15:03.742310+00:00,10500.0,10590.0,10299.0,10529.0,10511.42578125,1280380
2020-07-17 00:00:00+00:00,2020-07-18T00:00:00+00:00,2026-09-03T11:15:03.742310+00:00,10639.0,10600.0,10469.0,10523.0,10505.4365234375,729492
2020-07-20 00:00:00+00:00,2020-07-21T00:00:00+00:00,2026-09-03T11:15:03.742310+00:00,10410.0,10620.0,10343.0,10363.0,10345.703125,833796
2020-07-21 00:00:00+00:00,2020-07-22T00:00:00+00:00,2026-09-03T11:15:03.742310+00:00,10430.0,10500.0,10284.0,10284.0,10266.8349609375,1519541
2020-07-22 00:00:00+00:00,2020-07-23T00:00:00+00:00,2026-09-03T11:15:03.742310+00:00,10412.0,10391.0,10041.0,10117.0,10100.115234375,2016726
2020-07-23 00:00:00+00:00,2020-07-24T00:00:00+00:00,2026-09-03T11:15:03.742310+00:00,10051.0,10284.0,9969.0,10090.0,10073.16015625,1385533
2020-07-24 00:00:00+00:00,2020-07-25T00:00:00+00:00,2026-09-03T11:15:03.742310+00:00,10100.0,10155.0,9930.0,10048.0,10031.23046875,1490918
2020-07-27 00:00:00+00:00,2020-07-28T00:00:00+00:00,2026-09-03T11:15:03.742310+00:00,10258.0,10220.0,9981.0,10028.0,10011.26171875,735910
2020-07-28 00:00:00+00:00,2020-07-29T00:00:00+00:00,2026-09-03T11:15:03.742310+00:00,10006.0,10157.0,10016.0,10106.0,10089.1318359375,853087
2020-07-29 00:00:00+00:00,2020-07-30T00:00:00+00:00,2026-09-03T11:15:03.742310+00:00,10110.0,10436.0,10109.0,10390.0,10372.6572265625,1269407
2020-07-30 00:00:00+00:00,2020-07-31T00:00:00+00:00,2026-09-03T11:15:03.742310+00:00,10399.0,10434.0,10235.0,10355.0,10337.716796875,1217343
2020-07-31 00:00:00+00:00,2020-08-01T00:00:00+00:00,2026-09-03T11:15:03.742310+00:00,10300.0,10509.0,10283.0,10457.0,10439.546875,3487831
2020-08-03 00:00:00+00:00,2020-08-04T00:00:00+00:00,2026-09-03T11:15:03.742310+00:00,11050.0,11703.0,11001.0,11343.0,11324.0673828125,6458565
2020-08-04 00:00:00+00:00,2020-08-05T00:00:00+00:00,2026-09-03T11:15:03.742310+00:00,11450.0,11482.0,11047.0,11306.0,11287.1298828125,2112328
2020-08-05 00:00:00+00:00,2020-08-06T00:00:00+00:00,2026-09-03T11:15:03.742310+00:00,11449.0,11533.0,11106.0,11250.0,11231.224609375,1431735
2020-08-06 00:00:00+00:00,2020-08-07T00:00:00+00:00,2026-09-03T11:15:03.742310+00:00,11299.0,11459.0,11264.0,11391.0,11371.986328125,1555756
2020-08-07 00:00:00+00:00,2020-08-08T00:00:00+00:00,2026-09-03T11:15:03.742310+00:00,11300.0,11589.0,11326.0,11456.0,11436.8818359375,1370174
2020-08-11 00:00:00+00:00,2020-08-12T00:00:00+00:00,2026-09-03T11:15:03.742310+00:00,11503.0,12169.0,11406.0,12029.0,12008.921875,2894203
2020-08-12 00:00:00+00:00,2020-08-13T00:00:00+00:00,2026-09-03T11:15:03.742310+00:00,12050.0,12097.0,11844.0,11849.0,11829.22265625,1574304
2020-08-13 00:00:00+00:00,2020-08-14T00:00:00+00:00,2026-09-03T11:15:03.742310+00:00,11765.0,11948.0,11757.0,11783.0,11763.33203125,1223936
2020-08-14 00:00:00+00:00,2020-08-15T00:00:00+00:00,2026-09-03T11:15:03.742310+00:00,11827.0,11927.0,11735.0,11921.0,11901.1025390625,1518315
2020-08-17 00:00:00+00:00,2020-08-18T00:00:00+00:00,2026-09-03T11:15:03.742310+00:00,11921.0,11978.0,11745.0,11854.0,11834.2158203125,1811932
2020-08-18 00:00:00+00:00,2020-08-19T00:00:00+00:00,2026-09-03T11:15:03.742310+00:00,11900.0,12218.0,11899.0,12093.0,12072.8154296875,2373448
2020-08-19 00:00:00+00:00,2020-08-20T00:00:00+00:00,2026-09-03T11:15:03.742310+00:00,12200.0,12389.0,11964.0,11964.0,11944.0302734375,1953496
2020-08-20 00:00:00+00:00,2020-08-21T00:00:00+00:00,2026-09-03T11:15:03.742310+00:00,12100.0,12049.0,11650.0,11702.0,11682.46875,1625470
2020-08-21 00:00:00+00:00,2020-08-22T00:00:00+00:00,2026-09-03T11:15:03.742310+00:00,11703.0,11930.0,11697.0,11761.0,11741.3701171875,1952372
2020-08-24 00:00:00+00:00,2020-08-25T00:00:00+00:00,2026-09-03T11:15:03.742310+00:00,12034.0,12188.0,12032.0,12092.0,12071.8173828125,1880523
2020-08-25 00:00:00+00:00,2020-08-26T00:00:00+00:00,2026-09-03T11:15:03.742310+00:00,12000.0,12141.0,11720.0,11805.0,11785.296875,1106808
2020-08-26 00:00:00+00:00,2020-08-27T00:00:00+00:00,2026-09-03T11:15:03.742310+00:00,11850.0,11806.0,11529.0,11593.0,11573.650390625,1113656
2020-08-27 00:00:00+00:00,2020-08-28T00:00:00+00:00,2026-09-03T11:15:03.742310+00:00,11600.0,11761.0,11545.0,11672.0,11652.5205078125,966864
2020-08-28 00:00:00+00:00,2020-08-29T00:00:00+00:00,2026-09-03T11:15:03.742310+00:00,11555.0,11710.0,11326.0,11348.0,11329.0595703125,1486074
2020-08-31 00:00:00+00:00,2020-09-01T00:00:00+00:00,2026-09-03T11:15:03.742310+00:00,11405.0,11391.0,10947.0,11050.0,11031.5576171875,3240975
2020-09-01 00:00:00+00:00,2020-09-02T00:00:00+00:00,2026-09-03T11:15:03.742310+00:00,11285.0,11378.0,11163.0,11332.0,11313.0849609375,2749744
2020-09-02 00:00:00+00:00,2020-09-03T00:00:00+00:00,2026-09-03T11:15:03.742310+00:00,11541.0,11950.0,11466.0,11696.0,11676.4794921875,5104594
2020-09-03 00:00:00+00:00,2020-09-04T00:00:00+00:00,2026-09-03T11:15:03.742310+00:00,11414.0,11835.0,11476.0,11798.0,11778.30859375,2076421
2020-09-04 00:00:00+00:00,2020-09-05T00:00:00+00:00,2026-09-03T11:15:03.742310+00:00,11800.0,11762.0,11484.0,11646.0,11626.5625,1445846
2020-09-07 00:00:00+00:00,2020-09-08T00:00:00+00:00,2026-09-03T11:15:03.742310+00:00,11647.0,11763.0,11399.0,11642.0,11622.5693359375,1044157
2020-09-08 00:00:00+00:00,2020-09-09T00:00:00+00:00,2026-09-03T11:15:03.742310+00:00,12700.0,12960.0,12500.0,12900.0,12878.4697265625,6941235
2020-09-09 00:00:00+00:00,2020-09-10T00:00:00+00:00,2026-09-03T11:15:03.742310+00:00,12905.0,14277.0,12907.0,14194.0,14170.30859375,5533837
2020-09-10 00:00:00+00:00,2020-09-11T00:00:00+00:00,2026-09-03T11:15:03.742310+00:00,14297.0,14799.0,14137.0,14575.0,14550.6748046875,5646470
2020-09-11 00:00:00+00:00,2020-09-12T00:00:00+00:00,2026-09-03T11:15:03.742310+00:00,14600.0,15173.0,14475.0,14927.0,14902.087890625,4785298
2020-09-14 00:00:00+00:00,2020-09-15T00:00:00+00:00,2026-09-03T11:15:03.742310+00:00,15000.0,15075.0,14802.0,14988.0,14962.984375,2171211
2020-09-15 00:00:00+00:00,2020-09-16T00:00:00+00:00,2026-09-03T11:15:03.742310+00:00,14984.0,15164.0,14754.0,14900.0,14875.130859375,3208510
2020-09-16 00:00:00+00:00,2020-09-17T00:00:00+00:00,2026-09-03T11:15:03.742310+00:00,14701.0,14824.0,14372.0,14436.0,14411.9072265625,3822605
2020-09-17 00:00:00+00:00,2020-09-18T00:00:00+00:00,2026-09-03T11:15:03.742310+00:00,14350.0,14575.0,14227.0,14322.0,14298.0966796875,7327810
2020-09-18 00:00:00+00:00,2020-09-19T00:00:00+00:00,2026-09-03T11:15:03.742310+00:00,14325.0,14520.0,14164.0,14318.0,14294.1025390625,4145712
2020-09-21 00:00:00+00:00,2020-09-22T00:00:00+00:00,2026-09-03T11:15:03.742310+00:00,14421.0,14325.0,13900.0,14112.0,14088.447265625,2139782
2020-09-22 00:00:00+00:00,2020-09-23T00:00:00+00:00,2026-09-03T11:15:03.742310+00:00,14112.0,14469.0,13964.0,14399.0,14374.9677734375,2256602
2020-09-23 00:00:00+00:00,2020-09-24T00:00:00+00:00,2026-09-03T11:15:03.742310+00:00,14300.0,14534.0,14120.0,14200.0,14176.298828125,1753074
2020-09-25 00:00:00+00:00,2020-09-26T00:00:00+00:00,2026-09-03T11:15:03.742310+00:00,14110.0,14163.0,13905.0,14045.0,14021.55859375,1825138
2020-09-28 00:00:00+00:00,2020-09-29T00:00:00+00:00,2026-09-03T11:15:03.742310+00:00,14045.0,14293.0,13975.0,14134.0,14110.4091796875,1978790
2020-09-29 00:00:00+00:00,2020-09-30T00:00:00+00:00,2026-09-03T11:15:03.742310+00:00,14260.0,14407.0,13863.0,13997.0,13973.6396484375,3177389
2020-09-30 00:00:00+00:00,2020-10-01T00:00:00+00:00,2026-09-03T11:15:03.742310+00:00,13801.0,13937.0,13570.0,13665.0,13644.4052734375,2422535
2020-10-01 00:00:00+00:00,2020-10-02T00:00:00+00:00,2026-09-03T11:15:03.742310+00:00,13699.0,13824.0,13513.0,13584.0,13563.5263671875,2121933
2020-10-02 00:00:00+00:00,2020-10-03T00:00:00+00:00,2026-09-03T11:15:03.742310+00:00,13584.0,13772.0,13500.0,13633.0,13612.4560546875,2350121
2020-10-05 00:00:00+00:00,2020-10-06T00:00:00+00:00,2026-09-03T11:15:03.742310+00:00,13626.0,13750.0,13512.0,13617.0,13596.478515625,1393682
2020-10-06 00:00:00+00:00,2020-10-07T00:00:00+00:00,2026-09-03T11:15:03.742310+00:00,13749.0,13799.0,13282.0,13291.0,13270.96875,2625198
2020-10-07 00:00:00+00:00,2020-10-08T00:00:00+00:00,2026-09-03T11:15:03.742310+00:00,13300.0,13466.0,13291.0,13426.0,13405.763671875,2785664
2020-10-08 00:00:00+00:00,2020-10-09T00:00:00+00:00,2026-09-03T11:15:03.742310+00:00,13452.0,13971.0,13385.0,13839.0,13818.142578125,2547240
2020-10-09 00:00:00+00:00,2020-10-10T00:00:00+00:00,2026-09-03T11:15:03.742310+00:00,13923.0,13922.0,13609.0,13886.0,13865.0712890625,1643789
2020-10-12 00:00:00+00:00,2020-10-13T00:00:00+00:00,2026-09-03T11:15:03.742310+00:00,13920.0,14097.0,13645.0,13850.0,13829.126953125,1536731
2020-10-13 00:00:00+00:00,2020-10-14T00:00:00+00:00,2026-09-03T11:15:03.742310+00:00,14050.0,14142.0,13767.0,13866.0,13845.103515625,1332655
2020-10-14 00:00:00+00:00,2020-10-15T00:00:00+00:00,2026-09-03T11:15:03.742310+00:00,13750.0,13860.0,13575.0,13622.0,13601.4697265625,1349746
2020-10-15 00:00:00+00:00,2020-10-16T00:00:00+00:00,2026-09-03T11:15:03.742310+00:00,13500.0,13820.0,13428.0,13820.0,13799.171875,1683584
2020-10-16 00:00:00+00:00,2020-10-17T00:00:00+00:00,2026-09-03T11:15:03.742310+00:00,13866.0,14039.0,13791.0,13810.0,13789.1865234375,1557549
2020-10-19 00:00:00+00:00,2020-10-20T00:00:00+00:00,2026-09-03T11:15:03.742310+00:00,14000.0,13951.0,13674.0,13674.0,13653.392578125,1257446
2020-10-20 00:00:00+00:00,2020-10-21T00:00:00+00:00,2026-09-03T11:15:03.742310+00:00,13799.0,13992.0,13676.0,13757.0,13736.2666015625,953278
2020-10-21 00:00:00+00:00,2020-10-22T00:00:00+00:00,2026-09-03T11:15:03.742310+00:00,13800.0,13891.0,13688.0,13838.0,13817.1435546875,882130
2020-10-22 00:00:00+00:00,2020-10-23T00:00:00+00:00,2026-09-03T11:15:03.742310+00:00,13868.0,14482.0,13871.0,14444.0,14422.232421875,2645831
2020-10-23 00:00:00+00:00,2020-10-24T00:00:00+00:00,2026-09-03T11:15:03.742310+00:00,14444.0,14573.0,14097.0,14416.0,14394.275390625,2059116
2020-10-26 00:00:00+00:00,2020-10-27T00:00:00+00:00,2026-09-03T11:15:03.742310+00:00,14590.0,14577.0,14065.0,14200.0,14178.5986328125,1117386
2020-10-27 00:00:00+00:00,2020-10-28T00:00:00+00:00,2026-09-03T11:15:03.742310+00:00,14000.0,14230.0,13917.0,13940.0,13918.990234375,1283768
2020-10-28 00:00:00+00:00,2020-10-29T00:00:00+00:00,2026-09-03T11:15:03.742310+00:00,14031.0,13947.0,13523.0,13619.0,13598.4755859375,1091890
2020-10-29 00:00:00+00:00,2020-10-30T00:00:00+00:00,2026-09-03T11:15:03.742310+00:00,13619.0,13664.0,13097.0,13281.0,13260.9833984375,1408426
2020-10-30 00:00:00+00:00,2020-10-31T00:00:00+00:00,2026-09-03T11:15:03.742310+00:00,13122.0,13314.0,12828.0,12891.0,12871.5732421875,1859465
2020-11-02 00:00:00+00:00,2020-11-03T00:00:00+00:00,2026-09-03T11:15:03.742310+00:00,12925.0,13164.0,12854.0,12918.0,12898.5322265625,1169931
2020-11-03 00:00:00+00:00,2020-11-04T00:00:00+00:00,2026-09-03T11:15:03.742310+00:00,12918.0,13430.0,12924.0,13373.0,13352.8447265625,1536451
2020-11-04 00:00:00+00:00,2020-11-05T00:00:00+00:00,2026-09-03T11:15:03.742310+00:00,13890.0,13890.0,13265.0,13525.0,13504.6162109375,1157118
2020-11-05 00:00:00+00:00,2020-11-06T00:00:00+00:00,2026-09-03T11:15:03.742310+00:00,13799.0,13872.0,13317.0,13330.0,13309.9111328125,2078765
2020-11-06 00:00:00+00:00,2020-11-07T00:00:00+00:00,2026-09-03T11:15:03.742310+00:00,13489.0,13407.0,13083.0,13203.0,13183.1015625,1459870
2020-11-09 00:00:00+00:00,2020-11-10T00:00:00+00:00,2026-09-03T11:15:03.742310+00:00,13450.0,14533.0,13373.0,14261.0,14239.5068359375,3801486
2020-11-10 00:00:00+00:00,2020-11-11T00:00:00+00:00,2026-09-03T11:15:03.742310+00:00,13702.0,14100.0,13737.0,14028.0,14006.8603515625,2012643
2020-11-11 00:00:00+00:00,2020-11-12T00:00:00+00:00,2026-09-03T11:15:03.742310+00:00,14200.0,14653.0,13965.0,14340.0,14318.3876953125,2612065
2020-11-12 00:00:00+00:00,2020-11-13T00:00:00+00:00,2026-09-03T11:15:03.742310+00:00,14552.0,14559.0,14050.0,14411.0,14389.2802734375,2077206
2020-11-13 00:00:00+00:00,2020-11-14T00:00:00+00:00,2026-09-03T11:15:03.742310+00:00,14400.0,14460.0,14107.0,14433.0,14411.2490234375,2199386
2020-11-16 00:00:00+00:00,2020-11-17T00:00:00+00:00,2026-09-03T11:15:03.742310+00:00,14580.0,14524.0,13146.0,13222.0,13202.0732421875,3678814
2020-11-17 00:00:00+00:00,2020-11-18T00:00:00+00:00,2026-09-03T11:15:03.742310+00:00,13589.0,13747.0,13317.0,13492.0,13471.666015625,2477612
2020-11-18 00:00:00+00:00,2020-11-19T00:00:00+00:00,2026-09-03T11:15:03.742310+00:00,13590.0,13661.0,13249.0,13506.0,13485.6435546875,1695407
2020-11-19 00:00:00+00:00,2020-11-20T00:00:00+00:00,2026-09-03T11:15:03.742310+00:00,13450.0,13674.0,13110.0,13167.0,13147.1572265625,2096979
2020-11-20 00:00:00+00:00,2020-11-21T00:00:00+00:00,2026-09-03T11:15:03.742310+00:00,13167.0,13230.0,12797.0,12866.0,12846.6083984375,1499103
2020-11-23 00:00:00+00:00,2020-11-24T00:00:00+00:00,2026-09-03T11:15:03.742310+00:00,12923.0,13032.0,12562.0,12700.0,12680.8603515625,1936652
2020-11-24 00:00:00+00:00,2020-11-25T00:00:00+00:00,2026-09-03T11:15:03.742310+00:00,12807.0,13185.0,12807.0,13074.0,13054.296875,1533001
2020-11-25 00:00:00+00:00,2020-11-26T00:00:00+00:00,2026-09-03T11:15:03.742310+00:00,13332.0,13387.0,13057.0,13082.0,13062.28515625,1114580
2020-11-26 00:00:00+00:00,2020-11-27T00:00:00+00:00,2026-09-03T11:15:03.742310+00:00,13021.0,13233.0,13003.0,13142.0,13122.1943359375,700100
2020-11-27 00:00:00+00:00,2020-11-28T00:00:00+00:00,2026-09-03T11:15:03.742310+00:00,13147.0,13223.0,12751.0,12809.0,12789.6962890625,1726036
2020-11-30 00:00:00+00:00,2020-12-01T00:00:00+00:00,2026-09-03T11:15:03.742310+00:00,12799.0,12911.0,12503.0,12777.0,12757.7431640625,3611866
2020-12-01 00:00:00+00:00,2020-12-02T00:00:00+00:00,2026-09-03T11:15:03.742310+00:00,12960.0,12963.0,12670.0,12793.0,12773.7197265625,1396976
2020-12-02 00:00:00+00:00,2020-12-03T00:00:00+00:00,2026-09-03T11:15:03.742310+00:00,12850.0,13063.0,12458.0,12548.0,12529.087890625,2148829
2020-12-03 00:00:00+00:00,2020-12-04T00:00:00+00:00,2026-09-03T11:15:03.742310+00:00,12750.0,12852.0,12462.0,12770.0,12750.755859375,2265132
2020-12-04 00:00:00+00:00,2020-12-05T00:00:00+00:00,2026-09-03T11:15:03.742310+00:00,12555.0,13212.0,12593.0,13066.0,13046.306640625,2619234
2020-12-07 00:00:00+00:00,2020-12-08T00:00:00+00:00,2026-09-03T11:15:03.742310+00:00,12950.0,13240.0,12914.0,13069.0,13049.3046875,1644897
2020-12-08 00:00:00+00:00,2020-12-09T00:00:00+00:00,2026-09-03T11:15:03.742310+00:00,13100.0,13148.0,12855.0,13000.0,12980.408203125,1876572
2020-12-09 00:00:00+00:00,2020-12-10T00:00:00+00:00,2026-09-03T11:15:03.742310+00:00,13000.0,13124.0,12902.0,13092.0,13072.2685546875,1233730
2020-12-10 00:00:00+00:00,2020-12-11T00:00:00+00:00,2026-09-03T11:15:03.742310+00:00,13125.0,13248.0,12973.0,13094.0,13074.2666015625,1198235
2020-12-11 00:00:00+00:00,2020-12-12T00:00:00+00:00,2026-09-03T11:15:03.742310+00:00,13030.0,13062.0,12698.0,12752.0,12732.78125,2322113
2020-12-14 00:00:00+00:00,2020-12-15T00:00:00+00:00,2026-09-03T11:15:03.742310+00:00,12750.0,12989.0,12720.0,12851.0,12831.6318359375,2229444
2020-12-15 00:00:00+00:00,2020-12-16T00:00:00+00:00,2026-09-03T11:15:03.742310+00:00,12851.0,13249.0,12773.0,13140.0,13120.197265625,2447351
2020-12-17 00:00:00+00:00,2020-12-18T00:00:00+00:00,2026-09-03T11:15:03.742310+00:00,12922.0,13424.0,12977.0,13380.0,13359.8349609375,7345841
2020-12-18 00:00:00+00:00,2020-12-19T00:00:00+00:00,2026-09-03T11:15:03.742310+00:00,13380.0,13708.0,13127.0,13708.0,13687.33984375,3088347
2020-12-21 00:00:00+00:00,2020-12-22T00:00:00+00:00,2026-09-03T11:15:03.742310+00:00,13425.0,13597.0,12901.0,13050.0,13030.33203125,1022279
2020-12-22 00:00:00+00:00,2020-12-23T00:00:00+00:00,2026-09-03T11:15:03.742310+00:00,13020.0,13400.0,12921.0,13323.0,13302.921875,1241187
2020-12-23 00:00:00+00:00,2020-12-24T00:00:00+00:00,2026-09-03T11:15:03.742310+00:00,13110.0,13414.0,13111.0,13394.0,13373.814453125,700043
2020-12-24 00:00:00+00:00,2020-12-25T00:00:00+00:00,2026-09-03T11:15:03.742310+00:00,13394.0,13494.0,13319.0,13420.0,13399.7744140625,161003
2020-12-28 00:00:00+00:00,2020-12-29T00:00:00+00:00,2026-09-03T11:15:03.742310+00:00,13420.0,13546.0,13239.0,13491.0,13470.6669921875,289668
2020-12-29 00:00:00+00:00,2020-12-30T00:00:00+00:00,2026-09-03T11:15:03.742310+00:00,13200.0,13585.0,13221.0,13451.0,13430.7294921875,589578
2020-12-30 00:00:00+00:00,2020-12-31T00:00:00+00:00,2026-09-03T11:15:03.742310+00:00,13545.0,13599.0,13370.0,13562.0,13541.560546875,442985
2020-12-31 00:00:00+00:00,2021-01-01T00:00:00+00:00,2026-09-03T11:15:03.742310+00:00,13550.0,14027.0,13212.0,14000.0,13978.8994140625,846788
2021-01-04 00:00:00+00:00,2021-01-05T00:00:00+00:00,2026-09-03T11:15:03.742310+00:00,13957.0,13956.0,13000.0,13093.0,13073.2685546875,1834389
2021-01-05 00:00:00+00:00,2021-01-06T00:00:00+00:00,2026-09-03T11:15:03.742310+00:00,13093.0,13297.0,12717.0,12753.0,12733.78125,1694819
2021-01-06 00:00:00+00:00,2021-01-07T00:00:00+00:00,2026-09-03T11:15:03.742310+00:00,12753.0,13091.0,12792.0,13000.0,12980.408203125,943826
2021-01-07 00:00:00+00:00,2021-01-08T00:00:00+00:00,2026-09-03T11:15:03.742310+00:00,13002.0,13380.0,12972.0,13321.0,13300.9248046875,1229119
2021-01-08 00:00:00+00:00,2021-01-09T00:00:00+00:00,2026-09-03T11:15:03.742310+00:00,13390.0,13947.0,13290.0,13834.0,13813.1513671875,1741307
2021-01-11 00:00:00+00:00,2021-01-12T00:00:00+00:00,2026-09-03T11:15:03.742310+00:00,13650.0,13805.0,13400.0,13737.0,13716.2978515625,1226505
2021-01-12 00:00:00+00:00,2021-01-13T00:00:00+00:00,2026-09-03T11:15:03.742310+00:00,13800.0,13800.0,13240.0,13269.0,13249.001953125,1503076
2021-01-13 00:00:00+00:00,2021-01-14T00:00:00+00:00,2026-09-03T11:15:03.742310+00:00,13300.0,13685.0,13317.0,13447.0,13426.7333984375,1676457
2021-01-14 00:00:00+00:00,2021-01-15T00:00:00+00:00,2026-09-03T11:15:03.742310+00:00,13500.0,13583.0,13131.0,13296.0,13275.9619140625,1409276
2021-01-15 00:00:00+00:00,2021-01-16T00:00:00+00:00,2026-09-03T11:15:03.742310+00:00,13290.0,13576.0,13167.0,13496.0,13475.6611328125,1010145
2021-01-18 00:00:00+00:00,2021-01-19T00:00:00+00:00,2026-09-03T11:15:03.742310+00:00,13545.0,13680.0,13321.0,13435.0,13414.751953125,1284703
2021-01-19 00:00:00+00:00,2021-01-20T00:00:00+00:00,2026-09-03T11:15:03.742310+00:00,13500.0,14322.0,13549.0,14094.0,14072.7587890625,1957828
2021-01-20 00:00:00+00:00,2021-01-21T00:00:00+00:00,2026-09-03T11:15:03.742310+00:00,13994.0,14057.0,13733.0,13733.0,13712.302734375,1156485
2021-01-21 00:00:00+00:00,2021-01-22T00:00:00+00:00,2026-09-03T11:15:03.742310+00:00,13733.0,13987.0,13639.0,13784.0,13763.2255859375,836199
2021-01-22 00:00:00+00:00,2021-01-23T00:00:00+00:00,2026-09-03T11:15:03.742310+00:00,13784.0,13785.0,13527.0,13663.0,13642.408203125,834503
2021-01-25 00:00:00+00:00,2021-01-26T00:00:00+00:00,2026-09-03T11:15:03.742310+00:00,13914.0,14165.0,13700.0,13900.0,13879.05078125,1649544
2021-01-26 00:00:00+00:00,2021-01-27T00:00:00+00:00,2026-09-03T11:15:03.742310+00:00,13864.0,14218.0,13841.0,14193.0,14171.609375,1850982
2021-01-27 00:00:00+00:00,2021-01-28T00:00:00+00:00,2026-09-03T11:15:03.742310+00:00,14100.0,14539.0,13999.0,14515.0,14493.1240234375,2352395
2021-01-28 00:00:00+00:00,2021-01-29T00:00:00+00:00,2026-09-03T11:15:03.742310+00:00,14481.0,14556.0,14036.0,14041.0,14019.8388671875,940148
2021-01-29 00:00:00+00:00,2021-01-30T00:00:00+00:00,2026-09-03T11:15:03.742310+00:00,14030.0,14045.0,13622.0,14012.0,13990.8818359375,3556902
2021-02-01 00:00:00+00:00,2021-02-02T00:00:00+00:00,2026-09-03T11:15:03.742310+00:00,14220.0,14098.0,13629.0,13745.0,13724.2841796875,1289449
2021-02-02 00:00:00+00:00,2021-02-03T00:00:00+00:00,2026-09-03T11:15:03.742310+00:00,13780.0,13935.0,13747.0,13790.0,13769.21484375,1207996
2021-02-03 00:00:00+00:00,2021-02-04T00:00:00+00:00,2026-09-03T11:15:03.742310+00:00,13920.0,13955.0,13437.0,13470.0,13449.7001953125,1661700
2021-02-04 00:00:00+00:00,2021-02-05T00:00:00+00:00,2026-09-03T11:15:03.742310+00:00,13452.0,13922.0,13388.0,13855.0,13834.1201171875,2248954
2021-02-05 00:00:00+00:00,2021-02-06T00:00:00+00:00,2026-09-03T11:15:03.742310+00:00,13900.0,13974.0,13690.0,13751.0,13730.2744140625,2132318
2021-02-08 00:00:00+00:00,2021-02-09T00:00:00+00:00,2026-09-03T11:15:03.742310+00:00,13800.0,14171.0,13718.0,14171.0,14149.6435546875,1965127
2021-02-09 00:00:00+00:00,2021-02-10T00:00:00+00:00,2026-09-03T11:15:03.742310+00:00,14200.0,14775.0,14100.0,14775.0,14752.7333984375,2338704
2021-02-10 00:00:00+00:00,2021-02-11T00:00:00+00:00,2026-09-03T11:15:03.742310+00:00,14800.0,14841.0,14399.0,14549.0,14527.072265625,1578881
2021-02-11 00:00:00+00:00,2021-02-12T00:00:00+00:00,2026-09-03T11:15:03.742310+00:00,14550.0,14635.0,14153.0,14209.0,14187.5869140625,1679765
2021-02-12 00:00:00+00:00,2021-02-13T00:00:00+00:00,2026-09-03T11:15:03.742310+00:00,14251.0,14650.0,14130.0,14444.0,14422.232421875,1141860
2021-02-15 00:00:00+00:00,2021-02-16T00:00:00+00:00,2026-09-03T11:15:03.742310+00:00,14695.0,14931.0,14338.0,14502.0,14480.1435546875,1825775
2021-02-16 00:00:00+00:00,2021-02-17T00:00:00+00:00,2026-09-03T11:15:03.742310+00:00,14505.0,14903.0,14502.0,14632.0,14609.9482421875,1698962
2021-02-17 00:00:00+00:00,2021-02-18T00:00:00+00:00,2026-09-03T11:15:03.742310+00:00,14889.0,14888.0,14264.0,14444.0,14422.232421875,1218266
2021-02-18 00:00:00+00:00,2021-02-19T00:00:00+00:00,2026-09-03T11:15:03.742310+00:00,14500.0,14650.0,14138.0,14249.0,14227.5263671875,1639187
2021-02-19 00:00:00+00:00,2021-02-20T00:00:00+00:00,2026-09-03T11:15:03.742310+00:00,14450.0,14493.0,14033.0,14124.0,14102.71484375,1411703
2021-02-22 00:00:00+00:00,2021-02-23T00:00:00+00:00,2026-09-03T11:15:03.742310+00:00,14124.0,14273.0,13924.0,14131.0,14109.703125,971934
2021-02-23 00:00:00+00:00,2021-02-24T00:00:00+00:00,2026-09-03T11:15:03.742310+00:00,14135.0,14177.0,13785.0,13818.0,13797.173828125,1038069
2021-02-24 00:00:00+00:00,2021-02-25T00:00:00+00:00,2026-09-03T11:15:03.742310+00:00,13888.0,14344.0,13889.0,13995.0,13973.9072265625,1372763
2021-02-25 00:00:00+00:00,2021-02-26T00:00:00+00:00,2026-09-03T11:15:03.742310+00:00,14010.0,14399.0,13550.0,13693.0,13672.3642578125,1890304
2021-02-26 00:00:00+00:00,2021-02-27T00:00:00+00:00,2026-09-03T11:15:03.742310+00:00,13501.0,13611.0,13250.0,13307.0,13286.943359375,3566957
2021-03-01 00:00:00+00:00,2021-03-02T00:00:00+00:00,2026-09-03T11:15:03.742310+00:00,13377.0,13658.0,13350.0,13417.0,13396.779296875,1864619
2021-03-02 00:00:00+00:00,2021-03-03T00:00:00+00:00,2026-09-03T11:15:03.742310+00:00,13310.0,13550.0,13284.0,13297.0,13276.958984375,1678203
2021-03-03 00:00:00+00:00,2021-03-04T00:00:00+00:00,2026-09-03T11:15:03.742310+00:00,13400.0,13450.0,13100.0,13100.0,13080.2578125,1679828
2021-03-04 00:00:00+00:00,2021-03-05T00:00:00+00:00,2026-09-03T11:15:03.742310+00:00,13185.0,13718.0,13126.0,13592.0,13571.515625,2204225
2021-03-05 00:00:00+00:00,2021-03-06T00:00:00+00:00,2026-09-03T11:15:03.742310+00:00,13590.0,13633.0,13363.0,13433.0,13412.755859375,1055999
2021-03-08 00:00:00+00:00,2021-03-09T00:00:00+00:00,2026-09-03T11:15:03.742310+00:00,13359.0,13668.0,13322.0,13590.0,13569.5185546875,1528061
2021-03-09 00:00:00+00:00,2021-03-10T00:00:00+00:00,2026-09-03T11:15:03.742310+00:00,13610.0,14286.0,13475.0,14107.0,14085.740234375,2564165
2021-03-10 00:00:00+00:00,2021-03-11T00:00:00+00:00,2026-09-03T11:15:03.742310+00:00,14107.0,14384.0,13722.0,14025.0,14003.861328125,2292523
2021-03-11 00:00:00+00:00,2021-03-12T00:00:00+00:00,2026-09-03T11:15:03.742310+00:00,14175.0,14089.0,13885.0,13923.0,13902.0166015625,1418527
2021-03-12 00:00:00+00:00,2021-03-13T00:00:00+00:00,2026-09-03T11:15:03.742310+00:00,13860.0,14348.0,13760.0,14348.0,14326.375,1679998
2021-03-15 00:00:00+00:00,2021-03-16T00:00:00+00:00,2026-09-03T11:15:03.742310+00:00,14348.0,14567.0,14051.0,14524.0,14502.111328125,2185284
2021-03-16 00:00:00+00:00,2021-03-17T00:00:00+00:00,2026-09-03T11:15:03.742310+00:00,14822.0,15342.0,14649.0,15164.0,15141.146484375,2494324
2021-03-17 00:00:00+00:00,2021-03-18T00:00:00+00:00,2026-09-03T11:15:03.742310+00:00,15342.0,16114.0,15349.0,15758.0,15734.251953125,3501639
2021-03-18 00:00:00+00:00,2021-03-19T00:00:00+00:00,2026-09-03T11:15:03.742310+00:00,15900.0,16184.0,15550.0,15758.0,15734.251953125,4638255
2021-03-19 00:00:00+00:00,2021-03-20T00:00:00+00:00,2026-09-03T11:15:03.742310+00:00,15749.0,15990.0,15573.0,15731.0,15707.29296875,3192710
2021-03-23 00:00:00+00:00,2021-03-24T00:00:00+00:00,2026-09-03T11:15:03.742310+00:00,15510.0,15685.0,15271.0,15624.0,15600.4541015625,1677192
2021-03-24 00:00:00+00:00,2021-03-25T00:00:00+00:00,2026-09-03T11:15:03.742310+00:00,15333.0,15639.0,15160.0,15306.0,15282.931640625,1350254
2021-03-25 00:00:00+00:00,2021-03-26T00:00:00+00:00,2026-09-03T11:15:03.742310+00:00,15290.0,15503.5,15043.0,15329.0,15305.8984375,1612239
2021-03-26 00:00:00+00:00,2021-03-27T00:00:00+00:00,2026-09-03T11:15:03.742310+00:00,15402.0,16290.0,15457.0,16173.0,16148.625,2049019
2021-03-29 00:00:00+00:00,2021-03-30T00:00:00+00:00,2026-09-03T11:15:03.742310+00:00,16250.0,16306.0,15723.0,15912.0,15888.017578125,1674276
2021-03-30 00:00:00+00:00,2021-03-31T00:00:00+00:00,2026-09-03T11:15:03.742310+00:00,15914.0,16200.0,15857.0,16200.0,16175.583984375,1020773
2021-03-31 00:00:00+00:00,2021-04-01T00:00:00+00:00,2026-09-03T11:15:03.742310+00:00,16173.0,16145.0,15666.0,15712.0,15688.3212890625,1592383
2021-04-01 00:00:00+00:00,2021-04-02T00:00:00+00:00,2026-09-03T11:15:03.742310+00:00,15713.0,15854.0,15478.0,15619.0,15595.4619140625,1414086
2021-04-06 00:00:00+00:00,2021-04-07T00:00:00+00:00,2026-09-03T11:15:03.742310+00:00,15650.0,15887.0,15536.0,15750.0,15726.263671875,970851
2021-04-07 00:00:00+00:00,2021-04-08T00:00:00+00:00,2026-09-03T11:15:03.742310+00:00,15505.0,15803.0,15148.0,15278.0,15256.8251953125,1878267
2021-04-08 00:00:00+00:00,2021-04-09T00:00:00+00:00,2026-09-03T11:15:03.742310+00:00,15311.0,15524.0,15025.0,15098.0,15077.07421875,1561919
2021-04-09 00:00:00+00:00,2021-04-10T00:00:00+00:00,2026-09-03T11:15:03.742310+00:00,15200.0,15200.0,14930.0,15065.0,15044.1201171875,1373924
2021-04-12 00:00:00+00:00,2021-04-13T00:00:00+00:00,2026-09-03T11:15:03.742310+00:00,14930.0,15324.0,14886.0,15295.0,15273.8017578125,1022620
2021-04-13 00:00:00+00:00,2021-04-14T00:00:00+00:00,2026-09-03T11:15:03.742310+00:00,15450.0,15444.0,14950.0,15023.0,15002.177734375,1319643
2021-04-14 00:00:00+00:00,2021-04-15T00:00:00+00:00,2026-09-03T11:15:03.742310+00:00,15023.0,15115.0,14806.0,14929.0,14908.30859375,1108843
2021-04-15 00:00:00+00:00,2021-04-16T00:00:00+00:00,2026-09-03T11:15:03.742310+00:00,15188.0,15239.0,14935.0,15029.0,15008.1689453125,2561680
2021-04-16 00:00:00+00:00,2021-04-17T00:00:00+00:00,2026-09-03T11:15:03.742310+00:00,15000.0,15093.0,14778.0,14835.0,14814.439453125,3020265
2021-04-19 00:00:00+00:00,2021-04-20T00:00:00+00:00,2026-09-03T11:15:03.742310+00:00,14998.0,14994.0,14683.0,14775.0,14754.5244140625,2012283
2021-04-20 00:00:00+00:00,2021-04-21T00:00:00+00:00,2026-09-03T11:15:03.742310+00:00,14780.0,14910.0,14454.0,14526.0,14505.8671875,2057096
2021-04-21 00:00:00+00:00,2021-04-22T00:00:00+00:00,2026-09-03T11:15:03.742310+00:00,14690.0,14659.0,14344.0,14546.0,14525.83984375,1444462
2021-04-22 00:00:00+00:00,2021-04-23T00:00:00+00:00,2026-09-03T11:15:03.742310+00:00,14580.0,14826.0,14523.0,14752.0,14731.5537109375,1066225
2021-04-23 00:00:00+00:00,2021-04-24T00:00:00+00:00,2026-09-03T11:15:03.742310+00:00,14800.0,14888.0,14554.0,14592.0,14571.77734375,1270024
2021-04-26 00:00:00+00:00,2021-04-27T00:00:00+00:00,2026-09-03T11:15:03.742310+00:00,14500.0,14963.0,14500.0,14863.0,14842.3984375,3229402
2021-04-28 00:00:00+00:00,2021-04-29T00:00:00+00:00,2026-09-03T11:15:03.742310+00:00,14872.0,14913.0,14657.0,14800.0,14779.4892578125,1419056
2021-04-29 00:00:00+00:00,2021-04-30T00:00:00+00:00,2026-09-03T11:15:03.742310+00:00,14802.0,14937.0,14512.0,14551.0,14530.83203125,3517030
2021-04-30 00:00:00+00:00,2021-05-01T00:00:00+00:00,2026-09-03T11:15:03.742310+00:00,14501.0,14620.0,14301.0,14459.0,14438.9609375,2981879
2021-05-03 00:00:00+00:00,2021-05-04T00:00:00+00:00,2026-09-03T11:15:03.742310+00:00,14550.0,14620.0,14259.0,14411.0,14391.0263671875,777498
2021-05-04 00:00:00+00:00,2021-05-05T00:00:00+00:00,2026-09-03T11:15:03.742310+00:00,14450.0,14631.0,14318.0,14438.0,14417.9912109375,1126658
2021-05-05 00:00:00+00:00,2021-05-06T00:00:00+00:00,2026-09-03T11:15:03.742310+00:00,14657.0,14719.0,14485.0,14606.0,14585.755859375,3098264
2021-05-06 00:00:00+00:00,2021-05-07T00:00:00+00:00,2026-09-03T11:15:03.742310+00:00,14610.0,14842.0,14546.0,14842.0,14821.4306640625,1586386
2021-05-07 00:00:00+00:00,2021-05-08T00:00:00+00:00,2026-09-03T11:15:03.742310+00:00,14900.0,14993.0,14716.0,14914.0,14893.3291015625,1570994
2021-05-10 00:00:00+00:00,2021-05-11T00:00:00+00:00,2026-09-03T11:15:03.742310+00:00,14937.0,15119.0,14707.0,14803.0,14782.4833984375,1690281
2021-05-11 00:00:00+00:00,2021-05-12T00:00:00+00:00,2026-09-03T11:15:03.742310+00:00,14800.0,14999.0,14640.0,14758.0,14737.546875,1444981
2021-05-12 00:00:00+00:00,2021-05-13T00:00:00+00:00,2026-09-03T11:15:03.742310+00:00,14750.0,14854.0,14567.0,14673.0,14652.6630859375,905127
2021-05-13 00:00:00+00:00,2021-05-14T00:00:00+00:00,2026-09-03T11:15:03.742310+00:00,14723.0,14749.0,14532.0,14574.0,14553.80078125,2029217
2021-05-14 00:00:00+00:00,2021-05-15T00:00:00+00:00,2026-09-03T11:15:03.742310+00:00,14740.0,14883.0,14494.0,14581.0,14560.79296875,2399364
2021-05-17 00:00:00+00:00,2021-05-18T00:00:00+00:00,2026-09-03T11:15:03.742310+00:00,14590.0,14984.0,14609.0,14878.0,14857.3798828125,2276954
2021-05-18 00:00:00+00:00,2021-05-19T00:00:00+00:00,2026-09-03T11:15:03.742310+00:00,15080.0,15436.0,14955.0,15368.0,15346.701171875,2292698
2021-05-19 00:00:00+00:00,2021-05-20T00:00:00+00:00,2026-09-03T11:15:03.742310+00:00,15320.0,15565.0,15210.0,15394.0,15372.6640625,1902502
2021-05-20 00:00:00+00:00,2021-05-21T00:00:00+00:00,2026-09-03T11:15:03.742310+00:00,15310.0,15482.0,15230.0,15385.0,15363.6767578125,1283478
2021-05-21 00:00:00+00:00,2021-05-22T00:00:00+00:00,2026-09-03T11:15:03.742310+00:00,15211.0,15562.0,15216.0,15514.0,15492.4970703125,1263437
2021-05-24 00:00:00+00:00,2021-05-25T00:00:00+00:00,2026-09-03T11:15:03.742310+00:00,15516.0,15702.0,15064.0,15227.0,15205.8955078125,2025637
2021-05-25 00:00:00+00:00,2021-05-26T00:00:00+00:00,2026-09-03T11:15:03.742310+00:00,15200.0,15488.0,15143.0,15430.0,15408.6142578125,1668689
2021-05-26 00:00:00+00:00,2021-05-27T00:00:00+00:00,2026-09-03T11:15:03.742310+00:00,15250.0,15480.0,15256.0,15418.0,15396.62890625,1096477
2021-05-27 00:00:00+00:00,2021-05-28T00:00:00+00:00,2026-09-03T11:15:03.742310+00:00,15415.0,15624.0,15319.0,15551.0,15529.447265625,4688050
2021-05-28 00:00:00+00:00,2021-05-29T00:00:00+00:00,2026-09-03T11:15:03.742310+00:00,15400.0,15515.0,15217.0,15271.0,15249.8349609375,2019393
2021-05-31 00:00:00+00:00,2021-06-01T00:00:00+00:00,2026-09-03T11:15:03.742310+00:00,15260.0,15467.0,15234.0,15461.0,15439.5712890625,1169617
2021-06-01 00:00:00+00:00,2021-06-02T00:00:00+00:00,2026-09-03T11:15:03.742310+00:00,15499.0,15620.0,15341.0,15603.0,15581.3740234375,734640
2021-06-02 00:00:00+00:00,2021-06-03T00:00:00+00:00,2026-09-03T11:15:03.742310+00:00,15641.0,16384.0,15554.0,15913.0,15890.9453125,1924933
2021-06-03 00:00:00+00:00,2021-06-04T00:00:00+00:00,2026-09-03T11:15:03.742310+00:00,15999.0,16246.0,15779.0,16200.0,16177.5478515625,1746137
2021-06-04 00:00:00+00:00,2021-06-05T00:00:00+00:00,2026-09-03T11:15:03.742310+00:00,16011.0,16208.0,15663.0,15926.0,15903.927734375,973006
2021-06-07 00:00:00+00:00,2021-06-08T00:00:00+00:00,2026-09-03T11:15:03.742310+00:00,15721.0,15959.0,15729.0,15768.0,15746.1455078125,552050
2021-06-08 00:00:00+00:00,2021-06-09T00:00:00+00:00,2026-09-03T11:15:03.742310+00:00,15910.0,15900.0,15635.0,15714.0,15692.2216796875,658019
2021-06-09 00:00:00+00:00,2021-06-10T00:00:00+00:00,2026-09-03T11:15:03.742310+00:00,15640.0,15860.0,15637.0,15760.0,15738.158203125,1040119
2021-06-10 00:00:00+00:00,2021-06-11T00:00:00+00:00,2026-09-03T11:15:03.742310+00:00,15759.0,15869.0,15528.0,15684.0,15662.2626953125,1213582
2021-06-11 00:00:00+00:00,2021-06-12T00:00:00+00:00,2026-09-03T11:15:03.742310+00:00,15910.0,15896.0,15384.0,15429.0,15407.6162109375,601955
2021-06-14 00:00:00+00:00,2021-06-15T00:00:00+00:00,2026-09-03T11:15:03.742310+00:00,15625.0,15870.0,15552.0,15736.0,15714.189453125,1065859
2021-06-15 00:00:00+00:00,2021-06-16T00:00:00+00:00,2026-09-03T11:15:03.742310+00:00,15502.0,15850.0,15440.0,15567.0,15545.42578125,815257
2021-06-17 00:00:00+00:00,2021-06-18T00:00:00+00:00,2026-09-03T11:15:03.742310+00:00,15350.0,15645.0,15261.0,15427.0,15405.6181640625,5397846
2021-06-18 00:00:00+00:00,2021-06-19T00:00:00+00:00,2026-09-03T11:15:03.742310+00:00,15500.0,15945.0,15389.0,15552.0,15530.4462890625,3188200
2021-06-21 00:00:00+00:00,2021-06-22T00:00:00+00:00,2026-09-03T11:15:03.742310+00:00,15295.0,15639.0,15249.0,15433.0,15411.6103515625,836391
2021-06-22 00:00:00+00:00,2021-06-23T00:00:00+00:00,2026-09-03T11:15:03.742310+00:00,15400.0,15757.0,15174.0,15250.0,15228.865234375,1262966
2021-06-23 00:00:00+00:00,2021-06-24T00:00:00+00:00,2026-09-03T11:15:03.742310+00:00,15101.0,15500.0,15084.0,15228.0,15206.89453125,2483979
2021-06-24 00:00:00+00:00,2021-06-25T00:00:00+00:00,2026-09-03T11:15:03.742310+00:00,15110.0,15399.0,15117.0,15362.0,15340.7099609375,897720
2021-06-25 00:00:00+00:00,2021-06-26T00:00:00+00:00,2026-09-03T11:15:03.742310+00:00,15450.0,15466.0,15300.0,15400.0,15378.6552734375,991034
2021-06-28 00:00:00+00:00,2021-06-29T00:00:00+00:00,2026-09-03T11:15:03.742310+00:00,15250.0,15545.0,15118.0,15277.0,15255.826171875,1525339
2021-06-29 00:00:00+00:00,2021-06-30T00:00:00+00:00,2026-09-03T11:15:03.742310+00:00,15138.0,15633.0,15153.0,15547.0,15525.453125,975997
2021-06-30 00:00:00+00:00,2021-07-01T00:00:00+00:00,2026-09-03T11:15:03.742310+00:00,15780.0,15715.0,15461.0,15544.0,15522.4580078125,1669869
2021-07-01 00:00:00+00:00,2021-07-02T00:00:00+00:00,2026-09-03T11:15:03.742310+00:00,15600.0,15844.0,15510.0,15680.0,15658.2685546875,902643
2021-07-02 00:00:00+00:00,2021-07-03T00:00:00+00:00,2026-09-03T11:15:03.742310+00:00,15800.0,15765.0,15420.0,15556.0,15534.44140625,630480
2021-07-05 00:00:00+00:00,2021-07-06T00:00:00+00:00,2026-09-03T11:15:03.742310+00:00,15592.0,15761.0,15400.0,15511.0,15489.501953125,499102
2021-07-06 00:00:00+00:00,2021-07-07T00:00:00+00:00,2026-09-03T11:15:03.742310+00:00,15490.0,15774.0,15421.0,15753.0,15731.1669921875,962147
2021-07-07 00:00:00+00:00,2021-07-08T00:00:00+00:00,2026-09-03T11:15:03.742310+00:00,15899.0,16025.0,15722.0,16016.0,15993.8037109375,929325
2021-07-08 00:00:00+00:00,2021-07-09T00:00:00+00:00,2026-09-03T11:15:03.742310+00:00,16016.0,16271.0,15859.0,16105.0,16082.6787109375,1340584
2021-07-09 00:00:00+00:00,2021-07-10T00:00:00+00:00,2026-09-03T11:15:03.742310+00:00,16000.0,16250.0,15700.0,15787.0,15765.1201171875,1176688
2021-07-12 00:00:00+00:00,2021-07-13T00:00:00+00:00,2026-09-03T11:15:03.742310+00:00,15670.0,15964.0,15539.0,15964.0,15941.8740234375,1263320
2021-07-13 00:00:00+00:00,2021-07-14T00:00:00+00:00,2026-09-03T11:15:03.742310+00:00,15818.0,15928.0,15283.0,15308.0,15286.783203125,1851067
2021-07-14 00:00:00+00:00,2021-07-15T00:00:00+00:00,2026-09-03T11:15:03.742310+00:00,15300.0,15619.0,15182.0,15500.0,15478.517578125,1856223
2021-07-15 00:00:00+00:00,2021-07-16T00:00:00+00:00,2026-09-03T11:15:03.742310+00:00,15480.0,15803.0,15501.0,15570.0,15548.4208984375,733386
2021-07-16 00:00:00+00:00,2021-07-17T00:00:00+00:00,2026-09-03T11:15:03.742310+00:00,15637.0,15856.0,15415.0,15778.0,15756.1318359375,1442371
2021-07-19 00:00:00+00:00,2021-07-20T00:00:00+00:00,2026-09-03T11:15:03.742310+00:00,15500.0,15814.0,15548.0,15691.0,15669.2529296875,716595
2021-07-20 00:00:00+00:00,2021-07-21T00:00:00+00:00,2026-09-03T11:15:03.742310+00:00,15513.0,15785.0,15520.0,15550.0,15528.4482421875,1028141
2021-07-21 00:00:00+00:00,2021-07-22T00:00:00+00:00,2026-09-03T11:15:03.742310+00:00,15558.0,15678.0,15470.0,15523.0,15501.4853515625,679898
2021-07-22 00:00:00+00:00,2021-07-23T00:00:00+00:00,2026-09-03T11:15:03.742310+00:00,15500.0,15773.0,15450.0,15540.0,15518.4609375,1682795
2021-07-23 00:00:00+00:00,2021-07-24T00:00:00+00:00,2026-09-03T11:15:03.742310+00:00,15508.0,15735.0,15507.0,15718.0,15696.2138671875,868885
2021-07-26 00:00:00+00:00,2021-07-27T00:00:00+00:00,2026-09-03T11:15:03.742310+00:00,15750.0,15850.0,15489.0,15500.0,15478.517578125,1063162
2021-07-27 00:00:00+00:00,2021-07-28T00:00:00+00:00,2026-09-03T11:15:03.742310+00:00,15505.0,15811.0,15523.0,15638.0,15616.326171875,1315823
2021-07-28 00:00:00+00:00,2021-07-29T00:00:00+00:00,2026-09-03T11:15:03.742310+00:00,15627.0,15851.0,15562.0,15719.0,15697.212890625,750986
2021-07-29 00:00:00+00:00,2021-07-30T00:00:00+00:00,2026-09-03T11:15:03.742310+00:00,15657.0,15864.0,15659.0,15814.0,15792.0810546875,805497
2021-07-30 00:00:00+00:00,2021-07-31T00:00:00+00:00,2026-09-03T11:15:03.742310+00:00,15700.0,16040.0,15768.0,16040.0,16017.7685546875,1973990
2021-08-02 00:00:00+00:00,2021-08-03T00:00:00+00:00,2026-09-03T11:15:03.742310+00:00,16050.0,16100.0,15924.0,15939.0,15916.908203125,534820
2021-08-03 00:00:00+00:00,2021-08-04T00:00:00+00:00,2026-09-03T11:15:03.742310+00:00,16179.0,16332.0,16000.0,16320.0,16297.3818359375,1216747
2021-08-04 00:00:00+00:00,2021-08-05T00:00:00+00:00,2026-09-03T11:15:03.742310+00:00,16347.0,16402.0,16148.0,16148.0,16125.619140625,1126726
2021-08-05 00:00:00+00:00,2021-08-06T00:00:00+00:00,2026-09-03T11:15:03.742310+00:00,16428.0,16839.0,16364.0,16729.0,16705.81640625,1607205
2021-08-06 00:00:00+00:00,2021-08-07T00:00:00+00:00,2026-09-03T11:15:03.742310+00:00,16728.0,16805.0,16546.0,16546.0,16523.064453125,1242719
2021-08-10 00:00:00+00:00,2021-08-11T00:00:00+00:00,2026-09-03T11:15:03.742310+00:00,16572.0,16635.0,16077.0,16185.0,16162.568359375,1551581
2021-08-11 00:00:00+00:00,2021-08-12T00:00:00+00:00,2026-09-03T11:15:03.742310+00:00,16085.0,16383.0,16149.0,16285.0,16262.4306640625,1390412
2021-08-12 00:00:00+00:00,2021-08-13T00:00:00+00:00,2026-09-03T11:15:03.742310+00:00,16281.0,16616.0,16150.0,16382.0,16359.2958984375,1702185
2021-08-13 00:00:00+00:00,2021-08-14T00:00:00+00:00,2026-09-03T11:15:03.742310+00:00,16280.0,16606.0,16251.0,16560.0,16537.046875,1122292
2021-08-16 00:00:00+00:00,2021-08-17T00:00:00+00:00,2026-09-03T11:15:03.742310+00:00,16893.0,16950.0,16598.0,16798.0,16774.720703125,1256218
2021-08-17 00:00:00+00:00,2021-08-18T00:00:00+00:00,2026-09-03T11:15:03.742310+00:00,16751.0,17183.0,16663.0,16991.0,16967.451171875,2856071
2021-08-18 00:00:00+00:00,2021-08-19T00:00:00+00:00,2026-09-03T11:15:03.742310+00:00,16991.0,16991.0,16703.0,16800.0,16776.71875,1144419
2021-08-19 00:00:00+00:00,2021-08-20T00:00:00+00:00,2026-09-03T11:15:03.742310+00:00,16798.0,16991.0,16593.0,16699.0,16675.859375,1437808
2021-08-20 00:00:00+00:00,2021-08-21T00:00:00+00:00,2026-09-03T11:15:03.742310+00:00,16900.0,17080.0,16528.0,16970.0,16946.48046875,1237039
2021-08-23 00:00:00+00:00,2021-08-24T00:00:00+00:00,2026-09-03T11:15:03.742310+00:00,17050.0,17737.0,17083.0,17723.0,17698.4375,1297463
2021-08-24 00:00:00+00:00,2021-08-25T00:00:00+00:00,2026-09-03T11:15:03.742310+00:00,17740.0,18456.0,17720.0,18184.0,18158.794921875,2430508
2021-08-25 00:00:00+00:00,2021-08-26T00:00:00+00:00,2026-09-03T11:15:03.742310+00:00,18050.0,18380.0,17838.0,17936.0,17911.140625,1597641
2021-08-26 00:00:00+00:00,2021-08-27T00:00:00+00:00,2026-09-03T11:15:03.742310+00:00,17969.0,18000.0,17838.0,17927.0,17902.15234375,1091770
2021-08-27 00:00:00+00:00,2021-08-28T00:00:00+00:00,2026-09-03T11:15:03.742310+00:00,17889.0,17972.0,17669.0,17825.0,17800.29296875,988510
2021-08-30 00:00:00+00:00,2021-08-31T00:00:00+00:00,2026-09-03T11:15:03.742310+00:00,17601.0,18081.0,17601.0,18022.0,17997.021484375,609217
2021-08-31 00:00:00+00:00,2021-09-01T00:00:00+00:00,2026-09-03T11:15:03.742310+00:00,18000.0,18457.0,17966.0,18385.0,18359.521484375,2116002
2021-09-01 00:00:00+00:00,2021-09-02T00:00:00+00:00,2026-09-03T11:15:03.742310+00:00,18050.0,18462.0,18064.0,18189.0,18163.791015625,1047973
2021-09-02 00:00:00+00:00,2021-09-03T00:00:00+00:00,2026-09-03T11:15:03.742310+00:00,18122.0,18200.0,17940.0,18097.0,18071.91796875,946466
2021-09-03 00:00:00+00:00,2021-09-04T00:00:00+00:00,2026-09-03T11:15:03.742310+00:00,17942.0,18259.0,17919.0,18259.0,18233.693359375,1075414
2021-09-06 00:00:00+00:00,2021-09-07T00:00:00+00:00,2026-09-03T11:15:03.742310+00:00,18250.0,18333.0,17700.0,17880.0,17855.21875,1170771
2021-09-07 00:00:00+00:00,2021-09-08T00:00:00+00:00,2026-09-03T11:15:03.742310+00:00,17920.0,18669.0,17890.0,18340.0,18314.578125,2222737
2021-09-08 00:00:00+00:00,2021-09-09T00:00:00+00:00,2026-09-03T11:15:03.742310+00:00,18500.0,18836.0,18052.0,18440.0,18414.44140625,1842578
2021-09-09 00:00:00+00:00,2021-09-10T00:00:00+00:00,2026-09-03T11:15:03.742310+00:00,18438.0,18454.0,17945.0,18075.0,18049.947265625,1805994
2021-09-10 00:00:00+00:00,2021-09-11T00:00:00+00:00,2026-09-03T11:15:03.742310+00:00,18035.0,18036.0,17835.0,17916.0,17891.169921875,1245280
2021-09-13 00:00:00+00:00,2021-09-14T00:00:00+00:00,2026-09-03T11:15:03.742310+00:00,17870.0,18156.0,17458.0,18104.0,18078.908203125,1822083
2021-09-14 00:00:00+00:00,2021-09-15T00:00:00+00:00,2026-09-03T11:15:03.742310+00:00,18126.0,18292.0,17962.0,18131.0,18105.87109375,2986141
2021-09-15 00:00:00+00:00,2021-09-16T00:00:00+00:00,2026-09-03T11:15:03.742310+00:00,18200.0,18272.0,18077.0,18210.0,18184.76171875,1510195
2021-09-16 00:00:00+00:00,2021-09-17T00:00:00+00:00,2026-09-03T11:15:03.742310+00:00,18300.0,18286.5,17970.0,18085.0,18059.935546875,5732614
2021-09-17 00:00:00+00:00,2021-09-18T00:00:00+00:00,2026-09-03T11:15:03.742310+00:00,18250.0,18654.0,18101.0,18407.0,18381.490234375,5548980
2021-09-20 00:00:00+00:00,2021-09-21T00:00:00+00:00,2026-09-03T11:15:03.742310+00:00,18172.0,18320.0,17992.0,18281.0,18255.662109375,1647315
2021-09-21 00:00:00+00:00,2021-09-22T00:00:00+00:00,2026-09-03T11:15:03.742310+00:00,18101.0,18921.0,18192.0,18690.0,18664.09375,2585114
2021-09-22 00:00:00+00:00,2021-09-23T00:00:00+00:00,2026-09-03T11:15:03.742310+00:00,18850.0,19150.0,18617.0,18762.0,18735.99609375,1854028
2021-09-23 00:00:00+00:00,2021-09-24T00:00:00+00:00,2026-09-03T11:15:03.742310+00:00,18856.0,19037.0,18481.0,19037.0,19010.619140625,1626107
2021-09-27 00:00:00+00:00,2021-09-28T00:00:00+00:00,2026-09-03T11:15:03.742310+00:00,19069.0,19095.0,18076.0,18228.0,18202.73828125,2579351
2021-09-28 00:00:00+00:00,2021-09-29T00:00:00+00:00,2026-09-03T11:15:03.742310+00:00,18500.0,18473.0,17819.0,18052.0,18026.982421875,2518043
2021-09-29 00:00:00+00:00,2021-09-30T00:00:00+00:00,2026-09-03T11:15:03.742310+00:00,17783.0,17936.0,17622.0,17830.0,17808.76953125,3343608
2021-09-30 00:00:00+00:00,2021-10-01T00:00:00+00:00,2026-09-03T11:15:03.742310+00:00,17830.0,18019.0,17665.5,17875.0,17853.71484375,2949057
2021-10-01 00:00:00+00:00,2021-10-02T00:00:00+00:00,2026-09-03T11:15:03.742310+00:00,17875.0,17997.0,17605.0,17689.0,17667.939453125,1725168
2021-10-04 00:00:00+00:00,2021-10-05T00:00:00+00:00,2026-09-03T11:15:03.742310+00:00,17600.0,18007.0,17609.0,17911.0,17889.671875,1469582
2021-10-05 00:00:00+00:00,2021-10-06T00:00:00+00:00,2026-09-03T11:15:03.742310+00:00,17891.0,18420.0,17891.0,18413.0,18391.078125,1563801
2021-10-06 00:00:00+00:00,2021-10-07T00:00:00+00:00,2026-09-03T11:15:03.742310+00:00,18309.0,18551.0,18202.0,18512.0,18489.95703125,1624215
2021-10-07 00:00:00+00:00,2021-10-08T00:00:00+00:00,2026-09-03T11:15:03.742310+00:00,18680.0,18569.0,17957.0,18040.0,18018.51953125,1336668
2021-10-08 00:00:00+00:00,2021-10-09T00:00:00+00:00,2026-09-03T11:15:03.742310+00:00,18035.0,18148.0,17863.0,17863.0,17841.73046875,1596004
2021-10-11 00:00:00+00:00,2021-10-12T00:00:00+00:00,2026-09-03T11:15:03.742310+00:00,18000.0,18119.0,17814.0,18025.0,18003.5390625,1328315
2021-10-12 00:00:00+00:00,2021-10-13T00:00:00+00:00,2026-09-03T11:15:03.742310+00:00,17900.0,18045.0,17684.0,17949.0,17927.626953125,2056484
2021-10-13 00:00:00+00:00,2021-10-14T00:00:00+00:00,2026-09-03T11:15:03.742310+00:00,17904.0,17949.5,17661.0,17900.0,17878.689453125,1295956
2021-10-14 00:00:00+00:00,2021-10-15T00:00:00+00:00,2026-09-03T11:15:03.742310+00:00,18000.0,18171.0,17823.0,18064.0,18042.4921875,909907
2021-10-15 00:00:00+00:00,2021-10-16T00:00:00+00:00,2026-09-03T11:15:03.742310+00:00,18075.0,18300.0,17919.0,18264.0,18242.25390625,694108
2021-10-18 00:00:00+00:00,2021-10-19T00:00:00+00:00,2026-09-03T11:15:03.742310+00:00,18225.0,18325.0,18095.0,18265.0,18243.25390625,836418
2021-10-19 00:00:00+00:00,2021-10-20T00:00:00+00:00,2026-09-03T11:15:03.742310+00:00,18291.0,18490.0,18245.0,18394.0,18372.09765625,876120
2021-10-20 00:00:00+00:00,2021-10-21T00:00:00+00:00,2026-09-03T11:15:03.742310+00:00,18420.0,18788.0,18420.0,18641.0,18618.8046875,1290440
2021-10-21 00:00:00+00:00,2021-10-22T00:00:00+00:00,2026-09-03T11:15:03.742310+00:00,18587.0,18703.0,18234.0,18339.0,18317.162109375,916233
2021-10-22 00:00:00+00:00,2021-10-23T00:00:00+00:00,2026-09-03T11:15:03.742310+00:00,18394.0,18500.0,18257.0,18412.0,18390.078125,517715
2021-10-25 00:00:00+00:00,2021-10-26T00:00:00+00:00,2026-09-03T11:15:03.742310+00:00,18411.0,18585.0,18314.0,18501.0,18478.97265625,1985140
2021-10-26 00:00:00+00:00,2021-10-27T00:00:00+00:00,2026-09-03T11:15:03.742310+00:00,18455.0,18659.0,18450.0,18500.0,18477.97265625,1216773
2021-10-27 00:00:00+00:00,2021-10-28T00:00:00+00:00,2026-09-03T11:15:03.742310+00:00,18599.0,18534.0,18218.0,18325.0,18303.18359375,2324724
2021-10-28 00:00:00+00:00,2021-10-29T00:00:00+00:00,2026-09-03T11:15:03.742310+00:00,18325.0,18325.0,18040.0,18194.0,18172.337890625,804465
2021-10-29 00:00:00+00:00,2021-10-30T00:00:00+00:00,2026-09-03T11:15:03.742310+00:00,18060.0,18209.0,17865.0,18149.0,18127.38671875,1746941
2021-11-02 00:00:00+00:00,2021-11-03T00:00:00+00:00,2026-09-03T11:15:03.742310+00:00,17900.0,18711.0,17999.0,18711.0,18688.72265625,2124052
2021-11-03 00:00:00+00:00,2021-11-04T00:00:00+00:00,2026-09-03T11:15:03.742310+00:00,18799.0,19045.0,18637.0,19031.0,19008.341796875,626801
2021-11-04 00:00:00+00:00,2021-11-05T00:00:00+00:00,2026-09-03T11:15:03.742310+00:00,19000.0,19535.0,19000.0,19200.0,19177.140625,1547640
2021-11-05 00:00:00+00:00,2021-11-06T00:00:00+00:00,2026-09-03T11:15:03.742310+00:00,19196.0,19385.0,19022.0,19100.0,19077.259765625,1205172
2021-11-08 00:00:00+00:00,2021-11-09T00:00:00+00:00,2026-09-03T11:15:03.742310+00:00,18900.0,19257.0,18511.0,18740.0,18717.6875,879192
2021-11-09 00:00:00+00:00,2021-11-10T00:00:00+00:00,2026-09-03T11:15:03.742310+00:00,18740.0,19046.0,18333.0,18826.0,18803.5859375,823602
2021-11-10 00:00:00+00:00,2021-11-11T00:00:00+00:00,2026-09-03T11:15:03.742310+00:00,18826.0,18857.0,18451.0,18500.0,18477.97265625,836455
2021-11-11 00:00:00+00:00,2021-11-12T00:00:00+00:00,2026-09-03T11:15:03.742310+00:00,18863.0,18625.0,18313.0,18491.0,18468.986328125,617227
2021-11-12 00:00:00+00:00,2021-11-13T00:00:00+00:00,2026-09-03T11:15:03.742310+00:00,18490.0,18596.0,18200.0,18500.0,18477.97265625,550735
2021-11-15 00:00:00+00:00,2021-11-16T00:00:00+00:00,2026-09-03T11:15:03.742310+00:00,19180.0,19908.0,19120.0,19780.0,19756.447265625,1880819
2021-11-16 00:00:00+00:00,2021-11-17T00:00:00+00:00,2026-09-03T11:15:03.742310+00:00,20000.0,20490.0,19943.0,20047.0,20023.1328125,1204932
2021-11-17 00:00:00+00:00,2021-11-18T00:00:00+00:00,2026-09-03T11:15:03.742310+00:00,20249.0,20322.0,19600.0,19608.0,19584.654296875,1122181
2021-11-18 00:00:00+00:00,2021-11-19T00:00:00+00:00,2026-09-03T11:15:03.742310+00:00,20153.0,20153.0,19450.0,19893.0,19869.314453125,1340983
2021-11-19 00:00:00+00:00,2021-11-20T00:00:00+00:00,2026-09-03T11:15:03.742310+00:00,19901.0,19989.0,19477.0,19606.0,19582.658203125,797556
2021-11-22 00:00:00+00:00,2021-11-23T00:00:00+00:00,2026-09-03T11:15:03.742310+00:00,19507.0,19885.0,19585.0,19703.0,19679.541015625,944736
2021-11-23 00:00:00+00:00,2021-11-24T00:00:00+00:00,2026-09-03T11:15:03.742310+00:00,19507.0,19779.0,19428.0,19695.0,19671.55078125,811715
2021-11-24 00:00:00+00:00,2021-11-25T00:00:00+00:00,2026-09-03T11:15:03.742310+00:00,19421.0,19834.0,19161.0,19287.0,19264.037109375,571995
2021-11-25 00:00:00+00:00,2021-11-26T00:00:00+00:00,2026-09-03T11:15:03.742310+00:00,19055.0,19831.0,19169.0,19692.0,19668.5546875,958785
2021-11-26 00:00:00+00:00,2021-11-27T00:00:00+00:00,2026-09-03T11:15:03.742310+00:00,19500.0,19342.0,18585.0,18865.0,18842.541015625,1846263
2021-11-29 00:00:00+00:00,2021-11-30T00:00:00+00:00,2026-09-03T11:15:03.742310+00:00,18950.0,19859.0,18983.0,19530.0,19506.748046875,1782313
2021-11-30 00:00:00+00:00,2021-12-01T00:00:00+00:00,2026-09-03T11:15:03.742310+00:00,19100.0,19956.0,19297.0,19716.0,19692.529296875,1800253
2021-12-01 00:00:00+00:00,2021-12-02T00:00:00+00:00,2026-09-03T11:15:03.742310+00:00,19761.0,20114.0,19610.0,19833.0,19809.384765625,1547805
2021-12-02 00:00:00+00:00,2021-12-03T00:00:00+00:00,2026-09-03T11:15:03.742310+00:00,19800.0,20418.0,19721.0,20259.0,20234.87890625,1339501
2021-12-03 00:00:00+00:00,2021-12-04T00:00:00+00:00,2026-09-03T11:15:03.742310+00:00,20300.0,20531.0,20137.0,20389.0,20364.72265625,1392237
2021-12-06 00:00:00+00:00,2021-12-07T00:00:00+00:00,2026-09-03T11:15:03.742310+00:00,20191.0,20445.0,19902.0,20262.0,20237.875,935143
2021-12-07 00:00:00+00:00,2021-12-08T00:00:00+00:00,2026-09-03T11:15:03.742310+00:00,20450.0,21120.0,20505.0,20859.0,20834.1640625,1835253
2021-12-08 00:00:00+00:00,2021-12-09T00:00:00+00:00,2026-09-03T11:15:03.742310+00:00,20800.0,20895.0,20475.0,20512.0,20487.578125,2758887
2021-12-09 00:00:00+00:00,2021-12-10T00:00:00+00:00,2026-09-03T11:15:03.742310+00:00,20500.0,20684.0,20400.0,20493.0,20468.6015625,2183478
2021-12-10 00:00:00+00:00,2021-12-11T00:00:00+00:00,2026-09-03T11:15:03.742310+00:00,20200.0,20566.0,20034.0,20161.0,20136.99609375,1640404
2021-12-13 00:00:00+00:00,2021-12-14T00:00:00+00:00,2026-09-03T11:15:03.742310+00:00,20400.0,20687.0,20229.0,20505.0,20480.587890625,1391320
2021-12-14 00:00:00+00:00,2021-12-15T00:00:00+00:00,2026-09-03T11:15:03.742310+00:00,20699.0,20912.0,20480.0,20825.0,20800.20703125,2237252
2021-12-15 00:00:00+00:00,2021-12-16T00:00:00+00:00,2026-09-03T11:15:03.742310+00:00,20800.0,21217.0,20741.0,20920.0,20895.091796875,3586520
2021-12-17 00:00:00+00:00,2021-12-18T00:00:00+00:00,2026-09-03T11:15:03.742310+00:00,21100.0,21306.0,20550.0,20550.0,20525.533203125,3349031
2021-12-20 00:00:00+00:00,2021-12-21T00:00:00+00:00,2026-09-03T11:15:03.742310+00:00,20600.0,20863.0,20458.0,20663.0,20638.3984375,955327
2021-12-21 00:00:00+00:00,2021-12-22T00:00:00+00:00,2026-09-03T11:15:03.742310+00:00,20739.0,20885.0,20451.0,20451.0,20426.65234375,882566
2021-12-22 00:00:00+00:00,2021-12-23T00:00:00+00:00,2026-09-03T11:15:03.742310+00:00,20500.0,20664.0,20400.0,20547.0,20522.53515625,468743
2021-12-23 00:00:00+00:00,2021-12-24T00:00:00+00:00,2026-09-03T11:15:03.742310+00:00,20900.0,20769.0,20500.0,20600.0,20575.470703125,437421
2021-12-24 00:00:00+00:00,2021-12-25T00:00:00+00:00,2026-09-03T11:15:03.742310+00:00,20550.0,20718.0,20430.0,20438.0,20413.666015625,106642
2021-12-28 00:00:00+00:00,2021-12-29T00:00:00+00:00,2026-09-03T11:15:03.742310+00:00,20510.0,20745.0,20305.0,20644.0,20619.421875,486664
2021-12-29 00:00:00+00:00,2021-12-30T00:00:00+00:00,2026-09-03T11:15:03.742310+00:00,20800.0,20900.0,20526.0,20882.0,20857.138671875,419071
2021-12-30 00:00:00+00:00,2021-12-31T00:00:00+00:00,2026-09-03T11:15:03.742310+00:00,20675.0,21217.0,20674.0,21149.0,21123.818359375,526895
2021-12-31 00:00:00+00:00,2022-01-01T00:00:00+00:00,2026-09-03T11:15:03.742310+00:00,21225.0,21224.0,20790.0,20888.0,20863.130859375,273251
2022-01-03 00:00:00+00:00,2022-01-04T00:00:00+00:00,2026-09-03T11:15:03.742310+00:00,20940.0,21417.0,20900.0,20900.0,20875.115234375,563159
2022-01-04 00:00:00+00:00,2022-01-05T00:00:00+00:00,2026-09-03T11:15:03.742310+00:00,21150.0,21240.0,20635.0,20757.0,20732.2890625,809852
2022-01-05 00:00:00+00:00,2022-01-06T00:00:00+00:00,2026-09-03T11:15:03.742310+00:00,21000.0,21068.0,20627.0,20949.0,20924.05859375,529057
2022-01-06 00:00:00+00:00,2022-01-07T00:00:00+00:00,2026-09-03T11:15:03.742310+00:00,20500.0,21122.0,20663.0,21108.0,21082.865234375,750738
2022-01-07 00:00:00+00:00,2022-01-08T00:00:00+00:00,2026-09-03T11:15:03.742310+00:00,21070.0,21060.0,20701.0,20908.0,20883.10546875,515579
2022-01-10 00:00:00+00:00,2022-01-11T00:00:00+00:00,2026-09-03T11:15:03.742310+00:00,20818.0,21036.0,20840.0,20856.0,20831.166015625,462657
2022-01-11 00:00:00+00:00,2022-01-12T00:00:00+00:00,2026-09-03T11:15:03.742310+00:00,21100.0,21100.0,20645.0,21014.0,20988.982421875,1741344
2022-01-12 00:00:00+00:00,2022-01-13T00:00:00+00:00,2026-09-03T11:15:03.742310+00:00,21200.0,21219.0,20868.0,20973.0,20948.03125,1170735
2022-01-13 00:00:00+00:00,2022-01-14T00:00:00+00:00,2026-09-03T11:15:03.742310+00:00,20768.0,21080.0,20756.0,21070.0,21044.9140625,906470
2022-01-14 00:00:00+00:00,2022-01-15T00:00:00+00:00,2026-09-03T11:15:03.742310+00:00,21060.0,21095.0,20724.0,20858.0,20833.1640625,780507
2022-01-17 00:00:00+00:00,2022-01-18T00:00:00+00:00,2026-09-03T11:15:03.742310+00:00,20850.0,21129.0,20790.0,20863.0,20838.16015625,1324851
2022-01-18 00:00:00+00:00,2022-01-19T00:00:00+00:00,2026-09-03T11:15:03.742310+00:00,20700.0,20825.0,20333.0,20762.0,20737.27734375,1292352
2022-01-19 00:00:00+00:00,2022-01-20T00:00:00+00:00,2026-09-03T11:15:03.742310+00:00,20850.0,20970.0,20494.0,20776.0,20751.26171875,987571
2022-01-20 00:00:00+00:00,2022-01-21T00:00:00+00:00,2026-09-03T11:15:03.742310+00:00,20700.0,20714.0,20401.0,20447.0,20422.65625,1082245
2022-01-21 00:00:00+00:00,2022-01-22T00:00:00+00:00,2026-09-03T11:15:03.742310+00:00,20436.0,20910.0,20351.0,20758.0,20733.287109375,1137185
2022-01-24 00:00:00+00:00,2022-01-25T00:00:00+00:00,2026-09-03T11:15:03.742310+00:00,20975.0,20923.0,20330.0,20465.0,20440.630859375,1306153
2022-01-25 00:00:00+00:00,2022-01-26T00:00:00+00:00,2026-09-03T11:15:03.742310+00:00,20400.0,20661.0,20268.0,20383.0,20358.732421875,1025478
2022-01-26 00:00:00+00:00,2022-01-27T00:00:00+00:00,2026-09-03T11:15:03.742310+00:00,20500.0,20550.0,20021.0,20261.0,20236.876953125,1494168
2022-01-27 00:00:00+00:00,2022-01-28T00:00:00+00:00,2026-09-03T11:15:03.742310+00:00,20400.0,20613.0,19904.0,20460.0,20435.640625,1413515
2022-01-28 00:00:00+00:00,2022-01-29T00:00:00+00:00,2026-09-03T11:15:03.742310+00:00,20521.0,21180.0,20424.0,21057.0,21031.927734375,995404
2022-01-31 00:00:00+00:00,2022-02-01T00:00:00+00:00,2026-09-03T11:15:03.742310+00:00,21100.0,21597.0,20831.0,21001.0,20975.9921875,2036146
2022-02-01 00:00:00+00:00,2022-02-02T00:00:00+00:00,2026-09-03T11:15:03.742310+00:00,21487.0,21299.0,20689.0,20813.0,20788.220703125,1036514
2022-02-02 00:00:00+00:00,2022-02-03T00:00:00+00:00,2026-09-03T11:15:03.742310+00:00,21155.0,22039.0,21196.0,21681.0,21655.1875,2893694
2022-02-03 00:00:00+00:00,2022-02-04T00:00:00+00:00,2026-09-03T11:15:03.742310+00:00,21761.0,22071.0,21574.0,22057.0,22030.73828125,1879335
2022-02-04 00:00:00+00:00,2022-02-05T00:00:00+00:00,2026-09-03T11:15:03.742310+00:00,22099.0,22175.0,21777.0,22000.0,21973.80859375,1253767
2022-02-07 00:00:00+00:00,2022-02-08T00:00:00+00:00,2026-09-03T11:15:03.742310+00:00,22042.0,22156.0,21710.0,22000.0,21973.80859375,1092473
2022-02-08 00:00:00+00:00,2022-02-09T00:00:00+00:00,2026-09-03T11:15:03.742310+00:00,22000.0,22498.0,21983.0,22420.0,22393.306640625,1150705
2022-02-09 00:00:00+00:00,2022-02-10T00:00:00+00:00,2026-09-03T11:15:03.742310+00:00,22400.0,22685.0,22111.0,22432.0,22405.29296875,2165845
2022-02-10 00:00:00+00:00,2022-02-11T00:00:00+00:00,2026-09-03T11:15:03.742310+00:00,22500.0,22805.0,22360.0,22459.0,22432.259765625,1841633
2022-02-11 00:00:00+00:00,2022-02-12T00:00:00+00:00,2026-09-03T11:15:03.742310+00:00,22385.0,22374.0,21883.0,22250.0,22223.5078125,2143239
2022-02-14 00:00:00+00:00,2022-02-15T00:00:00+00:00,2026-09-03T11:15:03.742310+00:00,22450.0,22347.0,21871.0,22235.0,22208.525390625,1752507
2022-02-15 00:00:00+00:00,2022-02-16T00:00:00+00:00,2026-09-03T11:15:03.742310+00:00,22299.0,23023.0,22278.0,22953.0,22925.671875,3174509
2022-02-16 00:00:00+00:00,2022-02-17T00:00:00+00:00,2026-09-03T11:15:03.742310+00:00,23000.0,23049.0,22616.0,22835.0,22807.8125,1295571
2022-02-17 00:00:00+00:00,2022-02-18T00:00:00+00:00,2026-09-03T11:15:03.742310+00:00,22990.0,22979.0,22666.0,22885.0,22857.751953125,1403241
2022-02-18 00:00:00+00:00,2022-02-19T00:00:00+00:00,2026-09-03T11:15:03.742310+00:00,23000.0,23094.0,22817.0,23007.0,22979.607421875,1582559
2022-02-21 00:00:00+00:00,2022-02-22T00:00:00+00:00,2026-09-03T11:15:03.742310+00:00,23007.0,23303.0,22838.0,22945.0,22917.681640625,1229992
2022-02-22 00:00:00+00:00,2022-02-23T00:00:00+00:00,2026-09-03T11:15:03.742310+00:00,22765.0,22818.0,22464.0,22751.0,22723.9140625,1229287
2022-02-23 00:00:00+00:00,2022-02-24T00:00:00+00:00,2026-09-03T11:15:03.742310+00:00,22825.0,23258.0,22618.0,23059.0,23031.544921875,2099663
2022-02-24 00:00:00+00:00,2022-02-25T00:00:00+00:00,2026-09-03T11:15:03.742310+00:00,22322.0,22688.0,22034.0,22688.0,22660.986328125,1273473
2022-02-25 00:00:00+00:00,2022-02-26T00:00:00+00:00,2026-09-03T11:15:03.742310+00:00,23022.0,23019.0,22546.0,22868.0,22840.771484375,1468929
2022-02-28 00:00:00+00:00,2022-03-01T00:00:00+00:00,2026-09-03T11:15:03.742310+00:00,22700.0,22926.0,22179.0,22900.0,22872.732421875,4191723
2022-03-01 00:00:00+00:00,2022-03-02T00:00:00+00:00,2026-09-03T11:15:03.742310+00:00,22700.0,23485.0,22860.0,23087.0,23059.51171875,1564384
2022-03-02 00:00:00+00:00,2022-03-03T00:00:00+00:00,2026-09-03T11:15:03.742310+00:00,22883.0,23671.0,22640.0,23468.0,23440.056640625,2029594
2022-03-03 00:00:00+00:00,2022-03-04T00:00:00+00:00,2026-09-03T11:15:03.742310+00:00,23468.0,23829.0,23249.0,23829.0,23800.62890625,2851669
2022-03-04 00:00:00+00:00,2022-03-05T00:00:00+00:00,2026-09-03T11:15:03.742310+00:00,23781.0,23846.0,22645.0,23200.0,23172.376953125,3653054
2022-03-07 00:00:00+00:00,2022-03-08T00:00:00+00:00,2026-09-03T11:15:03.742310+00:00,22045.0,22943.0,21693.0,22642.0,22615.041015625,2899345
2022-03-08 00:00:00+00:00,2022-03-09T00:00:00+00:00,2026-09-03T11:15:03.742310+00:00,22485.0,23667.0,22311.0,22833.0,22805.81640625,3772983
2022-03-09 00:00:00+00:00,2022-03-10T00:00:00+00:00,2026-09-03T11:15:03.742310+00:00,23000.0,23763.0,22912.0,23304.0,23276.251953125,3432835
2022-03-10 00:00:00+00:00,2022-03-11T00:00:00+00:00,2026-09-03T11:15:03.742310+00:00,23690.0,23623.0,23070.0,23450.0,23422.078125,2115485
2022-03-11 00:00:00+00:00,2022-03-12T00:00:00+00:00,2026-09-03T11:15:03.742310+00:00,23450.0,23650.0,23143.0,23423.0,23395.111328125,1461707
2022-03-14 00:00:00+00:00,2022-03-15T00:00:00+00:00,2026-09-03T11:15:03.742310+00:00,23450.0,23741.0,22718.0,23159.0,23131.421875,2085638
2022-03-15 00:00:00+00:00,2022-03-16T00:00:00+00:00,2026-09-03T11:15:03.742310+00:00,23160.0,23061.0,22500.0,22842.0,22814.8046875,2270681
2022-03-16 00:00:00+00:00,2022-03-17T00:00:00+00:00,2026-09-03T11:15:03.742310+00:00,22990.0,23215.0,22350.0,22995.0,22967.62109375,2822666
2022-03-17 00:00:00+00:00,2022-03-18T00:00:00+00:00,2026-09-03T11:15:03.742310+00:00,22623.0,23326.0,22756.0,23159.0,23131.421875,3872242
2022-03-18 00:00:00+00:00,2022-03-19T00:00:00+00:00,2026-09-03T11:15:03.742310+00:00,23390.0,23531.0,22856.0,23392.0,23364.1484375,4874575
2022-03-22 00:00:00+00:00,2022-03-23T00:00:00+00:00,2026-09-03T11:15:03.742310+00:00,23404.0,23506.0,23042.0,23200.0,23172.376953125,1728745
2022-03-23 00:00:00+00:00,2022-03-24T00:00:00+00:00,2026-09-03T11:15:03.742310+00:00,23475.0,23490.0,23125.0,23252.0,23224.314453125,1433837
2022-03-24 00:00:00+00:00,2022-03-25T00:00:00+00:00,2026-09-03T11:15:03.742310+00:00,23093.0,23240.0,22816.0,22907.0,22879.7265625,1237694
2022-03-25 00:00:00+00:00,2022-03-26T00:00:00+00:00,2026-09-03T11:15:03.742310+00:00,23150.0,23240.0,22929.0,22973.0,22945.646484375,937981
2022-03-28 00:00:00+00:00,2022-03-29T00:00:00+00:00,2026-09-03T11:15:03.742310+00:00,22900.0,23410.0,22900.0,23310.0,23282.248046875,1238725
2022-03-29 00:00:00+00:00,2022-03-30T00:00:00+00:00,2026-09-03T11:15:03.742310+00:00,23343.0,23809.0,23056.0,23764.0,23735.705078125,1492226
2022-03-30 00:00:00+00:00,2022-03-31T00:00:00+00:00,2026-09-03T11:15:03.742310+00:00,23411.0,23787.0,23419.0,23631.0,23602.86328125,1446359
2022-03-31 00:00:00+00:00,2022-04-01T00:00:00+00:00,2026-09-03T11:15:03.742310+00:00,23695.0,23791.0,23320.0,23666.0,23637.82421875,1432477
2022-04-01 00:00:00+00:00,2022-04-02T00:00:00+00:00,2026-09-03T11:15:03.742310+00:00,23301.0,23808.0,23044.0,23524.0,23495.990234375,2042411
2022-04-04 00:00:00+00:00,2022-04-05T00:00:00+00:00,2026-09-03T11:15:03.742310+00:00,23404.0,23697.0,23271.0,23555.0,23526.95703125,1382171
2022-04-05 00:00:00+00:00,2022-04-06T00:00:00+00:00,2026-09-03T11:15:03.742310+00:00,23555.0,23778.0,23314.0,23443.0,23415.087890625,1304386
2022-04-06 00:00:00+00:00,2022-04-07T00:00:00+00:00,2026-09-03T11:15:03.742310+00:00,23237.0,24119.0,23210.0,24119.0,24092.6796875,2004288
2022-04-07 00:00:00+00:00,2022-04-08T00:00:00+00:00,2026-09-03T11:15:03.742310+00:00,24160.0,24540.0,24006.0,24172.0,24145.6171875,1851707
2022-04-08 00:00:00+00:00,2022-04-09T00:00:00+00:00,2026-09-03T11:15:03.742310+00:00,24300.0,24718.0,24094.0,24501.0,24474.26171875,1380526
2022-04-11 00:00:00+00:00,2022-04-12T00:00:00+00:00,2026-09-03T11:15:03.742310+00:00,24600.0,24723.0,24083.0,24205.0,24178.5859375,1987490
2022-04-12 00:00:00+00:00,2022-04-13T00:00:00+00:00,2026-09-03T11:15:03.742310+00:00,24005.0,24148.0,23633.0,23877.0,23850.939453125,1585670
2022-04-13 00:00:00+00:00,2022-04-14T00:00:00+00:00,2026-09-03T11:15:03.742310+00:00,23900.0,24019.0,23305.0,23461.0,23435.396484375,1012656
2022-04-14 00:00:00+00:00,2022-04-15T00:00:00+00:00,2026-09-03T11:15:03.742310+00:00,23329.0,23522.0,23002.0,23312.0,23286.55859375,1750550
2022-04-19 00:00:00+00:00,2022-04-20T00:00:00+00:00,2026-09-03T11:15:03.742310+00:00,23312.0,23591.0,23005.0,23406.0,23380.455078125,1920394
2022-04-20 00:00:00+00:00,2022-04-21T00:00:00+00:00,2026-09-03T11:15:03.742310+00:00,23654.0,24199.0,23365.0,23730.0,23704.1015625,2988439
2022-04-21 00:00:00+00:00,2022-04-22T00:00:00+00:00,2026-09-03T11:15:03.742310+00:00,23719.0,23820.0,23349.0,23510.0,23484.33984375,2127960
2022-04-22 00:00:00+00:00,2022-04-23T00:00:00+00:00,2026-09-03T11:15:03.742310+00:00,24248.0,24415.0,23467.0,23897.0,23870.919921875,2228778
2022-04-25 00:00:00+00:00,2022-04-26T00:00:00+00:00,2026-09-03T11:15:03.742310+00:00,23295.0,23816.0,23105.0,23280.0,23254.587890625,2121082
2022-04-26 00:00:00+00:00,2022-04-27T00:00:00+00:00,2026-09-03T11:15:03.742310+00:00,23280.0,23746.0,23087.0,23106.0,23080.78125,1655020
2022-04-28 00:00:00+00:00,2022-04-29T00:00:00+00:00,2026-09-03T11:15:03.742310+00:00,23106.0,23361.0,22867.0,23269.0,23243.603515625,1030442
2022-04-29 00:00:00+00:00,2022-04-30T00:00:00+00:00,2026-09-03T11:15:03.742310+00:00,23105.0,23531.0,22832.0,22902.0,22877.00390625,1091147
2022-05-03 00:00:00+00:00,2022-05-04T00:00:00+00:00,2026-09-03T11:15:03.742310+00:00,22900.0,22887.0,22344.0,22442.0,22417.5078125,1485372
2022-05-04 00:00:00+00:00,2022-05-05T00:00:00+00:00,2026-09-03T11:15:03.742310+00:00,22900.0,22629.0,21774.0,21962.0,21938.033203125,1500338
2022-05-05 00:00:00+00:00,2022-05-06T00:00:00+00:00,2026-09-03T11:15:03.742310+00:00,21768.0,22377.0,21689.0,22219.0,22194.75,2118740
2022-05-06 00:00:00+00:00,2022-05-07T00:00:00+00:00,2026-09-03T11:15:03.742310+00:00,22078.0,22045.0,21176.0,21625.0,21601.3984375,1846689
2022-05-09 00:00:00+00:00,2022-05-10T00:00:00+00:00,2026-09-03T11:15:03.742310+00:00,21989.0,22119.0,21283.0,21488.0,21464.546875,2526375
2022-05-10 00:00:00+00:00,2022-05-11T00:00:00+00:00,2026-09-03T11:15:03.742310+00:00,21470.0,22500.0,21470.0,22090.0,22065.892578125,2185756
2022-05-11 00:00:00+00:00,2022-05-12T00:00:00+00:00,2026-09-03T11:15:03.742310+00:00,22325.0,22369.0,21714.0,22030.0,22005.95703125,1669013
2022-05-12 00:00:00+00:00,2022-05-13T00:00:00+00:00,2026-09-03T11:15:03.742310+00:00,21700.0,22362.0,21451.0,22262.0,22237.701171875,1645918
2022-05-13 00:00:00+00:00,2022-05-14T00:00:00+00:00,2026-09-03T11:15:03.742310+00:00,22575.0,22454.0,22007.0,22370.0,22345.5859375,1263070
2022-05-16 00:00:00+00:00,2022-05-17T00:00:00+00:00,2026-09-03T11:15:03.742310+00:00,22200.0,22545.0,22138.0,22435.0,22410.51171875,1005831
2022-05-17 00:00:00+00:00,2022-05-18T00:00:00+00:00,2026-09-03T11:15:03.742310+00:00,22575.0,22638.0,21701.0,21774.0,21750.236328125,1840883
2022-05-18 00:00:00+00:00,2022-05-19T00:00:00+00:00,2026-09-03T11:15:03.742310+00:00,21950.0,21975.0,21027.0,21088.0,21064.982421875,2166937
2022-05-19 00:00:00+00:00,2022-05-20T00:00:00+00:00,2026-09-03T11:15:03.742310+00:00,20752.0,20995.0,20462.0,20761.0,20738.33984375,1892756
2022-05-20 00:00:00+00:00,2022-05-21T00:00:00+00:00,2026-09-03T11:15:03.742310+00:00,20800.0,20965.0,20449.0,20449.0,20426.681640625,3709246
2022-05-23 00:00:00+00:00,2022-05-24T00:00:00+00:00,2026-09-03T11:15:03.742310+00:00,20455.0,21033.0,20503.0,20864.0,20841.23046875,2069586
2022-05-24 00:00:00+00:00,2022-05-25T00:00:00+00:00,2026-09-03T11:15:03.742310+00:00,20704.0,20935.0,20567.0,20616.0,20593.5,1630005
2022-05-25 00:00:00+00:00,2022-05-26T00:00:00+00:00,2026-09-03T11:15:03.742310+00:00,20604.0,20889.0,20243.0,20280.0,20257.865234375,2149087
2022-05-26 00:00:00+00:00,2022-05-27T00:00:00+00:00,2026-09-03T11:15:03.742310+00:00,20305.0,20890.0,20204.0,20800.0,20777.30078125,1768992
2022-05-27 00:00:00+00:00,2022-05-28T00:00:00+00:00,2026-09-03T11:15:03.742310+00:00,20740.0,21398.0,20617.0,21161.0,21137.90625,2197893
2022-05-30 00:00:00+00:00,2022-05-31T00:00:00+00:00,2026-09-03T11:15:03.742310+00:00,21399.0,21623.0,21135.0,21316.0,21292.734375,1602771
2022-05-31 00:00:00+00:00,2022-06-01T00:00:00+00:00,2026-09-03T11:15:03.742310+00:00,21400.0,21600.0,21314.0,21564.0,21540.46484375,3391550
2022-06-01 00:00:00+00:00,2022-06-02T00:00:00+00:00,2026-09-03T11:15:03.742310+00:00,21400.0,21529.0,21150.0,21291.0,21267.765625,1109999
2022-06-02 00:00:00+00:00,2022-06-03T00:00:00+00:00,2026-09-03T11:15:03.742310+00:00,21389.0,21454.0,20929.0,20981.0,20958.1015625,996003
2022-06-03 00:00:00+00:00,2022-06-04T00:00:00+00:00,2026-09-03T11:15:03.742310+00:00,20976.0,21339.0,21020.0,21335.0,21311.71484375,825321
2022-06-06 00:00:00+00:00,2022-06-07T00:00:00+00:00,2026-09-03T11:15:03.742310+00:00,21335.0,21335.0,21101.0,21189.0,21165.875,750959
2022-06-07 00:00:00+00:00,2022-06-08T00:00:00+00:00,2026-09-03T11:15:03.742310+00:00,21189.0,21296.0,20955.5,20990.0,20967.09375,809793
2022-06-08 00:00:00+00:00,2022-06-09T00:00:00+00:00,2026-09-03T11:15:03.742310+00:00,21195.0,21276.0,20832.0,20955.0,20932.130859375,1278318
2022-06-09 00:00:00+00:00,2022-06-10T00:00:00+00:00,2026-09-03T11:15:03.742310+00:00,20926.0,21373.0,20863.0,21034.0,21011.041015625,1244950
2022-06-10 00:00:00+00:00,2022-06-11T00:00:00+00:00,2026-09-03T11:15:03.742310+00:00,21190.0,21101.0,20756.0,20928.0,20905.15625,1012679
2022-06-13 00:00:00+00:00,2022-06-14T00:00:00+00:00,2026-09-03T11:15:03.742310+00:00,21112.0,21269.0,20422.0,20998.0,20975.08203125,2487037
2022-06-14 00:00:00+00:00,2022-06-15T00:00:00+00:00,2026-09-03T11:15:03.742310+00:00,20950.0,21500.0,20826.0,20920.0,20897.169921875,1855510
2022-06-15 00:00:00+00:00,2022-06-16T00:00:00+00:00,2026-09-03T11:15:03.742310+00:00,20920.0,21800.0,20710.0,21744.0,21720.26953125,4784423
2022-06-17 00:00:00+00:00,2022-06-18T00:00:00+00:00,2026-09-03T11:15:03.742310+00:00,21363.0,21644.0,21081.0,21119.0,21095.951171875,3145863
2022-06-20 00:00:00+00:00,2022-06-21T00:00:00+00:00,2026-09-03T11:15:03.742310+00:00,21499.0,22137.0,21391.0,22056.0,22031.92578125,1183204
2022-06-21 00:00:00+00:00,2022-06-22T00:00:00+00:00,2026-09-03T11:15:03.742310+00:00,22150.0,22385.0,21757.0,21863.0,21839.13671875,938509
2022-06-22 00:00:00+00:00,2022-06-23T00:00:00+00:00,2026-09-03T11:15:03.742310+00:00,21865.0,21781.0,21300.0,21486.0,21462.552734375,829441
2022-06-23 00:00:00+00:00,2022-06-24T00:00:00+00:00,2026-09-03T11:15:03.742310+00:00,21300.0,21416.0,21004.0,21055.0,21032.01953125,1651454
2022-06-24 00:00:00+00:00,2022-06-25T00:00:00+00:00,2026-09-03T11:15:03.742310+00:00,21600.0,21778.0,21121.0,21246.0,21222.814453125,1846622
2022-06-27 00:00:00+00:00,2022-06-28T00:00:00+00:00,2026-09-03T11:15:03.742310+00:00,21056.0,21749.0,21210.0,21222.0,21198.83984375,1701026
2022-06-28 00:00:00+00:00,2022-06-29T00:00:00+00:00,2026-09-03T11:15:03.742310+00:00,21222.0,21394.0,20529.0,20612.0,20589.50390625,2449214
2022-06-29 00:00:00+00:00,2022-06-30T00:00:00+00:00,2026-09-03T11:15:03.742310+00:00,20550.0,20561.0,20142.0,20290.0,20267.85546875,2839840
2022-06-30 00:00:00+00:00,2022-07-01T00:00:00+00:00,2026-09-03T11:15:03.742310+00:00,20180.0,20406.0,19565.0,19788.0,19766.404296875,3280575
2022-07-01 00:00:00+00:00,2022-07-02T00:00:00+00:00,2026-09-03T11:15:03.742310+00:00,19791.0,19838.0,19342.0,19609.0,19587.59765625,2111599
2022-07-04 00:00:00+00:00,2022-07-05T00:00:00+00:00,2026-09-03T11:15:03.742310+00:00,19985.0,20544.0,19704.0,20293.0,20270.853515625,2059675
2022-07-05 00:00:00+00:00,2022-07-06T00:00:00+00:00,2026-09-03T11:15:03.742310+00:00,20410.0,20639.0,19847.0,19900.0,19878.28125,1424420
2022-07-06 00:00:00+00:00,2022-07-07T00:00:00+00:00,2026-09-03T11:15:03.742310+00:00,19901.0,20455.0,19800.0,20200.0,20177.955078125,1423996
2022-07-07 00:00:00+00:00,2022-07-08T00:00:00+00:00,2026-09-03T11:15:03.742310+00:00,20200.0,20490.0,20188.0,20387.0,20364.748046875,1584559
2022-07-08 00:00:00+00:00,2022-07-09T00:00:00+00:00,2026-09-03T11:15:03.742310+00:00,20305.0,20913.0,20130.0,20751.0,20728.3515625,1607799
2022-07-11 00:00:00+00:00,2022-07-12T00:00:00+00:00,2026-09-03T11:15:03.742310+00:00,20510.0,21082.0,20480.0,20900.0,20877.19140625,1039730
2022-07-12 00:00:00+00:00,2022-07-13T00:00:00+00:00,2026-09-03T11:15:03.742310+00:00,20885.0,20896.0,20455.0,20725.0,20702.37890625,1153617
2022-07-13 00:00:00+00:00,2022-07-14T00:00:00+00:00,2026-09-03T11:15:03.742310+00:00,20774.0,20774.0,20400.0,20594.0,20571.521484375,1467385
2022-07-14 00:00:00+00:00,2022-07-15T00:00:00+00:00,2026-09-03T11:15:03.742310+00:00,20400.0,20646.0,19951.0,20071.0,20049.095703125,972014
2022-07-15 00:00:00+00:00,2022-07-16T00:00:00+00:00,2026-09-03T11:15:03.742310+00:00,19710.0,20448.0,19956.0,20343.0,20320.798828125,1055858
2022-07-18 00:00:00+00:00,2022-07-19T00:00:00+00:00,2026-09-03T11:15:03.742310+00:00,20499.0,20841.0,20476.0,20595.0,20572.521484375,1470479
2022-07-19 00:00:00+00:00,2022-07-20T00:00:00+00:00,2026-09-03T11:15:03.742310+00:00,20343.0,20723.0,20364.0,20634.0,20611.48046875,813103
2022-07-20 00:00:00+00:00,2022-07-21T00:00:00+00:00,2026-09-03T11:15:03.742310+00:00,20900.0,20865.0,20200.0,20387.0,20364.748046875,741953
2022-07-21 00:00:00+00:00,2022-07-22T00:00:00+00:00,2026-09-03T11:15:03.742310+00:00,20575.0,21404.0,20465.0,21093.0,21069.978515625,2854433
2022-07-22 00:00:00+00:00,2022-07-23T00:00:00+00:00,2026-09-03T11:15:03.742310+00:00,21200.0,21613.0,21155.0,21269.0,21245.791015625,1313686
2022-07-25 00:00:00+00:00,2022-07-26T00:00:00+00:00,2026-09-03T11:15:03.742310+00:00,21270.0,21270.0,20875.0,20936.0,20913.154296875,1074469
2022-07-26 00:00:00+00:00,2022-07-27T00:00:00+00:00,2026-09-03T11:15:03.742310+00:00,21625.0,22176.0,21450.0,21922.0,21898.07421875,1758696
2022-07-27 00:00:00+00:00,2022-07-28T00:00:00+00:00,2026-09-03T11:15:03.742310+00:00,21922.0,22449.0,21800.0,22374.0,22349.583984375,1786240
2022-07-28 00:00:00+00:00,2022-07-29T00:00:00+00:00,2026-09-03T11:15:03.742310+00:00,22399.0,22785.0,22219.0,22650.0,22625.27734375,1732534
2022-07-29 00:00:00+00:00,2022-07-30T00:00:00+00:00,2026-09-03T11:15:03.742310+00:00,22600.0,22799.0,22315.0,22424.0,22399.525390625,2640160
2022-08-01 00:00:00+00:00,2022-08-02T00:00:00+00:00,2026-09-03T11:15:03.742310+00:00,22310.0,22399.0,21712.0,22354.0,22329.599609375,1307918
2022-08-02 00:00:00+00:00,2022-08-03T00:00:00+00:00,2026-09-03T11:15:03.742310+00:00,22450.0,22587.0,22003.0,22257.0,22232.708984375,1896141
2022-08-03 00:00:00+00:00,2022-08-04T00:00:00+00:00,2026-09-03T11:15:03.742310+00:00,22300.0,22497.0,22137.0,22206.0,22181.765625,1027972
2022-08-04 00:00:00+00:00,2022-08-05T00:00:00+00:00,2026-09-03T11:15:03.742310+00:00,22206.0,22499.0,21953.0,22085.0,22060.8984375,1826300
2022-08-05 00:00:00+00:00,2022-08-06T00:00:00+00:00,2026-09-03T11:15:03.742310+00:00,22052.0,22825.0,22033.0,22710.0,22685.212890625,1852496
2022-08-08 00:00:00+00:00,2022-08-09T00:00:00+00:00,2026-09-03T11:15:03.742310+00:00,22816.0,22933.0,22521.0,22933.0,22907.970703125,1323779
2022-08-10 00:00:00+00:00,2022-08-11T00:00:00+00:00,2026-09-03T11:15:03.742310+00:00,22880.0,23650.0,22826.0,23590.0,23564.255859375,2027440
2022-08-11 00:00:00+00:00,2022-08-12T00:00:00+00:00,2026-09-03T11:15:03.742310+00:00,23590.0,24237.0,23468.0,24100.0,24073.697265625,2452813
2022-08-12 00:00:00+00:00,2022-08-13T00:00:00+00:00,2026-09-03T11:15:03.742310+00:00,24000.0,24491.0,24000.0,24491.0,24464.26953125,2186272
2022-08-15 00:00:00+00:00,2022-08-16T00:00:00+00:00,2026-09-03T11:15:03.742310+00:00,24390.0,24695.0,23971.0,24080.0,24053.71875,1888710
2022-08-16 00:00:00+00:00,2022-08-17T00:00:00+00:00,2026-09-03T11:15:03.742310+00:00,24100.0,24297.0,23614.0,23831.0,23804.994140625,2058676
2022-08-17 00:00:00+00:00,2022-08-18T00:00:00+00:00,2026-09-03T11:15:03.742310+00:00,23730.0,24208.0,23855.0,24093.0,24066.705078125,1065309
2022-08-18 00:00:00+00:00,2022-08-19T00:00:00+00:00,2026-09-03T11:15:03.742310+00:00,24150.0,24253.0,23898.0,24058.0,24031.7421875,848606
2022-08-19 00:00:00+00:00,2022-08-20T00:00:00+00:00,2026-09-03T11:15:03.742310+00:00,23999.0,24000.0,23218.0,23392.0,23366.46875,1515774
2022-08-22 00:00:00+00:00,2022-08-23T00:00:00+00:00,2026-09-03T11:15:03.742310+00:00,23514.0,23684.0,23087.0,23600.0,23574.2421875,1546784
2022-08-23 00:00:00+00:00,2022-08-24T00:00:00+00:00,2026-09-03T11:15:03.742310+00:00,23400.0,23663.0,23362.0,23550.0,23524.298828125,1021121
2022-08-24 00:00:00+00:00,2022-08-25T00:00:00+00:00,2026-09-03T11:15:03.742310+00:00,23529.0,23691.0,23248.0,23600.0,23574.2421875,809480
2022-08-25 00:00:00+00:00,2022-08-26T00:00:00+00:00,2026-09-03T11:15:03.742310+00:00,23600.0,23745.0,23460.0,23474.0,23448.380859375,637197
2022-08-26 00:00:00+00:00,2022-08-27T00:00:00+00:00,2026-09-03T11:15:03.742310+00:00,23356.0,23754.0,23383.0,23573.0,23547.275390625,713978
2022-08-29 00:00:00+00:00,2022-08-30T00:00:00+00:00,2026-09-03T11:15:03.742310+00:00,23150.0,23773.0,23135.0,23652.0,23626.1875,983701
2022-08-30 00:00:00+00:00,2022-08-31T00:00:00+00:00,2026-09-03T11:15:03.742310+00:00,23580.0,23797.0,23473.0,23602.0,23576.2421875,868325
2022-08-31 00:00:00+00:00,2022-09-01T00:00:00+00:00,2026-09-03T11:15:03.742310+00:00,23605.0,23838.0,23118.0,23272.0,23246.603515625,1390776
2022-09-01 00:00:00+00:00,2022-09-02T00:00:00+00:00,2026-09-03T11:15:03.742310+00:00,23272.0,23436.0,23024.0,23359.0,23333.505859375,971941
2022-09-02 00:00:00+00:00,2022-09-03T00:00:00+00:00,2026-09-03T11:15:03.742310+00:00,23492.0,23665.0,22717.0,23203.0,23177.677734375,1418715
2022-09-05 00:00:00+00:00,2022-09-06T00:00:00+00:00,2026-09-03T11:15:03.742310+00:00,23203.0,23699.0,22982.0,23525.0,23499.322265625,1567981
2022-09-06 00:00:00+00:00,2022-09-07T00:00:00+00:00,2026-09-03T11:15:03.742310+00:00,22095.0,22655.0,21337.0,21763.0,21739.24609375,5874065
2022-09-07 00:00:00+00:00,2022-09-08T00:00:00+00:00,2026-09-03T11:15:03.742310+00:00,21980.0,22656.0,21872.0,22500.0,22475.4453125,4645616
2022-09-08 00:00:00+00:00,2022-09-09T00:00:00+00:00,2026-09-03T11:15:03.742310+00:00,22700.0,22696.0,22433.0,22561.0,22536.376953125,2011658
2022-09-09 00:00:00+00:00,2022-09-10T00:00:00+00:00,2026-09-03T11:15:03.742310+00:00,22584.0,22645.0,21959.0,22440.0,22415.509765625,1969540
2022-09-12 00:00:00+00:00,2022-09-13T00:00:00+00:00,2026-09-03T11:15:03.742310+00:00,22461.0,23273.0,22402.0,23174.0,23148.708984375,1741846
2022-09-13 00:00:00+00:00,2022-09-14T00:00:00+00:00,2026-09-03T11:15:03.742310+00:00,23155.0,23389.0,22764.0,22896.0,22871.01171875,1799862
2022-09-14 00:00:00+00:00,2022-09-15T00:00:00+00:00,2026-09-03T11:15:03.742310+00:00,22630.0,22943.0,22600.0,22669.0,22644.259765625,2294972
2022-09-15 00:00:00+00:00,2022-09-16T00:00:00+00:00,2026-09-03T11:15:03.742310+00:00,22669.0,22781.0,22438.0,22438.0,22413.51171875,4209445
2022-09-16 00:00:00+00:00,2022-09-17T00:00:00+00:00,2026-09-03T11:15:03.742310+00:00,22300.0,22473.0,21926.0,21926.0,21902.0703125,3309585
2022-09-19 00:00:00+00:00,2022-09-20T00:00:00+00:00,2026-09-03T11:15:03.742310+00:00,21928.0,22254.0,21615.0,22225.0,22200.744140625,1117182
2022-09-20 00:00:00+00:00,2022-09-21T00:00:00+00:00,2026-09-03T11:15:03.742310+00:00,22225.0,22690.0,22194.0,22405.0,22380.546875,1796060
2022-09-21 00:00:00+00:00,2022-09-22T00:00:00+00:00,2026-09-03T11:15:03.742310+00:00,22388.0,22745.0,22300.0,22531.0,22506.408203125,1362687
2022-09-22 00:00:00+00:00,2022-09-23T00:00:00+00:00,2026-09-03T11:15:03.742310+00:00,22300.0,22478.0,21917.0,22216.0,22191.755859375,1983807
2022-09-23 00:00:00+00:00,2022-09-24T00:00:00+00:00,2026-09-03T11:15:03.742310+00:00,22500.0,22363.0,21662.0,22088.0,22063.892578125,1526498
2022-09-26 00:00:00+00:00,2022-09-27T00:00:00+00:00,2026-09-03T11:15:03.742310+00:00,22088.0,22141.0,21550.0,21994.0,21969.998046875,2213495
2022-09-27 00:00:00+00:00,2022-09-28T00:00:00+00:00,2026-09-03T11:15:03.742310+00:00,22140.0,22692.0,22006.0,22495.0,22470.44921875,2998484
2022-09-28 00:00:00+00:00,2022-09-29T00:00:00+00:00,2026-09-03T11:15:03.742310+00:00,21872.0,22383.0,22018.0,22365.0,22344.234375,1544146
2022-09-29 00:00:00+00:00,2022-09-30T00:00:00+00:00,2026-09-03T11:15:03.742310+00:00,22485.0,22386.0,21835.0,21942.0,21921.62890625,1429739
2022-09-30 00:00:00+00:00,2022-10-01T00:00:00+00:00,2026-09-03T11:15:03.742310+00:00,22183.0,22008.0,21518.0,21699.0,21678.85546875,1768109
2022-10-03 00:00:00+00:00,2022-10-04T00:00:00+00:00,2026-09-03T11:15:03.742310+00:00,21705.0,21713.0,21331.0,21560.0,21539.984375,1181858
2022-10-04 00:00:00+00:00,2022-10-05T00:00:00+00:00,2026-09-03T11:15:03.742310+00:00,21691.0,21971.0,21416.5,21755.0,21734.8046875,2621844
2022-10-05 00:00:00+00:00,2022-10-06T00:00:00+00:00,2026-09-03T11:15:03.742310+00:00,21972.0,21972.0,21174.0,21292.0,21272.232421875,1809172
2022-10-06 00:00:00+00:00,2022-10-07T00:00:00+00:00,2026-09-03T11:15:03.742310+00:00,21400.0,21799.0,21274.0,21581.0,21560.96484375,1414901
2022-10-07 00:00:00+00:00,2022-10-08T00:00:00+00:00,2026-09-03T11:15:03.742310+00:00,21537.0,21728.0,21332.0,21500.0,21480.041015625,917931
2022-10-10 00:00:00+00:00,2022-10-11T00:00:00+00:00,2026-09-03T11:15:03.742310+00:00,21500.0,21812.0,21282.0,21638.0,21617.912109375,1061637
2022-10-11 00:00:00+00:00,2022-10-12T00:00:00+00:00,2026-09-03T11:15:03.742310+00:00,21500.0,21937.0,21501.0,21850.0,21829.716796875,1917007
2022-10-12 00:00:00+00:00,2022-10-13T00:00:00+00:00,2026-09-03T11:15:03.742310+00:00,21850.0,22202.0,21807.0,22084.0,22063.498046875,1872145
2022-10-13 00:00:00+00:00,2022-10-14T00:00:00+00:00,2026-09-03T11:15:03.742310+00:00,21900.0,22130.0,21573.0,21962.0,21941.611328125,2148639
2022-10-14 00:00:00+00:00,2022-10-15T00:00:00+00:00,2026-09-03T11:15:03.742310+00:00,22190.0,22267.0,22008.0,22061.0,22040.51953125,1520764
2022-10-17 00:00:00+00:00,2022-10-18T00:00:00+00:00,2026-09-03T11:15:03.742310+00:00,22061.0,22600.0,22050.0,22600.0,22579.01953125,1297141
2022-10-18 00:00:00+00:00,2022-10-19T00:00:00+00:00,2026-09-03T11:15:03.742310+00:00,22598.0,23065.0,22278.0,22535.0,22514.080078125,1925180
2022-10-19 00:00:00+00:00,2022-10-20T00:00:00+00:00,2026-09-03T11:15:03.742310+00:00,22750.0,22529.0,22243.0,22620.0,22599.0,1032100
2022-10-20 00:00:00+00:00,2022-10-21T00:00:00+00:00,2026-09-03T11:15:03.742310+00:00,22292.0,22833.0,22246.0,22415.0,22394.19140625,1628724
2022-10-21 00:00:00+00:00,2022-10-22T00:00:00+00:00,2026-09-03T11:15:03.742310+00:00,22416.0,22415.0,22009.0,22175.0,22154.412109375,1540979
2022-10-24 00:00:00+00:00,2022-10-25T00:00:00+00:00,2026-09-03T11:15:03.742310+00:00,22899.0,22498.0,22000.0,22464.0,22443.14453125,1070414
2022-10-25 00:00:00+00:00,2022-10-26T00:00:00+00:00,2026-09-03T11:15:03.742310+00:00,22377.0,23084.0,22454.0,23068.0,23046.583984375,1775461
2022-10-26 00:00:00+00:00,2022-10-27T00:00:00+00:00,2026-09-03T11:15:03.742310+00:00,23100.0,23599.0,22914.0,23446.0,23424.232421875,1579779
2022-10-27 00:00:00+00:00,2022-10-28T00:00:00+00:00,2026-09-03T11:15:03.742310+00:00,23429.0,23939.0,23471.0,23861.0,23838.84765625,1501483
2022-10-28 00:00:00+00:00,2022-10-29T00:00:00+00:00,2026-09-03T11:15:03.742310+00:00,23560.0,23999.0,23549.0,23900.0,23877.8125,1704438
2022-10-31 00:00:00+00:00,2022-11-01T00:00:00+00:00,2026-09-03T11:15:03.742310+00:00,23899.0,23861.0,23230.0,23390.0,23368.283203125,1178111
2022-11-01 00:00:00+00:00,2022-11-02T00:00:00+00:00,2026-09-03T11:15:03.742310+00:00,23390.0,23838.0,23103.0,23224.0,23202.439453125,957874
2022-11-02 00:00:00+00:00,2022-11-03T00:00:00+00:00,2026-09-03T11:15:03.742310+00:00,23400.0,23474.0,23073.0,23381.0,23359.29296875,981953
2022-11-03 00:00:00+00:00,2022-11-04T00:00:00+00:00,2026-09-03T11:15:03.742310+00:00,23001.0,23469.0,23041.0,23196.0,23174.466796875,888566
2022-11-04 00:00:00+00:00,2022-11-05T00:00:00+00:00,2026-09-03T11:15:03.742310+00:00,23138.0,23642.0,23000.0,23500.0,23478.181640625,846611
2022-11-07 00:00:00+00:00,2022-11-08T00:00:00+00:00,2026-09-03T11:15:03.742310+00:00,23000.0,23809.0,23204.0,23700.0,23677.99609375,974703
2022-11-08 00:00:00+00:00,2022-11-09T00:00:00+00:00,2026-09-03T11:15:03.742310+00:00,23450.0,23880.0,23363.0,23463.0,23441.216796875,1105202
2022-11-09 00:00:00+00:00,2022-11-10T00:00:00+00:00,2026-09-03T11:15:03.742310+00:00,23100.0,23762.0,23365.0,23694.0,23672.005859375,1431790
2022-11-10 00:00:00+00:00,2022-11-11T00:00:00+00:00,2026-09-03T11:15:03.742310+00:00,23500.0,24001.0,23498.0,24001.0,23978.716796875,1181048
2022-11-11 00:00:00+00:00,2022-11-12T00:00:00+00:00,2026-09-03T11:15:03.742310+00:00,24250.0,24390.0,23559.0,23649.0,23627.04296875,1293614
2022-11-14 00:00:00+00:00,2022-11-15T00:00:00+00:00,2026-09-03T11:15:03.742310+00:00,23700.0,25490.0,23970.0,25490.0,25466.3359375,3292812
2022-11-15 00:00:00+00:00,2022-11-16T00:00:00+00:00,2026-09-03T11:15:03.742310+00:00,25209.0,25457.0,25029.0,25364.0,25340.451171875,1637224
2022-11-16 00:00:00+00:00,2022-11-17T00:00:00+00:00,2026-09-03T11:15:03.742310+00:00,25286.0,25425.0,24675.0,24700.0,24677.0703125,1823800
2022-11-17 00:00:00+00:00,2022-11-18T00:00:00+00:00,2026-09-03T11:15:03.742310+00:00,24970.0,25311.0,24690.0,25088.0,25064.7109375,1412850
2022-11-18 00:00:00+00:00,2022-11-19T00:00:00+00:00,2026-09-03T11:15:03.742310+00:00,25300.0,25158.0,24719.0,24784.0,24760.98828125,1074882
2022-11-21 00:00:00+00:00,2022-11-22T00:00:00+00:00,2026-09-03T11:15:03.742310+00:00,24799.0,24998.0,24210.0,24478.0,24455.275390625,1022243
2022-11-22 00:00:00+00:00,2022-11-23T00:00:00+00:00,2026-09-03T11:15:03.742310+00:00,24101.0,24654.0,24026.0,24550.0,24527.208984375,968216
2022-11-23 00:00:00+00:00,2022-11-24T00:00:00+00:00,2026-09-03T11:15:03.742310+00:00,24690.0,25087.0,24481.0,24923.0,24899.861328125,743532
2022-11-24 00:00:00+00:00,2022-11-25T00:00:00+00:00,2026-09-03T11:15:03.742310+00:00,24670.0,25300.0,24768.0,25128.0,25104.671875,1272279
2022-11-25 00:00:00+00:00,2022-11-26T00:00:00+00:00,2026-09-03T11:15:03.742310+00:00,25050.0,25286.0,24680.0,25210.0,25186.595703125,1664667
2022-11-28 00:00:00+00:00,2022-11-29T00:00:00+00:00,2026-09-03T11:15:03.742310+00:00,25200.0,25374.0,25058.0,25199.0,25175.607421875,697855
2022-11-29 00:00:00+00:00,2022-11-30T00:00:00+00:00,2026-09-03T11:15:03.742310+00:00,25100.0,25491.0,24791.0,25016.0,24992.77734375,900900
2022-11-30 00:00:00+00:00,2022-12-01T00:00:00+00:00,2026-09-03T11:15:03.742310+00:00,24800.0,25352.0,24800.0,25212.0,25188.595703125,1804774
2022-12-01 00:00:00+00:00,2022-12-02T00:00:00+00:00,2026-09-03T11:15:03.742310+00:00,25089.0,25246.0,23430.0,24000.0,23977.716796875,3211916
2022-12-02 00:00:00+00:00,2022-12-03T00:00:00+00:00,2026-09-03T11:15:03.742310+00:00,24007.0,24366.0,23444.0,24070.0,24047.654296875,2873383
2022-12-05 00:00:00+00:00,2022-12-06T00:00:00+00:00,2026-09-03T11:15:03.742310+00:00,24208.0,24895.0,24220.0,24315.0,24292.42578125,1453679
2022-12-06 00:00:00+00:00,2022-12-07T00:00:00+00:00,2026-09-03T11:15:03.742310+00:00,24231.0,24953.0,24263.0,24843.0,24819.935546875,923427
2022-12-07 00:00:00+00:00,2022-12-08T00:00:00+00:00,2026-09-03T11:15:03.742310+00:00,24300.0,24895.0,24362.0,24665.0,24642.103515625,984449
2022-12-08 00:00:00+00:00,2022-12-09T00:00:00+00:00,2026-09-03T11:15:03.742310+00:00,24899.0,24798.0,24198.0,24623.0,24600.140625,1159148
2022-12-09 00:00:00+00:00,2022-12-10T00:00:00+00:00,2026-09-03T11:15:03.742310+00:00,24800.0,24775.0,23621.0,23800.0,23777.90234375,2610624
2022-12-12 00:00:00+00:00,2022-12-13T00:00:00+00:00,2026-09-03T11:15:03.742310+00:00,23800.0,24150.0,23752.0,23898.0,23875.81640625,1259001
2022-12-13 00:00:00+00:00,2022-12-14T00:00:00+00:00,2026-09-03T11:15:03.742310+00:00,23501.0,24050.0,23636.0,23900.0,23877.8125,1034769
2022-12-14 00:00:00+00:00,2022-12-15T00:00:00+00:00,2026-09-03T11:15:03.742310+00:00,24000.0,24047.0,23587.0,23800.0,23777.90234375,1467125
2022-12-15 00:00:00+00:00,2022-12-16T00:00:00+00:00,2026-09-03T11:15:03.742310+00:00,23700.0,24000.0,22797.0,23116.0,23094.5390625,8137976
2022-12-19 00:00:00+00:00,2022-12-20T00:00:00+00:00,2026-09-03T11:15:03.742310+00:00,23411.0,23815.0,22918.0,23646.0,23624.044921875,1377468
2022-12-20 00:00:00+00:00,2022-12-21T00:00:00+00:00,2026-09-03T11:15:03.742310+00:00,23865.0,23828.0,23390.0,23600.0,23578.08984375,465523
2022-12-21 00:00:00+00:00,2022-12-22T00:00:00+00:00,2026-09-03T11:15:03.742310+00:00,23745.0,23781.0,23517.0,23656.0,23634.0390625,512129
2022-12-22 00:00:00+00:00,2022-12-23T00:00:00+00:00,2026-09-03T11:15:03.742310+00:00,23500.0,23642.0,23348.0,23495.0,23473.189453125,540981
2022-12-23 00:00:00+00:00,2022-12-24T00:00:00+00:00,2026-09-03T11:15:03.742310+00:00,23321.0,23678.0,23180.0,23531.0,23509.15625,287670
2022-12-28 00:00:00+00:00,2022-12-29T00:00:00+00:00,2026-09-03T11:15:03.742310+00:00,23530.0,23638.0,22574.0,23167.0,23145.4921875,1166163
2022-12-29 00:00:00+00:00,2022-12-30T00:00:00+00:00,2026-09-03T11:15:03.742310+00:00,23310.0,23139.0,22421.0,22834.0,22812.80078125,1103122
2022-12-30 00:00:00+00:00,2022-12-31T00:00:00+00:00,2026-09-03T11:15:03.742310+00:00,22697.0,22700.0,22336.0,22600.0,22579.01953125,590656
2023-01-03 00:00:00+00:00,2023-01-04T00:00:00+00:00,2026-09-03T11:15:03.742310+00:00,22634.0,22915.0,22361.0,22784.0,22762.84765625,669066
2023-01-04 00:00:00+00:00,2023-01-05T00:00:00+00:00,2026-09-03T11:15:03.742310+00:00,22895.0,23029.0,22645.0,22969.0,22947.67578125,602031
2023-01-05 00:00:00+00:00,2023-01-06T00:00:00+00:00,2026-09-03T11:15:03.742310+00:00,22910.0,23269.0,22775.0,23198.0,23176.46484375,1558153
2023-01-06 00:00:00+00:00,2023-01-07T00:00:00+00:00,2026-09-03T11:15:03.742310+00:00,23050.0,23399.0,23014.0,23129.0,23107.52734375,682810
2023-01-09 00:00:00+00:00,2023-01-10T00:00:00+00:00,2026-09-03T11:15:03.742310+00:00,23150.0,23715.0,23199.0,23554.0,23532.1328125,1147514
2023-01-10 00:00:00+00:00,2023-01-11T00:00:00+00:00,2026-09-03T11:15:03.742310+00:00,23555.0,23950.0,23239.0,23880.0,23857.83203125,1258661
2023-01-11 00:00:00+00:00,2023-01-12T00:00:00+00:00,2026-09-03T11:15:03.742310+00:00,24000.0,23992.0,23747.0,23797.0,23774.908203125,1123791
2023-01-12 00:00:00+00:00,2023-01-13T00:00:00+00:00,2026-09-03T11:15:03.742310+00:00,23700.0,24879.0,23848.0,24362.0,24339.380859375,1196983
2023-01-13 00:00:00+00:00,2023-01-14T00:00:00+00:00,2026-09-03T11:15:03.742310+00:00,24399.0,24550.0,24162.0,24396.0,24373.3515625,935420
2023-01-16 00:00:00+00:00,2023-01-17T00:00:00+00:00,2026-09-03T11:15:03.742310+00:00,24362.0,24606.0,24103.0,24191.0,24168.541015625,842008
2023-01-17 00:00:00+00:00,2023-01-18T00:00:00+00:00,2026-09-03T11:15:03.742310+00:00,24120.0,24427.0,23878.0,24000.0,23977.716796875,1220809
2023-01-18 00:00:00+00:00,2023-01-19T00:00:00+00:00,2026-09-03T11:15:03.742310+00:00,24300.0,24420.0,24049.0,24225.0,24202.5078125,1133405
2023-01-19 00:00:00+00:00,2023-01-20T00:00:00+00:00,2026-09-03T11:15:03.742310+00:00,23886.0,24783.0,23886.0,24438.0,24415.310546875,1383254
2023-01-20 00:00:00+00:00,2023-01-21T00:00:00+00:00,2026-09-03T11:15:03.742310+00:00,24500.0,24616.0,24178.0,24321.0,24298.421875,764877
2023-01-23 00:00:00+00:00,2023-01-24T00:00:00+00:00,2026-09-03T11:15:03.742310+00:00,24288.0,24705.0,24364.0,24668.0,24645.095703125,828983
2023-01-24 00:00:00+00:00,2023-01-25T00:00:00+00:00,2026-09-03T11:15:03.742310+00:00,24749.0,24882.0,24470.0,24719.0,24696.052734375,629133
2023-01-25 00:00:00+00:00,2023-01-26T00:00:00+00:00,2026-09-03T11:15:03.742310+00:00,24882.0,25076.0,24673.0,24792.0,24768.984375,1332326
2023-01-26 00:00:00+00:00,2023-01-27T00:00:00+00:00,2026-09-03T11:15:03.742310+00:00,25000.0,24999.0,24226.0,24436.0,24413.314453125,1637658
2023-01-27 00:00:00+00:00,2023-01-28T00:00:00+00:00,2026-09-03T11:15:03.742310+00:00,24650.0,24585.0,23812.0,23976.0,23953.740234375,1342208
2023-01-30 00:00:00+00:00,2023-01-31T00:00:00+00:00,2026-09-03T11:15:03.742310+00:00,23808.0,24430.0,23876.0,24430.0,24407.3203125,1027569
2023-01-31 00:00:00+00:00,2023-02-01T00:00:00+00:00,2026-09-03T11:15:03.742310+00:00,25025.0,25190.0,23908.0,24014.0,23991.705078125,2391417
2023-02-01 00:00:00+00:00,2023-02-02T00:00:00+00:00,2026-09-03T11:15:03.742310+00:00,24100.0,24450.0,23033.0,23212.0,23190.44921875,2549428
2023-02-02 00:00:00+00:00,2023-02-03T00:00:00+00:00,2026-09-03T11:15:03.742310+00:00,23632.0,23658.0,23065.0,23361.0,23339.310546875,1153329
2023-02-03 00:00:00+00:00,2023-02-04T00:00:00+00:00,2026-09-03T11:15:03.742310+00:00,23349.0,23510.0,23117.0,23217.0,23195.447265625,1179913
2023-02-06 00:00:00+00:00,2023-02-07T00:00:00+00:00,2026-09-03T11:15:03.742310+00:00,23300.0,23317.0,22910.0,23100.0,23078.552734375,1056862
2023-02-07 00:00:00+00:00,2023-02-08T00:00:00+00:00,2026-09-03T11:15:03.742310+00:00,22999.0,23415.0,22892.0,23077.0,23055.576171875,954031
2023-02-08 00:00:00+00:00,2023-02-09T00:00:00+00:00,2026-09-03T11:15:03.742310+00:00,22910.0,23211.0,22591.0,23040.0,23018.609375,1462305
2023-02-09 00:00:00+00:00,2023-02-10T00:00:00+00:00,2026-09-03T11:15:03.742310+00:00,23000.0,23261.0,22701.0,23089.0,23067.56640625,1132845
2023-02-10 00:00:00+00:00,2023-02-11T00:00:00+00:00,2026-09-03T11:15:03.742310+00:00,22900.0,23205.0,22867.0,23068.0,23046.583984375,1537324
2023-02-13 00:00:00+00:00,2023-02-14T00:00:00+00:00,2026-09-03T11:15:03.742310+00:00,22975.0,23210.0,22813.0,23130.0,23108.52734375,833333
2023-02-14 00:00:00+00:00,2023-02-15T00:00:00+00:00,2026-09-03T11:15:03.742310+00:00,23000.0,23215.0,22903.0,23092.0,23070.560546875,790247
2023-02-15 00:00:00+00:00,2023-02-16T00:00:00+00:00,2026-09-03T11:15:03.742310+00:00,23100.0,23409.0,22981.0,23043.0,23021.60546875,1499160
2023-02-16 00:00:00+00:00,2023-02-17T00:00:00+00:00,2026-09-03T11:15:03.742310+00:00,23001.0,23178.0,22501.0,22650.0,22628.970703125,1691993
2023-02-17 00:00:00+00:00,2023-02-18T00:00:00+00:00,2026-09-03T11:15:03.742310+00:00,22779.0,22988.0,22538.0,22628.0,22606.990234375,1162591
2023-02-20 00:00:00+00:00,2023-02-21T00:00:00+00:00,2026-09-03T11:15:03.742310+00:00,22650.0,22899.0,22586.0,22899.0,22877.7421875,902179
2023-02-21 00:00:00+00:00,2023-02-22T00:00:00+00:00,2026-09-03T11:15:03.742310+00:00,22900.0,23331.0,22750.0,22839.0,22817.796875,1641829
2023-02-22 00:00:00+00:00,2023-02-23T00:00:00+00:00,2026-09-03T11:15:03.742310+00:00,22711.0,22907.0,22354.0,22757.0,22735.87109375,1148034
2023-02-23 00:00:00+00:00,2023-02-24T00:00:00+00:00,2026-09-03T11:15:03.742310+00:00,22730.0,23419.0,22699.0,23187.0,23165.470703125,1004219
2023-02-24 00:00:00+00:00,2023-02-25T00:00:00+00:00,2026-09-03T11:15:03.742310+00:00,23091.0,23249.0,22525.0,22563.0,22542.0546875,1248852
2023-02-27 00:00:00+00:00,2023-02-28T00:00:00+00:00,2026-09-03T11:15:03.742310+00:00,22584.0,22739.0,22265.0,22474.0,22453.13671875,948819
2023-02-28 00:00:00+00:00,2023-03-01T00:00:00+00:00,2026-09-03T11:15:03.742310+00:00,22617.0,22574.0,22203.0,22254.0,22233.341796875,3017805
2023-03-01 00:00:00+00:00,2023-03-02T00:00:00+00:00,2026-09-03T11:15:03.742310+00:00,22381.0,22565.0,22161.0,22337.0,22316.26171875,1847723
2023-03-02 00:00:00+00:00,2023-03-03T00:00:00+00:00,2026-09-03T11:15:03.742310+00:00,22338.0,22486.0,22222.0,22368.0,22347.23046875,942375
2023-03-03 00:00:00+00:00,2023-03-04T00:00:00+00:00,2026-09-03T11:15:03.742310+00:00,22316.0,22487.0,22173.0,22283.0,22262.314453125,1095372
2023-03-06 00:00:00+00:00,2023-03-07T00:00:00+00:00,2026-09-03T11:15:03.742310+00:00,22604.0,22550.0,22172.0,22500.0,22479.111328125,1504129
2023-03-07 00:00:00+00:00,2023-03-08T00:00:00+00:00,2026-09-03T11:15:03.742310+00:00,21700.0,22500.0,21085.0,22400.0,22379.203125,3835130
2023-03-08 00:00:00+00:00,2023-03-09T00:00:00+00:00,2026-09-03T11:15:03.742310+00:00,22399.0,22690.0,21660.0,21793.0,21772.76953125,2839845
2023-03-09 00:00:00+00:00,2023-03-10T00:00:00+00:00,2026-09-03T11:15:03.742310+00:00,21700.0,21938.0,21633.0,21873.0,21852.693359375,1988944
2023-03-10 00:00:00+00:00,2023-03-11T00:00:00+00:00,2026-09-03T11:15:03.742310+00:00,21800.0,21850.0,21562.0,21750.0,21729.806640625,1765697
2023-03-13 00:00:00+00:00,2023-03-14T00:00:00+00:00,2026-09-03T11:15:03.742310+00:00,21800.0,21916.0,21150.0,21493.0,21473.046875,2580549
2023-03-14 00:00:00+00:00,2023-03-15T00:00:00+00:00,2026-09-03T11:15:03.742310+00:00,21496.0,21760.0,21200.0,21707.0,21686.84765625,2493180
2023-03-15 00:00:00+00:00,2023-03-16T00:00:00+00:00,2026-09-03T11:15:03.742310+00:00,21750.0,21827.0,21096.0,21372.0,21352.16015625,1999265
2023-03-16 00:00:00+00:00,2023-03-17T00:00:00+00:00,2026-09-03T11:15:03.742310+00:00,21500.0,21701.0,21408.0,21579.0,21558.966796875,5158594
2023-03-17 00:00:00+00:00,2023-03-18T00:00:00+00:00,2026-09-03T11:15:03.742310+00:00,21501.0,21997.0,21500.0,21538.0,21518.00390625,3263597
2023-03-20 00:00:00+00:00,2023-03-21T00:00:00+00:00,2026-09-03T11:15:03.742310+00:00,21538.0,21760.0,21165.0,21570.0,21549.97265625,1322254
2023-03-22 00:00:00+00:00,2023-03-23T00:00:00+00:00,2026-09-03T11:15:03.742310+00:00,21993.0,22084.0,21418.0,21611.0,21590.935546875,1174270
2023-03-23 00:00:00+00:00,2023-03-24T00:00:00+00:00,2026-09-03T11:15:03.742310+00:00,21688.0,22073.0,21577.0,21969.0,21948.603515625,1198756
2023-03-24 00:00:00+00:00,2023-03-25T00:00:00+00:00,2026-09-03T11:15:03.742310+00:00,21900.0,22021.0,21607.0,21650.0,21629.90234375,1922491
2023-03-27 00:00:00+00:00,2023-03-28T00:00:00+00:00,2026-09-03T11:15:03.742310+00:00,22108.0,22071.0,21651.0,21991.0,21970.583984375,1348120
2023-03-28 00:00:00+00:00,2023-03-29T00:00:00+00:00,2026-09-03T11:15:03.742310+00:00,22100.0,22442.0,22021.0,22396.0,22375.2109375,1681614
2023-03-29 00:00:00+00:00,2023-03-30T00:00:00+00:00,2026-09-03T11:15:03.742310+00:00,22300.0,22610.0,22327.0,22447.0,22426.16015625,1368338
2023-03-30 00:00:00+00:00,2023-03-31T00:00:00+00:00,2026-09-03T11:15:03.742310+00:00,22500.0,22532.0,22103.0,22218.0,22197.375,1100067
2023-03-31 00:00:00+00:00,2023-04-01T00:00:00+00:00,2026-09-03T11:15:03.742310+00:00,22000.0,22326.0,22005.0,22226.0,22205.365234375,1000509
2023-04-03 00:00:00+00:00,2023-04-04T00:00:00+00:00,2026-09-03T11:15:03.742310+00:00,22389.0,22359.0,22051.0,22263.0,22242.330078125,858647
2023-04-04 00:00:00+00:00,2023-04-05T00:00:00+00:00,2026-09-03T11:15:03.742310+00:00,22015.0,22704.0,21928.0,22500.0,22481.615234375,1379895
2023-04-05 00:00:00+00:00,2023-04-06T00:00:00+00:00,2026-09-03T11:15:03.742310+00:00,22700.0,22521.0,22110.0,22181.0,22162.876953125,784313
2023-04-06 00:00:00+00:00,2023-04-07T00:00:00+00:00,2026-09-03T11:15:03.742310+00:00,22237.0,22701.0,22120.0,22576.0,22557.552734375,683651
2023-04-11 00:00:00+00:00,2023-04-12T00:00:00+00:00,2026-09-03T11:15:03.742310+00:00,22480.0,22480.0,21429.0,22036.0,22017.994140625,3476841
2023-04-12 00:00:00+00:00,2023-04-13T00:00:00+00:00,2026-09-03T11:15:03.742310+00:00,22011.0,22313.0,21972.0,22253.0,22234.818359375,1677280
2023-04-13 00:00:00+00:00,2023-04-14T00:00:00+00:00,2026-09-03T11:15:03.742310+00:00,22363.0,22440.0,22123.0,22222.0,22203.841796875,1763689
2023-04-14 00:00:00+00:00,2023-04-15T00:00:00+00:00,2026-09-03T11:15:03.742310+00:00,22300.0,22423.0,22087.0,22242.0,22223.826171875,997219
2023-04-17 00:00:00+00:00,2023-04-18T00:00:00+00:00,2026-09-03T11:15:03.742310+00:00,22300.0,22342.0,21940.0,22035.0,22016.99609375,1223601
2023-04-18 00:00:00+00:00,2023-04-19T00:00:00+00:00,2026-09-03T11:15:03.742310+00:00,21902.0,22222.0,22020.0,22148.0,22129.90234375,1477198
2023-04-19 00:00:00+00:00,2023-04-20T00:00:00+00:00,2026-09-03T11:15:03.742310+00:00,22050.0,22211.0,21661.0,21940.0,21922.07421875,2643871
2023-04-20 00:00:00+00:00,2023-04-21T00:00:00+00:00,2026-09-03T11:15:03.742310+00:00,21942.0,22221.0,21834.0,22113.0,22094.931640625,1488597
2023-04-21 00:00:00+00:00,2023-04-22T00:00:00+00:00,2026-09-03T11:15:03.742310+00:00,21586.0,22213.0,21828.0,21963.0,21945.0546875,951564
2023-04-24 00:00:00+00:00,2023-04-25T00:00:00+00:00,2026-09-03T11:15:03.742310+00:00,21751.0,22209.0,21862.0,21950.0,21932.064453125,902088
2023-04-25 00:00:00+00:00,2023-04-26T00:00:00+00:00,2026-09-03T11:15:03.742310+00:00,21752.0,22363.0,21814.0,22255.0,22236.81640625,2129190
2023-04-26 00:00:00+00:00,2023-04-27T00:00:00+00:00,2026-09-03T11:15:03.742310+00:00,22000.0,22291.0,22047.0,22200.0,22181.861328125,982570
2023-04-28 00:00:00+00:00,2023-04-29T00:00:00+00:00,2026-09-03T11:15:03.742310+00:00,22388.0,22298.0,21968.0,22295.0,22276.783203125,1702094
2023-05-02 00:00:00+00:00,2023-05-03T00:00:00+00:00,2026-09-03T11:15:03.742310+00:00,22400.0,22400.0,21638.0,21738.0,21720.23828125,1633596
2023-05-03 00:00:00+00:00,2023-05-04T00:00:00+00:00,2026-09-03T11:15:03.742310+00:00,21601.0,21980.0,21600.0,21762.0,21744.21875,2061658
2023-05-04 00:00:00+00:00,2023-05-05T00:00:00+00:00,2026-09-03T11:15:03.742310+00:00,21950.0,21946.0,21085.0,21197.0,21179.677734375,1846807
2023-05-05 00:00:00+00:00,2023-05-06T00:00:00+00:00,2026-09-03T11:15:03.742310+00:00,21085.0,21467.0,21101.0,21332.0,21314.568359375,1700167
2023-05-08 00:00:00+00:00,2023-05-09T00:00:00+00:00,2026-09-03T11:15:03.742310+00:00,21590.0,21289.0,20840.0,21012.0,20994.83203125,1869743
2023-05-09 00:00:00+00:00,2023-05-10T00:00:00+00:00,2026-09-03T11:15:03.742310+00:00,20950.0,21156.0,20709.0,20745.0,20728.05078125,1976713
2023-05-10 00:00:00+00:00,2023-05-11T00:00:00+00:00,2026-09-03T11:15:03.742310+00:00,20800.0,20789.0,20342.0,20576.0,20559.185546875,1732539
2023-05-11 00:00:00+00:00,2023-05-12T00:00:00+00:00,2026-09-03T11:15:03.742310+00:00,20750.0,20649.0,19897.0,20046.0,20029.623046875,1902375
2023-05-12 00:00:00+00:00,2023-05-13T00:00:00+00:00,2026-09-03T11:15:03.742310+00:00,20029.0,20511.0,19850.0,20362.0,20345.361328125,1963204
2023-05-15 00:00:00+00:00,2023-05-16T00:00:00+00:00,2026-09-03T11:15:03.742310+00:00,20555.0,20501.0,20062.0,20372.0,20355.353515625,1474804
2023-05-16 00:00:00+00:00,2023-05-17T00:00:00+00:00,2026-09-03T11:15:03.742310+00:00,20101.0,20605.0,20118.0,20326.0,20309.390625,1204123
2023-05-17 00:00:00+00:00,2023-05-18T00:00:00+00:00,2026-09-03T11:15:03.742310+00:00,20749.0,20750.0,19900.0,19986.0,19969.669921875,1291419
2023-05-18 00:00:00+00:00,2023-05-19T00:00:00+00:00,2026-09-03T11:15:03.742310+00:00,19955.0,20202.0,19631.0,19783.0,19766.8359375,957709
2023-05-19 00:00:00+00:00,2023-05-20T00:00:00+00:00,2026-09-03T11:15:03.742310+00:00,19621.0,19919.0,19656.0,19830.0,19813.796875,862453
2023-05-22 00:00:00+00:00,2023-05-23T00:00:00+00:00,2026-09-03T11:15:03.742310+00:00,19700.0,20280.0,19614.0,20213.0,20196.484375,1528366
2023-05-23 00:00:00+00:00,2023-05-24T00:00:00+00:00,2026-09-03T11:15:03.742310+00:00,20390.0,20319.0,19832.0,19857.0,19840.77734375,1951459
2023-05-24 00:00:00+00:00,2023-05-25T00:00:00+00:00,2026-09-03T11:15:03.742310+00:00,19994.0,20260.0,19800.0,20167.0,20150.5234375,1460321
2023-05-25 00:00:00+00:00,2023-05-26T00:00:00+00:00,2026-09-03T11:15:03.742310+00:00,20182.0,20422.0,20140.0,20167.0,20150.5234375,1390511
2023-05-26 00:00:00+00:00,2023-05-27T00:00:00+00:00,2026-09-03T11:15:03.742310+00:00,20386.0,20345.0,19916.0,20178.0,20161.51171875,1145536
2023-05-29 00:00:00+00:00,2023-05-30T00:00:00+00:00,2026-09-03T11:15:03.742310+00:00,20178.0,20226.0,19974.0,20056.0,20039.61328125,807485
2023-05-30 00:00:00+00:00,2023-05-31T00:00:00+00:00,2026-09-03T11:15:03.742310+00:00,20056.0,20072.0,19373.0,19440.0,19424.1171875,1678732
2023-05-31 00:00:00+00:00,2023-06-01T00:00:00+00:00,2026-09-03T11:15:03.742310+00:00,19366.0,19926.0,19165.0,19520.0,19504.05078125,9475059
2023-06-01 00:00:00+00:00,2023-06-02T00:00:00+00:00,2026-09-03T11:15:03.742310+00:00,19535.0,19785.0,19374.0,19627.0,19610.962890625,2136802
2023-06-02 00:00:00+00:00,2023-06-03T00:00:00+00:00,2026-09-03T11:15:03.742310+00:00,19699.0,19972.0,19585.0,19928.0,19911.71484375,1421704
2023-06-05 00:00:00+00:00,2023-06-06T00:00:00+00:00,2026-09-03T11:15:03.742310+00:00,20199.0,20174.0,19642.0,20083.0,20066.591796875,1118630
2023-06-06 00:00:00+00:00,2023-06-07T00:00:00+00:00,2026-09-03T11:15:03.742310+00:00,20000.0,20434.0,19865.0,20434.0,20417.3046875,1837600
2023-06-07 00:00:00+00:00,2023-06-08T00:00:00+00:00,2026-09-03T11:15:03.742310+00:00,20475.0,21624.0,20310.0,21444.0,21426.478515625,4761019
2023-06-08 00:00:00+00:00,2023-06-09T00:00:00+00:00,2026-09-03T11:15:03.742310+00:00,21500.0,21640.0,21191.0,21452.0,21434.470703125,3208480
2023-06-09 00:00:00+00:00,2023-06-10T00:00:00+00:00,2026-09-03T11:15:03.742310+00:00,21452.0,22428.0,21300.0,22428.0,22409.67578125,3933450
2023-06-12 00:00:00+00:00,2023-06-13T00:00:00+00:00,2026-09-03T11:15:03.742310+00:00,22365.0,22592.0,22194.0,22222.0,22203.841796875,2505808
2023-06-13 00:00:00+00:00,2023-06-14T00:00:00+00:00,2026-09-03T11:15:03.742310+00:00,22360.0,22920.0,22309.0,22821.0,22802.353515625,1920041
2023-06-14 00:00:00+00:00,2023-06-15T00:00:00+00:00,2026-09-03T11:15:03.742310+00:00,22800.0,23090.0,22575.0,22884.0,22865.30078125,994778
2023-06-15 00:00:00+00:00,2023-06-16T00:00:00+00:00,2026-09-03T11:15:03.742310+00:00,22548.0,23095.0,22615.0,22866.0,22847.314453125,6106226
2023-06-19 00:00:00+00:00,2023-06-20T00:00:00+00:00,2026-09-03T11:15:03.742310+00:00,22501.0,23256.0,22513.0,22821.0,22802.353515625,1285747
2023-06-20 00:00:00+00:00,2023-06-21T00:00:00+00:00,2026-09-03T11:15:03.742310+00:00,22622.0,22874.0,22374.0,22496.0,22477.619140625,1509851
2023-06-21 00:00:00+00:00,2023-06-22T00:00:00+00:00,2026-09-03T11:15:03.742310+00:00,22292.0,22497.0,22050.0,22411.0,22392.6875,1503277
2023-06-22 00:00:00+00:00,2023-06-23T00:00:00+00:00,2026-09-03T11:15:03.742310+00:00,22299.0,22871.0,22196.0,22710.0,22691.443359375,2217920
2023-06-23 00:00:00+00:00,2023-06-24T00:00:00+00:00,2026-09-03T11:15:03.742310+00:00,22700.0,22805.0,22456.0,22560.0,22541.56640625,1862139
2023-06-26 00:00:00+00:00,2023-06-27T00:00:00+00:00,2026-09-03T11:15:03.742310+00:00,22310.0,22594.0,22206.0,22464.0,22445.64453125,1436845
2023-06-27 00:00:00+00:00,2023-06-28T00:00:00+00:00,2026-09-03T11:15:03.742310+00:00,22507.0,22501.0,22021.0,22451.0,22432.65625,1879492
2023-06-28 00:00:00+00:00,2023-06-29T00:00:00+00:00,2026-09-03T11:15:03.742310+00:00,22290.0,22572.0,22165.0,22317.0,22298.765625,2007036
2023-06-29 00:00:00+00:00,2023-06-30T00:00:00+00:00,2026-09-03T11:15:03.742310+00:00,22395.0,22598.0,22343.0,22400.0,22381.697265625,1575290
2023-06-30 00:00:00+00:00,2023-07-01T00:00:00+00:00,2026-09-03T11:15:03.742310+00:00,22317.0,22686.0,22319.0,22560.0,22541.56640625,1389529
2023-07-03 00:00:00+00:00,2023-07-04T00:00:00+00:00,2026-09-03T11:15:03.742310+00:00,22533.0,22769.0,22419.0,22623.0,22604.515625,902931
2023-07-04 00:00:00+00:00,2023-07-05T00:00:00+00:00,2026-09-03T11:15:03.742310+00:00,22715.0,22810.0,22550.0,22678.0,22659.46875,716096
2023-07-05 00:00:00+00:00,2023-07-06T00:00:00+00:00,2026-09-03T11:15:03.742310+00:00,22649.0,22601.0,22398.0,22523.0,22504.59765625,846169
2023-07-06 00:00:00+00:00,2023-07-07T00:00:00+00:00,2026-09-03T11:15:03.742310+00:00,22395.0,22459.0,21913.0,22111.0,22092.931640625,1285300
2023-07-07 00:00:00+00:00,2023-07-08T00:00:00+00:00,2026-09-03T11:15:03.742310+00:00,22339.0,22141.0,21821.0,21999.0,21981.02734375,1385679
2023-07-10 00:00:00+00:00,2023-07-11T00:00:00+00:00,2026-09-03T11:15:03.742310+00:00,22340.0,22340.0,21940.0,22087.0,22068.953125,1514531
2023-07-11 00:00:00+00:00,2023-07-12T00:00:00+00:00,2026-09-03T11:15:03.742310+00:00,22262.0,23333.0,22262.0,23324.0,23304.94140625,3417631
2023-07-12 00:00:00+00:00,2023-07-13T00:00:00+00:00,2026-09-03T11:15:03.742310+00:00,23160.0,24000.0,23081.0,23911.0,23891.462890625,2087977
2023-07-13 00:00:00+00:00,2023-07-14T00:00:00+00:00,2026-09-03T11:15:03.742310+00:00,24000.0,24197.0,23737.0,23860.0,23840.50390625,1883058
2023-07-14 00:00:00+00:00,2023-07-15T00:00:00+00:00,2026-09-03T11:15:03.742310+00:00,23999.0,23952.0,23448.0,23804.0,23784.55078125,2109192
2023-07-17 00:00:00+00:00,2023-07-18T00:00:00+00:00,2026-09-03T11:15:03.742310+00:00,23999.0,24085.0,23535.0,23916.0,23896.458984375,2055093
2023-07-18 00:00:00+00:00,2023-07-19T00:00:00+00:00,2026-09-03T11:15:03.742310+00:00,23905.0,23960.0,23674.0,23919.0,23899.45703125,1323162
2023-07-19 00:00:00+00:00,2023-07-20T00:00:00+00:00,2026-09-03T11:15:03.742310+00:00,23850.0,23974.0,23600.0,23753.0,23733.59375,1655825
2023-07-20 00:00:00+00:00,2023-07-21T00:00:00+00:00,2026-09-03T11:15:03.742310+00:00,23813.0,23867.0,23595.0,23867.0,23847.49609375,1531776
2023-07-21 00:00:00+00:00,2023-07-22T00:00:00+00:00,2026-09-03T11:15:03.742310+00:00,23900.0,24277.0,23813.0,24277.0,24257.1640625,1120258
2023-07-24 00:00:00+00:00,2023-07-25T00:00:00+00:00,2026-09-03T11:15:03.742310+00:00,24300.0,24421.0,24128.0,24286.0,24266.15625,1355945
2023-07-25 00:00:00+00:00,2023-07-26T00:00:00+00:00,2026-09-03T11:15:03.742310+00:00,24250.0,25254.0,24286.0,25254.0,25233.3671875,2776542
2023-07-26 00:00:00+00:00,2023-07-27T00:00:00+00:00,2026-09-03T11:15:03.742310+00:00,25134.0,25451.0,24892.0,25236.0,25215.37890625,2209469
2023-07-27 00:00:00+00:00,2023-07-28T00:00:00+00:00,2026-09-03T11:15:03.742310+00:00,25390.0,25750.0,25235.0,25385.0,25364.259765625,1914525
2023-07-28 00:00:00+00:00,2023-07-29T00:00:00+00:00,2026-09-03T11:15:03.742310+00:00,25758.0,25924.0,25380.0,25631.0,25610.056640625,1303514
2023-07-31 00:00:00+00:00,2023-08-01T00:00:00+00:00,2026-09-03T11:15:03.742310+00:00,25700.0,25934.0,25522.0,25840.0,25818.884765625,2121047
2023-08-01 00:00:00+00:00,2023-08-02T00:00:00+00:00,2026-09-03T11:15:03.742310+00:00,25839.0,25975.0,25750.0,25870.0,25848.861328125,1158017
2023-08-02 00:00:00+00:00,2023-08-03T00:00:00+00:00,2026-09-03T11:15:03.742310+00:00,25735.0,25879.0,24922.0,25107.0,25086.48828125,3769280
2023-08-03 00:00:00+00:00,2023-08-04T00:00:00+00:00,2026-09-03T11:15:03.742310+00:00,25107.0,25258.0,24833.0,25106.0,25085.48828125,2148478
2023-08-04 00:00:00+00:00,2023-08-05T00:00:00+00:00,2026-09-03T11:15:03.742310+00:00,25200.0,25300.0,24940.0,25242.0,25221.375,1521628
2023-08-07 00:00:00+00:00,2023-08-08T00:00:00+00:00,2026-09-03T11:15:03.742310+00:00,25429.0,25596.0,25242.0,25529.0,25508.138671875,1007867
2023-08-08 00:00:00+00:00,2023-08-09T00:00:00+00:00,2026-09-03T11:15:03.742310+00:00,25500.0,25827.0,25482.0,25712.0,25690.9921875,1540820
2023-08-10 00:00:00+00:00,2023-08-11T00:00:00+00:00,2026-09-03T11:15:03.742310+00:00,25856.0,25950.0,25664.0,25900.0,25878.837890625,1248537
2023-08-11 00:00:00+00:00,2023-08-12T00:00:00+00:00,2026-09-03T11:15:03.742310+00:00,25805.0,25910.0,25537.0,25776.0,25754.9375,979984
2023-08-14 00:00:00+00:00,2023-08-15T00:00:00+00:00,2026-09-03T11:15:03.742310+00:00,25700.0,25924.0,25493.0,25697.0,25676.00390625,1572331
2023-08-15 00:00:00+00:00,2023-08-16T00:00:00+00:00,2026-09-03T11:15:03.742310+00:00,25451.0,25729.0,25352.0,25670.0,25649.025390625,1161803
2023-08-16 00:00:00+00:00,2023-08-17T00:00:00+00:00,2026-09-03T11:15:03.742310+00:00,25609.0,25633.0,25361.0,25595.0,25574.0859375,830269
2023-08-17 00:00:00+00:00,2023-08-18T00:00:00+00:00,2026-09-03T11:15:03.742310+00:00,25596.0,25651.0,25143.0,25534.0,25513.138671875,951268
2023-08-18 00:00:00+00:00,2023-08-19T00:00:00+00:00,2026-09-03T11:15:03.742310+00:00,25330.0,25388.0,24952.0,25271.0,25250.353515625,1533840
2023-08-21 00:00:00+00:00,2023-08-22T00:00:00+00:00,2026-09-03T11:15:03.742310+00:00,24951.0,25822.0,25084.0,25722.0,25700.982421875,1572294
2023-08-22 00:00:00+00:00,2023-08-23T00:00:00+00:00,2026-09-03T11:15:03.742310+00:00,25823.0,26211.0,25636.0,25823.0,25801.900390625,2583191
2023-08-23 00:00:00+00:00,2023-08-24T00:00:00+00:00,2026-09-03T11:15:03.742310+00:00,25907.0,26300.0,25745.0,26151.0,26129.62890625,1195835
2023-08-24 00:00:00+00:00,2023-08-25T00:00:00+00:00,2026-09-03T11:15:03.742310+00:00,26201.0,26404.0,26144.0,26255.0,26233.548828125,845223
2023-08-25 00:00:00+00:00,2023-08-26T00:00:00+00:00,2026-09-03T11:15:03.742310+00:00,26429.0,26380.0,26032.0,26143.0,26121.640625,786907
2023-08-28 00:00:00+00:00,2023-08-29T00:00:00+00:00,2026-09-03T11:15:03.742310+00:00,26330.0,26429.0,26125.0,26361.0,26339.4609375,541374
2023-08-29 00:00:00+00:00,2023-08-30T00:00:00+00:00,2026-09-03T11:15:03.742310+00:00,26350.0,26461.0,26173.0,26207.0,26185.583984375,484418
2023-08-30 00:00:00+00:00,2023-08-31T00:00:00+00:00,2026-09-03T11:15:03.742310+00:00,26034.0,26651.0,26159.0,26480.0,26458.36328125,896237
2023-08-31 00:00:00+00:00,2023-09-01T00:00:00+00:00,2026-09-03T11:15:03.742310+00:00,26659.0,26637.0,26275.0,26383.0,26361.443359375,1453795
2023-09-01 00:00:00+00:00,2023-09-02T00:00:00+00:00,2026-09-03T11:15:03.742310+00:00,26188.0,26566.0,26093.0,26152.0,26130.62890625,699745
2023-09-04 00:00:00+00:00,2023-09-05T00:00:00+00:00,2026-09-03T11:15:03.742310+00:00,26211.0,26598.0,26151.0,26216.0,26194.580078125,623863
2023-09-05 00:00:00+00:00,2023-09-06T00:00:00+00:00,2026-09-03T11:15:03.742310+00:00,26200.0,26124.0,24250.0,24740.0,24719.78515625,2700158
2023-09-06 00:00:00+00:00,2023-09-07T00:00:00+00:00,2026-09-03T11:15:03.742310+00:00,24700.0,24698.0,23762.0,24441.0,24421.02734375,2430771
2023-09-07 00:00:00+00:00,2023-09-08T00:00:00+00:00,2026-09-03T11:15:03.742310+00:00,24412.0,24830.0,24088.0,24653.0,24632.857421875,1306027
2023-09-08 00:00:00+00:00,2023-09-09T00:00:00+00:00,2026-09-03T11:15:03.742310+00:00,24999.0,25525.0,24650.0,25384.0,25363.259765625,1716376
2023-09-11 00:00:00+00:00,2023-09-12T00:00:00+00:00,2026-09-03T11:15:03.742310+00:00,25651.0,25770.0,25351.0,25442.0,25421.2109375,1369122
2023-09-12 00:00:00+00:00,2023-09-13T00:00:00+00:00,2026-09-03T11:15:03.742310+00:00,25271.0,25487.609375,24971.0,25220.0,25199.390625,2592422
2023-09-13 00:00:00+00:00,2023-09-14T00:00:00+00:00,2026-09-03T11:15:03.742310+00:00,24501.0,25300.0,24619.0,25300.0,25279.328125,1370990
2023-09-14 00:00:00+00:00,2023-09-15T00:00:00+00:00,2026-09-03T11:15:03.742310+00:00,25450.0,25419.0,24746.0,24959.0,24938.607421875,1447154
2023-09-15 00:00:00+00:00,2023-09-16T00:00:00+00:00,2026-09-03T11:15:03.742310+00:00,25194.0,25281.0,24661.0,24862.0,24841.685546875,2637109
2023-09-18 00:00:00+00:00,2023-09-19T00:00:00+00:00,2026-09-03T11:15:03.742310+00:00,24611.0,24846.0,24320.0,24500.0,24479.982421875,1064227
2023-09-19 00:00:00+00:00,2023-09-20T00:00:00+00:00,2026-09-03T11:15:03.742310+00:00,24500.0,24478.0,24152.0,24456.0,24436.015625,972827
2023-09-20 00:00:00+00:00,2023-09-21T00:00:00+00:00,2026-09-03T11:15:03.742310+00:00,24297.0,24591.0,24008.0,24519.0,24498.966796875,1341642
2023-09-21 00:00:00+00:00,2023-09-22T00:00:00+00:00,2026-09-03T11:15:03.742310+00:00,24400.0,24730.0,23982.0,24300.0,24280.14453125,4501650
2023-09-22 00:00:00+00:00,2023-09-23T00:00:00+00:00,2026-09-03T11:15:03.742310+00:00,24101.0,24423.0,23971.0,24100.0,24080.30859375,996198
2023-09-26 00:00:00+00:00,2023-09-27T00:00:00+00:00,2026-09-03T11:15:03.742310+00:00,24200.0,24318.0,23900.0,24217.0,24197.212890625,1469661
2023-09-27 00:00:00+00:00,2023-09-28T00:00:00+00:00,2026-09-03T11:15:03.742310+00:00,23990.0,24292.0,23866.0,23963.0,23947.5234375,1434750
2023-09-28 00:00:00+00:00,2023-09-29T00:00:00+00:00,2026-09-03T11:15:03.742310+00:00,23932.0,23993.0,23600.0,23993.0,23977.50390625,767812
2023-09-29 00:00:00+00:00,2023-09-30T00:00:00+00:00,2026-09-03T11:15:03.742310+00:00,24150.0,24341.0,23904.0,23984.0,23968.51171875,1354742
2023-10-02 00:00:00+00:00,2023-10-03T00:00:00+00:00,2026-09-03T11:15:03.742310+00:00,24397.0,24370.0,23702.0,23702.0,23686.69140625,1118389
2023-10-03 00:00:00+00:00,2023-10-04T00:00:00+00:00,2026-09-03T11:15:03.742310+00:00,23865.0,23967.0,23610.0,23828.0,23812.61328125,849889
2023-10-04 00:00:00+00:00,2023-10-05T00:00:00+00:00,2026-09-03T11:15:03.742310+00:00,24199.0,24132.0,23537.0,23800.0,23784.62890625,974456
2023-10-05 00:00:00+00:00,2023-10-06T00:00:00+00:00,2026-09-03T11:15:03.742310+00:00,23800.0,24061.0,23546.0,24013.0,23997.490234375,863321
2023-10-06 00:00:00+00:00,2023-10-07T00:00:00+00:00,2026-09-03T11:15:03.742310+00:00,23999.0,24013.0,23624.0,23760.0,23744.65625,735182
2023-10-09 00:00:00+00:00,2023-10-10T00:00:00+00:00,2026-09-03T11:15:03.742310+00:00,23758.0,24051.0,23330.0,23432.0,23416.8671875,999895
2023-10-10 00:00:00+00:00,2023-10-11T00:00:00+00:00,2026-09-03T11:15:03.742310+00:00,23430.0,24500.0,23397.0,24134.0,24118.4140625,6441511
2023-10-11 00:00:00+00:00,2023-10-12T00:00:00+00:00,2026-09-03T11:15:03.742310+00:00,24000.0,25093.0,23759.0,24600.0,24584.111328125,1857522
2023-10-12 00:00:00+00:00,2023-10-13T00:00:00+00:00,2026-09-03T11:15:03.742310+00:00,25000.0,24915.0,24340.0,24350.0,24334.275390625,981151
2023-10-13 00:00:00+00:00,2023-10-14T00:00:00+00:00,2026-09-03T11:15:03.742310+00:00,24191.0,24356.0,23668.0,23709.0,23693.689453125,1192886
2023-10-16 00:00:00+00:00,2023-10-17T00:00:00+00:00,2026-09-03T11:15:03.742310+00:00,23601.0,23863.0,23401.0,23825.0,23809.61328125,1326997
2023-10-17 00:00:00+00:00,2023-10-18T00:00:00+00:00,2026-09-03T11:15:03.742310+00:00,23511.0,23773.0,23464.0,23480.0,23464.837890625,1067931
2023-10-18 00:00:00+00:00,2023-10-19T00:00:00+00:00,2026-09-03T11:15:03.742310+00:00,23401.0,23568.0,23364.0,23564.0,23548.78125,1706623
2023-10-19 00:00:00+00:00,2023-10-20T00:00:00+00:00,2026-09-03T11:15:03.742310+00:00,23600.0,23664.0,23277.0,23419.0,23403.873046875,992003
2023-10-20 00:00:00+00:00,2023-10-21T00:00:00+00:00,2026-09-03T11:15:03.742310+00:00,23419.0,23394.0,23030.0,23342.0,23326.92578125,1181050
2023-10-23 00:00:00+00:00,2023-10-24T00:00:00+00:00,2026-09-03T11:15:03.742310+00:00,23123.0,23875.0,23126.0,23689.0,23673.701171875,1099981
2023-10-24 00:00:00+00:00,2023-10-25T00:00:00+00:00,2026-09-03T11:15:03.742310+00:00,23500.0,23865.0,23543.0,23794.0,23778.6328125,959431
2023-10-25 00:00:00+00:00,2023-10-26T00:00:00+00:00,2026-09-03T11:15:03.742310+00:00,23501.0,24045.0,23500.0,24028.0,24012.484375,735904
2023-10-26 00:00:00+00:00,2023-10-27T00:00:00+00:00,2026-09-03T11:15:03.742310+00:00,24000.0,24247.0,23745.0,24177.0,24161.384765625,1488500
2023-10-27 00:00:00+00:00,2023-10-28T00:00:00+00:00,2026-09-03T11:15:03.742310+00:00,23984.0,24325.0,23791.0,24000.0,23984.5,1069414
2023-10-30 00:00:00+00:00,2023-10-31T00:00:00+00:00,2026-09-03T11:15:03.742310+00:00,23998.0,24228.0,23830.0,24168.0,24152.392578125,1197622
2023-10-31 00:00:00+00:00,2023-11-01T00:00:00+00:00,2026-09-03T11:15:03.742310+00:00,24373.0,24486.0,23774.0,23883.0,23867.578125,2075527
2023-11-01 00:00:00+00:00,2023-11-02T00:00:00+00:00,2026-09-03T11:15:03.742310+00:00,23890.0,24002.0,23608.0,23958.0,23942.525390625,976178
2023-11-02 00:00:00+00:00,2023-11-03T00:00:00+00:00,2026-09-03T11:15:03.742310+00:00,24400.0,25383.0,24155.0,25250.0,25233.693359375,1765792
2023-11-03 00:00:00+00:00,2023-11-04T00:00:00+00:00,2026-09-03T11:15:03.742310+00:00,25000.0,25369.0,24921.0,25230.0,25213.708984375,1845447
2023-11-06 00:00:00+00:00,2023-11-07T00:00:00+00:00,2026-09-03T11:15:03.742310+00:00,25230.0,25377.0,24513.0,24664.0,24648.0703125,1168765
2023-11-07 00:00:00+00:00,2023-11-08T00:00:00+00:00,2026-09-03T11:15:03.742310+00:00,24664.0,24631.0,24136.0,24319.0,24303.29296875,959667
2023-11-08 00:00:00+00:00,2023-11-09T00:00:00+00:00,2026-09-03T11:15:03.742310+00:00,24450.0,25109.0,24374.0,24961.0,24944.880859375,1305263
2023-11-09 00:00:00+00:00,2023-11-10T00:00:00+00:00,2026-09-03T11:15:03.742310+00:00,25190.0,25135.0,24450.0,24650.0,24634.08203125,725815
2023-11-10 00:00:00+00:00,2023-11-11T00:00:00+00:00,2026-09-03T11:15:03.742310+00:00,24645.0,25128.0,24450.0,25128.0,25111.771484375,530698
2023-11-13 00:00:00+00:00,2023-11-14T00:00:00+00:00,2026-09-03T11:15:03.742310+00:00,25250.0,25554.0,24571.0,24800.0,24783.982421875,1008820
2023-11-14 00:00:00+00:00,2023-11-15T00:00:00+00:00,2026-09-03T11:15:03.742310+00:00,24885.0,25433.0,24845.0,25288.0,25271.66796875,995120
2023-11-15 00:00:00+00:00,2023-11-16T00:00:00+00:00,2026-09-03T11:15:03.742310+00:00,25500.0,25546.0,25073.0,25151.0,25134.7578125,1205677
2023-11-16 00:00:00+00:00,2023-11-17T00:00:00+00:00,2026-09-03T11:15:03.742310+00:00,24930.0,25279.0,24563.0,24700.0,24684.046875,1143866
2023-11-17 00:00:00+00:00,2023-11-18T00:00:00+00:00,2026-09-03T11:15:03.742310+00:00,24550.0,24937.0,24384.0,24937.0,24920.89453125,738010
2023-11-20 00:00:00+00:00,2023-11-21T00:00:00+00:00,2026-09-03T11:15:03.742310+00:00,24700.0,24975.0,24661.0,24975.0,24958.869140625,591742
2023-11-21 00:00:00+00:00,2023-11-22T00:00:00+00:00,2026-09-03T11:15:03.742310+00:00,24975.0,25382.0,24975.0,25250.0,25233.693359375,1550654
2023-11-22 00:00:00+00:00,2023-11-23T00:00:00+00:00,2026-09-03T11:15:03.742310+00:00,25255.0,25386.0,25023.0,25128.0,25111.771484375,609834
2023-11-23 00:00:00+00:00,2023-11-24T00:00:00+00:00,2026-09-03T11:15:03.742310+00:00,25316.0,25773.0,25117.0,25773.0,25756.353515625,687240
2023-11-24 00:00:00+00:00,2023-11-25T00:00:00+00:00,2026-09-03T11:15:03.742310+00:00,25774.0,26090.0,25431.0,26000.0,25983.208984375,734978
2023-11-27 00:00:00+00:00,2023-11-28T00:00:00+00:00,2026-09-03T11:15:03.742310+00:00,26090.0,26246.0,25868.0,26077.0,26060.158203125,1029261
2023-11-28 00:00:00+00:00,2023-11-29T00:00:00+00:00,2026-09-03T11:15:03.742310+00:00,25900.0,26146.0,25802.0,25950.0,25933.240234375,1125119
2023-11-29 00:00:00+00:00,2023-11-30T00:00:00+00:00,2026-09-03T11:15:03.742310+00:00,25950.0,26134.0,25714.0,25978.0,25961.220703125,664225
2023-11-30 00:00:00+00:00,2023-12-01T00:00:00+00:00,2026-09-03T11:15:03.742310+00:00,26000.0,26000.0,25642.0,25715.0,25698.39453125,1586707
2023-12-01 00:00:00+00:00,2023-12-02T00:00:00+00:00,2026-09-03T11:15:03.742310+00:00,25950.0,25801.0,25157.0,25301.0,25284.658203125,690859
2023-12-04 00:00:00+00:00,2023-12-05T00:00:00+00:00,2026-09-03T11:15:03.742310+00:00,25499.0,25959.0,25175.0,25959.0,25942.234375,923302
2023-12-05 00:00:00+00:00,2023-12-06T00:00:00+00:00,2026-09-03T11:15:03.742310+00:00,25615.0,26353.0,25658.0,26170.0,26153.09765625,1123149
2023-12-06 00:00:00+00:00,2023-12-07T00:00:00+00:00,2026-09-03T11:15:03.742310+00:00,26299.0,26333.0,25915.0,26100.0,26083.142578125,766120
2023-12-07 00:00:00+00:00,2023-12-08T00:00:00+00:00,2026-09-03T11:15:03.742310+00:00,26150.0,26049.0,25626.0,25925.0,25908.255859375,576817
2023-12-08 00:00:00+00:00,2023-12-09T00:00:00+00:00,2026-09-03T11:15:03.742310+00:00,26099.0,26374.0,25720.0,26044.0,26027.177734375,915771
2023-12-11 00:00:00+00:00,2023-12-12T00:00:00+00:00,2026-09-03T11:15:03.742310+00:00,26379.0,26244.0,25524.0,25963.0,25946.232421875,847987
2023-12-12 00:00:00+00:00,2023-12-13T00:00:00+00:00,2026-09-03T11:15:03.742310+00:00,25995.0,26487.0,25700.0,25732.0,25715.380859375,836796
2023-12-13 00:00:00+00:00,2023-12-14T00:00:00+00:00,2026-09-03T11:15:03.742310+00:00,25601.0,25988.0,25623.0,25639.0,25622.44140625,791301
2023-12-14 00:00:00+00:00,2023-12-15T00:00:00+00:00,2026-09-03T11:15:03.742310+00:00,25600.0,27121.0,25600.0,26912.0,26894.619140625,2466302
2023-12-18 00:00:00+00:00,2023-12-19T00:00:00+00:00,2026-09-03T11:15:03.742310+00:00,26943.0,26965.0,25622.0,25680.0,25663.4140625,1526095
2023-12-19 00:00:00+00:00,2023-12-20T00:00:00+00:00,2026-09-03T11:15:03.742310+00:00,25823.0,26031.0,25419.0,25782.0,25765.3515625,931125
2023-12-20 00:00:00+00:00,2023-12-21T00:00:00+00:00,2026-09-03T11:15:03.742310+00:00,25600.0,26146.0,25806.0,25817.0,25800.328125,435737
2023-12-21 00:00:00+00:00,2023-12-22T00:00:00+00:00,2026-09-03T11:15:03.742310+00:00,26195.0,26106.0,25404.0,26151.0,26134.109375,2616942
2023-12-22 00:00:00+00:00,2023-12-23T00:00:00+00:00,2026-09-03T11:15:03.742310+00:00,26195.0,26658.0,26067.0,26392.0,26374.953125,273172
2023-12-27 00:00:00+00:00,2023-12-28T00:00:00+00:00,2026-09-03T11:15:03.742310+00:00,26410.0,27519.0,26655.0,27433.0,27415.283203125,1089104
2023-12-28 00:00:00+00:00,2023-12-29T00:00:00+00:00,2026-09-03T11:15:03.742310+00:00,27120.0,27791.0,27211.0,27252.0,27234.40234375,687113
2023-12-29 00:00:00+00:00,2023-12-30T00:00:00+00:00,2026-09-03T11:15:03.742310+00:00,27500.0,27681.0,27388.0,27505.0,27487.236328125,659754
2024-01-02 00:00:00+00:00,2024-01-03T00:00:00+00:00,2026-09-03T11:15:03.742310+00:00,27200.0,27825.0,27215.0,27400.0,27382.306640625,688579
2024-01-03 00:00:00+00:00,2024-01-04T00:00:00+00:00,2026-09-03T11:15:03.742310+00:00,27116.0,27399.0,26890.0,27000.0,26982.560546875,934973
2024-01-04 00:00:00+00:00,2024-01-05T00:00:00+00:00,2026-09-03T11:15:03.742310+00:00,26991.0,27221.0,26563.0,26600.0,26582.8203125,1031064
2024-01-05 00:00:00+00:00,2024-01-06T00:00:00+00:00,2026-09-03T11:15:03.742310+00:00,26979.0,27159.0,26514.0,27141.0,27123.47265625,1982009
2024-01-08 00:00:00+00:00,2024-01-09T00:00:00+00:00,2026-09-03T11:15:03.742310+00:00,27298.0,27632.0,26930.0,27632.0,27614.154296875,586864
2024-01-09 00:00:00+00:00,2024-01-10T00:00:00+00:00,2026-09-03T11:15:03.742310+00:00,27668.0,27829.0,27151.0,27235.0,27217.41015625,955726
2024-01-10 00:00:00+00:00,2024-01-11T00:00:00+00:00,2026-09-03T11:15:03.742310+00:00,27400.0,27493.0,27090.0,27250.0,27232.40234375,736442
2024-01-11 00:00:00+00:00,2024-01-12T00:00:00+00:00,2026-09-03T11:15:03.742310+00:00,27500.0,27410.0,26988.0,27002.0,26984.560546875,1522163
2024-01-12 00:00:00+00:00,2024-01-13T00:00:00+00:00,2026-09-03T11:15:03.742310+00:00,26871.0,27072.0,26672.0,26838.0,26820.66796875,728967
2024-01-15 00:00:00+00:00,2024-01-16T00:00:00+00:00,2026-09-03T11:15:03.742310+00:00,26773.0,26879.0,26676.0,26820.0,26802.681640625,844563
2024-01-16 00:00:00+00:00,2024-01-17T00:00:00+00:00,2026-09-03T11:15:03.742310+00:00,26745.0,26834.0,26020.0,26120.0,26103.1328125,707600
2024-01-17 00:00:00+00:00,2024-01-18T00:00:00+00:00,2026-09-03T11:15:03.742310+00:00,25886.0,26107.0,25617.0,25975.0,25958.22265625,984999
2024-01-18 00:00:00+00:00,2024-01-19T00:00:00+00:00,2026-09-03T11:15:03.742310+00:00,26700.0,26491.0,25970.0,26054.0,26037.173828125,914012
2024-01-19 00:00:00+00:00,2024-01-20T00:00:00+00:00,2026-09-03T11:15:03.742310+00:00,26112.0,26508.0,26112.0,26444.0,26426.919921875,944900
2024-01-22 00:00:00+00:00,2024-01-23T00:00:00+00:00,2026-09-03T11:15:03.742310+00:00,26444.0,26418.0,25982.0,26165.0,26148.099609375,719613
2024-01-23 00:00:00+00:00,2024-01-24T00:00:00+00:00,2026-09-03T11:15:03.742310+00:00,26600.0,26589.0,26018.0,26245.0,26228.048828125,1399260
2024-01-24 00:00:00+00:00,2024-01-25T00:00:00+00:00,2026-09-03T11:15:03.742310+00:00,26100.0,26596.0,26130.0,26455.0,26437.916015625,826361
2024-01-25 00:00:00+00:00,2024-01-26T00:00:00+00:00,2026-09-03T11:15:03.742310+00:00,26950.0,27000.0,26571.0,26698.0,26680.759765625,499462
2024-01-26 00:00:00+00:00,2024-01-27T00:00:00+00:00,2026-09-03T11:15:03.742310+00:00,26680.0,26756.0,26430.0,26612.0,26594.8125,864120
2024-01-29 00:00:00+00:00,2024-01-30T00:00:00+00:00,2026-09-03T11:15:03.742310+00:00,26500.0,26698.0,26204.0,26353.0,26335.98046875,816084
2024-01-30 00:00:00+00:00,2024-01-31T00:00:00+00:00,2026-09-03T11:15:03.742310+00:00,26800.0,27239.0,26671.0,27200.0,27182.431640625,2044854
2024-01-31 00:00:00+00:00,2024-02-01T00:00:00+00:00,2026-09-03T11:15:03.742310+00:00,27400.0,27229.0,26825.0,27149.0,27131.466796875,1296219
2024-02-01 00:00:00+00:00,2024-02-02T00:00:00+00:00,2026-09-03T11:15:03.742310+00:00,26826.0,27271.0,26312.0,27271.0,27253.38671875,1864428
2024-02-02 00:00:00+00:00,2024-02-03T00:00:00+00:00,2026-09-03T11:15:03.742310+00:00,27020.0,27387.0,26605.0,26809.0,26791.68359375,846102
2024-02-05 00:00:00+00:00,2024-02-06T00:00:00+00:00,2026-09-03T11:15:03.742310+00:00,26800.0,27042.0,26624.0,26967.0,26949.583984375,593608
2024-02-06 00:00:00+00:00,2024-02-07T00:00:00+00:00,2026-09-03T11:15:03.742310+00:00,26701.0,27146.0,26735.0,26849.0,26831.658203125,791179
2024-02-07 00:00:00+00:00,2024-02-08T00:00:00+00:00,2026-09-03T11:15:03.742310+00:00,26507.0,26915.0,26531.0,26890.0,26872.6328125,632549
2024-02-08 00:00:00+00:00,2024-02-09T00:00:00+00:00,2026-09-03T11:15:03.742310+00:00,26710.0,26850.0,26300.0,26327.0,26309.99609375,678057
2024-02-09 00:00:00+00:00,2024-02-10T00:00:00+00:00,2026-09-03T11:15:03.742310+00:00,26440.0,26454.0,26201.0,26345.0,26327.986328125,558650
2024-02-12 00:00:00+00:00,2024-02-13T00:00:00+00:00,2026-09-03T11:15:03.742310+00:00,26560.0,26558.0,25726.0,25972.0,25955.228515625,2565439
2024-02-13 00:00:00+00:00,2024-02-14T00:00:00+00:00,2026-09-03T11:15:03.742310+00:00,26000.0,26144.0,25542.0,25749.0,25732.37109375,617980
2024-02-14 00:00:00+00:00,2024-02-15T00:00:00+00:00,2026-09-03T11:15:03.742310+00:00,25555.0,26067.0,25596.0,26044.0,26027.177734375,1012980
2024-02-15 00:00:00+00:00,2024-02-16T00:00:00+00:00,2026-09-03T11:15:03.742310+00:00,25783.0,26046.0,25773.0,25817.0,25800.328125,573706
2024-02-16 00:00:00+00:00,2024-02-17T00:00:00+00:00,2026-09-03T11:15:03.742310+00:00,25800.0,26184.0,25780.0,26084.0,26067.154296875,852497
2024-02-19 00:00:00+00:00,2024-02-20T00:00:00+00:00,2026-09-03T11:15:03.742310+00:00,26399.0,26566.0,25957.0,26378.0,26360.962890625,457728
2024-02-20 00:00:00+00:00,2024-02-21T00:00:00+00:00,2026-09-03T11:15:03.742310+00:00,26500.0,26794.0,26285.0,26787.0,26769.701171875,642973
2024-02-21 00:00:00+00:00,2024-02-22T00:00:00+00:00,2026-09-03T11:15:03.742310+00:00,26851.0,27027.0,26574.0,27027.0,27009.546875,1470423
2024-02-22 00:00:00+00:00,2024-02-23T00:00:00+00:00,2026-09-03T11:15:03.742310+00:00,26820.0,27219.0,26629.0,27164.0,27146.45703125,907338
2024-02-23 00:00:00+00:00,2024-02-24T00:00:00+00:00,2026-09-03T11:15:03.742310+00:00,27020.0,27284.0,26228.0,26228.0,26211.0625,1088382
2024-02-26 00:00:00+00:00,2024-02-27T00:00:00+00:00,2026-09-03T11:15:03.742310+00:00,26250.0,26460.0,26020.0,26283.0,26266.02734375,1006279
2024-02-27 00:00:00+00:00,2024-02-28T00:00:00+00:00,2026-09-03T11:15:03.742310+00:00,26156.0,26302.0,25626.0,25866.0,25849.29296875,1473674
2024-02-28 00:00:00+00:00,2024-02-29T00:00:00+00:00,2026-09-03T11:15:03.742310+00:00,25700.0,25865.0,25168.0,25700.0,25683.400390625,1091041
2024-02-29 00:00:00+00:00,2024-03-01T00:00:00+00:00,2026-09-03T11:15:03.742310+00:00,25861.0,26089.0,25697.0,25822.0,25805.322265625,1847343
2024-03-01 00:00:00+00:00,2024-03-02T00:00:00+00:00,2026-09-03T11:15:03.742310+00:00,25900.0,26215.0,25431.0,25915.0,25898.263671875,1627997
2024-03-04 00:00:00+00:00,2024-03-05T00:00:00+00:00,2026-09-03T11:15:03.742310+00:00,26025.0,26386.0,25661.0,25907.0,25890.267578125,1012549
2024-03-05 00:00:00+00:00,2024-03-06T00:00:00+00:00,2026-09-03T11:15:03.742310+00:00,26300.0,26700.0,25620.0,25876.0,25859.287109375,1684332
2024-03-06 00:00:00+00:00,2024-03-07T00:00:00+00:00,2026-09-03T11:15:03.742310+00:00,26175.0,27129.0,25925.0,27000.0,26982.560546875,1238842
2024-03-07 00:00:00+00:00,2024-03-08T00:00:00+00:00,2026-09-03T11:15:03.742310+00:00,26930.0,27033.0,26274.0,26655.0,26637.78515625,1708447
2024-03-08 00:00:00+00:00,2024-03-09T00:00:00+00:00,2026-09-03T11:15:03.742310+00:00,26501.0,26950.0,26536.0,26666.0,26648.775390625,1147250
2024-03-11 00:00:00+00:00,2024-03-12T00:00:00+00:00,2026-09-03T11:15:03.742310+00:00,26670.0,26960.0,26401.0,26884.0,26866.63671875,2100207
2024-03-12 00:00:00+00:00,2024-03-13T00:00:00+00:00,2026-09-03T11:15:03.742310+00:00,27100.0,27223.0,26754.0,26758.0,26740.716796875,1021518
2024-03-13 00:00:00+00:00,2024-03-14T00:00:00+00:00,2026-09-03T11:15:03.742310+00:00,26990.0,26990.0,26432.0,26512.0,26494.87890625,1222550
2024-03-14 00:00:00+00:00,2024-03-15T00:00:00+00:00,2026-09-03T11:15:03.742310+00:00,26649.0,26649.0,25860.0,25888.0,25871.28125,1026521
2024-03-15 00:00:00+00:00,2024-03-16T00:00:00+00:00,2026-09-03T11:15:03.742310+00:00,26314.0,26327.0,25312.0,25312.0,25295.65234375,3761889
2024-03-18 00:00:00+00:00,2024-03-19T00:00:00+00:00,2026-09-03T11:15:03.742310+00:00,25666.0,25738.0,24575.0,24698.0,24682.046875,2855251
2024-03-19 00:00:00+00:00,2024-03-20T00:00:00+00:00,2026-09-03T11:15:03.742310+00:00,24698.0,24924.0,24478.0,24782.0,24765.99609375,1934207
2024-03-20 00:00:00+00:00,2024-03-21T00:00:00+00:00,2026-09-03T11:15:03.742310+00:00,24700.0,25316.0,24822.0,25316.0,25299.650390625,3325342
2024-03-22 00:00:00+00:00,2024-03-23T00:00:00+00:00,2026-09-03T11:15:03.742310+00:00,25515.0,25679.0,24917.0,25099.0,25082.7890625,2091807
2024-03-25 00:00:00+00:00,2024-03-26T00:00:00+00:00,2026-09-03T11:15:03.742310+00:00,25517.0,25517.0,24963.0,24983.0,24966.865234375,1168609
2024-03-26 00:00:00+00:00,2024-03-27T00:00:00+00:00,2026-09-03T11:15:03.742310+00:00,24889.0,24927.0,24603.0,24821.0,24807.62109375,1115981
2024-03-27 00:00:00+00:00,2024-03-28T00:00:00+00:00,2026-09-03T11:15:03.742310+00:00,24770.0,24959.0,24501.0,24750.0,24736.65625,711990
2024-03-28 00:00:00+00:00,2024-03-29T00:00:00+00:00,2026-09-03T11:15:03.742310+00:00,24700.0,24800.0,24547.0,24744.0,24730.6640625,850156
2024-04-02 00:00:00+00:00,2024-04-03T00:00:00+00:00,2026-09-03T11:15:03.742310+00:00,24890.0,25017.0,24650.0,25017.0,25003.515625,845147
2024-04-03 00:00:00+00:00,2024-04-04T00:00:00+00:00,2026-09-03T11:15:03.742310+00:00,24801.0,25000.0,24357.0,24780.0,24766.64453125,1415377
2024-04-04 00:00:00+00:00,2024-04-05T00:00:00+00:00,2026-09-03T11:15:03.742310+00:00,25089.0,25079.0,24755.0,24900.0,24886.578125,1088707
2024-04-05 00:00:00+00:00,2024-04-06T00:00:00+00:00,2026-09-03T11:15:03.742310+00:00,24350.0,24782.0,24365.0,24501.0,24487.794921875,983515
2024-04-08 00:00:00+00:00,2024-04-09T00:00:00+00:00,2026-09-03T11:15:03.742310+00:00,24600.0,25171.0,24260.0,24291.0,24277.90625,1368422
2024-04-09 00:00:00+00:00,2024-04-10T00:00:00+00:00,2026-09-03T11:15:03.742310+00:00,24311.0,24535.0,24051.0,24450.0,24436.822265625,1355684
2024-04-10 00:00:00+00:00,2024-04-11T00:00:00+00:00,2026-09-03T11:15:03.742310+00:00,24470.0,24686.0,24129.0,24302.0,24288.90234375,1924460
2024-04-11 00:00:00+00:00,2024-04-12T00:00:00+00:00,2026-09-03T11:15:03.742310+00:00,24480.0,24368.0,24093.0,24366.0,24352.8671875,1216844
2024-04-12 00:00:00+00:00,2024-04-13T00:00:00+00:00,2026-09-03T11:15:03.742310+00:00,24499.0,24481.0,23825.0,23956.0,23943.0859375,1412685
2024-04-15 00:00:00+00:00,2024-04-16T00:00:00+00:00,2026-09-03T11:15:03.742310+00:00,23900.0,24036.0,23458.0,23536.0,23523.314453125,1664503
2024-04-16 00:00:00+00:00,2024-04-17T00:00:00+00:00,2026-09-03T11:15:03.742310+00:00,23410.0,23463.0,23115.0,23250.0,23237.466796875,1720563
2024-04-17 00:00:00+00:00,2024-04-18T00:00:00+00:00,2026-09-03T11:15:03.742310+00:00,23399.0,23383.0,22700.0,22717.0,22704.75390625,2490102
2024-04-18 00:00:00+00:00,2024-04-19T00:00:00+00:00,2026-09-03T11:15:03.742310+00:00,22820.0,23348.0,22412.0,23348.0,23335.4140625,2586779
2024-04-19 00:00:00+00:00,2024-04-20T00:00:00+00:00,2026-09-03T11:15:03.742310+00:00,23337.0,23230.0,22909.0,23153.0,23140.521484375,1429655
2024-04-22 00:00:00+00:00,2024-04-23T00:00:00+00:00,2026-09-03T11:15:03.742310+00:00,23179.0,23485.0,23000.0,23300.0,23287.44140625,1772362
2024-04-23 00:00:00+00:00,2024-04-24T00:00:00+00:00,2026-09-03T11:15:03.742310+00:00,23400.0,23446.0,22923.0,23206.0,23193.4921875,1538148
2024-04-24 00:00:00+00:00,2024-04-25T00:00:00+00:00,2026-09-03T11:15:03.742310+00:00,23299.0,24399.0,23137.0,24250.0,24236.92578125,2097906
2024-04-25 00:00:00+00:00,2024-04-26T00:00:00+00:00,2026-09-03T11:15:03.742310+00:00,24400.0,24399.0,23890.0,24100.0,24087.01171875,1029503
2024-04-26 00:00:00+00:00,2024-04-27T00:00:00+00:00,2026-09-03T11:15:03.742310+00:00,24120.0,24990.0,24179.0,24847.0,24833.607421875,1726453
2024-04-29 00:00:00+00:00,2024-04-30T00:00:00+00:00,2026-09-03T11:15:03.742310+00:00,25000.0,25206.0,24752.0,24993.0,24979.52734375,1662968
2024-04-30 00:00:00+00:00,2024-05-01T00:00:00+00:00,2026-09-03T11:15:03.742310+00:00,24610.0,25415.0,24874.0,25175.0,25161.431640625,1770697
2024-05-02 00:00:00+00:00,2024-05-03T00:00:00+00:00,2026-09-03T11:15:03.742310+00:00,25099.0,25649.0,24933.0,25013.0,24999.517578125,1893928
2024-05-03 00:00:00+00:00,2024-05-04T00:00:00+00:00,2026-09-03T11:15:03.742310+00:00,24757.0,25794.0,25027.0,25302.0,25288.361328125,1295297
2024-05-06 00:00:00+00:00,2024-05-07T00:00:00+00:00,2026-09-03T11:15:03.742310+00:00,25432.0,25687.0,24990.0,25101.0,25087.46875,1455911
2024-05-07 00:00:00+00:00,2024-05-08T00:00:00+00:00,2026-09-03T11:15:03.742310+00:00,25247.0,25600.0,25123.0,25530.0,25516.236328125,991403
2024-05-08 00:00:00+00:00,2024-05-09T00:00:00+00:00,2026-09-03T11:15:03.742310+00:00,25650.0,25879.0,25296.0,25588.0,25574.20703125,996672
2024-05-09 00:00:00+00:00,2024-05-10T00:00:00+00:00,2026-09-03T11:15:03.742310+00:00,25361.0,25700.0,25346.0,25600.0,25586.201171875,612316
2024-05-10 00:00:00+00:00,2024-05-11T00:00:00+00:00,2026-09-03T11:15:03.742310+00:00,25894.0,26025.0,25603.0,25845.0,25831.068359375,1297773
2024-05-13 00:00:00+00:00,2024-05-14T00:00:00+00:00,2026-09-03T11:15:03.742310+00:00,25620.0,26000.0,25618.5,25811.0,25797.087890625,494676
2024-05-14 00:00:00+00:00,2024-05-15T00:00:00+00:00,2026-09-03T11:15:03.742310+00:00,25803.0,26000.0,25674.0,25900.0,25886.0390625,969359
2024-05-15 00:00:00+00:00,2024-05-16T00:00:00+00:00,2026-09-03T11:15:03.742310+00:00,26093.0,26244.0,25800.0,25923.0,25909.025390625,703062
2024-05-16 00:00:00+00:00,2024-05-17T00:00:00+00:00,2026-09-03T11:15:03.742310+00:00,25934.0,26140.0,24900.0,26100.0,26085.931640625,1046699
2024-05-17 00:00:00+00:00,2024-05-18T00:00:00+00:00,2026-09-03T11:15:03.742310+00:00,26150.0,26298.0,25850.0,26153.0,26138.90234375,799144
2024-05-20 00:00:00+00:00,2024-05-21T00:00:00+00:00,2026-09-03T11:15:03.742310+00:00,26153.0,26409.0,26020.0,26129.0,26114.916015625,596386
2024-05-21 00:00:00+00:00,2024-05-22T00:00:00+00:00,2026-09-03T11:15:03.742310+00:00,26017.0,26357.0,25917.0,26301.0,26286.82421875,1090171
2024-05-22 00:00:00+00:00,2024-05-23T00:00:00+00:00,2026-09-03T11:15:03.742310+00:00,26340.0,26771.0,26198.0,26558.0,26543.685546875,1019471
2024-05-23 00:00:00+00:00,2024-05-24T00:00:00+00:00,2026-09-03T11:15:03.742310+00:00,26552.0,26772.0,26408.0,26499.0,26484.71484375,774638
2024-05-24 00:00:00+00:00,2024-05-25T00:00:00+00:00,2026-09-03T11:15:03.742310+00:00,26630.0,26660.0,26149.0,26512.0,26497.708984375,545365
2024-05-27 00:00:00+00:00,2024-05-28T00:00:00+00:00,2026-09-03T11:15:03.742310+00:00,26430.0,26744.0,26139.0,26183.0,26168.88671875,409973
2024-05-28 00:00:00+00:00,2024-05-29T00:00:00+00:00,2026-09-03T11:15:03.742310+00:00,26011.0,26577.0,25728.0,26444.0,26429.74609375,1110194
2024-05-30 00:00:00+00:00,2024-05-31T00:00:00+00:00,2026-09-03T11:15:03.742310+00:00,26086.0,26288.0,25268.0,25371.0,25357.32421875,1400535
2024-05-31 00:00:00+00:00,2024-06-01T00:00:00+00:00,2026-09-03T11:15:03.742310+00:00,25451.0,25575.0,24817.0,24969.0,24955.54296875,2086174
2024-06-03 00:00:00+00:00,2024-06-04T00:00:00+00:00,2026-09-03T11:15:03.742310+00:00,25241.0,25813.0,25022.0,25787.0,25773.09765625,1381191
2024-06-04 00:00:00+00:00,2024-06-05T00:00:00+00:00,2026-09-03T11:15:03.742310+00:00,25890.0,25995.0,25360.0,25591.0,25577.20703125,1353384
2024-06-05 00:00:00+00:00,2024-06-06T00:00:00+00:00,2026-09-03T11:15:03.742310+00:00,25500.0,25598.0,24783.0,24950.0,24936.55078125,1444270
2024-06-06 00:00:00+00:00,2024-06-07T00:00:00+00:00,2026-09-03T11:15:03.742310+00:00,24930.0,25188.0,24778.0,25136.0,25122.453125,693779
2024-06-07 00:00:00+00:00,2024-06-08T00:00:00+00:00,2026-09-03T11:15:03.742310+00:00,25100.0,25204.0,24809.0,25095.0,25081.47265625,1744607
2024-06-10 00:00:00+00:00,2024-06-11T00:00:00+00:00,2026-09-03T11:15:03.742310+00:00,25300.0,25136.0,24836.0,24836.0,24822.61328125,1370281
2024-06-11 00:00:00+00:00,2024-06-12T00:00:00+00:00,2026-09-03T11:15:03.742310+00:00,25015.0,25086.0,24615.0,24752.0,24738.65625,1394504
2024-06-12 00:00:00+00:00,2024-06-13T00:00:00+00:00,2026-09-03T11:15:03.742310+00:00,25100.0,25122.0,24653.0,24976.0,24962.537109375,2088124
2024-06-13 00:00:00+00:00,2024-06-14T00:00:00+00:00,2026-09-03T11:15:03.742310+00:00,24980.0,25537.0,24849.0,25319.0,25305.3515625,2881907
2024-06-14 00:00:00+00:00,2024-06-15T00:00:00+00:00,2026-09-03T11:15:03.742310+00:00,25275.0,26787.0,25234.0,26460.0,26445.736328125,2852102
2024-06-18 00:00:00+00:00,2024-06-19T00:00:00+00:00,2026-09-03T11:15:03.742310+00:00,26890.0,29000.0,26732.0,28584.0,28568.59375,2852600
2024-06-19 00:00:00+00:00,2024-06-20T00:00:00+00:00,2026-09-03T11:15:03.742310+00:00,28634.0,29437.0,28953.0,29233.0,29217.2421875,2968955
2024-06-20 00:00:00+00:00,2024-06-21T00:00:00+00:00,2026-09-03T11:15:03.742310+00:00,29233.0,29300.0,28541.0,29050.0,29034.33984375,4592241
2024-06-21 00:00:00+00:00,2024-06-22T00:00:00+00:00,2026-09-03T11:15:03.742310+00:00,29300.0,29588.0,28996.0,29300.0,29284.205078125,4834434
2024-06-24 00:00:00+00:00,2024-06-25T00:00:00+00:00,2026-09-03T11:15:03.742310+00:00,29301.0,29506.0,27941.0,27941.0,27925.939453125,2199251
2024-06-25 00:00:00+00:00,2024-06-26T00:00:00+00:00,2026-09-03T11:15:03.742310+00:00,27910.0,28296.0,27732.0,28296.0,28280.748046875,1452552
2024-06-26 00:00:00+00:00,2024-06-27T00:00:00+00:00,2026-09-03T11:15:03.742310+00:00,28200.0,28418.0,27995.0,28220.0,28204.791015625,1379518
2024-06-27 00:00:00+00:00,2024-06-28T00:00:00+00:00,2026-09-03T11:15:03.742310+00:00,28001.0,28200.0,27527.0,27901.0,27885.958984375,1209671
2024-06-28 00:00:00+00:00,2024-06-29T00:00:00+00:00,2026-09-03T11:15:03.742310+00:00,28055.0,28709.0,27860.0,28403.0,28387.689453125,1170412
2024-07-01 00:00:00+00:00,2024-07-02T00:00:00+00:00,2026-09-03T11:15:03.742310+00:00,28723.0,29417.0,28616.0,29150.0,29134.2890625,1839158
2024-07-02 00:00:00+00:00,2024-07-03T00:00:00+00:00,2026-09-03T11:15:03.742310+00:00,28910.0,29332.0,27926.0,28538.0,28522.6171875,1722965
2024-07-03 00:00:00+00:00,2024-07-04T00:00:00+00:00,2026-09-03T11:15:03.742310+00:00,28750.0,29050.0,28143.0,28961.0,28945.390625,1753406
2024-07-04 00:00:00+00:00,2024-07-05T00:00:00+00:00,2026-09-03T11:15:03.742310+00:00,28681.0,29371.0,28705.0,28846.0,28830.44921875,1032899
2024-07-05 00:00:00+00:00,2024-07-06T00:00:00+00:00,2026-09-03T11:15:03.742310+00:00,28890.0,29006.0,28446.0,28535.0,28519.6171875,622493
2024-07-08 00:00:00+00:00,2024-07-09T00:00:00+00:00,2026-09-03T11:15:03.742310+00:00,28500.0,28850.0,28342.0,28850.0,28834.44921875,722788
2024-07-09 00:00:00+00:00,2024-07-10T00:00:00+00:00,2026-09-03T11:15:03.742310+00:00,28832.0,29069.0,28578.0,28850.0,28834.44921875,671917
2024-07-10 00:00:00+00:00,2024-07-11T00:00:00+00:00,2026-09-03T11:15:03.742310+00:00,29500.0,29396.5,28476.0,28850.0,28834.44921875,803931
2024-07-11 00:00:00+00:00,2024-07-12T00:00:00+00:00,2026-09-03T11:15:03.742310+00:00,29078.0,29207.0,28704.0,29155.0,29139.28515625,807203
2024-07-12 00:00:00+00:00,2024-07-13T00:00:00+00:00,2026-09-03T11:15:03.742310+00:00,29110.0,29233.0,28751.0,29072.0,29056.328125,721638
2024-07-15 00:00:00+00:00,2024-07-16T00:00:00+00:00,2026-09-03T11:15:03.742310+00:00,29049.0,29693.0,28369.0,29693.0,29676.994140625,1782235
2024-07-16 00:00:00+00:00,2024-07-17T00:00:00+00:00,2026-09-03T11:15:03.742310+00:00,29782.0,29751.0,28856.0,28945.0,28929.3984375,1491573
2024-07-17 00:00:00+00:00,2024-07-18T00:00:00+00:00,2026-09-03T11:15:03.742310+00:00,28945.0,28902.0,28011.0,28350.0,28334.71875,1692041
2024-07-18 00:00:00+00:00,2024-07-19T00:00:00+00:00,2026-09-03T11:15:03.742310+00:00,28011.0,28864.0,28308.0,28680.0,28664.541015625,950196
2024-07-19 00:00:00+00:00,2024-07-20T00:00:00+00:00,2026-09-03T11:15:03.742310+00:00,28680.0,28907.0,28339.0,28817.0,28801.466796875,607444
2024-07-22 00:00:00+00:00,2024-07-23T00:00:00+00:00,2026-09-03T11:15:03.742310+00:00,28961.0,29338.0,28646.0,29241.0,29225.23828125,684533
2024-07-23 00:00:00+00:00,2024-07-24T00:00:00+00:00,2026-09-03T11:15:03.742310+00:00,28910.0,29295.0,28691.0,29141.0,29125.291015625,670973
2024-07-24 00:00:00+00:00,2024-07-25T00:00:00+00:00,2026-09-03T11:15:03.742310+00:00,29100.0,29219.0,28876.0,29117.0,29101.306640625,687053
2024-07-25 00:00:00+00:00,2024-07-26T00:00:00+00:00,2026-09-03T11:15:03.742310+00:00,28910.0,29351.0,28651.0,29306.0,29290.205078125,580450
2024-07-26 00:00:00+00:00,2024-07-27T00:00:00+00:00,2026-09-03T11:15:03.742310+00:00,29499.0,29500.0,29094.0,29485.0,29469.107421875,723870
2024-07-29 00:00:00+00:00,2024-07-30T00:00:00+00:00,2026-09-03T11:15:03.742310+00:00,29485.0,29762.0,29221.0,29444.0,29428.130859375,700134
2024-07-30 00:00:00+00:00,2024-07-31T00:00:00+00:00,2026-09-03T11:15:03.742310+00:00,29600.0,30288.0,29387.0,29800.0,29783.9375,1634790
2024-07-31 00:00:00+00:00,2024-08-01T00:00:00+00:00,2026-09-03T11:15:03.742310+00:00,30000.0,30784.0,29657.0,30453.0,30436.5859375,3154985
2024-08-01 00:00:00+00:00,2024-08-02T00:00:00+00:00,2026-09-03T11:15:03.742310+00:00,30870.0,30799.0,30202.0,30270.0,30253.68359375,710984
2024-08-02 00:00:00+00:00,2024-08-03T00:00:00+00:00,2026-09-03T11:15:03.742310+00:00,29800.0,30245.0,29497.0,29497.0,29481.1015625,1118635
2024-08-05 00:00:00+00:00,2024-08-06T00:00:00+00:00,2026-09-03T11:15:03.742310+00:00,29200.0,29322.0,28500.0,28954.0,28938.39453125,1230382
2024-08-06 00:00:00+00:00,2024-08-07T00:00:00+00:00,2026-09-03T11:15:03.742310+00:00,29570.0,29256.0,28693.0,29100.0,29084.314453125,1422242
2024-08-07 00:00:00+00:00,2024-08-08T00:00:00+00:00,2026-09-03T11:15:03.742310+00:00,29499.0,29402.0,28926.0,28950.0,28934.39453125,1037880
2024-08-08 00:00:00+00:00,2024-08-09T00:00:00+00:00,2026-09-03T11:15:03.742310+00:00,28950.0,29108.0,28608.0,28988.0,28972.376953125,2843504
2024-08-12 00:00:00+00:00,2024-08-13T00:00:00+00:00,2026-09-03T11:15:03.742310+00:00,28600.0,29175.0,28225.0,28987.0,28971.376953125,855229
2024-08-13 00:00:00+00:00,2024-08-14T00:00:00+00:00,2026-09-03T11:15:03.742310+00:00,29399.0,29209.0,28832.0,29209.0,29193.255859375,1187411
2024-08-14 00:00:00+00:00,2024-08-15T00:00:00+00:00,2026-09-03T11:15:03.742310+00:00,29400.0,30125.0,29199.0,30125.0,30108.759765625,1225339
2024-08-15 00:00:00+00:00,2024-08-16T00:00:00+00:00,2026-09-03T11:15:03.742310+00:00,30125.0,30314.0,29736.0,29736.0,29719.970703125,1036172
2024-08-16 00:00:00+00:00,2024-08-17T00:00:00+00:00,2026-09-03T11:15:03.742310+00:00,29999.0,30711.0,29820.0,30648.0,30631.478515625,1645691
2024-08-19 00:00:00+00:00,2024-08-20T00:00:00+00:00,2026-09-03T11:15:03.742310+00:00,31198.0,30987.0,30425.5,30751.0,30734.42578125,941342
2024-08-20 00:00:00+00:00,2024-08-21T00:00:00+00:00,2026-09-03T11:15:03.742310+00:00,30810.0,30945.0,30112.0,30234.0,30217.705078125,699193
2024-08-21 00:00:00+00:00,2024-08-22T00:00:00+00:00,2026-09-03T11:15:03.742310+00:00,29900.0,30619.0,30056.0,30463.0,30446.580078125,530975
2024-08-22 00:00:00+00:00,2024-08-23T00:00:00+00:00,2026-09-03T11:15:03.742310+00:00,30463.0,30959.0,30259.0,30485.0,30468.568359375,770495
2024-08-23 00:00:00+00:00,2024-08-24T00:00:00+00:00,2026-09-03T11:15:03.742310+00:00,30450.0,30926.0,30541.0,30769.0,30752.4140625,842448
2024-08-26 00:00:00+00:00,2024-08-27T00:00:00+00:00,2026-09-03T11:15:03.742310+00:00,30999.0,30961.0,30516.0,30744.0,30727.427734375,799742
2024-08-27 00:00:00+00:00,2024-08-28T00:00:00+00:00,2026-09-03T11:15:03.742310+00:00,31009.0,31241.0,30643.0,31094.0,31077.23828125,1268147
2024-08-28 00:00:00+00:00,2024-08-29T00:00:00+00:00,2026-09-03T11:15:03.742310+00:00,31499.0,31446.0,30675.0,30800.0,30783.3984375,1330448
2024-08-29 00:00:00+00:00,2024-08-30T00:00:00+00:00,2026-09-03T11:15:03.742310+00:00,30650.0,31124.0,30556.0,31076.0,31059.25,653534
2024-08-30 00:00:00+00:00,2024-08-31T00:00:00+00:00,2026-09-03T11:15:03.742310+00:00,31475.0,31293.0,30733.0,31008.0,30991.287109375,1642822
2024-09-02 00:00:00+00:00,2024-09-03T00:00:00+00:00,2026-09-03T11:15:03.742310+00:00,31350.0,31326.0,30738.0,31337.0,31320.107421875,669334
2024-09-03 00:00:00+00:00,2024-09-04T00:00:00+00:00,2026-09-03T11:15:03.742310+00:00,30875.0,30875.0,29289.0,29500.0,29484.09765625,4114642
2024-09-04 00:00:00+00:00,2024-09-05T00:00:00+00:00,2026-09-03T11:15:03.742310+00:00,29455.0,30037.0,28541.0,29750.0,29733.96484375,2215220
2024-09-05 00:00:00+00:00,2024-09-06T00:00:00+00:00,2026-09-03T11:15:03.742310+00:00,29693.0,30268.0,29474.0,30241.0,30224.701171875,1887019
2024-09-06 00:00:00+00:00,2024-09-07T00:00:00+00:00,2026-09-03T11:15:03.742310+00:00,30400.0,30283.0,29988.0,29995.0,29978.83203125,1280811
2024-09-09 00:00:00+00:00,2024-09-10T00:00:00+00:00,2026-09-03T11:15:03.742310+00:00,30303.0,30416.0,29764.0,29764.0,29747.95703125,924067
2024-09-10 00:00:00+00:00,2024-09-11T00:00:00+00:00,2026-09-03T11:15:03.742310+00:00,29899.0,30179.0,29640.0,30000.0,29983.830078125,1411692
2024-09-11 00:00:00+00:00,2024-09-12T00:00:00+00:00,2026-09-03T11:15:03.742310+00:00,29800.0,29847.0,29300.0,29677.0,29661.005859375,1026928
2024-09-12 00:00:00+00:00,2024-09-13T00:00:00+00:00,2026-09-03T11:15:03.742310+00:00,29690.0,30346.0,29567.0,29883.0,29866.890625,1462168
2024-09-13 00:00:00+00:00,2024-09-14T00:00:00+00:00,2026-09-03T11:15:03.742310+00:00,30200.0,30056.0,29582.0,29938.0,29921.861328125,922539
2024-09-16 00:00:00+00:00,2024-09-17T00:00:00+00:00,2026-09-03T11:15:03.742310+00:00,29938.0,30148.0,29598.0,29794.0,29777.939453125,592335
2024-09-17 00:00:00+00:00,2024-09-18T00:00:00+00:00,2026-09-03T11:15:03.742310+00:00,30399.0,30322.0,29789.0,30100.0,30083.77734375,769501
2024-09-18 00:00:00+00:00,2024-09-19T00:00:00+00:00,2026-09-03T11:15:03.742310+00:00,30300.0,30237.0,29790.0,30164.0,30147.740234375,824171
2024-09-19 00:00:00+00:00,2024-09-20T00:00:00+00:00,2026-09-03T11:15:03.742310+00:00,30405.0,30738.0,30248.0,30390.0,30373.619140625,2768750
2024-09-20 00:00:00+00:00,2024-09-21T00:00:00+00:00,2026-09-03T11:15:03.742310+00:00,30210.0,30448.0,29922.0,30027.0,30010.81640625,2074903
2024-09-23 00:00:00+00:00,2024-09-24T00:00:00+00:00,2026-09-03T11:15:03.742310+00:00,30198.0,30795.0,29922.0,30682.0,30665.4609375,1608041
2024-09-25 00:00:00+00:00,2024-09-26T00:00:00+00:00,2026-09-03T11:15:03.742310+00:00,30475.0,30882.0,30115.0,30492.0,30479.984375,1428155
2024-09-26 00:00:00+00:00,2024-09-27T00:00:00+00:00,2026-09-03T11:15:03.742310+00:00,30200.0,30999.0,30011.0,30286.0,30274.064453125,1379562
2024-09-27 00:00:00+00:00,2024-09-28T00:00:00+00:00,2026-09-03T11:15:03.742310+00:00,30138.0,30410.0,29932.0,30276.0,30264.068359375,1482676
2024-09-30 00:00:00+00:00,2024-10-01T00:00:00+00:00,2026-09-03T11:15:03.742310+00:00,30149.0,30136.0,29066.0,29578.0,29566.345703125,2401662
2024-10-01 00:00:00+00:00,2024-10-02T00:00:00+00:00,2026-09-03T11:15:03.742310+00:00,30095.0,30143.0,29149.0,29159.0,29147.509765625,2120716
2024-10-02 00:00:00+00:00,2024-10-03T00:00:00+00:00,2026-09-03T11:15:03.742310+00:00,29301.0,29756.0,28678.0,29166.0,29154.5078125,1905080
2024-10-03 00:00:00+00:00,2024-10-04T00:00:00+00:00,2026-09-03T11:15:03.742310+00:00,29166.0,29403.0,28750.0,28998.0,28986.572265625,1345909
2024-10-04 00:00:00+00:00,2024-10-05T00:00:00+00:00,2026-09-03T11:15:03.742310+00:00,29268.0,29260.0,28972.0,29000.0,28988.572265625,1296399
2024-10-07 00:00:00+00:00,2024-10-08T00:00:00+00:00,2026-09-03T11:15:03.742310+00:00,29000.0,29362.0,28832.0,29000.0,28988.572265625,5326301
2024-10-08 00:00:00+00:00,2024-10-09T00:00:00+00:00,2026-09-03T11:15:03.742310+00:00,29000.0,29113.0,28763.0,28855.0,28843.630859375,1861488
2024-10-09 00:00:00+00:00,2024-10-10T00:00:00+00:00,2026-09-03T11:15:03.742310+00:00,29000.0,29113.0,28511.0,29113.0,29101.529296875,767445
2024-10-10 00:00:00+00:00,2024-10-11T00:00:00+00:00,2026-09-03T11:15:03.742310+00:00,29272.0,29231.0,28910.0,29001.0,28989.572265625,812632
2024-10-11 00:00:00+00:00,2024-10-12T00:00:00+00:00,2026-09-03T11:15:03.742310+00:00,29095.0,29282.0,29012.0,29097.0,29085.53515625,611825
2024-10-14 00:00:00+00:00,2024-10-15T00:00:00+00:00,2026-09-03T11:15:03.742310+00:00,29200.0,29253.0,28981.0,29144.0,29132.515625,616347
2024-10-15 00:00:00+00:00,2024-10-16T00:00:00+00:00,2026-09-03T11:15:03.742310+00:00,29144.0,29299.0,28995.0,29000.0,28988.572265625,1387286
2024-10-16 00:00:00+00:00,2024-10-17T00:00:00+00:00,2026-09-03T11:15:03.742310+00:00,29000.0,29014.0,28759.0,28915.0,28903.60546875,1282892
2024-10-17 00:00:00+00:00,2024-10-18T00:00:00+00:00,2026-09-03T11:15:03.742310+00:00,28990.0,29076.0,28508.0,28508.0,28496.765625,798496
2024-10-18 00:00:00+00:00,2024-10-19T00:00:00+00:00,2026-09-03T11:15:03.742310+00:00,28888.0,28752.0,28411.0,28573.0,28561.740234375,1169284
2024-10-21 00:00:00+00:00,2024-10-22T00:00:00+00:00,2026-09-03T11:15:03.742310+00:00,28573.0,28782.0,28281.0,28357.0,28345.826171875,854678
2024-10-22 00:00:00+00:00,2024-10-23T00:00:00+00:00,2026-09-03T11:15:03.742310+00:00,28609.0,28512.0,27868.0,28050.0,28038.9453125,1262751
2024-10-23 00:00:00+00:00,2024-10-24T00:00:00+00:00,2026-09-03T11:15:03.742310+00:00,28190.0,28413.0,28000.0,28239.0,28227.87109375,1196774
2024-10-24 00:00:00+00:00,2024-10-25T00:00:00+00:00,2026-09-03T11:15:03.742310+00:00,28085.0,28301.0,27952.0,27952.0,27940.984375,1375932
2024-10-25 00:00:00+00:00,2024-10-26T00:00:00+00:00,2026-09-03T11:15:03.742310+00:00,28000.0,28452.0,27809.0,28392.0,28380.8125,1461628
2024-10-28 00:00:00+00:00,2024-10-29T00:00:00+00:00,2026-09-03T11:15:03.742310+00:00,28500.0,29045.0,28335.0,28943.0,28931.59375,1393354
2024-10-29 00:00:00+00:00,2024-10-30T00:00:00+00:00,2026-09-03T11:15:03.742310+00:00,29388.0,30700.0,29336.0,30551.0,30538.9609375,3061752
2024-10-30 00:00:00+00:00,2024-10-31T00:00:00+00:00,2026-09-03T11:15:03.742310+00:00,30555.0,30791.0,30077.0,30307.0,30295.056640625,3532056
2024-10-31 00:00:00+00:00,2024-11-01T00:00:00+00:00,2026-09-03T11:15:03.742310+00:00,30219.0,30444.0,29951.0,30314.0,30302.0546875,1470012
2024-11-01 00:00:00+00:00,2024-11-02T00:00:00+00:00,2026-09-03T11:15:03.742310+00:00,30110.0,30476.0,30025.0,30419.0,30407.01171875,1195775
2024-11-04 00:00:00+00:00,2024-11-05T00:00:00+00:00,2026-09-03T11:15:03.742310+00:00,30419.0,30554.0,30210.0,30325.0,30313.048828125,911410
2024-11-05 00:00:00+00:00,2024-11-06T00:00:00+00:00,2026-09-03T11:15:03.742310+00:00,30301.0,30946.0,30255.0,30946.0,30933.8046875,1509687
2024-11-06 00:00:00+00:00,2024-11-07T00:00:00+00:00,2026-09-03T11:15:03.742310+00:00,30949.0,31382.0,30491.0,31002.0,30989.783203125,1837675
2024-11-07 00:00:00+00:00,2024-11-08T00:00:00+00:00,2026-09-03T11:15:03.742310+00:00,31500.0,31487.0,30869.0,31301.0,31288.666015625,958324
2024-11-08 00:00:00+00:00,2024-11-09T00:00:00+00:00,2026-09-03T11:15:03.742310+00:00,31499.0,31551.0,31065.0,31452.0,31439.607421875,799446
2024-11-11 00:00:00+00:00,2024-11-12T00:00:00+00:00,2026-09-03T11:15:03.742310+00:00,31337.0,31569.0,31277.0,31415.0,31402.62109375,733175
2024-11-12 00:00:00+00:00,2024-11-13T00:00:00+00:00,2026-09-03T11:15:03.742310+00:00,31023.0,31490.0,30662.0,30836.0,30823.849609375,953357
2024-11-13 00:00:00+00:00,2024-11-14T00:00:00+00:00,2026-09-03T11:15:03.742310+00:00,31000.0,30999.0,30535.0,30900.0,30887.822265625,625215
2024-11-14 00:00:00+00:00,2024-11-15T00:00:00+00:00,2026-09-03T11:15:03.742310+00:00,30770.0,31061.0,30593.0,30714.0,30701.896484375,1083261
2024-11-15 00:00:00+00:00,2024-11-16T00:00:00+00:00,2026-09-03T11:15:03.742310+00:00,30575.0,31253.0,30146.0,30155.0,30143.1171875,1206971
2024-11-18 00:00:00+00:00,2024-11-19T00:00:00+00:00,2026-09-03T11:15:03.742310+00:00,30200.0,30650.0,30041.0,30280.0,30268.068359375,1059681
2024-11-19 00:00:00+00:00,2024-11-20T00:00:00+00:00,2026-09-03T11:15:03.742310+00:00,30450.0,30400.0,29551.0,29736.0,29724.283203125,1950969
2024-11-20 00:00:00+00:00,2024-11-21T00:00:00+00:00,2026-09-03T11:15:03.742310+00:00,29500.0,30273.0,29567.0,29935.0,29923.203125,1124229
2024-11-21 00:00:00+00:00,2024-11-22T00:00:00+00:00,2026-09-03T11:15:03.742310+00:00,30000.0,30811.0,30031.0,30572.0,30559.953125,1720273
2024-11-22 00:00:00+00:00,2024-11-23T00:00:00+00:00,2026-09-03T11:15:03.742310+00:00,30150.0,30952.0,30151.0,30510.0,30497.9765625,685964
2024-11-25 00:00:00+00:00,2024-11-26T00:00:00+00:00,2026-09-03T11:15:03.742310+00:00,30758.0,30800.0,29885.0,29885.0,29873.22265625,2499328
2024-11-26 00:00:00+00:00,2024-11-27T00:00:00+00:00,2026-09-03T11:15:03.742310+00:00,29600.0,30321.0,29657.0,30200.0,30188.099609375,582538
2024-11-27 00:00:00+00:00,2024-11-28T00:00:00+00:00,2026-09-03T11:15:03.742310+00:00,30011.0,30200.0,29603.0,29603.0,29591.333984375,1186741
2024-11-28 00:00:00+00:00,2024-11-29T00:00:00+00:00,2026-09-03T11:15:03.742310+00:00,29650.0,30317.0,29521.0,29787.0,29775.26171875,1449515
2024-11-29 00:00:00+00:00,2024-11-30T00:00:00+00:00,2026-09-03T11:15:03.742310+00:00,30099.0,29947.0,29401.0,29579.0,29567.345703125,1800201
2024-12-02 00:00:00+00:00,2024-12-03T00:00:00+00:00,2026-09-03T11:15:03.742310+00:00,29563.0,30385.0,29485.0,30288.0,30276.064453125,1437746
2024-12-03 00:00:00+00:00,2024-12-04T00:00:00+00:00,2026-09-03T11:15:03.742310+00:00,30727.0,30977.0,30130.0,30607.0,30594.939453125,2505774
2024-12-04 00:00:00+00:00,2024-12-05T00:00:00+00:00,2026-09-03T11:15:03.742310+00:00,30999.0,30948.0,30539.0,30777.0,30764.87109375,1712141
2024-12-05 00:00:00+00:00,2024-12-06T00:00:00+00:00,2026-09-03T11:15:03.742310+00:00,30405.0,30946.0,30490.0,30618.0,30605.935546875,934068
2024-12-06 00:00:00+00:00,2024-12-07T00:00:00+00:00,2026-09-03T11:15:03.742310+00:00,30849.0,30766.0,30210.0,30363.0,30351.03515625,835076
2024-12-09 00:00:00+00:00,2024-12-10T00:00:00+00:00,2026-09-03T11:15:03.742310+00:00,30200.0,30776.0,30053.0,30331.0,30319.046875,1228150
2024-12-10 00:00:00+00:00,2024-12-11T00:00:00+00:00,2026-09-03T11:15:03.742310+00:00,30454.0,30331.0,29890.0,30160.0,30148.115234375,1209536
2024-12-11 00:00:00+00:00,2024-12-12T00:00:00+00:00,2026-09-03T11:15:03.742310+00:00,30240.0,30618.0,30034.0,30473.0,30460.9921875,1219227
2024-12-12 00:00:00+00:00,2024-12-13T00:00:00+00:00,2026-09-03T11:15:03.742310+00:00,30999.0,31296.0,30401.0,31075.0,31062.755859375,2678733
2024-12-13 00:00:00+00:00,2024-12-14T00:00:00+00:00,2026-09-03T11:15:03.742310+00:00,30799.0,31472.0,30935.0,31300.0,31287.666015625,1072672
2024-12-17 00:00:00+00:00,2024-12-18T00:00:00+00:00,2026-09-03T11:15:03.742310+00:00,31300.0,31391.0,30457.0,30531.0,30518.96875,1173364
2024-12-18 00:00:00+00:00,2024-12-19T00:00:00+00:00,2026-09-03T11:15:03.742310+00:00,30560.0,30900.0,30102.0,30227.0,30215.08984375,1351958
2024-12-19 00:00:00+00:00,2024-12-20T00:00:00+00:00,2026-09-03T11:15:03.742310+00:00,30300.0,30300.0,29651.0,29968.0,29956.19140625,4386136
2024-12-20 00:00:00+00:00,2024-12-21T00:00:00+00:00,2026-09-03T11:15:03.742310+00:00,30199.0,30580.0,29560.0,30232.0,30220.0859375,4024993
2024-12-23 00:00:00+00:00,2024-12-24T00:00:00+00:00,2026-09-03T11:15:03.742310+00:00,30232.0,30434.0,29790.0,30170.0,30158.111328125,675019
2024-12-24 00:00:00+00:00,2024-12-25T00:00:00+00:00,2026-09-03T11:15:03.742310+00:00,30002.0,30379.0,30004.0,30229.0,30217.08984375,153409
2024-12-27 00:00:00+00:00,2024-12-28T00:00:00+00:00,2026-09-03T11:15:03.742310+00:00,30900.0,30900.0,29724.0,29838.0,29826.244140625,464043
2024-12-30 00:00:00+00:00,2024-12-31T00:00:00+00:00,2026-09-03T11:15:03.742310+00:00,29890.0,29899.0,29502.0,29700.0,29688.296875,668366
2024-12-31 00:00:00+00:00,2025-01-01T00:00:00+00:00,2026-09-03T11:15:03.742310+00:00,29501.0,29700.0,29317.0,29450.0,29438.396484375,565033
2025-01-02 00:00:00+00:00,2025-01-03T00:00:00+00:00,2026-09-03T11:15:03.742310+00:00,29600.0,29855.0,29426.0,29568.0,29556.34765625,475332
2025-01-03 00:00:00+00:00,2025-01-04T00:00:00+00:00,2026-09-03T11:15:03.742310+00:00,29309.0,29848.0,29209.0,29810.0,29798.251953125,599207
2025-01-06 00:00:00+00:00,2025-01-07T00:00:00+00:00,2026-09-03T11:15:03.742310+00:00,29890.0,30086.0,29684.0,29790.0,29778.259765625,629688
2025-01-07 00:00:00+00:00,2025-01-08T00:00:00+00:00,2026-09-03T11:15:03.742310+00:00,29985.0,30760.0,29895.0,30295.0,30283.0625,660403
2025-01-08 00:00:00+00:00,2025-01-09T00:00:00+00:00,2026-09-03T11:15:03.742310+00:00,30499.0,30277.0,29556.0,29739.0,29727.28125,1112646
2025-01-09 00:00:00+00:00,2025-01-10T00:00:00+00:00,2026-09-03T11:15:03.742310+00:00,29555.0,29800.0,29411.0,29426.0,29414.404296875,1192902
2025-01-10 00:00:00+00:00,2025-01-11T00:00:00+00:00,2026-09-03T11:15:03.742310+00:00,29700.0,29702.0,29197.0,29413.0,29401.41015625,1539918
2025-01-13 00:00:00+00:00,2025-01-14T00:00:00+00:00,2026-09-03T11:15:03.742310+00:00,29468.0,29481.0,28751.0,28980.0,28968.580078125,1073840
2025-01-14 00:00:00+00:00,2025-01-15T00:00:00+00:00,2026-09-03T11:15:03.742310+00:00,29200.0,29200.0,28801.0,28862.0,28850.625,476535
2025-01-15 00:00:00+00:00,2025-01-16T00:00:00+00:00,2026-09-03T11:15:03.742310+00:00,28700.0,29358.0,28588.0,29269.0,29257.466796875,850633
2025-01-16 00:00:00+00:00,2025-01-17T00:00:00+00:00,2026-09-03T11:15:03.742310+00:00,29700.0,29698.0,28972.0,29136.0,29124.51953125,517534
2025-01-17 00:00:00+00:00,2025-01-18T00:00:00+00:00,2026-09-03T11:15:03.742310+00:00,29679.0,29510.0,28810.0,29256.0,29244.470703125,428497
2025-01-20 00:00:00+00:00,2025-01-21T00:00:00+00:00,2026-09-03T11:15:03.742310+00:00,29600.0,29579.0,28914.0,29074.0,29062.54296875,807347
2025-01-21 00:00:00+00:00,2025-01-22T00:00:00+00:00,2026-09-03T11:15:03.742310+00:00,29083.0,29434.0,28745.0,29244.0,29232.4765625,954226
2025-01-22 00:00:00+00:00,2025-01-23T00:00:00+00:00,2026-09-03T11:15:03.742310+00:00,29152.0,29499.0,28806.0,28806.0,28794.646484375,661345
2025-01-23 00:00:00+00:00,2025-01-24T00:00:00+00:00,2026-09-03T11:15:03.742310+00:00,28900.0,28957.0,28515.0,28542.0,28530.75390625,853890
2025-01-24 00:00:00+00:00,2025-01-25T00:00:00+00:00,2026-09-03T11:15:03.742310+00:00,28788.0,28940.0,28553.0,28628.0,28616.71875,1556671
2025-01-27 00:00:00+00:00,2025-01-28T00:00:00+00:00,2026-09-03T11:15:03.742310+00:00,28628.0,28844.0,28268.0,28729.0,28717.677734375,952478
2025-01-28 00:00:00+00:00,2025-01-29T00:00:00+00:00,2026-09-03T11:15:03.742310+00:00,28500.0,29349.0,28570.0,29152.0,29140.51171875,1197309
2025-01-29 00:00:00+00:00,2025-01-30T00:00:00+00:00,2026-09-03T11:15:03.742310+00:00,29200.0,29484.0,29092.0,29201.0,29189.494140625,525066
2025-01-30 00:00:00+00:00,2025-01-31T00:00:00+00:00,2026-09-03T11:15:03.742310+00:00,29498.0,29374.0,29006.0,29153.0,29141.51171875,474112
2025-01-31 00:00:00+00:00,2025-02-01T00:00:00+00:00,2026-09-03T11:15:03.742310+00:00,29000.0,29237.0,28349.0,28585.0,28573.734375,1230716
2025-02-03 00:00:00+00:00,2025-02-04T00:00:00+00:00,2026-09-03T11:15:03.742310+00:00,28511.0,28666.0,28301.0,28335.0,28323.8359375,800523
2025-02-04 00:00:00+00:00,2025-02-05T00:00:00+00:00,2026-09-03T11:15:03.742310+00:00,28300.0,28581.0,28211.0,28211.0,28199.8828125,960427
2025-02-05 00:00:00+00:00,2025-02-06T00:00:00+00:00,2026-09-03T11:15:03.742310+00:00,28245.0,28590.0,28198.0,28213.0,28201.8828125,1193596
2025-02-06 00:00:00+00:00,2025-02-07T00:00:00+00:00,2026-09-03T11:15:03.742310+00:00,28386.0,28664.0,28313.0,28425.0,28413.798828125,1071616
2025-02-07 00:00:00+00:00,2025-02-08T00:00:00+00:00,2026-09-03T11:15:03.742310+00:00,28795.0,28656.0,28083.0,28083.0,28071.931640625,1788708
2025-02-10 00:00:00+00:00,2025-02-11T00:00:00+00:00,2026-09-03T11:15:03.742310+00:00,28134.0,28319.0,27836.0,27836.0,27825.033203125,1955973
2025-02-11 00:00:00+00:00,2025-02-12T00:00:00+00:00,2026-09-03T11:15:03.742310+00:00,27970.0,27870.0,27423.0,27498.0,27487.1640625,2094424
2025-02-12 00:00:00+00:00,2025-02-13T00:00:00+00:00,2026-09-03T11:15:03.742310+00:00,27690.0,27764.0,27495.0,27700.0,27689.083984375,1945443
2025-02-13 00:00:00+00:00,2025-02-14T00:00:00+00:00,2026-09-03T11:15:03.742310+00:00,27800.0,27957.0,27477.0,27569.0,27558.13671875,1049532
2025-02-14 00:00:00+00:00,2025-02-15T00:00:00+00:00,2026-09-03T11:15:03.742310+00:00,27640.0,27918.0,27170.0,27270.0,27259.25390625,2258474
2025-02-17 00:00:00+00:00,2025-02-18T00:00:00+00:00,2026-09-03T11:15:03.742310+00:00,27215.0,27840.0,27062.0,27374.0,27363.212890625,1932303
2025-02-18 00:00:00+00:00,2025-02-19T00:00:00+00:00,2026-09-03T11:15:03.742310+00:00,27671.0,27631.0,27232.0,27564.0,27553.13671875,1365077
2025-02-19 00:00:00+00:00,2025-02-20T00:00:00+00:00,2026-09-03T11:15:03.742310+00:00,27406.0,27808.0,27320.0,27447.0,27436.185546875,2041711
2025-02-20 00:00:00+00:00,2025-02-21T00:00:00+00:00,2026-09-03T11:15:03.742310+00:00,27343.0,27498.0,26742.0,27329.0,27318.23046875,1529465
2025-02-21 00:00:00+00:00,2025-02-22T00:00:00+00:00,2026-09-03T11:15:03.742310+00:00,27329.0,27711.0,27250.0,27500.0,27489.1640625,1230729
2025-02-24 00:00:00+00:00,2025-02-25T00:00:00+00:00,2026-09-03T11:15:03.742310+00:00,27660.0,27910.0,27351.0,27370.0,27359.216796875,1138169
2025-02-25 00:00:00+00:00,2025-02-26T00:00:00+00:00,2026-09-03T11:15:03.742310+00:00,27334.0,27712.0,27308.0,27611.0,27600.12109375,1325219
2025-02-26 00:00:00+00:00,2025-02-27T00:00:00+00:00,2026-09-03T11:15:03.742310+00:00,27611.0,27844.0,27411.0,27411.0,27400.19921875,906611
2025-02-27 00:00:00+00:00,2025-02-28T00:00:00+00:00,2026-09-03T11:15:03.742310+00:00,27497.0,27621.0,27192.0,27490.0,27479.16796875,1870028
2025-02-28 00:00:00+00:00,2025-03-01T00:00:00+00:00,2026-09-03T11:15:03.742310+00:00,27650.0,27929.0,27322.0,27501.0,27490.1640625,2979473
2025-03-03 00:00:00+00:00,2025-03-04T00:00:00+00:00,2026-09-03T11:15:03.742310+00:00,27999.0,27991.0,27408.0,27698.0,27687.0859375,1796186
2025-03-04 00:00:00+00:00,2025-03-05T00:00:00+00:00,2026-09-03T11:15:03.742310+00:00,27950.0,28200.0,26099.0,26700.0,26689.478515625,4767593
2025-03-05 00:00:00+00:00,2025-03-06T00:00:00+00:00,2026-09-03T11:15:03.742310+00:00,27000.0,27470.0,26633.0,27066.0,27055.333984375,5367035
2025-03-06 00:00:00+00:00,2025-03-07T00:00:00+00:00,2026-09-03T11:15:03.742310+00:00,27100.0,27926.0,27123.0,27805.0,27794.041015625,4578580
2025-03-07 00:00:00+00:00,2025-03-08T00:00:00+00:00,2026-09-03T11:15:03.742310+00:00,27999.0,27979.0,27212.0,27500.0,27489.1640625,2474292
2025-03-10 00:00:00+00:00,2025-03-11T00:00:00+00:00,2026-09-03T11:15:03.742310+00:00,27500.0,27667.0,27300.0,27551.0,27540.142578125,1960692
2025-03-11 00:00:00+00:00,2025-03-12T00:00:00+00:00,2026-09-03T11:15:03.742310+00:00,27400.0,27800.0,27320.0,27534.0,27523.150390625,2376372
2025-03-12 00:00:00+00:00,2025-03-13T00:00:00+00:00,2026-09-03T11:15:03.742310+00:00,27799.0,27803.0,27423.0,27636.0,27625.109375,1822912
2025-03-13 00:00:00+00:00,2025-03-14T00:00:00+00:00,2026-09-03T11:15:03.742310+00:00,27999.0,27809.0,27304.0,27316.0,27305.236328125,2114320
2025-03-14 00:00:00+00:00,2025-03-15T00:00:00+00:00,2026-09-03T11:15:03.742310+00:00,27581.0,27755.0,27302.0,27643.0,27632.107421875,2237909
2025-03-17 00:00:00+00:00,2025-03-18T00:00:00+00:00,2026-09-03T11:15:03.742310+00:00,27550.0,27885.0,27250.0,27265.0,27254.2578125,1660290
2025-03-18 00:00:00+00:00,2025-03-19T00:00:00+00:00,2026-09-03T11:15:03.742310+00:00,27401.0,27395.0,26468.0,26468.0,26457.572265625,2546994
2025-03-19 00:00:00+00:00,2025-03-20T00:00:00+00:00,2026-09-03T11:15:03.742310+00:00,26500.0,26859.0,26368.0,26679.0,26668.48828125,2304604
2025-03-20 00:00:00+00:00,2025-03-21T00:00:00+00:00,2026-09-03T11:15:03.742310+00:00,26703.0,26935.0,26550.0,26838.0,26827.423828125,4422936
2025-03-24 00:00:00+00:00,2025-03-25T00:00:00+00:00,2026-09-03T11:15:03.742310+00:00,26544.0,27335.0,26687.0,26991.0,26980.36328125,1123857
2025-03-25 00:00:00+00:00,2025-03-26T00:00:00+00:00,2026-09-03T11:15:03.742310+00:00,26880.0,27165.0,26783.0,27030.0,27019.34765625,1041590
2025-03-26 00:00:00+00:00,2025-03-27T00:00:00+00:00,2026-09-03T11:15:03.742310+00:00,26790.0,27224.0,26600.0,26975.0,26967.212890625,1708138
2025-03-27 00:00:00+00:00,2025-03-28T00:00:00+00:00,2026-09-03T11:15:03.742310+00:00,26912.0,27235.0,26769.0,27100.0,27092.177734375,1700882
2025-03-28 00:00:00+00:00,2025-03-29T00:00:00+00:00,2026-09-03T11:15:03.742310+00:00,26950.0,27465.0,26820.0,27002.0,26994.20703125,1339999
2025-03-31 00:00:00+00:00,2025-04-01T00:00:00+00:00,2026-09-03T11:15:03.742310+00:00,27399.0,27400.0,27011.0,27271.0,27263.126953125,2456496
2025-04-01 00:00:00+00:00,2025-04-02T00:00:00+00:00,2026-09-03T11:15:03.742310+00:00,27395.0,27864.0,27155.0,27799.0,27790.9765625,1009752
2025-04-02 00:00:00+00:00,2025-04-03T00:00:00+00:00,2026-09-03T11:15:03.742310+00:00,27637.0,27800.0,26522.0,26600.0,26592.322265625,1959032
2025-04-03 00:00:00+00:00,2025-04-04T00:00:00+00:00,2026-09-03T11:15:03.742310+00:00,26501.0,26528.0,25085.0,25297.0,25289.69921875,3862531
2025-04-04 00:00:00+00:00,2025-04-05T00:00:00+00:00,2026-09-03T11:15:03.742310+00:00,25500.0,25405.0,24736.0,25022.0,25014.77734375,2512997
2025-04-07 00:00:00+00:00,2025-04-08T00:00:00+00:00,2026-09-03T11:15:03.742310+00:00,23962.0,25965.0,23421.0,25441.0,25433.65625,3083304
2025-04-08 00:00:00+00:00,2025-04-09T00:00:00+00:00,2026-09-03T11:15:03.742310+00:00,26240.0,27030.0,25149.0,26816.0,26808.259765625,3986373
2025-04-09 00:00:00+00:00,2025-04-10T00:00:00+00:00,2026-09-03T11:15:03.742310+00:00,26500.0,26498.5,25560.0,25760.0,25752.564453125,2883860
2025-04-10 00:00:00+00:00,2025-04-11T00:00:00+00:00,2026-09-03T11:15:03.742310+00:00,26800.0,27125.0,26394.0,26966.0,26958.216796875,1634013
2025-04-11 00:00:00+00:00,2025-04-12T00:00:00+00:00,2026-09-03T11:15:03.742310+00:00,26993.0,27300.0,26725.0,26803.0,26795.263671875,1495253
2025-04-14 00:00:00+00:00,2025-04-15T00:00:00+00:00,2026-09-03T11:15:03.742310+00:00,27100.0,28314.0,26958.0,28253.0,28244.84375,1288868
2025-04-15 00:00:00+00:00,2025-04-16T00:00:00+00:00,2026-09-03T11:15:03.742310+00:00,28165.0,28387.0,27954.0,28274.0,28265.837890625,2339052
2025-04-16 00:00:00+00:00,2025-04-17T00:00:00+00:00,2026-09-03T11:15:03.742310+00:00,27781.0,28279.0,27774.0,28249.0,28240.84765625,986070
2025-04-17 00:00:00+00:00,2025-04-18T00:00:00+00:00,2026-09-03T11:15:03.742310+00:00,28100.0,28600.0,28080.0,28286.0,28277.833984375,1049982
2025-04-22 00:00:00+00:00,2025-04-23T00:00:00+00:00,2026-09-03T11:15:03.742310+00:00,28577.0,28579.0,27969.0,28151.0,28142.873046875,817767
2025-04-23 00:00:00+00:00,2025-04-24T00:00:00+00:00,2026-09-03T11:15:03.742310+00:00,27999.0,28719.0,28000.0,28300.0,28291.83203125,937290
2025-04-24 00:00:00+00:00,2025-04-25T00:00:00+00:00,2026-09-03T11:15:03.742310+00:00,28050.0,28353.0,28068.0,28088.0,28079.892578125,1160320
2025-04-25 00:00:00+00:00,2025-04-26T00:00:00+00:00,2026-09-03T11:15:03.742310+00:00,28588.0,28510.0,28150.0,28173.0,28164.8671875,829634
2025-04-29 00:00:00+00:00,2025-04-30T00:00:00+00:00,2026-09-03T11:15:03.742310+00:00,28365.0,28800.0,27921.0,28687.0,28678.71875,1147450
2025-04-30 00:00:00+00:00,2025-05-01T00:00:00+00:00,2026-09-03T11:15:03.742310+00:00,28700.0,29122.0,28553.0,28553.0,28544.7578125,1474448
2025-05-02 00:00:00+00:00,2025-05-03T00:00:00+00:00,2026-09-03T11:15:03.742310+00:00,27800.0,29165.0,27882.0,29094.0,29085.603515625,827580
2025-05-05 00:00:00+00:00,2025-05-06T00:00:00+00:00,2026-09-03T11:15:03.742310+00:00,28905.0,29079.0,28496.0,28638.0,28629.734375,1003174
2025-05-06 00:00:00+00:00,2025-05-07T00:00:00+00:00,2026-09-03T11:15:03.742310+00:00,28610.0,28692.0,27999.0,28342.0,28333.818359375,884613
2025-05-07 00:00:00+00:00,2025-05-08T00:00:00+00:00,2026-09-03T11:15:03.742310+00:00,28500.0,28621.0,28171.0,28476.0,28467.779296875,541044
2025-05-08 00:00:00+00:00,2025-05-09T00:00:00+00:00,2026-09-03T11:15:03.742310+00:00,28476.0,28805.0,28331.0,28331.0,28322.822265625,702210
2025-05-09 00:00:00+00:00,2025-05-10T00:00:00+00:00,2026-09-03T11:15:03.742310+00:00,28889.0,28755.0,28287.0,28328.0,28319.822265625,724937
2025-05-12 00:00:00+00:00,2025-05-13T00:00:00+00:00,2026-09-03T11:15:03.742310+00:00,28350.0,28728.0,27874.0,28086.0,28077.892578125,1160175
2025-05-13 00:00:00+00:00,2025-05-14T00:00:00+00:00,2026-09-03T11:15:03.742310+00:00,28100.0,28318.0,27514.0,27894.0,27885.947265625,1680189
2025-05-14 00:00:00+00:00,2025-05-15T00:00:00+00:00,2026-09-03T11:15:03.742310+00:00,27914.0,28244.0,27651.0,28049.0,28040.904296875,2092438
2025-05-15 00:00:00+00:00,2025-05-16T00:00:00+00:00,2026-09-03T11:15:03.742310+00:00,27255.0,28233.0,27369.0,28124.0,28115.8828125,1232677
2025-05-16 00:00:00+00:00,2025-05-17T00:00:00+00:00,2026-09-03T11:15:03.742310+00:00,27800.0,28354.0,28055.0,28223.0,28214.853515625,357961
2025-05-19 00:00:00+00:00,2025-05-20T00:00:00+00:00,2026-09-03T11:15:03.742310+00:00,28117.0,28209.0,27651.0,27900.0,27891.947265625,661811
2025-05-20 00:00:00+00:00,2025-05-21T00:00:00+00:00,2026-09-03T11:15:03.742310+00:00,28200.0,28196.0,27593.0,27780.0,27771.982421875,639434
2025-05-21 00:00:00+00:00,2025-05-22T00:00:00+00:00,2026-09-03T11:15:03.742310+00:00,27808.0,28673.0,27529.0,28282.0,28273.837890625,1001348
2025-05-22 00:00:00+00:00,2025-05-23T00:00:00+00:00,2026-09-03T11:15:03.742310+00:00,28200.0,28280.0,27715.0,28064.0,28055.8984375,786766
2025-05-23 00:00:00+00:00,2025-05-24T00:00:00+00:00,2026-09-03T11:15:03.742310+00:00,27954.0,28362.0,27855.0,28339.0,28330.818359375,476530
2025-05-26 00:00:00+00:00,2025-05-27T00:00:00+00:00,2026-09-03T11:15:03.742310+00:00,28900.0,28463.0,27960.0,28213.0,28204.857421875,749411
2025-05-27 00:00:00+00:00,2025-05-28T00:00:00+00:00,2026-09-03T11:15:03.742310+00:00,28213.0,28644.0,28077.0,28121.0,28112.8828125,705133
2025-05-28 00:00:00+00:00,2025-05-29T00:00:00+00:00,2026-09-03T11:15:03.742310+00:00,28420.0,28396.0,27889.0,28075.0,28066.896484375,855073
2025-05-29 00:00:00+00:00,2025-05-30T00:00:00+00:00,2026-09-03T11:15:03.742310+00:00,28075.0,29183.0,28192.0,29181.0,29172.578125,1874923
2025-05-30 00:00:00+00:00,2025-05-31T00:00:00+00:00,2026-09-03T11:15:03.742310+00:00,29127.0,29539.0,29061.0,29201.0,29192.572265625,3996508
2025-06-02 00:00:00+00:00,2025-06-03T00:00:00+00:00,2026-09-03T11:15:03.742310+00:00,29072.0,29132.0,28588.0,29017.0,29008.625,1480806
2025-06-03 00:00:00+00:00,2025-06-04T00:00:00+00:00,2026-09-03T11:15:03.742310+00:00,29350.0,29296.0,28910.0,29062.0,29053.611328125,1736826
2025-06-04 00:00:00+00:00,2025-06-05T00:00:00+00:00,2026-09-03T11:15:03.742310+00:00,29300.0,29430.0,28503.0,28607.0,28598.7421875,2058187
2025-06-05 00:00:00+00:00,2025-06-06T00:00:00+00:00,2026-09-03T11:15:03.742310+00:00,28891.0,28975.0,28161.0,28180.0,28171.8671875,1031604
2025-06-06 00:00:00+00:00,2025-06-07T00:00:00+00:00,2026-09-03T11:15:03.742310+00:00,28489.0,28549.0,28024.0,28538.0,28529.763671875,803822
2025-06-09 00:00:00+00:00,2025-06-10T00:00:00+00:00,2026-09-03T11:15:03.742310+00:00,28706.0,28641.0,28028.0,28080.0,28071.89453125,1025901
2025-06-10 00:00:00+00:00,2025-06-11T00:00:00+00:00,2026-09-03T11:15:03.742310+00:00,28000.0,28375.0,27974.0,28150.0,28141.873046875,1517897
2025-06-11 00:00:00+00:00,2025-06-12T00:00:00+00:00,2026-09-03T11:15:03.742310+00:00,28500.0,28337.0,27692.0,27960.0,27951.9296875,1689891
2025-06-12 00:00:00+00:00,2025-06-13T00:00:00+00:00,2026-09-03T11:15:03.742310+00:00,27962.0,27975.0,27632.0,27680.0,27672.01171875,1547855
2025-06-13 00:00:00+00:00,2025-06-14T00:00:00+00:00,2026-09-03T11:15:03.742310+00:00,27500.0,27556.0,26912.0,27044.0,27036.193359375,3215350
2025-06-17 00:00:00+00:00,2025-06-18T00:00:00+00:00,2026-09-03T11:15:03.742310+00:00,26605.0,27226.0,26420.0,26664.0,26656.302734375,3090075
2025-06-18 00:00:00+00:00,2025-06-19T00:00:00+00:00,2026-09-03T11:15:03.742310+00:00,27080.0,27197.0,26507.0,27163.0,27155.158203125,1479958
2025-06-19 00:00:00+00:00,2025-06-20T00:00:00+00:00,2026-09-03T11:15:03.742310+00:00,27000.0,27694.0,27009.0,27401.0,27393.091796875,3115792
2025-06-20 00:00:00+00:00,2025-06-21T00:00:00+00:00,2026-09-03T11:15:03.742310+00:00,27800.0,27840.0,27459.0,27606.0,27598.03125,2259425
2025-06-23 00:00:00+00:00,2025-06-24T00:00:00+00:00,2026-09-03T11:15:03.742310+00:00,27370.0,27648.0,27067.0,27211.0,27203.146484375,875771
2025-06-24 00:00:00+00:00,2025-06-25T00:00:00+00:00,2026-09-03T11:15:03.742310+00:00,27375.0,28030.0,27455.0,27873.0,27864.953125,570334
2025-06-25 00:00:00+00:00,2025-06-26T00:00:00+00:00,2026-09-03T11:15:03.742310+00:00,27747.0,28179.0,27705.0,27874.0,27865.953125,852183
2025-06-26 00:00:00+00:00,2025-06-27T00:00:00+00:00,2026-09-03T11:15:03.742310+00:00,28195.0,28055.0,27512.0,27613.0,27605.029296875,763875
2025-06-27 00:00:00+00:00,2025-06-28T00:00:00+00:00,2026-09-03T11:15:03.742310+00:00,27505.0,28146.0,27509.0,28139.0,28130.876953125,849087
2025-06-30 00:00:00+00:00,2025-07-01T00:00:00+00:00,2026-09-03T11:15:03.742310+00:00,28000.0,28169.0,27695.0,27695.0,27687.005859375,1522983
2025-07-01 00:00:00+00:00,2025-07-02T00:00:00+00:00,2026-09-03T11:15:03.742310+00:00,27620.0,28190.0,27620.0,28159.0,28150.873046875,543198
2025-07-02 00:00:00+00:00,2025-07-03T00:00:00+00:00,2026-09-03T11:15:03.742310+00:00,28055.0,28318.0,27566.0,27695.0,27687.005859375,1021970
2025-07-03 00:00:00+00:00,2025-07-04T00:00:00+00:00,2026-09-03T11:15:03.742310+00:00,27650.0,28600.0,27650.0,28374.0,28365.80859375,649187
2025-07-04 00:00:00+00:00,2025-07-05T00:00:00+00:00,2026-09-03T11:15:03.742310+00:00,28600.0,28486.0,28209.0,28298.0,28289.83203125,364697
2025-07-07 00:00:00+00:00,2025-07-08T00:00:00+00:00,2026-09-03T11:15:03.742310+00:00,28005.0,28392.0,27954.0,27981.0,27972.923828125,627715
2025-07-08 00:00:00+00:00,2025-07-09T00:00:00+00:00,2026-09-03T11:15:03.742310+00:00,28001.0,28072.0,27576.0,27753.0,27744.98828125,729779
2025-07-09 00:00:00+00:00,2025-07-10T00:00:00+00:00,2026-09-03T11:15:03.742310+00:00,27800.0,28169.0,27726.0,27988.0,27979.921875,598222
2025-07-10 00:00:00+00:00,2025-07-11T00:00:00+00:00,2026-09-03T11:15:03.742310+00:00,27925.0,28130.0,27711.0,27788.0,27779.978515625,378051
2025-07-11 00:00:00+00:00,2025-07-12T00:00:00+00:00,2026-09-03T11:15:03.742310+00:00,28182.0,27750.0,27100.0,27148.0,27140.1640625,988287
2025-07-14 00:00:00+00:00,2025-07-15T00:00:00+00:00,2026-09-03T11:15:03.742310+00:00,27400.0,27337.0,26928.0,27162.0,27154.16015625,655830
2025-07-15 00:00:00+00:00,2025-07-16T00:00:00+00:00,2026-09-03T11:15:03.742310+00:00,26911.0,27335.0,26969.0,27005.0,26997.205078125,851012
2025-07-16 00:00:00+00:00,2025-07-17T00:00:00+00:00,2026-09-03T11:15:03.742310+00:00,27000.0,27300.0,26413.0,26770.0,26762.2734375,2066860
2025-07-17 00:00:00+00:00,2025-07-18T00:00:00+00:00,2026-09-03T11:15:03.742310+00:00,26971.0,27133.0,26637.0,27057.0,27049.19140625,1553088
2025-07-18 00:00:00+00:00,2025-07-19T00:00:00+00:00,2026-09-03T11:15:03.742310+00:00,27200.0,27814.0,26995.0,27721.0,27712.998046875,1333778
2025-07-21 00:00:00+00:00,2025-07-22T00:00:00+00:00,2026-09-03T11:15:03.742310+00:00,27727.0,27943.0,27197.0,27350.0,27342.10546875,612596
2025-07-22 00:00:00+00:00,2025-07-23T00:00:00+00:00,2026-09-03T11:15:03.742310+00:00,27400.0,27532.0,27167.0,27440.0,27432.078125,809125
2025-07-23 00:00:00+00:00,2025-07-24T00:00:00+00:00,2026-09-03T11:15:03.742310+00:00,27633.0,27611.0,27027.0,27067.0,27059.1875,1101123
2025-07-24 00:00:00+00:00,2025-07-25T00:00:00+00:00,2026-09-03T11:15:03.742310+00:00,27060.0,27283.0,26994.0,27053.0,27045.19140625,1122993
2025-07-25 00:00:00+00:00,2025-07-26T00:00:00+00:00,2026-09-03T11:15:03.742310+00:00,27000.0,27147.0,26394.0,26394.0,26386.380859375,1996418
2025-07-28 00:00:00+00:00,2025-07-29T00:00:00+00:00,2026-09-03T11:15:03.742310+00:00,26495.0,26580.0,26343.0,26414.0,26406.376953125,1274305
2025-07-29 00:00:00+00:00,2025-07-30T00:00:00+00:00,2026-09-03T11:15:03.742310+00:00,26414.0,26671.0,26367.0,26626.0,26618.314453125,1140354
2025-07-30 00:00:00+00:00,2025-07-31T00:00:00+00:00,2026-09-03T11:15:03.742310+00:00,26600.0,26993.0,26484.0,26845.0,26837.251953125,662436
2025-07-31 00:00:00+00:00,2025-08-01T00:00:00+00:00,2026-09-03T11:15:03.742310+00:00,26870.0,27082.0,26551.0,26551.0,26543.3359375,1964251
2025-08-01 00:00:00+00:00,2025-08-02T00:00:00+00:00,2026-09-03T11:15:03.742310+00:00,26551.0,26611.0,26109.0,26449.0,26441.365234375,1584332
2025-08-04 00:00:00+00:00,2025-08-05T00:00:00+00:00,2026-09-03T11:15:03.742310+00:00,26625.0,26699.0,25974.0,26165.0,26157.447265625,2363658
2025-08-05 00:00:00+00:00,2025-08-06T00:00:00+00:00,2026-09-03T11:15:03.742310+00:00,27086.0,27193.0,25061.0,26029.0,26021.486328125,4757718
2025-08-06 00:00:00+00:00,2025-08-07T00:00:00+00:00,2026-09-03T11:15:03.742310+00:00,26101.0,26212.0,25671.0,25800.0,25792.552734375,1843214
2025-08-07 00:00:00+00:00,2025-08-08T00:00:00+00:00,2026-09-03T11:15:03.742310+00:00,25889.0,26338.0,25601.0,26298.0,26290.41015625,2154020
2025-08-08 00:00:00+00:00,2025-08-09T00:00:00+00:00,2026-09-03T11:15:03.742310+00:00,26500.0,26983.0,26221.0,26684.0,26676.296875,1503394
2025-08-11 00:00:00+00:00,2025-08-12T00:00:00+00:00,2026-09-03T11:15:03.742310+00:00,26885.0,27055.0,26514.0,26555.0,26547.3359375,1244617
2025-08-12 00:00:00+00:00,2025-08-13T00:00:00+00:00,2026-09-03T11:15:03.742310+00:00,26600.0,27110.0,26654.0,27050.0,27042.19140625,1135044
2025-08-13 00:00:00+00:00,2025-08-14T00:00:00+00:00,2026-09-03T11:15:03.742310+00:00,27050.0,27390.0,26999.0,27128.0,27120.169921875,1295909
2025-08-14 00:00:00+00:00,2025-08-15T00:00:00+00:00,2026-09-03T11:15:03.742310+00:00,27127.0,27354.0,26810.0,26959.0,26951.21875,881331
2025-08-15 00:00:00+00:00,2025-08-16T00:00:00+00:00,2026-09-03T11:15:03.742310+00:00,27258.0,27010.0,26756.0,26858.0,26850.248046875,510958
2025-08-18 00:00:00+00:00,2025-08-19T00:00:00+00:00,2026-09-03T11:15:03.742310+00:00,26722.0,26935.0,26514.0,26514.0,26506.34765625,982871
2025-08-19 00:00:00+00:00,2025-08-20T00:00:00+00:00,2026-09-03T11:15:03.742310+00:00,27299.0,27125.0,26481.0,27028.0,27020.197265625,1081216
2025-08-20 00:00:00+00:00,2025-08-21T00:00:00+00:00,2026-09-03T11:15:03.742310+00:00,26802.0,27173.0,26823.0,26828.0,26820.255859375,788739
2025-08-21 00:00:00+00:00,2025-08-22T00:00:00+00:00,2026-09-03T11:15:03.742310+00:00,26802.0,27275.0,26707.0,27036.0,27028.197265625,1065738
2025-08-22 00:00:00+00:00,2025-08-23T00:00:00+00:00,2026-09-03T11:15:03.742310+00:00,27299.0,27205.0,26962.0,27112.0,27104.173828125,817979
2025-08-25 00:00:00+00:00,2025-08-26T00:00:00+00:00,2026-09-03T11:15:03.742310+00:00,27300.0,27241.0,26733.0,26790.0,26782.267578125,662485
2025-08-26 00:00:00+00:00,2025-08-27T00:00:00+00:00,2026-09-03T11:15:03.742310+00:00,26790.0,26856.0,26501.0,26763.0,26755.275390625,2269876
2025-08-27 00:00:00+00:00,2025-08-28T00:00:00+00:00,2026-09-03T11:15:03.742310+00:00,26940.0,26954.0,26650.0,26935.0,26927.2265625,1136888
2025-08-28 00:00:00+00:00,2025-08-29T00:00:00+00:00,2026-09-03T11:15:03.742310+00:00,27088.0,27237.0,26436.0,26436.0,26428.37109375,1803161
2025-08-29 00:00:00+00:00,2025-08-30T00:00:00+00:00,2026-09-03T11:15:03.742310+00:00,26550.0,26634.0,26293.0,26293.0,26285.41015625,1844426
2025-09-01 00:00:00+00:00,2025-09-02T00:00:00+00:00,2026-09-03T11:15:03.742310+00:00,26300.0,26438.0,25800.0,25820.0,25812.546875,2296584
2025-09-02 00:00:00+00:00,2025-09-03T00:00:00+00:00,2026-09-03T11:15:03.742310+00:00,26551.0,27369.0,26569.0,27224.0,27216.142578125,4543325
2025-09-03 00:00:00+00:00,2025-09-04T00:00:00+00:00,2026-09-03T11:15:03.742310+00:00,27650.0,27969.0,27091.0,27373.0,27365.09765625,2388685
2025-09-04 00:00:00+00:00,2025-09-05T00:00:00+00:00,2026-09-03T11:15:03.742310+00:00,27658.0,27870.0,27084.0,27600.0,27592.033203125,1641726
2025-09-05 00:00:00+00:00,2025-09-06T00:00:00+00:00,2026-09-03T11:15:03.742310+00:00,27813.0,28019.0,27608.0,27833.0,27824.966796875,857716
2025-09-08 00:00:00+00:00,2025-09-09T00:00:00+00:00,2026-09-03T11:15:03.742310+00:00,27833.0,27983.0,27456.0,27720.0,27711.998046875,671126
2025-09-09 00:00:00+00:00,2025-09-10T00:00:00+00:00,2026-09-03T11:15:03.742310+00:00,27700.0,28329.0,27677.0,28309.0,28300.828125,1745924
2025-09-10 00:00:00+00:00,2025-09-11T00:00:00+00:00,2026-09-03T11:15:03.742310+00:00,28408.0,28408.0,27811.0,28055.0,28046.90234375,952382
2025-09-11 00:00:00+00:00,2025-09-12T00:00:00+00:00,2026-09-03T11:15:03.742310+00:00,27851.0,28293.0,27839.0,28101.0,28092.888671875,1172057
2025-09-12 00:00:00+00:00,2025-09-13T00:00:00+00:00,2026-09-03T11:15:03.742310+00:00,28300.0,28945.0,28030.0,28871.0,28862.66796875,1678854
2025-09-15 00:00:00+00:00,2025-09-16T00:00:00+00:00,2026-09-03T11:15:03.742310+00:00,28681.0,29200.0,28613.0,28891.0,28882.66015625,1525831
2025-09-16 00:00:00+00:00,2025-09-17T00:00:00+00:00,2026-09-03T11:15:03.742310+00:00,28891.0,29087.0,28506.0,28630.0,28621.736328125,1095796
2025-09-17 00:00:00+00:00,2025-09-18T00:00:00+00:00,2026-09-03T11:15:03.742310+00:00,28600.0,29042.0,28563.0,29042.0,29033.6171875,1379074
2025-09-18 00:00:00+00:00,2025-09-19T00:00:00+00:00,2026-09-03T11:15:03.742310+00:00,29000.0,29215.0,28728.0,28764.0,28755.697265625,3844937
2025-09-19 00:00:00+00:00,2025-09-20T00:00:00+00:00,2026-09-03T11:15:03.742310+00:00,28608.0,28869.0,28005.0,28535.0,28526.763671875,2577614
2025-09-22 00:00:00+00:00,2025-09-23T00:00:00+00:00,2026-09-03T11:15:03.742310+00:00,28535.0,28474.0,27899.0,28250.0,28241.845703125,874486
2025-09-23 00:00:00+00:00,2025-09-24T00:00:00+00:00,2026-09-03T11:15:03.742310+00:00,27903.0,28001.0,27706.0,27910.0,27906.84375,1129412
2025-09-25 00:00:00+00:00,2025-09-26T00:00:00+00:00,2026-09-03T11:15:03.742310+00:00,28395.0,28327.0,27325.0,27544.0,27540.884765625,2243711
2025-09-26 00:00:00+00:00,2025-09-27T00:00:00+00:00,2026-09-03T11:15:03.742310+00:00,27490.0,27671.0,27262.0,27600.0,27596.87890625,1176792
2025-09-29 00:00:00+00:00,2025-09-30T00:00:00+00:00,2026-09-03T11:15:03.742310+00:00,27911.0,27874.0,27488.0,27700.0,27696.8671875,2382292
2025-09-30 00:00:00+00:00,2025-10-01T00:00:00+00:00,2026-09-03T11:15:03.742310+00:00,27737.0,27963.0,27285.0,27401.0,27397.90234375,1286499
2025-10-01 00:00:00+00:00,2025-10-02T00:00:00+00:00,2026-09-03T11:15:03.742310+00:00,27590.0,27940.0,27415.0,27850.0,27846.8515625,1232039
2025-10-02 00:00:00+00:00,2025-10-03T00:00:00+00:00,2026-09-03T11:15:03.742310+00:00,28010.0,28081.0,27702.0,27850.0,27846.8515625,1614474
2025-10-03 00:00:00+00:00,2025-10-04T00:00:00+00:00,2026-09-03T11:15:03.742310+00:00,27850.0,28187.0,27649.0,27963.0,27959.837890625,1388412
2025-10-06 00:00:00+00:00,2025-10-07T00:00:00+00:00,2026-09-03T11:15:03.742310+00:00,27963.0,28752.0,27727.0,28703.0,28699.75390625,1923177
2025-10-07 00:00:00+00:00,2025-10-08T00:00:00+00:00,2026-09-03T11:15:03.742310+00:00,28703.0,28703.0,27853.0,27922.0,27918.84375,1304510
2025-10-08 00:00:00+00:00,2025-10-09T00:00:00+00:00,2026-09-03T11:15:03.742310+00:00,28200.0,28120.0,27764.0,28045.0,28041.828125,685703
2025-10-09 00:00:00+00:00,2025-10-10T00:00:00+00:00,2026-09-03T11:15:03.742310+00:00,28500.0,28108.0,27700.0,27987.0,27983.8359375,1285665
2025-10-10 00:00:00+00:00,2025-10-11T00:00:00+00:00,2026-09-03T11:15:03.742310+00:00,28010.0,29031.0,27872.0,28682.0,28678.7578125,2981071
2025-10-13 00:00:00+00:00,2025-10-14T00:00:00+00:00,2026-09-03T11:15:03.742310+00:00,28600.0,28937.0,28336.0,28920.0,28916.73046875,2776222
2025-10-14 00:00:00+00:00,2025-10-15T00:00:00+00:00,2026-09-03T11:15:03.742310+00:00,28500.0,29103.0,28305.0,29010.0,29006.720703125,1097357
2025-10-15 00:00:00+00:00,2025-10-16T00:00:00+00:00,2026-09-03T11:15:03.742310+00:00,29177.0,29420.0,28909.0,29000.0,28996.720703125,1116072
2025-10-16 00:00:00+00:00,2025-10-17T00:00:00+00:00,2026-09-03T11:15:03.742310+00:00,29000.0,29251.0,28880.0,29041.0,29037.716796875,988366
2025-10-17 00:00:00+00:00,2025-10-18T00:00:00+00:00,2026-09-03T11:15:03.742310+00:00,28811.0,28856.0,28384.0,28774.0,28770.74609375,1149747
2025-10-20 00:00:00+00:00,2025-10-21T00:00:00+00:00,2026-09-03T11:15:03.742310+00:00,29300.0,29428.0,28801.0,29400.0,29396.67578125,991538
2025-10-21 00:00:00+00:00,2025-10-22T00:00:00+00:00,2026-09-03T11:15:03.742310+00:00,29304.0,29729.0,28883.0,28947.0,28943.7265625,1340295
2025-10-22 00:00:00+00:00,2025-10-23T00:00:00+00:00,2026-09-03T11:15:03.742310+00:00,28771.0,29330.0,28750.0,29194.0,29190.69921875,1088032
2025-10-23 00:00:00+00:00,2025-10-24T00:00:00+00:00,2026-09-03T11:15:03.742310+00:00,28900.0,29230.0,28734.0,29230.0,29226.6953125,608274
2025-10-24 00:00:00+00:00,2025-10-25T00:00:00+00:00,2026-09-03T11:15:03.742310+00:00,28710.0,29560.0,28752.0,28943.0,28939.7265625,567292
2025-10-27 00:00:00+00:00,2025-10-28T00:00:00+00:00,2026-09-03T11:15:03.742310+00:00,28750.0,29156.0,28498.0,28680.0,28676.7578125,768320
2025-10-28 00:00:00+00:00,2025-10-29T00:00:00+00:00,2026-09-03T11:15:03.742310+00:00,28765.0,29610.0,28674.0,29366.0,29362.6796875,1648634
2025-10-29 00:00:00+00:00,2025-10-30T00:00:00+00:00,2026-09-03T11:15:03.742310+00:00,29575.0,29735.0,29097.0,29607.0,29603.65234375,2199517
2025-10-30 00:00:00+00:00,2025-10-31T00:00:00+00:00,2026-09-03T11:15:03.742310+00:00,29456.0,29601.0,28691.0,28966.0,28962.724609375,1574203
2025-10-31 00:00:00+00:00,2025-11-01T00:00:00+00:00,2026-09-03T11:15:03.742310+00:00,29295.0,29300.0,28703.0,29005.0,29001.720703125,868434
2025-11-03 00:00:00+00:00,2025-11-04T00:00:00+00:00,2026-09-03T11:15:03.742310+00:00,29005.0,29350.0,28651.0,28699.0,28695.755859375,905295
2025-11-04 00:00:00+00:00,2025-11-05T00:00:00+00:00,2026-09-03T11:15:03.742310+00:00,28570.0,28682.0,28190.0,28609.0,28605.765625,734834
2025-11-05 00:00:00+00:00,2025-11-06T00:00:00+00:00,2026-09-03T11:15:03.742310+00:00,28895.0,28981.0,28276.0,28910.0,28906.73046875,1093035
2025-11-06 00:00:00+00:00,2025-11-07T00:00:00+00:00,2026-09-03T11:15:03.742310+00:00,29200.0,29396.0,28735.0,29255.0,29251.69140625,1407574
2025-11-07 00:00:00+00:00,2025-11-08T00:00:00+00:00,2026-09-03T11:15:03.742310+00:00,29255.0,29429.0,28819.0,28937.0,28933.728515625,891910
2025-11-10 00:00:00+00:00,2025-11-11T00:00:00+00:00,2026-09-03T11:15:03.742310+00:00,29400.0,29354.0,27696.0,28275.0,28271.802734375,1322275
2025-11-11 00:00:00+00:00,2025-11-12T00:00:00+00:00,2026-09-03T11:15:03.742310+00:00,28275.0,28364.0,27609.0,27609.0,27605.87890625,1197715
2025-11-12 00:00:00+00:00,2025-11-13T00:00:00+00:00,2026-09-03T11:15:03.742310+00:00,27620.0,28245.0,27662.0,28159.0,28155.81640625,791142
2025-11-13 00:00:00+00:00,2025-11-14T00:00:00+00:00,2026-09-03T11:15:03.742310+00:00,28444.0,28415.0,27971.0,28065.0,28061.826171875,1306168
2025-11-14 00:00:00+00:00,2025-11-15T00:00:00+00:00,2026-09-03T11:15:03.742310+00:00,27900.0,28145.0,27512.0,27834.0,27830.853515625,1642528
2025-11-17 00:00:00+00:00,2025-11-18T00:00:00+00:00,2026-09-03T11:15:03.742310+00:00,27834.0,28229.0,27659.0,27778.0,27774.859375,1367146
2025-11-18 00:00:00+00:00,2025-11-19T00:00:00+00:00,2026-09-03T11:15:03.742310+00:00,27800.0,27869.0,27510.0,27625.0,27621.876953125,688320
2025-11-19 00:00:00+00:00,2025-11-20T00:00:00+00:00,2026-09-03T11:15:03.742310+00:00,27600.0,27841.0,27451.0,27781.0,27777.859375,499870
2025-11-20 00:00:00+00:00,2025-11-21T00:00:00+00:00,2026-09-03T11:15:03.742310+00:00,27928.0,28157.0,27823.0,27934.0,27930.841796875,883040
2025-11-21 00:00:00+00:00,2025-11-22T00:00:00+00:00,2026-09-03T11:15:03.742310+00:00,27750.0,27829.0,27255.0,27399.0,27395.90234375,1057397
2025-11-24 00:00:00+00:00,2025-11-25T00:00:00+00:00,2026-09-03T11:15:03.742310+00:00,27536.0,27620.0,27080.0,27412.0,27408.900390625,5025801
2025-11-25 00:00:00+00:00,2025-11-26T00:00:00+00:00,2026-09-03T11:15:03.742310+00:00,27499.0,27484.0,26815.0,27009.0,27005.9453125,1421539
2025-11-26 00:00:00+00:00,2025-11-27T00:00:00+00:00,2026-09-03T11:15:03.742310+00:00,27009.0,27780.0,27010.0,27559.0,27555.884765625,598727
2025-11-27 00:00:00+00:00,2025-11-28T00:00:00+00:00,2026-09-03T11:15:03.742310+00:00,28080.0,28013.0,27451.0,27690.0,27686.869140625,1124307
2025-11-28 00:00:00+00:00,2025-11-29T00:00:00+00:00,2026-09-03T11:15:03.742310+00:00,28000.0,27721.0,27175.0,27456.0,27452.896484375,1653330
2025-12-01 00:00:00+00:00,2025-12-02T00:00:00+00:00,2026-09-03T11:15:03.742310+00:00,27490.0,27460.0,27001.0,27358.0,27354.90625,731958
2025-12-02 00:00:00+00:00,2025-12-03T00:00:00+00:00,2026-09-03T11:15:03.742310+00:00,27455.0,27446.0,27009.0,27215.0,27211.921875,1174806
2025-12-03 00:00:00+00:00,2025-12-04T00:00:00+00:00,2026-09-03T11:15:03.742310+00:00,27300.0,27744.0,27135.0,27434.0,27430.8984375,739583
2025-12-04 00:00:00+00:00,2025-12-05T00:00:00+00:00,2026-09-03T11:15:03.742310+00:00,27381.0,27661.0,27274.0,27382.0,27378.904296875,813045
2025-12-05 00:00:00+00:00,2025-12-06T00:00:00+00:00,2026-09-03T11:15:03.742310+00:00,27560.0,27625.0,27351.0,27450.0,27446.896484375,1043143
2025-12-08 00:00:00+00:00,2025-12-09T00:00:00+00:00,2026-09-03T11:15:03.742310+00:00,27489.0,27508.0,27123.0,27297.0,27293.9140625,770367
2025-12-09 00:00:00+00:00,2025-12-10T00:00:00+00:00,2026-09-03T11:15:03.742310+00:00,27200.0,27440.0,27072.0,27348.0,27344.908203125,722504
2025-12-10 00:00:00+00:00,2025-12-11T00:00:00+00:00,2026-09-03T11:15:03.742310+00:00,27300.0,27388.0,26501.0,26740.0,26736.9765625,1226295
2025-12-11 00:00:00+00:00,2025-12-12T00:00:00+00:00,2026-09-03T11:15:03.742310+00:00,26740.0,26915.0,26544.0,26585.0,26581.994140625,1597203
2025-12-12 00:00:00+00:00,2025-12-13T00:00:00+00:00,2026-09-03T11:15:03.742310+00:00,26679.0,26816.0,26341.0,26372.0,26369.017578125,2110781
2025-12-15 00:00:00+00:00,2025-12-16T00:00:00+00:00,2026-09-03T11:15:03.742310+00:00,26305.0,26795.0,26305.0,26711.0,26707.98046875,1519059
2025-12-17 00:00:00+00:00,2025-12-18T00:00:00+00:00,2026-09-03T11:15:03.742310+00:00,26650.0,27160.0,26493.0,27160.0,27156.9296875,2257431
2025-12-18 00:00:00+00:00,2025-12-19T00:00:00+00:00,2026-09-03T11:15:03.742310+00:00,27271.0,27490.0,27044.0,27300.0,27296.9140625,3592776
2025-12-19 00:00:00+00:00,2025-12-20T00:00:00+00:00,2026-09-03T11:15:03.742310+00:00,27305.0,27631.0,26100.0,27248.0,27244.919921875,3627643
2025-12-22 00:00:00+00:00,2025-12-23T00:00:00+00:00,2026-09-03T11:15:03.742310+00:00,27248.0,27191.0,26581.0,26614.0,26610.990234375,1404072
2025-12-23 00:00:00+00:00,2025-12-24T00:00:00+00:00,2026-09-03T11:15:03.742310+00:00,26743.0,26872.0,26612.0,26831.0,26827.966796875,767815
2025-12-24 00:00:00+00:00,2025-12-25T00:00:00+00:00,2026-09-03T11:15:03.742310+00:00,26950.0,27292.0,26730.0,26970.0,26966.951171875,323429
2025-12-29 00:00:00+00:00,2025-12-30T00:00:00+00:00,2026-09-03T11:15:03.742310+00:00,27280.0,27380.0,27133.0,27306.0,27302.912109375,521995
2025-12-30 00:00:00+00:00,2025-12-31T00:00:00+00:00,2026-09-03T11:15:03.742310+00:00,27000.0,27374.0,27056.0,27056.0,27052.94140625,701906
2025-12-31 00:00:00+00:00,2026-01-01T00:00:00+00:00,2026-09-03T11:15:03.742310+00:00,27056.0,27234.0,27001.0,27023.0,27019.9453125,222260
2026-01-02 00:00:00+00:00,2026-01-03T00:00:00+00:00,2026-09-03T11:15:03.742310+00:00,27023.0,27191.0,26751.0,27191.0,27187.92578125,706973
2026-01-05 00:00:00+00:00,2026-01-06T00:00:00+00:00,2026-09-03T11:15:03.742310+00:00,27285.0,27190.0,26887.0,26938.0,26934.955078125,720871
2026-01-06 00:00:00+00:00,2026-01-07T00:00:00+00:00,2026-09-03T11:15:03.742310+00:00,26938.0,27579.0,26817.0,27456.0,27452.896484375,866112
2026-01-07 00:00:00+00:00,2026-01-08T00:00:00+00:00,2026-09-03T11:15:03.742310+00:00,27550.0,27550.0,27207.0,27490.0,27486.892578125,970094
2026-01-08 00:00:00+00:00,2026-01-09T00:00:00+00:00,2026-09-03T11:15:03.742310+00:00,27549.0,27769.0,27297.0,27590.0,27586.880859375,820958
2026-01-09 00:00:00+00:00,2026-01-10T00:00:00+00:00,2026-09-03T11:15:03.742310+00:00,27410.0,27731.0,27270.0,27355.0,27351.90625,697865
2026-01-12 00:00:00+00:00,2026-01-13T00:00:00+00:00,2026-09-03T11:15:03.742310+00:00,27400.0,27374.5,26881.0,27283.0,27279.916015625,1286332
2026-01-13 00:00:00+00:00,2026-01-14T00:00:00+00:00,2026-09-03T11:15:03.742310+00:00,27140.0,27295.0,27017.0,27290.0,27286.9140625,896856
2026-01-14 00:00:00+00:00,2026-01-15T00:00:00+00:00,2026-09-03T11:15:03.742310+00:00,27020.0,27323.0,26811.0,26935.0,26931.955078125,2041116
2026-01-15 00:00:00+00:00,2026-01-16T00:00:00+00:00,2026-09-03T11:15:03.742310+00:00,27150.0,27603.0,27067.0,27429.0,27425.8984375,1152641
2026-01-16 00:00:00+00:00,2026-01-17T00:00:00+00:00,2026-09-03T11:15:03.742310+00:00,27400.0,27677.0,27255.0,27559.0,27555.884765625,1522704
2026-01-19 00:00:00+00:00,2026-01-20T00:00:00+00:00,2026-09-03T11:15:03.742310+00:00,27687.0,27610.0,26951.0,27065.0,27061.939453125,1723606
2026-01-20 00:00:00+00:00,2026-01-21T00:00:00+00:00,2026-09-03T11:15:03.742310+00:00,27200.0,27177.0,26585.0,26585.0,26581.994140625,1908270
2026-01-21 00:00:00+00:00,2026-01-22T00:00:00+00:00,2026-09-03T11:15:03.742310+00:00,26765.0,26876.0,26516.0,26824.0,26820.966796875,1863183
2026-01-22 00:00:00+00:00,2026-01-23T00:00:00+00:00,2026-09-03T11:15:03.742310+00:00,26756.0,27285.0,26781.0,26946.0,26942.953125,2150417
2026-01-23 00:00:00+00:00,2026-01-24T00:00:00+00:00,2026-09-03T11:15:03.742310+00:00,26950.0,26955.0,26651.0,26863.0,26859.962890625,1812971
2026-01-26 00:00:00+00:00,2026-01-27T00:00:00+00:00,2026-09-03T11:15:03.742310+00:00,26870.0,27003.0,26601.0,26618.0,26614.990234375,1574180
2026-01-27 00:00:00+00:00,2026-01-28T00:00:00+00:00,2026-09-03T11:15:03.742310+00:00,26621.0,26825.0,26511.0,26552.0,26548.998046875,2677819
2026-01-28 00:00:00+00:00,2026-01-29T00:00:00+00:00,2026-09-03T11:15:03.742310+00:00,26606.0,26801.0,26400.0,26680.0,26676.982421875,1721309
2026-01-29 00:00:00+00:00,2026-01-30T00:00:00+00:00,2026-09-03T11:15:03.742310+00:00,26500.0,27078.0,26503.0,26745.0,26741.9765625,1733787
2026-01-30 00:00:00+00:00,2026-01-31T00:00:00+00:00,2026-09-03T11:15:03.742310+00:00,26700.0,27199.0,26408.0,26642.0,26638.98828125,2389269
2026-02-02 00:00:00+00:00,2026-02-03T00:00:00+00:00,2026-09-03T11:15:03.742310+00:00,26250.0,26518.0,25259.0,26518.0,26515.001953125,2860315
2026-02-03 00:00:00+00:00,2026-02-04T00:00:00+00:00,2026-09-03T11:15:03.742310+00:00,26831.0,26900.0,26350.0,26350.0,26347.021484375,1749838
2026-02-04 00:00:00+00:00,2026-02-05T00:00:00+00:00,2026-09-03T11:15:03.742310+00:00,26331.0,26565.0,26245.0,26385.0,26382.017578125,1644576
2026-02-05 00:00:00+00:00,2026-02-06T00:00:00+00:00,2026-09-03T11:15:03.742310+00:00,26385.0,26879.0,26200.0,26403.0,26400.013671875,1113892
2026-02-06 00:00:00+00:00,2026-02-07T00:00:00+00:00,2026-09-03T11:15:03.742310+00:00,26403.0,26552.0,26282.0,26403.0,26400.013671875,1660980
2026-02-09 00:00:00+00:00,2026-02-10T00:00:00+00:00,2026-09-03T11:15:03.742310+00:00,26770.0,26655.0,25900.0,26123.0,26120.046875,1667772
2026-02-10 00:00:00+00:00,2026-02-11T00:00:00+00:00,2026-09-03T11:15:03.742310+00:00,26250.0,26600.0,25890.0,26498.0,26495.00390625,1119266
2026-02-11 00:00:00+00:00,2026-02-12T00:00:00+00:00,2026-09-03T11:15:03.742310+00:00,26497.0,26517.0,26206.0,26416.0,26413.013671875,868249
2026-02-12 00:00:00+00:00,2026-02-13T00:00:00+00:00,2026-09-03T11:15:03.742310+00:00,26444.0,26784.0,26300.0,26749.0,26745.974609375,618300
2026-02-13 00:00:00+00:00,2026-02-14T00:00:00+00:00,2026-09-03T11:15:03.742310+00:00,26590.0,26905.0,26456.0,26848.0,26844.96484375,580167
2026-02-16 00:00:00+00:00,2026-02-17T00:00:00+00:00,2026-09-03T11:15:03.742310+00:00,26890.0,27211.0,26911.0,27011.0,27007.9453125,626115
2026-02-17 00:00:00+00:00,2026-02-18T00:00:00+00:00,2026-09-03T11:15:03.742310+00:00,27000.0,27159.0,26896.0,27144.0,27140.931640625,1040983
2026-02-18 00:00:00+00:00,2026-02-19T00:00:00+00:00,2026-09-03T11:15:03.742310+00:00,27100.0,27423.0,27094.0,27230.0,27226.921875,921605
2026-02-19 00:00:00+00:00,2026-02-20T00:00:00+00:00,2026-09-03T11:15:03.742310+00:00,27282.0,27291.0,27023.0,27100.0,27096.935546875,2309243
2026-02-20 00:00:00+00:00,2026-02-21T00:00:00+00:00,2026-09-03T11:15:03.742310+00:00,27190.0,27369.0,27015.0,27118.0,27114.93359375,928609
2026-02-23 00:00:00+00:00,2026-02-24T00:00:00+00:00,2026-09-03T11:15:03.742310+00:00,27195.0,27221.0,26973.0,27051.0,27047.94140625,869345
2026-02-24 00:00:00+00:00,2026-02-25T00:00:00+00:00,2026-09-03T11:15:03.742310+00:00,27000.0,27280.0,26844.0,27253.0,27249.91796875,1379921
2026-02-25 00:00:00+00:00,2026-02-26T00:00:00+00:00,2026-09-03T11:15:03.742310+00:00,27000.0,27150.0,26835.0,26900.0,26896.958984375,813301
2026-02-26 00:00:00+00:00,2026-02-27T00:00:00+00:00,2026-09-03T11:15:03.742310+00:00,26902.0,26970.0,26685.0,26711.0,26707.98046875,2619408
2026-02-27 00:00:00+00:00,2026-02-28T00:00:00+00:00,2026-09-03T11:15:03.742310+00:00,26933.0,26754.0,26322.0,26452.0,26449.009765625,4238174
2026-03-02 00:00:00+00:00,2026-03-03T00:00:00+00:00,2026-09-03T11:15:03.742310+00:00,26011.0,26923.0,26043.0,26867.0,26863.962890625,1979217
2026-03-03 00:00:00+00:00,2026-03-04T00:00:00+00:00,2026-09-03T11:15:03.742310+00:00,26867.0,29595.0,25468.0,25683.0,25680.095703125,3354350
2026-03-04 00:00:00+00:00,2026-03-05T00:00:00+00:00,2026-09-03T11:15:03.742310+00:00,25683.0,26137.0,25335.0,25883.0,25880.07421875,2020430
2026-03-05 00:00:00+00:00,2026-03-06T00:00:00+00:00,2026-09-03T11:15:03.742310+00:00,25881.0,26404.0,25590.0,26383.0,26380.017578125,1451581
2026-03-06 00:00:00+00:00,2026-03-07T00:00:00+00:00,2026-09-03T11:15:03.742310+00:00,26683.0,26578.0,25692.0,25757.0,25754.087890625,1909391
2026-03-09 00:00:00+00:00,2026-03-10T00:00:00+00:00,2026-09-03T11:15:03.742310+00:00,25592.0,26340.0,25371.0,25900.0,25897.072265625,2890083
2026-03-10 00:00:00+00:00,2026-03-11T00:00:00+00:00,2026-09-03T11:15:03.742310+00:00,26549.0,26929.0,26215.0,26527.0,26524.0,2068909
2026-03-11 00:00:00+00:00,2026-03-12T00:00:00+00:00,2026-09-03T11:15:03.742310+00:00,26679.0,26680.0,25500.0,26230.0,26227.033203125,1567184
2026-03-12 00:00:00+00:00,2026-03-13T00:00:00+00:00,2026-09-03T11:15:03.742310+00:00,26589.0,26211.0,25608.0,25847.0,25844.078125,1659292
2026-03-13 00:00:00+00:00,2026-03-14T00:00:00+00:00,2026-09-03T11:15:03.742310+00:00,25890.0,26241.0,25600.0,25850.0,25847.076171875,2470767
2026-03-16 00:00:00+00:00,2026-03-17T00:00:00+00:00,2026-09-03T11:15:03.742310+00:00,26200.0,26929.0,25882.0,26920.0,26916.95703125,2885542
2026-03-17 00:00:00+00:00,2026-03-18T00:00:00+00:00,2026-09-03T11:15:03.742310+00:00,26999.0,27266.0,26604.0,26712.0,26708.98046875,3004207
2026-03-18 00:00:00+00:00,2026-03-19T00:00:00+00:00,2026-09-03T11:15:03.742310+00:00,26999.0,27026.0,26113.0,26346.0,26343.021484375,2632474
2026-03-19 00:00:00+00:00,2026-03-20T00:00:00+00:00,2026-09-03T11:15:03.742310+00:00,26100.0,26471.0,25710.0,26336.0,26333.021484375,4322312
2026-03-20 00:00:00+00:00,2026-03-21T00:00:00+00:00,2026-09-03T11:15:03.742310+00:00,26014.0,26953.0,26238.0,26726.0,26722.978515625,4520139
2026-03-23 00:00:00+00:00,2026-03-24T00:00:00+00:00,2026-09-03T11:15:03.742310+00:00,26600.0,27137.0,25929.0,26850.0,26846.96484375,3321063
2026-03-24 00:00:00+00:00,2026-03-25T00:00:00+00:00,2026-09-03T11:15:03.742310+00:00,26677.0,27526.0,26575.0,27151.0,27147.9296875,4506164
2026-03-25 00:00:00+00:00,2026-03-26T00:00:00+00:00,2026-09-03T11:15:03.742310+00:00,27092.0,27265.0,26607.0,26698.0,26698.0,1335218
2026-03-26 00:00:00+00:00,2026-03-27T00:00:00+00:00,2026-09-03T11:15:03.742310+00:00,27200.0,27700.0,26528.0,27700.0,27700.0,2539202
2026-03-27 00:00:00+00:00,2026-03-28T00:00:00+00:00,2026-09-03T11:15:03.742310+00:00,27566.0,27890.0,27332.0,27581.0,27581.0,2102048
2026-03-30 00:00:00+00:00,2026-03-31T00:00:00+00:00,2026-09-03T11:15:03.742310+00:00,27401.0,27720.0,27352.0,27511.0,27511.0,1977770
2026-03-31 00:00:00+00:00,2026-04-01T00:00:00+00:00,2026-09-03T11:15:03.742310+00:00,27523.0,28100.0,27528.0,27580.0,27580.0,2210648
2026-04-01 00:00:00+00:00,2026-04-02T00:00:00+00:00,2026-09-03T11:15:03.742310+00:00,27610.0,28140.0,27361.0,27437.0,27437.0,1363836
2026-04-02 00:00:00+00:00,2026-04-03T00:00:00+00:00,2026-09-03T11:15:03.742310+00:00,27288.0,27627.0,27010.0,27549.0,27549.0,1374927
2026-04-07 00:00:00+00:00,2026-04-08T00:00:00+00:00,2026-09-03T11:15:03.742310+00:00,27430.0,27648.0,27127.0,27511.0,27511.0,1157571
2026-04-08 00:00:00+00:00,2026-04-09T00:00:00+00:00,2026-09-03T11:15:03.742310+00:00,28003.0,28474.0,27850.0,27911.0,27911.0,1372304
2026-04-09 00:00:00+00:00,2026-04-10T00:00:00+00:00,2026-09-03T11:15:03.742310+00:00,28112.0,28124.0,27150.0,27857.0,27857.0,2426683
2026-04-10 00:00:00+00:00,2026-04-11T00:00:00+00:00,2026-09-03T11:15:03.742310+00:00,27603.0,27885.0,27504.0,27756.0,27756.0,519583
2026-04-13 00:00:00+00:00,2026-04-14T00:00:00+00:00,2026-09-03T11:15:03.742310+00:00,27500.0,27675.0,27368.0,27521.0,27521.0,628054
2026-04-14 00:00:00+00:00,2026-04-15T00:00:00+00:00,2026-09-03T11:15:03.742310+00:00,27949.0,28347.0,27690.0,28214.0,28214.0,1759378
2026-04-15 00:00:00+00:00,2026-04-16T00:00:00+00:00,2026-09-03T11:15:03.742310+00:00,28216.0,28824.0,28155.0,28824.0,28824.0,2363127
2026-04-16 00:00:00+00:00,2026-04-17T00:00:00+00:00,2026-09-03T11:15:03.742310+00:00,28612.0,28888.0,28570.0,28675.0,28675.0,1160629
2026-04-17 00:00:00+00:00,2026-04-18T00:00:00+00:00,2026-09-03T11:15:03.742310+00:00,28501.0,29288.0,28736.0,28766.0,28766.0,1915108
2026-04-20 00:00:00+00:00,2026-04-21T00:00:00+00:00,2026-09-03T11:15:03.742310+00:00,28650.0,29033.0,28603.0,28830.0,28830.0,1047861
2026-04-21 00:00:00+00:00,2026-04-22T00:00:00+00:00,2026-09-03T11:15:03.742310+00:00,28830.0,28989.0,28757.0,28805.0,28805.0,1557886
2026-04-22 00:00:00+00:00,2026-04-23T00:00:00+00:00,2026-09-03T11:15:03.742310+00:00,28899.0,29098.0,28842.0,28842.0,28842.0,1085727
2026-04-23 00:00:00+00:00,2026-04-24T00:00:00+00:00,2026-09-03T11:15:03.742310+00:00,28801.0,28879.0,28351.0,28437.0,28437.0,1088525
2026-04-24 00:00:00+00:00,2026-04-25T00:00:00+00:00,2026-09-03T11:15:03.742310+00:00,28200.0,28554.0,28000.0,28000.0,28000.0,1086655
2026-04-28 00:00:00+00:00,2026-04-29T00:00:00+00:00,2026-09-03T11:15:03.742310+00:00,28000.0,28230.0,27884.0,27959.0,27959.0,1363555
2026-04-29 00:00:00+00:00,2026-04-30T00:00:00+00:00,2026-09-03T11:15:03.742310+00:00,27850.0,28215.0,27780.0,27876.0,27876.0,577853
2026-04-30 00:00:00+00:00,2026-05-01T00:00:00+00:00,2026-09-03T11:15:03.742310+00:00,27890.0,28232.0,27704.0,28076.0,28076.0,1327349
2026-05-04 00:00:00+00:00,2026-05-05T00:00:00+00:00,2026-09-03T11:15:03.742310+00:00,28609.0,28638.0,28218.0,28466.0,28466.0,1636275
2026-05-05 00:00:00+00:00,2026-05-06T00:00:00+00:00,2026-09-03T11:15:03.742310+00:00,28550.0,28749.0,25859.0,28500.0,28500.0,1663825
2026-05-06 00:00:00+00:00,2026-05-07T00:00:00+00:00,2026-09-03T11:15:03.742310+00:00,28300.0,28971.0,28476.0,28750.0,28750.0,1918820
2026-05-07 00:00:00+00:00,2026-05-08T00:00:00+00:00,2026-09-03T11:15:03.742310+00:00,28930.0,28866.0,28363.0,28422.0,28422.0,928971
2026-05-08 00:00:00+00:00,2026-05-09T00:00:00+00:00,2026-09-03T11:15:03.742310+00:00,28318.0,28750.0,28152.0,28640.0,28640.0,946283
2026-05-11 00:00:00+00:00,2026-05-12T00:00:00+00:00,2026-09-03T11:15:03.742310+00:00,28550.0,29046.0,28550.0,28800.0,28800.0,1598032
2026-05-12 00:00:00+00:00,2026-05-13T00:00:00+00:00,2026-09-03T11:15:03.742310+00:00,29099.0,28952.0,28519.0,28615.0,28615.0,798411
2026-05-13 00:00:00+00:00,2026-05-14T00:00:00+00:00,2026-09-03T11:15:03.742310+00:00,28615.0,28860.0,28355.0,28523.0,28523.0,833197
2026-05-14 00:00:00+00:00,2026-05-15T00:00:00+00:00,2026-09-03T11:15:03.742310+00:00,28221.0,29433.0,28246.0,29225.0,29225.0,1554767
2026-05-15 00:00:00+00:00,2026-05-16T00:00:00+00:00,2026-09-03T11:15:03.742310+00:00,29136.0,29607.0,29047.0,29297.0,29297.0,1478875
2026-05-18 00:00:00+00:00,2026-05-19T00:00:00+00:00,2026-09-03T11:15:03.742310+00:00,29053.0,29547.0,29206.0,29235.0,29235.0,1251921
2026-05-19 00:00:00+00:00,2026-05-20T00:00:00+00:00,2026-09-03T11:15:03.742310+00:00,29150.0,29331.0,28959.0,29187.0,29187.0,985380
2026-05-20 00:00:00+00:00,2026-05-21T00:00:00+00:00,2026-09-03T11:15:03.742310+00:00,29200.0,29512.0,29166.0,29228.0,29228.0,1062338
2026-05-21 00:00:00+00:00,2026-05-22T00:00:00+00:00,2026-09-03T11:15:03.742310+00:00,29425.0,29838.0,29302.0,29537.0,29537.0,1442117
2026-05-22 00:00:00+00:00,2026-05-23T00:00:00+00:00,2026-09-03T11:15:03.742310+00:00,29461.0,29799.0,29409.0,29419.0,29419.0,648814
2026-05-25 00:00:00+00:00,2026-05-26T00:00:00+00:00,2026-09-03T11:15:03.742310+00:00,29526.0,29882.0,29470.0,29713.0,29713.0,617438
2026-05-26 00:00:00+00:00,2026-05-27T00:00:00+00:00,2026-09-03T11:15:03.742310+00:00,29649.0,29727.0,29259.0,29581.0,29581.0,625072
2026-05-27 00:00:00+00:00,2026-05-28T00:00:00+00:00,2026-09-03T11:15:03.742310+00:00,29699.0,30075.0,29445.0,29802.0,29802.0,937744
2026-05-28 00:00:00+00:00,2026-05-29T00:00:00+00:00,2026-09-03T11:15:03.742310+00:00,29700.0,29783.0,29295.0,29389.0,29389.0,1741120
2026-05-29 00:00:00+00:00,2026-05-30T00:00:00+00:00,2026-09-03T11:15:03.742310+00:00,29449.0,29396.0,28500.0,28536.0,28536.0,3751978
2026-06-01 00:00:00+00:00,2026-06-02T00:00:00+00:00,2026-09-03T11:15:03.742310+00:00,28665.0,28941.0,28253.0,28253.0,28253.0,1858276
2026-06-02 00:00:00+00:00,2026-06-03T00:00:00+00:00,2026-09-03T11:15:03.742310+00:00,28500.0,28874.0,28030.0,28505.0,28505.0,1075949
2026-06-03 00:00:00+00:00,2026-06-04T00:00:00+00:00,2026-09-03T11:15:03.742310+00:00,28889.0,29536.0,28352.0,28771.0,28771.0,1236756
2026-06-04 00:00:00+00:00,2026-06-05T00:00:00+00:00,2026-09-03T11:15:03.742310+00:00,28635.0,28852.0,28570.0,28570.0,28570.0,1456900
2026-06-05 00:00:00+00:00,2026-06-06T00:00:00+00:00,2026-09-03T11:15:03.742310+00:00,28597.0,28789.0,28301.0,28490.0,28490.0,1083306
2026-06-08 00:00:00+00:00,2026-06-09T00:00:00+00:00,2026-09-03T11:15:03.742310+00:00,28241.0,28981.0,28155.0,28768.0,28768.0,8582569
2026-06-09 00:00:00+00:00,2026-06-10T00:00:00+00:00,2026-09-03T11:15:03.742310+00:00,29243.0,29015.0,28497.0,28579.0,28579.0,1431283
2026-06-10 00:00:00+00:00,2026-06-11T00:00:00+00:00,2026-09-03T11:15:03.742310+00:00,28473.0,29219.0,28470.0,29000.0,29000.0,1474916
2026-06-11 00:00:00+00:00,2026-06-12T00:00:00+00:00,2026-09-03T11:15:03.742310+00:00,29317.0,29601.0,28874.0,29356.0,29356.0,1918378
2026-06-12 00:00:00+00:00,2026-06-13T00:00:00+00:00,2026-09-03T11:15:03.742310+00:00,29308.0,29774.0,29209.0,29490.0,29490.0,1220991
2026-06-15 00:00:00+00:00,2026-06-16T00:00:00+00:00,2026-09-03T11:15:03.742310+00:00,29792.0,29829.0,29108.0,29261.0,29261.0,994891
2026-06-17 00:00:00+00:00,2026-06-18T00:00:00+00:00,2026-09-03T11:15:03.742310+00:00,29600.0,29516.0,29164.0,29498.0,29498.0,1103779
2026-06-18 00:00:00+00:00,2026-06-19T00:00:00+00:00,2026-09-03T11:15:03.742310+00:00,29256.0,29812.0,29351.0,29812.0,29812.0,4184230
2026-06-19 00:00:00+00:00,2026-06-20T00:00:00+00:00,2026-09-03T11:15:03.742310+00:00,29658.0,30035.0,29670.0,29900.0,29900.0,3375082
2026-06-22 00:00:00+00:00,2026-06-23T00:00:00+00:00,2026-09-03T11:15:03.742310+00:00,29900.0,29968.0,29490.0,29763.0,29763.0,968913
2026-06-23 00:00:00+00:00,2026-06-24T00:00:00+00:00,2026-09-03T11:15:03.742310+00:00,29600.0,29821.0,29443.0,29611.0,29611.0,1095063
2026-06-24 00:00:00+00:00,2026-06-25T00:00:00+00:00,2026-09-03T11:15:03.742310+00:00,29460.0,29969.0,29460.0,29845.0,29845.0,1135624
2026-06-25 00:00:00+00:00,2026-06-26T00:00:00+00:00,2026-09-03T11:15:03.742310+00:00,29899.0,29957.0,29586.0,29696.0,29696.0,792228
2026-06-26 00:00:00+00:00,2026-06-27T00:00:00+00:00,2026-09-03T11:15:03.742310+00:00,29900.0,29891.0,29141.0,29397.0,29397.0,1302554
2026-06-29 00:00:00+00:00,2026-06-30T00:00:00+00:00,2026-09-03T11:15:03.742310+00:00,29378.0,29659.0,29239.0,29537.0,29537.0,765586
2026-06-30 00:00:00+00:00,2026-07-01T00:00:00+00:00,2026-09-03T11:15:03.742310+00:00,29400.0,29610.0,29235.0,29500.0,29500.0,910554
2026-07-01 00:00:00+00:00,2026-07-02T00:00:00+00:00,2026-09-03T11:15:03.742310+00:00,29500.0,29500.0,28643.0,28736.0,28736.0,794665
2026-07-02 00:00:00+00:00,2026-07-03T00:00:00+00:00,2026-09-03T11:15:03.742310+00:00,28720.0,29406.0,28664.0,29130.0,29130.0,850307
2026-07-03 00:00:00+00:00,2026-07-04T00:00:00+00:00,2026-09-03T11:15:03.742310+00:00,29500.0,29821.0,28920.0,29197.0,29197.0,690504
2026-07-06 00:00:00+00:00,2026-07-07T00:00:00+00:00,2026-09-03T11:15:03.742310+00:00,29216.0,29746.0,28722.0,28881.0,28881.0,778801
2026-07-07 00:00:00+00:00,2026-07-08T00:00:00+00:00,2026-09-03T11:15:03.742310+00:00,28600.0,28970.0,28657.0,28800.0,28800.0,867842
2026-07-08 00:00:00+00:00,2026-07-09T00:00:00+00:00,2026-09-03T11:15:03.742310+00:00,29099.0,29062.0,27907.0,28300.0,28300.0,1642222
2026-07-09 00:00:00+00:00,2026-07-10T00:00:00+00:00,2026-09-03T11:15:03.742310+00:00,29190.0,29082.0,28046.0,28280.0,28280.0,988983
2026-07-10 00:00:00+00:00,2026-07-11T00:00:00+00:00,2026-09-03T11:15:03.742310+00:00,28280.0,28370.0,28108.0,28370.0,28370.0,939507
2026-07-13 00:00:00+00:00,2026-07-14T00:00:00+00:00,2026-09-03T11:15:03.742310+00:00,28490.0,28547.0,28116.0,28356.0,28356.0,468060
2026-07-14 00:00:00+00:00,2026-07-15T00:00:00+00:00,2026-09-03T11:15:03.742310+00:00,29055.0,28299.0,27943.0,28250.0,28250.0,961532
2026-07-15 00:00:00+00:00,2026-07-16T00:00:00+00:00,2026-09-03T11:15:03.742310+00:00,28300.0,28250.0,27993.0,28204.0,28204.0,841861
2026-07-16 00:00:00+00:00,2026-07-17T00:00:00+00:00,2026-09-03T11:15:03.742310+00:00,28153.0,28651.0,27909.0,28250.0,28250.0,817897
2026-07-17 00:00:00+00:00,2026-07-18T00:00:00+00:00,2026-09-03T11:15:03.742310+00:00,28400.0,28368.0,28003.0,28319.0,28319.0,525906
2026-07-20 00:00:00+00:00,2026-07-21T00:00:00+00:00,2026-09-03T11:15:03.742310+00:00,28320.0,28382.0,28167.0,28210.0,28210.0,713185
2026-07-21 00:00:00+00:00,2026-07-22T00:00:00+00:00,2026-09-03T11:15:03.742310+00:00,28490.0,28492.0,28134.0,28365.0,28365.0,585654
2026-07-22 00:00:00+00:00,2026-07-23T00:00:00+00:00,2026-09-03T11:15:03.742310+00:00,28474.0,28401.0,27783.0,27826.0,27826.0,1048147
2026-07-23 00:00:00+00:00,2026-07-24T00:00:00+00:00,2026-09-03T11:15:03.742310+00:00,28200.0,27975.0,27136.0,27180.0,27180.0,2199466
2026-07-24 00:00:00+00:00,2026-07-25T00:00:00+00:00,2026-09-03T11:15:03.742310+00:00,27544.0,27726.0,27237.0,27630.0,27630.0,1113123
2026-07-27 00:00:00+00:00,2026-07-28T00:00:00+00:00,2026-09-03T11:15:03.742310+00:00,27889.0,28070.0,27711.0,27711.0,27711.0,945311
2026-07-28 00:00:00+00:00,2026-07-29T00:00:00+00:00,2026-09-03T11:15:03.742310+00:00,28125.0,28124.0,27196.0,27579.0,27579.0,1741176
2026-07-29 00:00:00+00:00,2026-07-30T00:00:00+00:00,2026-09-03T11:15:03.742310+00:00,27578.0,27927.0,27422.0,27927.0,27927.0,730408
2026-07-30 00:00:00+00:00,2026-07-31T00:00:00+00:00,2026-09-03T11:15:03.742310+00:00,28000.0,28346.0,27731.0,28073.0,28073.0,1466264
2026-07-31 00:00:00+00:00,2026-08-01T00:00:00+00:00,2026-09-03T11:15:03.742310+00:00,28400.0,28745.0,28120.0,28700.0,28700.0,2584850
2026-08-03 00:00:00+00:00,2026-08-04T00:00:00+00:00,2026-09-03T11:15:03.742310+00:00,28700.0,28871.0,28440.0,28521.0,28521.0,877410
2026-08-04 00:00:00+00:00,2026-08-05T00:00:00+00:00,2026-09-03T11:15:03.742310+00:00,28521.0,28767.0,28480.0,28727.0,28727.0,909604
2026-08-05 00:00:00+00:00,2026-08-06T00:00:00+00:00,2026-09-03T11:15:03.742310+00:00,28900.0,28971.0,28608.0,28712.0,28712.0,874006
2026-08-06 00:00:00+00:00,2026-08-07T00:00:00+00:00,2026-09-03T11:15:03.742310+00:00,28999.0,28991.0,28586.0,28586.0,28586.0,922565
2026-08-07 00:00:00+00:00,2026-08-08T00:00:00+00:00,2026-09-03T11:15:03.742310+00:00,28850.0,28742.0,28386.0,28621.0,28621.0,1367387
2026-08-11 00:00:00+00:00,2026-08-12T00:00:00+00:00,2026-09-03T11:15:03.742310+00:00,28999.0,28996.0,28315.0,28452.0,28452.0,999788
2026-08-12 00:00:00+00:00,2026-08-13T00:00:00+00:00,2026-09-03T11:15:03.742310+00:00,29400.0,30785.0,29426.0,30785.0,30785.0,3424592
2026-08-13 00:00:00+00:00,2026-08-14T00:00:00+00:00,2026-09-03T11:15:03.742310+00:00,30800.0,31297.0,30576.0,31180.0,31180.0,1468024
2026-08-14 00:00:00+00:00,2026-08-15T00:00:00+00:00,2026-09-03T11:15:03.742310+00:00,31136.0,31362.0,30669.0,30973.0,30973.0,733366
2026-08-17 00:00:00+00:00,2026-08-18T00:00:00+00:00,2026-09-03T11:15:03.742310+00:00,31149.0,31007.0,30544.0,30818.0,30818.0,703312
2026-08-18 00:00:00+00:00,2026-08-19T00:00:00+00:00,2026-09-03T11:15:03.742310+00:00,30550.0,31058.0,30633.0,30709.0,30709.0,1179971
2026-08-19 00:00:00+00:00,2026-08-20T00:00:00+00:00,2026-09-03T11:15:03.742310+00:00,30551.0,30849.0,30146.0,30328.0,30328.0,1620407
2026-08-20 00:00:00+00:00,2026-08-21T00:00:00+00:00,2026-09-03T11:15:03.742310+00:00,30200.0,30239.0,29608.0,29715.0,29715.0,1518137
2026-08-21 00:00:00+00:00,2026-08-22T00:00:00+00:00,2026-09-03T11:15:03.742310+00:00,30017.0,30693.0,29460.0,29575.0,29575.0,1665393
2026-08-24 00:00:00+00:00,2026-08-25T00:00:00+00:00,2026-09-03T11:15:03.742310+00:00,29507.0,30043.0,29504.0,29852.0,29852.0,1170318
2026-08-25 00:00:00+00:00,2026-08-26T00:00:00+00:00,2026-09-03T11:15:03.742310+00:00,29855.0,30220.0,29650.0,30220.0,30220.0,922263
2026-08-26 00:00:00+00:00,2026-08-27T00:00:00+00:00,2026-09-03T11:15:03.742310+00:00,30599.0,30349.0,29879.0,30110.0,30110.0,538675
2026-08-27 00:00:00+00:00,2026-08-28T00:00:00+00:00,2026-09-03T11:15:03.742310+00:00,29701.0,30825.0,29703.0,30713.0,30713.0,971029
2026-08-28 00:00:00+00:00,2026-08-29T00:00:00+00:00,2026-09-03T11:15:03.742310+00:00,30989.0,31067.0,30517.0,30700.0,30700.0,687567
2026-08-31 00:00:00+00:00,2026-09-01T00:00:00+00:00,2026-09-03T11:15:03.742310+00:00,30850.0,30792.0,30407.0,30824.0,30824.0,1458716
2026-09-01 00:00:00+00:00,2026-09-02T00:00:00+00:00,2026-09-03T11:15:03.742310+00:00,31344.0,31861.0,31082.0,31204.0,31204.0,2643153
2026-09-02 00:00:00+00:00,2026-09-03T00:00:00+00:00,2026-09-03T11:15:03.742310+00:00,31190.0,31536.0,30872.0,31431.0,31431.0,1784403
2026-09-03 00:00:00+00:00,2026-09-04T00:00:00+00:00,2026-09-03T11:15:03.742310+00:00,31489.0,31489.0,30922.0,31040.0,31040.0,219559
